target,n_train_en,alpha,l1_ratio,n_val_en,pearson_val_en,mae_val_en,n_test_en,pearson_test_en,mae_test_en,n_train_mlp,n_val_mlp,n_test_mlp,pearson_val_mlp,pearson_test_mlp,mae_val_mlp,mae_test_mlp,r_diff_test,r_diff_val
HMDB0000002,311,0.003329994544182,0.9,66,0.5936457714558406,1.187492609024048,66,0.5554576902589409,1.242650032043457,311,66,66,0.1763487814282913,0.3692588196812877,1.533452033996582,1.4562561511993408,-0.18619887057765316,-0.41729699002754933
HMDB0000005,311,0.0610975782204287,0.1,66,,0.021913107484579,66,,0.021913107484579,311,66,66,,,0.0293424557894468,0.0276628620922565,,
HMDB0000008,722,1.6007768414357362,0.1,166,,3.4217474460601807,155,,3.046543836593628,722,166,155,0.8166290487462747,0.7398438714280725,1.943022966384888,2.020941257476806,,
HMDB0000014,852,0.0005057482652261,0.9,162,0.8693547287387537,2.500983476638794,156,0.8962944722811753,2.3455350399017334,852,162,156,0.9741904919321346,0.9730505684633016,0.9751068949699402,0.8638169765472412,0.07675609618212631,0.10483576319338084
HMDB0000017,1247,0.0084413510393694,0.5,260,0.7680149033008961,3.5756609439849854,250,0.744994415363893,3.614831924438477,1247,260,250,0.9525317487613107,0.9335066908954588,1.2938936948776243,1.3600008487701416,0.1885122755315658,0.1845168454604147
HMDB0000019,908,0.0002142228487363,0.9,186,0.8292702505646687,1.7787411212921145,186,0.8801296778415466,1.521286964416504,908,186,186,0.9498178467939498,0.9300272803794992,0.9653828740119934,0.854420006275177,0.04989760253795261,0.12054759622928102
HMDB0000020,1362,0.0007917965965359,0.9,285,0.7726614894968359,2.382286548614502,285,0.7591857690769528,2.338099241256714,1362,285,285,0.8860302226693372,0.8319827860787103,1.7102954387664795,1.805537223815918,0.07279701700175756,0.11336873317250129
HMDB0000022,440,0.0005217064250599,0.5,85,0.9276586175074608,0.9329493045806884,82,0.9265444761883476,0.907585859298706,440,85,82,0.9513264559394898,0.9556838438687304,0.6137223839759827,0.5829007029533386,0.029139367680382833,0.02366783843202902
HMDB0000026,1145,0.0393697221321946,0.9,239,0.6180447067714833,3.532997369766236,225,0.5126022438829434,3.641993761062622,1145,239,225,0.9293451086496652,0.8633832082114274,1.3334881067276,1.428072810173035,0.35078096432848405,0.311300401878182
HMDB0000030,707,0.0073505584462603,0.9,136,0.7799832531988611,3.7077479362487793,147,0.8330408749085412,3.894077062606812,707,136,147,0.978438906490792,0.9157608859030396,1.072833776473999,1.6015422344207764,0.08272001099449844,0.19845565329193093
HMDB0000033,602,0.0007114071514708,0.5,128,0.799371644263391,1.464526653289795,122,0.7737913630043888,1.383934736251831,602,128,122,0.7576118664428619,0.7726507252726287,1.6429226398468018,1.4503607749938965,-0.0011406377317600969,-0.04175977782052909
HMDB0000034,1176,0.0047812408468791,0.5,239,0.7884484546644382,3.310370683670044,240,0.7708989733010754,3.404994010925293,1176,239,240,0.957033515558432,0.920844339619252,1.143449068069458,1.4270042181015017,0.14994536631817668,0.16858506089399372
HMDB0000036,845,0.0005899343637319,0.5,166,0.8286935026436909,2.4811015129089355,161,0.7981356581987119,2.687962055206299,845,166,161,0.9152799162965676,0.8291324752904823,1.8566100597381592,2.137492418289185,0.03099681709177038,0.08658641365287667
HMDB0000038,311,0.0069991096472322,0.1,66,0.6163967106331855,0.8402937650680542,66,0.3005782682061217,0.8136392831802368,311,66,66,0.5985274293146682,0.2804397853808247,0.7747555375099182,0.8181645274162292,-0.02013848282529701,-0.017869281318517283
HMDB0000039,1453,0.0046280673841567,0.1,284,0.7415555713996965,2.780477523803711,300,0.6942381433509557,2.9344515800476074,1453,284,300,0.9174201069609196,0.8616123349978826,1.4528127908706665,1.7758944034576416,0.1673741916469269,0.17586453556122306
HMDB0000043,1299,0.1231047023680266,0.9,272,0.4912640890048735,4.765407562255859,258,0.3319363493169967,4.674649238586426,1299,272,258,0.9386380203904892,0.8977974816254188,1.562241554260254,1.7198777198791504,0.5658611323084222,0.44737393138561565
HMDB0000045,354,1.3697611275365795,0.1,80,,1.4453017711639404,84,,1.3074103593826294,354,80,84,0.5555375866018731,0.5670433671958226,1.1627957820892334,1.0046135187149048,,
HMDB0000050,1093,0.0091415274045059,0.5,227,0.7750165058513462,3.453801155090332,218,0.7767218925018345,3.5898756980896,1093,227,218,0.9668079171702112,0.9302685529785696,1.1722663640975952,1.283379077911377,0.15354666047673504,0.191791411318865
HMDB0000052,311,0.0018452236178772,0.1,66,0.4159158965598709,1.081536054611206,66,0.2867006867681479,1.2374818325042725,311,66,66,0.3468690239596583,0.3833040853286769,1.1427102088928225,1.173031449317932,0.09660339856052896,-0.06904687260021258
HMDB0000056,1421,0.062975643741692,0.9,308,0.6235600840961663,4.307043552398682,302,0.5241221121887994,4.345795154571533,1421,308,302,0.9271404441612277,0.8748221315203721,1.590221285820007,1.7796525955200195,0.3507000193315727,0.3035803600650614
HMDB0000058,311,0.0524339453583744,0.1,66,,0.0431157983839511,66,,0.0431157983839511,311,66,66,,,0.0424660965800285,0.0385836996138095,,
HMDB0000061,311,0.0179996329488478,0.1,66,,0.0106059974059462,66,,0.0607035793364048,311,66,66,,-0.0827793969669226,0.0207110363990068,0.0738713592290878,,
HMDB0000062,1390,0.1154171982412372,0.9,291,0.5748109718242091,4.322895050048828,278,0.4727206598564733,4.309981346130371,1390,291,278,0.9413973260035292,0.9101147342264656,1.3863099813461304,1.352162480354309,0.4373940743699923,0.36658635417932006
HMDB0000064,1299,0.109483419934134,0.5,272,0.4657922540011389,3.818930149078369,257,0.316102055849381,3.508275985717773,1299,272,257,0.8803209569532632,0.8477971760486376,1.80725622177124,1.7599300146102903,0.5316951201992566,0.4145287029521243
HMDB0000068,311,0.0300742537262355,0.1,66,,0.0640455707907676,66,,0.0846644639968872,311,66,66,-0.1452150731361324,-0.1191460569390108,0.0775628387928009,0.0974687859416008,,
HMDB0000070,967,0.0283762386005992,0.9,209,0.7468744184320819,2.338476657867432,200,0.6846081903711119,2.271192073822021,967,209,200,0.9188708746646376,0.9261714712643196,1.1885968446731567,1.0568299293518066,0.24156328089320778,0.17199645623255566
HMDB0000071,910,0.022075460245321,0.1,201,0.6647215021765102,1.1667180061340332,200,0.7163918666748559,1.054917335510254,910,201,200,0.8243541400085731,0.8309206658643378,0.845410168170929,0.7650368213653564,0.11452879918948189,0.15963263783206294
HMDB0000072,367,0.0023300900807208,0.9,83,0.7993232085506625,1.7871124744415283,76,0.5482936382728822,2.2099335193634038,367,83,76,0.8206787192063814,0.6904504758589171,1.6688687801361084,1.9785419702529907,0.1421568375860348,0.021355510655718835
HMDB0000073,311,0.1186015061626863,0.1,66,,0.367984414100647,66,,0.3867604732513428,311,66,66,-0.0503212289589101,0.2360316478451052,0.3319303393363952,0.3513553440570831,,
HMDB0000076,631,0.0009109876242757,0.5,146,0.7007034599547194,2.7009451389312744,149,0.6527717622939784,2.6493682861328125,631,146,149,0.7734414541720699,0.638600540595777,2.3805952072143555,2.596095561981201,-0.014171221698201397,0.0727379942173505
HMDB0000078,479,0.001409254708097,0.9,102,0.1366586478133687,0.0551083795726299,102,0.3140743854465075,0.0539259873330593,479,102,102,0.5772221404924316,0.4431971843765069,0.0504642389714717,0.0544673129916191,0.1291227989299994,0.4405634926790629
HMDB0000085,570,0.0048875258592879,0.1,122,0.2017187195732961,0.5660691261291504,122,0.1786291633458901,0.4922995269298553,570,122,122,0.2321050801997874,0.2514661236428374,0.5743590593338013,0.5178382992744446,0.07283696029694728,0.030386360626491304
HMDB0000086,810,0.0003086953078114,0.9,170,0.8458787329773634,2.2658920288085938,159,0.8359018136166418,2.371243953704834,810,170,159,0.9168927127437492,0.8797348508720132,1.7532880306243896,1.762279391288757,0.043833037255371354,0.07101397976638579
HMDB0000089,1148,0.0148044163507866,0.5,238,0.7083260544583376,4.202978134155273,230,0.6788476064740513,4.2957916259765625,1148,238,230,0.9674432012490012,0.92398828621734,1.2293765544891355,1.4599123001098633,0.24514067974328868,0.25911714679066356
HMDB0000092,1157,0.0789089874442717,0.9,239,0.4395240894511738,3.0130364894866943,229,0.359759569876982,3.084124088287353,1157,239,229,0.9090922645196138,0.8675076722063589,1.294745683670044,1.3054563999176023,0.507748102329377,0.46956817506843995
HMDB0000094,988,0.0007037886646595,0.5,214,0.816155352729761,2.0428290367126465,217,0.8268571434682065,1.8241897821426392,988,214,217,0.8652356415013609,0.836629863434165,1.666636347770691,1.6425154209136963,0.00977271996595852,0.04908028877159987
HMDB0000095,311,0.0131596776833488,0.5,66,0.4113350927807504,1.6524226665496826,66,0.301105061732585,1.668940544128418,311,66,66,0.3874389070290127,0.2256248885494511,1.6134740114212036,1.663473129272461,-0.07548017318313391,-0.023896185751737742
HMDB0000097,1419,0.0470884486060948,0.9,299,0.6287254443010871,3.6195709705352783,285,0.6007109006782916,3.654979705810547,1419,299,285,0.9437630194781972,0.9276838949068116,1.2553995847702026,1.23081636428833,0.32697299422852,0.31503757517711006
HMDB0000099,373,0.0003028851015638,0.5,86,0.8097086182648782,1.0902690887451172,77,0.6536250960089872,1.2447001934051514,373,86,77,0.830287430856094,0.7581574685606262,0.7511264085769653,0.8506113886833191,0.10453237255163894,0.020578812591215856
HMDB0000112,641,1.842808120894172,0.1,154,,3.8752734661102295,147,,2.932861328125,641,154,147,0.8810108413156021,0.7598351292570756,1.8638349771499636,1.9133687019348145,,
HMDB0000118,840,0.0006221654562262,0.9,178,0.8097584939646006,2.381019830703736,167,0.7624354961425354,2.366551637649536,840,178,167,0.9158003555616582,0.7964461267820296,1.716354489326477,2.201536178588867,0.03401063063949428,0.10604186159705753
HMDB0000119,311,0.0202257380224884,0.1,66,,0.0115078007802367,66,,0.0115078007802367,311,66,66,,,0.0087996879592537,0.0098357405513525,,
HMDB0000123,1625,0.0613903699538334,0.9,332,0.6226095542685826,2.8784940242767334,342,0.6570682058382199,2.60781478881836,1625,332,342,0.8842062306090792,0.9012320458686912,1.410975694656372,1.2272683382034302,0.2441638400304713,0.26159667634049666
HMDB0000124,463,0.000656109107951,0.9,87,0.8600245982823157,2.2257769107818604,95,0.8523176253352253,2.5908122062683105,463,87,95,0.966667222053617,0.8898438025864787,1.0636218786239624,1.5912102460861206,0.0375261772512534,0.10664262377130129
HMDB0000125,311,0.0062151927021652,0.1,66,0.1655447963165335,0.1828764975070953,66,-0.0702601171018654,0.2475612163543701,311,66,66,0.1537730489759727,0.085884754792166,0.1848197877407074,0.2534321248531341,0.1561448718940314,-0.0117717473405608
HMDB0000126,815,0.0239080700579641,0.9,152,0.71907810638546,4.033880710601807,156,0.7059898097792546,3.981873035430908,815,152,156,0.9356139486590264,0.8941872964982797,1.8131614923477173,1.9230093955993648,0.18819748671902503,0.21653584227356637
HMDB0000127,820,0.0002978272890333,0.9,173,0.8120843763991908,2.5843307971954346,160,0.7993597259861043,2.66493821144104,820,173,160,0.8919640470145104,0.8869494210636639,1.988419532775879,1.8495104312896729,0.08758969507755965,0.07987967061531953
HMDB0000128,484,0.0005810159730517,0.5,102,0.8428717290298545,2.6982221603393555,88,0.7779959399976045,2.814579486846924,484,102,88,0.9413549996333762,0.8995527873154339,1.8072822093963623,1.861051678657532,0.12155684731782934,0.09848327060352169
HMDB0000131,672,4.927257356189546,0.1,142,,4.633020401000977,138,,4.550515174865723,672,142,138,0.9448016908372986,0.9450516725452236,1.0818464756011963,1.0483649969100952,,
HMDB0000132,1204,0.0076087769163011,0.5,246,0.7556638923422216,2.7543179988861084,233,0.7370864465901683,3.0326273441314697,1204,246,233,0.9380420651042938,0.90719107484076,1.1701130867004397,1.3111566305160522,0.1701046282505917,0.18237817276207213
HMDB0000133,1433,0.0387396892646268,0.5,306,0.5898415564211513,3.285235643386841,296,0.5045442508838889,3.479574203491211,1433,306,296,0.9246476191575762,0.8920598227877525,1.257657766342163,1.3531852960586548,0.38751557190386365,0.3348060627364249
HMDB0000138,1362,0.0007777352354074,0.5,273,0.8246993499270326,2.431936264038086,269,0.7911436777848782,2.4615323543548584,1362,273,269,0.9185251379264464,0.8791293353100985,1.5504364967346191,1.680410861968994,0.08798565752522036,0.09382578799941377
HMDB0000139,1176,0.0034110396789208,0.5,239,0.795083639048072,3.047720193862915,240,0.7812006956879399,3.2272491455078125,1176,239,240,0.9553096427650972,0.9309014038161624,1.194736123085022,1.321362018585205,0.14970070812822245,0.16022600371702522
HMDB0000148,1482,0.0894478992748119,0.9,314,0.6692506398897279,3.0580358505249023,298,0.6645359927851949,3.0294430255889893,1482,314,298,0.9362822904501102,0.9355224629008118,1.2562953233718872,1.2428557872772217,0.27098647011561683,0.26703165056038236
HMDB0000152,959,0.0354971243660398,0.5,193,0.6736595857629109,4.896685600280762,178,0.6224087812256407,4.866276264190674,959,193,178,0.9604768696184364,0.9020014561854022,1.3353739976882937,1.736018180847168,0.2795926749597615,0.2868172838555255
HMDB0000156,1433,0.0959854676420291,0.9,306,0.5420737229458431,4.000223159790039,296,0.4625819041144246,3.942624807357788,1433,306,296,0.9261221614705066,0.9029139642410514,1.391786813735962,1.4225932359695437,0.4403320601266268,0.3840484385246635
HMDB0000157,1706,0.046216874534425,0.9,344,0.555401297085547,4.495551586151123,350,0.4581376626561936,4.642668724060059,1706,344,350,0.9534846185865102,0.9375767041556872,1.2319495677947998,1.3470876216888428,0.47943904149949357,0.39808332150096326
HMDB0000158,1841,0.0227496323498107,0.9,380,0.6849124271508924,3.625733613967896,388,0.6472649644112316,3.726958990097046,1841,380,388,0.950953961368,0.9237087722403642,1.241510272026062,1.3642783164978027,0.2764438078291326,0.26604153421710763
HMDB0000159,1525,0.0549768266521516,0.9,328,0.6268126414384744,4.474739074707031,316,0.5854678561843727,4.476795196533203,1525,328,316,0.9521345936172468,0.9198189332809866,1.3898775577545166,1.5722256898880005,0.33435107709661394,0.32532195217877247
HMDB0000161,1708,0.0366429912836142,0.9,344,0.700294303834301,2.7946548461914062,364,0.694007894054126,2.6992626190185547,1708,344,364,0.9425802831514404,0.9365852922150852,1.0602822303771973,1.0103561878204346,0.24257739816095925,0.24228597931713935
HMDB0000162,1525,0.0867841482214121,0.9,328,0.6197411207366749,3.6700599193573,316,0.5870238718334121,3.705389499664306,1525,328,316,0.9399618983566568,0.9066585456262232,1.2058736085891724,1.350655436515808,0.3196346737928111,0.3202207776199819
HMDB0000167,1463,0.0765001126944945,0.9,313,0.6221402475073339,3.24198317527771,303,0.5965880407129572,3.122117519378662,1463,313,303,0.938189604426524,0.9225079273850152,1.0554399490356443,1.126518964767456,0.32591988667205796,0.3160493569191901
HMDB0000168,1351,0.3931071627752453,0.1,292,0.4447306361879604,3.287725687026977,287,0.2999462815499268,2.897305727005005,1351,292,287,0.7947841804572962,0.7721563479158833,1.9187108278274536,1.731662392616272,0.47221006636595647,0.35005354426933577
HMDB0000172,1779,0.0556460885594766,0.9,365,0.6196775637548527,4.678369998931885,375,0.5465480871186095,4.694677829742432,1779,365,375,0.945790715479919,0.9156075782047074,1.449069619178772,1.5463385581970217,0.3690594910860979,0.3261131517250663
HMDB0000175,311,0.010348702562807,0.5,66,,0.124323658645153,66,-0.1694950713536153,0.2477241605520248,311,66,66,,-0.0037844010822333,0.1567625999450683,0.256022185087204,0.165710670271382,
HMDB0000177,1461,0.0980329254089883,0.9,311,0.5646255639616566,3.67389178276062,303,0.4890253067067345,3.513027667999268,1461,311,303,0.9220897106500549,0.9039221729448724,1.3294838666915894,1.2981648445129397,0.41489686623813793,0.3574641466883982
HMDB0000181,435,0.0003952918743265,0.5,85,0.951865563892304,0.7591347098350525,81,0.950219085285661,0.7226491570472717,435,85,81,0.9721711212711424,0.9650391311862628,0.5382614135742188,0.5709730982780457,0.01482004590060182,0.020305557378838324
HMDB0000182,1778,0.0426410169187835,0.9,364,0.6645540592507553,3.290700435638428,375,0.6150673250354601,3.373808622360229,1778,364,375,0.9393243767277366,0.9309644195460663,1.2063487768173218,1.1905102729797363,0.3158970945106062,0.27477031747698133
HMDB0000187,1463,0.0547353897704092,0.9,313,0.6575100233804388,2.4913570880889893,303,0.6556905307079693,2.472480058670044,1463,313,303,0.9102769754039048,0.8901153541795344,1.129290223121643,1.1092275381088257,0.234424823471565,0.252766952023466
HMDB0000190,1779,0.042394357754776,0.9,365,0.6378213499702303,3.2148938179016118,375,0.5993633939573372,3.252024412155152,1779,365,375,0.9212803276041264,0.9100154342402644,1.2489216327667236,1.2330358028411863,0.31065204028292726,0.28345897763389605
HMDB0000191,1459,0.0438547289096412,0.9,313,0.6590202416547131,3.196601867675781,303,0.6590858907960815,3.2429022789001465,1459,313,303,0.9341693366422256,0.919302848427154,1.2343629598617554,1.3032164573669434,0.26021695763107255,0.2751490949875125
HMDB0000193,425,0.0047603124281939,0.1,101,0.8501722546822408,2.1303141117095947,95,0.707026242016631,2.390052318572998,425,101,95,0.8511330597147251,0.7983743182358441,1.918028712272644,1.9910671710968015,0.09134807621921315,0.000960805032484302
HMDB0000194,1052,0.0006400331751023,0.9,212,0.8108807498985581,2.297290802001953,206,0.8273737316186736,2.096806764602661,1052,212,206,0.9124798417536047,0.8701290455809667,1.6756200790405271,1.621379017829895,0.04275531396229315,0.10159909185504667
HMDB0000195,1206,0.001808076753132,0.9,266,0.8181899862116946,2.030463933944702,256,0.8158460059153998,2.0536606311798096,1206,266,256,0.9206902036609852,0.8882154437841351,1.275638461112976,1.3682193756103516,0.07236943786873529,0.10250021744929061
HMDB0000197,1234,0.0046514141866586,0.9,251,0.7769815431692509,1.866833567619324,259,0.7876423217109576,1.889254570007324,1234,251,259,0.8904457813384349,0.8604339502645512,1.4014184474945068,1.5990949869155884,0.07279162855359356,0.11346423816918394
HMDB0000201,1127,0.0026688302232376,0.9,234,0.7937016283615406,2.3777127265930176,222,0.7674350204588012,2.464717388153076,1127,234,222,0.904363926083856,0.8237224189024637,1.5037964582443235,1.8391646146774288,0.056287398443662484,0.1106622977223154
HMDB0000205,311,0.082371181230453,0.1,66,,0.0843517407774925,66,,0.1499418169260025,311,66,66,,0.1561254655899211,0.0919180661439895,0.1535172760486602,,
HMDB0000208,1323,0.0567125887657339,0.9,285,0.5172975429883275,5.041995525360107,274,0.4019922019045773,5.227852821350098,1323,285,274,0.9376541176656938,0.8861814229336007,1.5121721029281616,1.7034764289855957,0.4841892210290234,0.4203565746773663
HMDB0000210,1204,0.0005307145961847,0.9,246,0.8593372616968243,2.735013723373413,233,0.8744144448571566,2.6492836475372314,1204,246,233,0.9588843331699696,0.9380849198905848,1.42705237865448,1.524451732635498,0.06367047503342826,0.09954707147314523
HMDB0000214,1420,0.0583990521113601,0.9,302,0.6463718622010755,2.613896131515503,296,0.6503553054546631,2.346144437789917,1420,302,296,0.8920914430497671,0.864849516267062,1.2202595472335815,1.2135450839996338,0.21449421081239883,0.2457195808486916
HMDB0000215,588,0.0050207579670631,0.9,132,0.7068387328962105,1.2506067752838137,131,0.7334524415450806,1.0856611728668213,588,132,131,0.6604099857647214,0.7392942372911913,1.2753536701202393,1.0595600605010986,0.005841795746110656,-0.046428747131489034
HMDB0000216,711,0.0004688924535175,0.9,135,0.917483574475538,1.7500395774841309,132,0.89390414416962,1.9174575805664065,711,135,132,0.9823028915581395,0.927764613813661,0.7716317772865295,1.259941339492798,0.03386046964404099,0.06481931708260158
HMDB0000224,354,0.0060296564866078,0.9,80,0.6616052177131825,1.4649922847747805,84,0.8047443273903945,1.0895204544067385,354,80,84,0.8079724637394095,0.7988026515371469,1.226464033126831,1.1836656332015991,-0.005941675853247563,0.14636724602622697
HMDB0000225,311,0.0009218596488818,0.1,66,0.1487632710749684,0.2888031303882599,66,,0.2234165370464325,311,66,66,-0.0338344880059403,,0.2214110344648361,0.1557486057281494,,-0.1825977590809087
HMDB0000226,1118,0.0002348770144634,0.9,241,0.8783370986053807,1.90429961681366,235,0.8648238502652212,2.0499608516693115,1118,241,235,0.941052887331915,0.9183864532788028,1.253388285636902,1.3135123252868652,0.05356260301358151,0.06271578872653427
HMDB0000232,463,0.000538476733873,0.9,96,0.9523692404967234,1.2447950839996338,86,0.9238146512160328,1.4785475730895996,463,96,86,0.9822822390107104,0.9620718032788304,0.7151241302490234,0.8562098741531372,0.03825715206279756,0.029912998513986988
HMDB0000235,833,0.0003344532800099,0.9,175,0.8590460652698433,2.3768560886383057,162,0.8484300738539491,2.206697702407837,833,175,162,0.9052179002517372,0.902259617097538,1.924493432044983,1.68427836894989,0.053829543243588907,0.04617183498189392
HMDB0000237,1515,0.0107012938178183,0.1,301,0.5563690811570557,2.923206329345703,319,0.5657550970847126,2.832570791244507,1515,301,319,0.8243796771541901,0.8145016878533791,1.739834547042847,1.778404712677002,0.24874659076866645,0.2680105959971344
HMDB0000238,311,0.1975059355953498,0.1,66,,0.4202837944030761,66,,0.3618151843547821,311,66,66,0.0944170971561546,-0.0902564709370064,0.4457986652851105,0.420195460319519,,
HMDB0000239,590,0.0007599561443436,0.9,117,0.890648834460642,2.9567224979400635,117,0.8911827453280832,2.915535449981689,590,117,117,0.9821611727786222,0.901353337928266,1.263654351234436,1.9714056253433228,0.010170592600182826,0.09151233831798022
HMDB0000243,1028,2.1646685173539333,0.1,228,,4.127249240875244,219,,4.130516529083252,1028,228,219,0.9342874993621388,0.9317349545383136,1.089105486869812,1.0170364379882812,,
HMDB0000244,1038,0.0992259332827676,0.9,204,0.4811870889367632,4.274153232574463,202,0.4185965615687463,4.223934650421143,1038,204,202,0.9363699529844586,0.8996285121185997,1.351325511932373,1.4611430168151855,0.4810319505498534,0.45518286404769537
HMDB0000245,706,0.0005069509091375,0.9,129,0.861204812388919,2.7838079929351807,128,0.8717534406392179,2.654500722885132,706,129,128,0.952406029790978,0.8619887510180966,1.487929344177246,2.243945598602295,-0.009764689621121314,0.091201217402059
HMDB0000251,1525,0.0872159158250673,0.9,328,0.5498217648298515,3.7347357273101807,316,0.523455990425743,3.654808282852173,1525,328,316,0.8836829329009447,0.8577536916888886,1.8772779703140257,1.9330463409423828,0.3342977012631456,0.33386116807109323
HMDB0000254,1779,0.0465876914211323,0.9,365,0.6450345492097023,3.7827610969543457,375,0.5764599284172836,3.6012771129608154,1779,365,375,0.9317991020139794,0.9054655413648852,1.4630842208862305,1.4383755922317505,0.32900561294760167,0.28676455280427715
HMDB0000259,1110,0.0035188909001775,0.9,221,0.7919741894153604,1.941428780555725,214,0.7660007957843752,2.0332720279693604,1110,221,214,0.942055957775742,0.8897415078565138,0.9755135774612428,1.1004505157470703,0.12374071207213866,0.15008176836038167
HMDB0000262,1463,0.1066509053560418,0.9,313,0.5214867555531838,4.11378812789917,303,0.443480390924643,4.192900657653809,1463,313,303,0.9222998272763704,0.877091959899815,1.4091882705688477,1.660414695739746,0.43361156897517206,0.4008130717231866
HMDB0000263,311,0.0034419890768658,0.1,66,0.2779363182708007,0.8682641983032227,66,0.0432490846243998,0.8475531339645386,311,66,66,0.1638512179158443,0.0838140995414612,0.9128594994544984,0.8352599740028381,0.040565014917061396,-0.11408510035495636
HMDB0000265,311,0.0235788979767757,0.1,66,0.1279902927549099,0.1527568846940994,66,,0.0920123532414436,311,66,66,0.1851405775976194,,0.1694238632917404,0.1085038259625434,,0.05715028484270951
HMDB0000267,1172,0.0811473904488584,0.9,256,0.5250118285231072,3.55236554145813,240,0.3705347772676582,3.490105628967285,1172,256,240,0.8727822049980377,0.8569878590998636,1.709707260131836,1.7015461921691897,0.4864530818322054,0.3477703764749305
HMDB0000271,626,0.002034569759243,0.5,131,0.8865221980259371,1.4952036142349243,127,0.7789159604627188,1.7930935621261597,626,131,127,0.8918473258079512,0.8703624221704965,1.3765733242034912,1.3645174503326416,0.0914464617077777,0.005325127782014105
HMDB0000272,311,0.2637400427815232,0.1,66,,1.5204827785491943,66,,1.3766340017318726,311,66,66,0.1105031777411948,0.0633606015031867,1.4902467727661133,1.3915189504623413,,
HMDB0000273,999,0.4918091614563782,0.5,222,,3.723124742507935,212,,3.553454160690308,999,222,212,0.8581946209525337,0.8048259102984189,1.8819923400878904,1.844601273536682,,
HMDB0000279,570,0.0012247923151022,0.5,122,0.6919510974609058,0.9852812886238098,122,0.7350287736511232,0.8275083303451538,570,122,122,0.7309532080150307,0.7509584542229826,0.8448362350463867,0.7281817197799683,0.015929680571859395,0.03900211055412495
HMDB0000285,311,0.0020297452264834,0.1,66,,0.0922983363270759,66,,0.0613986290991306,311,66,66,,,0.0591894462704658,0.0585943982005119,,
HMDB0000286,311,0.0175032975580156,0.1,66,0.5293144033431586,1.3975039720535278,66,0.2785746448972304,1.3903789520263672,311,66,66,0.4130895744399767,0.2832087745764055,1.3583166599273682,1.3808380365371704,0.004634129679175092,-0.11622482890318192
HMDB0000288,359,0.0016985815071245,0.1,70,0.3354648043803355,1.5456231832504272,73,0.3033983506167254,1.5329464673995972,359,70,73,0.4143115297395636,0.3740651411009861,1.389966607093811,1.5156326293945312,0.07066679048426072,0.0788467253592281
HMDB0000289,1247,0.0005280517208313,0.9,260,0.8133783804734549,3.190781831741333,251,0.8461354000033128,2.9311294555664062,1247,260,251,0.924443267535914,0.8918871666879626,1.9117000102996824,2.091362237930298,0.045751766684649864,0.1110648870624591
HMDB0000290,311,0.0111191066128566,0.1,66,0.3667509821005796,1.6831464767456057,66,0.020914418150014,1.8586381673812864,311,66,66,0.2480786891702429,0.2594040682712548,1.645177125930786,1.7676035165786743,0.2384896501212408,-0.11867229293033671
HMDB0000291,382,0.0004051121062078,0.9,87,0.9009015111544604,1.3663057088851929,77,0.7883604266551607,1.823366403579712,382,87,77,0.9243586131904292,0.8650120234457936,1.0795207023620603,1.4110280275344849,0.07665159679063294,0.023457102035968846
HMDB0000292,1339,0.0875910748344581,0.9,282,0.4465769912937316,5.397704124450684,271,0.3962907587799799,5.30842924118042,1339,282,271,0.9339990972788346,0.8977333074876569,1.6678534746170044,1.9038022756576536,0.501442548707677,0.487422105985103
HMDB0000294,661,0.0011407479936885,0.5,153,0.85769067976035,1.5711454153060913,156,0.8004817007329234,1.9896447658538816,661,153,156,0.856083090378054,0.7515922482182779,1.551948070526123,2.127316236495972,-0.04888945251464549,-0.001607589382295993
HMDB0000295,311,0.0093105732521443,0.1,66,0.257235207249903,1.4134197235107422,66,0.1977790614500155,1.6031876802444458,311,66,66,0.1643018594634593,0.2425919669132475,1.352156639099121,1.531378984451294,0.044812905463231995,-0.09293334778644372
HMDB0000296,1433,0.0608299310386499,0.9,306,0.5917323621764007,4.081976890563965,296,0.5309847611496904,3.8260650634765625,1433,306,296,0.9227066828885904,0.897700669600463,1.6586586236953735,1.6934561729431152,0.3667159084507726,0.3309743207121897
HMDB0000299,651,0.0019519577377952,0.9,135,0.891877079742204,1.3084707260131836,136,0.8827301851651407,1.4023797512054443,651,135,136,0.9561370399171432,0.9530769577280048,0.7766780257225037,0.6856731176376343,0.07034677256286415,0.06425996017493918
HMDB0000300,1779,0.0403533910768377,0.9,365,0.5659559910303898,4.529520511627197,375,0.4706925516234853,4.510861396789551,1779,365,375,0.9380149170598242,0.906284408314056,1.507326602935791,1.730921506881714,0.4355918566905707,0.37205892602943436
HMDB0000301,823,3.841194532911224,0.1,178,,3.192357063293457,178,,3.1859018802642822,823,178,178,0.8612188744374809,0.8548531104316066,1.5779966115951538,1.6016972064971924,,
HMDB0000303,672,0.0016046319800315,0.9,137,0.7339440130175431,0.7551542520523071,145,0.690606187867321,0.6973888278007507,672,137,145,0.5180937458424797,0.5928720241798486,0.9382382035255432,0.8019899725914001,-0.09773416368747234,-0.2158502671750634
HMDB0000306,958,2.393655796887232,0.1,208,,3.416422843933105,208,,3.209395408630371,958,208,208,0.8975482482461704,0.882023734583751,1.4133188724517822,1.2846858501434326,,
HMDB0000355,802,0.0077273899857601,0.9,167,0.7563478134368095,2.882704734802246,171,0.793575150944625,2.552156925201416,802,167,171,0.9403744396604437,0.904432614981364,1.496008276939392,1.5837455987930298,0.1108574640367389,0.1840266262236342
HMDB0000402,479,0.0014264147515228,0.1,102,0.3810370409870319,1.0657758712768557,102,0.5405891799081589,1.012934923171997,479,102,102,0.3168670158297616,0.5463925218246894,1.0558940172195437,0.9653831124305724,0.0058033419165305355,-0.06417002515727027
HMDB0000426,354,0.0025332337748562,0.9,80,0.5063914545512326,1.3790792226791382,84,0.4613320426882183,1.3654565811157229,354,80,84,0.516535259210485,0.5175900424519894,1.3446176052093506,1.3029944896697998,0.05625799976377105,0.010143804659252464
HMDB0000448,1093,0.0088053638566445,0.5,227,0.7633317630146359,3.202284574508667,218,0.7456029167921204,3.354503870010376,1093,227,218,0.9383475417028034,0.9160588147134126,1.607213258743286,1.7311599254608154,0.17045589792129212,0.17501577868816753
HMDB0000450,479,0.0005376994198079,0.5,102,0.7818781022757452,0.9782347679138184,102,0.8452471485895925,0.8494440913200378,479,102,102,0.8089987500704996,0.8910209538826261,0.8267942667007446,0.6564196944236755,0.045773805293033654,0.027120647794754427
HMDB0000452,1052,0.0242838499044615,0.9,223,0.6846737799950294,2.3595402240753174,222,0.686337529175018,2.4203951358795166,1052,223,222,0.9013315467295122,0.8565872879437989,1.279464840888977,1.4300919771194458,0.1702497587687809,0.21665776673448278
HMDB0000462,497,0.0391087234165427,0.1,112,0.3415470958373384,2.2606987953186035,111,0.3082150090813197,2.464630365371704,497,112,111,0.3181426314522874,0.3316391476541984,2.4027469158172607,2.5859334468841557,0.023424138572878672,-0.023404464385051005
HMDB0000472,780,0.0003992044389078,0.9,156,0.9116058194181336,1.76455819606781,142,0.8962704210853942,1.7678391933441162,780,156,142,0.9563338548400782,0.926565219236646,1.129926681518555,1.0721739530563354,0.0302947981512518,0.04472803542194459
HMDB0000479,1036,0.0006047456349519,0.9,203,0.7957126823746234,2.1151435375213623,202,0.8313388651157956,1.7965352535247805,1036,203,202,0.9181102340711584,0.8860694471750132,1.2740544080734253,1.2617701292037964,0.05473058205921766,0.12239755169653499
HMDB0000500,588,0.0292492963351887,0.5,132,0.1339065947194259,0.7133069038391113,131,0.133693255419015,0.7708993554115295,588,132,131,0.0527224632980081,0.1598366106340311,0.6971924304962158,0.7648191452026367,0.026143355215016095,-0.0811841314214178
HMDB0000511,793,0.0003601372253665,0.9,157,0.8425574600793921,2.052210569381714,158,0.8473969115499597,2.155184507369995,793,157,158,0.9433830200417794,0.8676256409020225,1.1212633848190308,1.6038326025009155,0.02022872935206288,0.10082555996238729
HMDB0000512,699,2.775296496389932,0.1,141,,2.994502544403076,138,,2.864659786224365,699,141,138,0.9498200846380742,0.9583719924345756,0.7452273368835449,0.7131361961364746,,
HMDB0000517,1482,0.055851341312767,0.9,314,0.6588163593465055,3.6412506103515625,298,0.6196082199547526,3.651543855667114,1482,314,298,0.9437319455797444,0.9098169217856252,1.2650576829910278,1.3542218208312988,0.29020870183087266,0.28491558623323887
HMDB0000528,311,0.0709942606101082,0.1,66,,0.2181794941425323,66,,0.041278064250946,311,66,66,0.2921361264871625,,0.217191532254219,0.0344698652625083,,
HMDB0000535,1243,0.0003666475459186,0.9,248,0.7890106038665688,2.6440296173095703,245,0.8240810255739396,2.371480941772461,1243,248,245,0.8910209947534925,0.8879627986501111,1.8752305507659912,1.778084397315979,0.06388177307617149,0.10201039088692365
HMDB0000538,311,0.0016399076897231,0.1,66,,0.1500296145677566,66,0.0056696094015353,0.2165991216897964,311,66,66,,0.246391804634903,0.0945321395993232,0.1902797669172287,0.24072219523336771,
HMDB0000562,1433,0.0010290016018205,0.9,306,0.8364179405366579,2.323358058929444,296,0.8159294544863686,2.3122966289520264,1433,306,296,0.9182959081142564,0.8750661665600876,1.6867121458053589,1.7178453207015991,0.05913671207371907,0.08187796757759858
HMDB0000574,613,0.0620001280959746,0.9,136,0.82302833969174,0.8170346617698669,140,0.8568375462045389,0.7284209132194519,613,136,140,0.9561243695165362,0.959132137724632,0.3770875930786133,0.4052869379520416,0.10229459152009313,0.13309602982479618
HMDB0000575,354,0.0080522793699792,0.5,80,0.9134500182485188,0.7302975058555603,84,0.9661850125136348,0.5699666142463684,354,80,84,0.986003111801728,0.9656626809729716,0.3198100924491882,0.4416223764419555,-0.0005223315406631679,0.07255309355320916
HMDB0000618,311,0.0123473538799305,0.1,66,0.0408808427532294,0.612713098526001,66,0.2401589819194818,0.6426515579223633,311,66,66,-0.0782671741949823,0.256130457625485,0.408393919467926,0.4732211232185364,0.015971475706003185,-0.1191480169482117
HMDB0000619,1534,0.0015233912923885,0.9,309,0.8251089467036958,2.3506174087524414,316,0.7864669186277351,2.476973533630371,1534,309,316,0.9177070549879748,0.8812335105076009,1.578749179840088,1.7109885215759275,0.0947665918798658,0.09259810828427895
HMDB0000623,1131,0.0103283972027658,0.5,225,0.7277749972151311,3.766356945037842,222,0.7390497216569121,3.815145492553711,1131,225,222,0.9590085348081482,0.9148137858006457,1.120544672012329,1.4071099758148191,0.17576406414373358,0.23123353759301712
HMDB0000625,522,0.0006302524142795,0.5,116,0.888498929980954,0.7896111607551575,120,0.8322845858722672,0.9912595748901368,522,116,120,0.8805817436109984,0.8499416547432657,0.7447646856307983,0.90618634223938,0.017657068870998494,-0.007917186369955642
HMDB0000626,1206,0.0571234685315465,0.9,227,0.6845588018373702,3.722278833389282,242,0.7088048548429075,3.752847909927368,1206,227,242,0.92702930058145,0.9329521019298826,1.5871708393096924,1.536733627319336,0.2241472470869752,0.2424704987440799
HMDB0000630,1431,0.0932063323560408,0.9,306,0.5100809069987045,3.9574360847473145,296,0.384624011884734,3.926171064376831,1431,306,296,0.9345015804236424,0.8762965520670497,1.3225947618484497,1.49772310256958,0.4916725401823157,0.42442067342493794
HMDB0000634,311,0.0232125588966776,0.1,66,0.3183085018990172,1.4780269861221311,66,0.0180661842494727,1.585069179534912,311,66,66,0.280590799962842,0.2987765654760712,1.4297943115234375,1.4956375360488892,0.28071038122659847,-0.03771770193617524
HMDB0000638,763,0.0006814032038417,0.5,150,0.8306824953536537,2.1266069412231445,151,0.8162840303030416,2.3498425483703613,763,150,151,0.9076436528089769,0.8512940501921372,1.6538376808166504,1.884814977645874,0.03501001988909558,0.07696115745532317
HMDB0000639,354,0.0005343759396655,0.5,80,0.7108131711877256,1.401492714881897,84,0.8039384029719511,1.289106369018555,354,80,84,0.8166219301597117,0.833121489013653,1.3710830211639404,1.446761965751648,0.029183086041701944,0.10580875897198616
HMDB0000641,1462,0.1072534567195691,0.9,313,0.6105959782527477,3.600950241088867,303,0.5261768226126436,3.4728472232818604,1462,313,303,0.9085075452699434,0.8815452849879055,1.4731355905532837,1.477827548980713,0.3553684623752619,0.2979115670171957
HMDB0000661,540,0.025682549553819,0.1,126,0.6978999746440957,1.687585473060608,129,0.820403658805529,1.544411540031433,540,126,129,0.7287198206619507,0.8123624904773749,1.5889334678649902,1.5167399644851685,-0.008041168328154158,0.030819846017855035
HMDB0000663,354,0.0452708731038871,0.9,80,0.9244181027445856,0.758525013923645,84,0.8797941214192578,1.198516845703125,354,80,84,0.9139695470311552,0.8992023684679784,0.90074223279953,1.0893813371658323,0.019408247048720573,-0.010448555713430396
HMDB0000665,311,0.0048828502956954,0.1,66,0.5336957846921105,2.1683361530303955,66,0.5187113727446812,1.6956920623779297,311,66,66,0.4950492340395778,0.415122524193339,2.159857273101806,1.8296343088150024,-0.10358884855134215,-0.03864655065253275
HMDB0000669,382,0.0007519006379611,0.5,87,0.9061270610043536,1.0817421674728394,77,0.8090434948907781,1.2406672239303589,382,87,77,0.9423863799013732,0.888854610016392,0.7588581442832947,0.9000085592269897,0.0798111151256139,0.03625931889701961
HMDB0000671,635,1.5540699395607775,0.1,150,,3.917715311050415,142,,3.594273567199707,635,150,142,0.8754075158587699,0.8455331659051989,1.6899181604385376,1.6159237623214722,,
HMDB0000682,363,0.0010182367452233,0.5,76,0.6819280775155426,2.412778615951538,73,0.7034603733430791,2.223362445831299,363,76,73,0.9412955680371902,0.7982944131977433,1.011090874671936,1.533812165260315,0.09483403985466421,0.25936749052164754
HMDB0000684,505,0.0222332058335799,0.1,101,0.0366004708466571,0.2914399206638336,109,0.0737563811304047,0.2510771453380584,505,101,109,-0.0184924754409517,0.2093084365270798,0.2909975945949554,0.2447996735572815,0.13555205539667511,-0.0550929462876088
HMDB0000687,1841,0.0532437932966873,0.9,380,0.6270232213694544,4.478143692016602,388,0.5572966421887582,4.4819841384887695,1841,380,388,0.9424063215637326,0.914062067036308,1.522882342338562,1.593394756317139,0.3567654248475498,0.3153831001942782
HMDB0000691,1115,0.1670671080670334,0.9,226,0.1357723832353327,4.311880588531494,227,0.1433888586107834,3.915137767791748,1115,226,227,0.9003991697968844,0.8754079605263266,1.7090861797332764,1.658419847488403,0.7320191019155432,0.7646267865615517
HMDB0000695,613,0.0222963989656084,0.1,136,0.8444785406324936,0.9427950382232666,140,0.8918565271931379,0.8661519885063171,613,136,140,0.868229828066922,0.879236434079412,0.7562813758850098,0.7908036112785339,-0.012620093113725916,0.023751287434428336
HMDB0000696,1463,0.0862597875287215,0.9,313,0.5527758599552371,4.05345344543457,303,0.4971596964272217,3.873324871063232,1463,313,303,0.9257458369002636,0.8992466815840618,1.416214108467102,1.456560134887695,0.40208698515684016,0.3729699769450264
HMDB0000699,1085,0.0003307456052187,0.9,218,0.8280005876677443,2.3826804161071777,213,0.8098686153495962,2.120381593704224,1085,218,213,0.9061744545468768,0.8626333260208842,1.6748064756393433,1.6728858947753906,0.05276471067128796,0.07817386687913253
HMDB0000700,445,0.0337713539228308,0.9,100,0.8862889736132409,0.8886827230453491,104,0.914499342443548,0.816360592842102,445,100,104,0.9736169207911228,0.9619619757134078,0.4177857935428619,0.5099862217903137,0.04746263326985978,0.08732794717788195
HMDB0000711,620,0.0004644840472915,0.9,117,0.8547815899491189,2.39944839477539,112,0.8368978099183779,2.628360748291016,620,117,112,0.9491955796192278,0.9059665392670784,1.4173638820648191,1.695294737815857,0.06906872934870045,0.09441398967010894
HMDB0000714,581,0.0005454524921673,0.5,116,0.8211901568829786,1.950889110565185,117,0.8347495468176939,2.0116302967071533,581,116,117,0.9111677278085806,0.8343830994761928,1.288377046585083,1.6648144721984863,-0.00036644734150104163,0.08997757092560199
HMDB0000718,1432,3.1368291844202814,0.1,289,,3.86572003364563,305,,3.7114510536193848,1432,289,305,0.8871260293638797,0.8468072603961125,1.6140562295913696,1.6489572525024414,,
HMDB0000719,574,0.0273704666104206,0.5,119,0.7632181587662007,1.396083116531372,120,0.7815629706822247,1.334386944770813,574,119,120,0.9132224354279216,0.9337327492708252,0.733140766620636,0.6164929866790771,0.15216977858860048,0.1500042766617209
HMDB0000720,440,0.0003237019548512,0.9,85,0.9553379920637576,0.9030332565307616,82,0.9359771288278396,0.9327208399772644,440,85,82,0.979537911825262,0.9739008846173444,0.4152925312519073,0.4337620139122009,0.0379237557895048,0.024199919761504374
HMDB0000725,820,0.0012342118555205,0.9,163,0.8475975692156361,1.691009759902954,168,0.8798398311660489,1.503261923789978,820,163,168,0.930075577940617,0.8882736282084651,1.1417226791381836,1.2271267175674438,0.008433797042416202,0.0824780087249809
HMDB0000731,311,0.003449991627564,0.9,66,0.0209988627174738,0.93133282661438,66,0.2816866964604131,0.6324250102043152,311,66,66,0.0932222152418179,0.1856047132311985,0.7831337451934814,0.6499168276786804,-0.0960819832292146,0.0722233525243441
HMDB0000732,433,0.0003834984759535,0.9,84,0.9701597688709696,1.1137586832046509,81,0.968861170152817,1.0466471910476685,433,84,81,0.9937605814873552,0.9891317282259042,0.488589882850647,0.5718780159950256,0.020270558073087197,0.02360081261638569
HMDB0000742,159,0.0060869932920887,0.1,34,0.2571444308988277,0.1305745095014572,34,0.3918516014634194,0.1414016485214233,159,34,34,0.4060109166107387,0.5602266049194959,0.1235671713948249,0.1356107741594314,0.16837500345607653,0.14886648571191097
HMDB0000745,311,0.0028327221272459,0.1,66,0.2722686430142582,0.8064708709716797,66,0.1716162054204475,0.9842033386230468,311,66,66,0.1170824211492521,0.1006003269399217,0.7127319574356079,0.9310020208358764,-0.0710158784805258,-0.15518622186500608
HMDB0000759,570,0.0008317242127319,0.5,122,0.8847824439889261,0.7828914523124695,122,0.8855205879853566,0.7720848321914673,570,122,122,0.9150375681667784,0.889696118522809,0.6240959167480469,0.6703723073005676,0.004175530537452454,0.030255124177852255
HMDB0000763,687,0.0003148539205517,0.9,138,0.8750956049104553,1.427042007446289,130,0.8088233779518257,1.7651597261428833,687,138,130,0.9015863407564544,0.8656114997301002,1.2040199041366575,1.3474642038345337,0.056788121778274525,0.026490735845999036
HMDB0000764,995,0.0009780581987083,0.5,196,0.8002527293992088,2.3874237537384038,193,0.7897749705667199,2.604355335235596,995,196,193,0.8768417651743534,0.8584057958557771,1.9548107385635376,2.006164789199829,0.06863082528905728,0.07658903577514464
HMDB0000779,1271,0.0005966662735317,0.9,265,0.7953541337733433,2.8767311573028564,265,0.8311984692082133,2.653693437576294,1271,265,265,0.9269199462731164,0.8792168960025672,1.714763879776001,1.9858983755111692,0.048018426794353974,0.13156581249977306
HMDB0000784,1147,0.0829162182421191,0.9,234,0.4644676455285136,4.0987982749938965,233,0.4581705736454475,4.082688808441162,1147,234,233,0.9465526149157316,0.9134741918466608,1.108535647392273,1.2391451597213743,0.4553036182012133,0.482084969387218
HMDB0000792,945,0.000477987012465,0.9,190,0.8766619096858947,2.0489447116851807,177,0.8696286056278799,1.913917660713196,945,190,177,0.965846041351439,0.9192376545224,1.0665985345840454,1.2422430515289309,0.049609048894520114,0.08918413166554429
HMDB0000802,979,0.0006506657300045,0.9,192,0.8833870513289462,2.7856009006500244,189,0.9015576156051576,2.5581376552581787,979,192,189,0.9812654270258584,0.9349139143607272,0.9616260528564452,1.1210851669311523,0.03335629875556967,0.09787837569691216
HMDB0000807,311,0.1226544533511833,0.1,66,,0.6074683666229248,66,,0.4068727195262909,311,66,66,-0.0469739939656563,0.5441298742478711,0.5232009887695312,0.3161032795906067,,
HMDB0000812,677,0.0002078217268968,0.9,140,0.8694270782189006,1.2966700792312622,152,0.9023781530829288,1.1088175773620603,677,140,152,0.8897576546055191,0.9069700547509304,1.1808984279632568,0.9809231162071228,0.004591901668001608,0.020330576386618504
HMDB0000821,311,0.0074146871781425,0.1,66,0.4056321231658242,1.4339420795440674,66,0.4891955296355211,1.44564950466156,311,66,66,0.29971370263693,0.0193063037678608,1.5020694732666016,1.6101161241531372,-0.4698892258676603,-0.10591842052889422
HMDB0000822,354,0.0944619341596262,0.5,80,0.4267050795977114,2.6584267616271973,84,0.5759782052936463,2.6155848503112797,354,80,84,0.5126955423013465,0.5774673162393886,2.162661075592041,2.16493821144104,0.0014891109457423335,0.08599046270363508
HMDB0000828,311,0.0050164244182623,0.1,66,-0.0768207116022516,1.8868967294692995,66,0.0898258017240772,1.8278568983078003,311,66,66,0.205812402662397,0.3166444866810303,1.705658793449402,1.703967571258545,0.2268186849569531,0.2826331142646486
HMDB0000840,685,0.000825213383683,0.9,138,0.8660697183444654,1.1976300477981567,135,0.8569575699764705,1.2103039026260376,685,138,135,0.9139086429047756,0.9225367552638896,0.8470343351364136,0.8276345729827881,0.06557918528741902,0.047838924560310137
HMDB0000842,311,0.0133091392326286,0.9,66,,0.0727912411093711,66,,0.2116826474666595,311,66,66,,0.1848662774139738,0.1043955609202385,0.2647561430931091,,
HMDB0000847,311,0.0079093743909214,0.1,66,0.1031824041254419,1.8167040348052976,66,0.212539790983511,1.7050182819366455,311,66,66,0.1363660617990633,0.0775506643000805,1.802281141281128,1.7976489067077637,-0.1349891266834305,0.0331836576736214
HMDB0000857,479,0.0021614026534055,0.1,102,0.6499992644684797,1.4277639389038086,102,0.6507206407608098,1.508212327957153,479,102,102,0.6854288491363799,0.6577889066293943,1.2914528846740725,1.357372760772705,0.007068265868584445,0.03542958466790025
HMDB0000870,1034,0.0022333976755269,0.9,210,0.839485021125127,2.0818960666656494,197,0.8393431779222655,2.0274553298950195,1034,210,197,0.9176771532094886,0.8971907399387825,1.4549516439437866,1.5019484758377075,0.057847562016516973,0.0781921320843616
HMDB0000875,911,0.000357567900811,0.9,186,0.8525678825762718,2.156965970993042,186,0.8501010151534908,2.100917100906372,911,186,186,0.9467310768467728,0.8968168205666582,1.2932674884796145,1.46649968624115,0.046715805413167444,0.09416319427050102
HMDB0000881,585,0.000542680383521,0.9,127,0.9105304926738244,2.5664665699005127,107,0.919662982091936,2.3259828090667725,585,127,107,0.9860305841307476,0.9457098954358536,0.9372285604476928,1.0858577489852903,0.02604691334391762,0.07550009145692327
HMDB0000883,1841,0.026109733281331,0.9,380,0.6935411046309783,4.047313213348389,388,0.6516606805154238,4.211589813232422,1841,380,388,0.954015935060564,0.9263197286619524,1.3589006662368774,1.5247985124588013,0.27465904814652864,0.26047483042958575
HMDB0000892,1066,0.0006346843211333,0.9,226,0.9027622448217724,1.8771919012069704,225,0.9339990821556388,1.7015029191970823,1066,226,225,0.9376280336230668,0.9429652266451342,1.4851101636886597,1.4287747144699097,0.008966144489495398,0.03486578880129443
HMDB0000895,945,0.0004807046736639,0.9,190,0.8970452369667764,2.5256025791168213,177,0.87271307964658,2.7995901107788086,945,190,177,0.9351713597254254,0.9246732075549746,1.817889213562012,1.9387794733047483,0.05196012790839466,0.03812612275864902
HMDB0000897,1047,0.00041988067967,0.9,220,0.8664532380056492,2.160247802734375,224,0.8715652607286801,1.994176268577576,1047,220,224,0.9569432792226096,0.9249864970120828,1.177706599235535,1.297099471092224,0.05342123628340267,0.09049004121696036
HMDB0000898,771,0.0002276493902078,0.9,151,0.8721581021132838,1.572096824645996,143,0.8688225037064099,1.6765865087509155,771,151,143,0.9222621950412851,0.8815593856774183,1.2530241012573242,1.496509313583374,0.012736881971008418,0.05010409292800133
HMDB0000902,311,0.0164042467050048,0.1,66,0.1814844676275936,2.083141803741455,66,0.2335923155142297,2.2585718631744385,311,66,66,0.2248337320006977,0.3509280829748697,1.9472066164016724,2.109983205795288,0.11733576746064,0.0433492643731041
HMDB0000904,1389,0.0658383413311309,0.9,292,0.6721194419552394,4.129771709442139,278,0.6045171458817,4.39954948425293,1389,292,278,0.9405460266011528,0.9040211773963028,1.447668433189392,1.6528717279434204,0.2995040315146028,0.2684265846459134
HMDB0000905,479,0.0022485353863787,0.9,102,0.0093922749134409,0.1126216426491737,102,-0.0072618336502537,0.1587858200073242,479,102,102,0.0435365385267335,0.1007466423551993,0.1126934513449668,0.1585706770420074,0.10800847600545299,0.0341442636132926
HMDB0000906,485,0.0004697844515141,0.5,110,0.6916317549319901,0.9324519038200378,109,0.7480151189634825,0.8801482915878296,485,110,109,0.7714050415953534,0.7635176400908129,0.8337920904159546,0.8350003361701965,0.015502521127330415,0.07977328666336325
HMDB0000925,939,0.0002776141398588,0.9,191,0.8865908940665109,1.8452733755111692,173,0.860424555375712,1.8255412578582764,939,191,173,0.94483377833377,0.9180374036102398,1.1788352727890017,1.2337626218795776,0.057612848234527725,0.0582428842672591
HMDB0000929,1719,0.0482388601746311,0.9,363,0.6237255867675436,4.00560188293457,359,0.5729037967497843,4.034443378448486,1719,363,359,0.9465960537618128,0.9148266459088558,1.227423906326294,1.337297439575195,0.34192284915907145,0.32287046699426913
HMDB0000935,354,0.0094109178732085,0.1,80,0.9097326573197309,0.9218705892562866,84,0.9642631284346675,0.7140438556671143,354,80,84,0.9632016868637056,0.9692773471007964,0.5455513000488281,0.5617713928222656,0.0050142186661288335,0.0534690295439747
HMDB0000939,311,0.001572845373123,0.5,66,0.1249293105758995,0.2208333760499954,66,0.1773651098302382,0.2296584546566009,311,66,66,0.003836348679401,0.0867720793168462,0.2425110042095184,0.2491161227226257,-0.090593030513392,-0.1210929618964985
HMDB0000943,613,0.0060745306523105,0.9,136,0.6727104446606735,2.0673723220825195,140,0.7343228167493137,1.921385407447815,613,136,140,0.7437829167108698,0.7296003439703959,1.6933273077011108,1.789864420890808,-0.004722472778917797,0.07107247205019629
HMDB0000947,311,0.0019399511085829,0.5,66,0.3538440211452715,0.2381545305252075,66,-0.0037478876793103,0.2868680953979492,311,66,66,0.2853803710458967,0.1886953153559658,0.194008857011795,0.2517547607421875,0.1924432030352761,-0.06846365009937483
HMDB0000954,570,0.1020309046695106,0.1,122,,0.2200931757688522,122,,0.2020824551582336,570,122,122,0.041415601531659,0.1110633837900769,0.2020486295223236,0.1817284375429153,,
HMDB0000956,726,0.000433150689318,0.9,163,0.8345628240660367,2.5040690898895264,158,0.815312714184506,2.372352600097656,726,163,158,0.9401713350206268,0.8825725719572777,1.422853946685791,1.5752198696136477,0.06725985777277166,0.10560851095459012
HMDB0000958,311,0.0221151239967684,0.1,66,0.1806186170287791,0.7599332332611084,66,0.3666672668539639,0.8354669809341431,311,66,66,0.3562778709308454,0.2510929234066204,0.646216869354248,0.8174349665641785,-0.11557434344734346,0.1756592539020663
HMDB0000965,311,0.1520827345526103,0.1,66,,0.5221177339553833,66,,0.685209333896637,311,66,66,0.2338347269388902,0.4963596986278122,0.4597843587398529,0.5874518752098083,,
HMDB0000996,479,0.0249333715258845,0.1,102,0.0702409567471404,0.5857458710670471,102,0.0277172002037549,0.323199987411499,479,102,102,0.1366786484369804,0.2376747093198566,0.5839263796806335,0.306673139333725,0.2099575091161017,0.06643769168984001
HMDB0001000,311,1e-15,0.1,66,,0.0,66,,0.0,311,66,66,,,0.0085713788866996,0.0092881759628653,,
HMDB0001003,311,0.0365883821076518,0.1,66,,0.0100848888978362,66,,0.0100848888978362,311,66,66,,,0.0129316411912441,0.0123186009004712,,
HMDB0001015,699,2.023182706600948,0.1,141,,2.1890103816986084,138,,2.1268081665039062,699,141,138,0.966414354478301,0.979373906136064,0.3897015154361725,0.3253183364868164,,
HMDB0001058,311,0.0043245249955698,0.1,66,-0.0061628148758758,0.2142949104309082,66,,0.1019808202981948,311,66,66,0.3464462816457772,,0.1687718480825424,0.0766806527972221,,0.35260909652165295
HMDB0001065,465,0.0017724576560399,0.1,99,0.5514703753683889,1.8437135219573972,99,0.5586919725145018,1.811183333396912,465,99,99,0.6482503718345798,0.6145075280353598,1.765001893043518,1.71203875541687,0.05581555552085804,0.09677999646619084
HMDB0001066,311,0.155828022113567,0.1,66,,0.1894970387220382,66,,0.2462881505489349,311,66,66,0.3870449312599884,-0.0954603073883209,0.146013468503952,0.2415979653596878,,
HMDB0001068,311,0.025399479384514,0.1,66,0.0148408552542512,1.2367722988128662,66,0.390802717644212,1.215756058692932,311,66,66,-0.0492758729513863,0.0563084345682794,1.1663143634796145,1.2439390420913696,-0.3344942830759326,-0.0641167282056375
HMDB0001104,479,0.0027021726949819,0.1,102,0.1990768993146648,0.2621765732765198,102,0.3922724271609623,0.1963469982147216,479,102,102,0.2414842278703415,0.4193043575575778,0.2499929070472717,0.227240189909935,0.0270319303966155,0.04240732855567669
HMDB0001123,777,0.0002190611588499,0.9,155,0.9525958612841684,0.7318457365036011,155,0.9297141241099974,0.8452483415603638,777,155,155,0.9636804527674184,0.9512322306019044,0.5672182440757751,0.6012734770774841,0.021518106491906996,0.011084591483250028
HMDB0001124,311,0.0343995703836398,0.1,66,-0.0801654898601636,0.2684270739555359,66,-0.1265194535445267,0.2606090009212494,311,66,66,0.1773429065811452,-0.0302800233002224,0.2927947044372558,0.305066704750061,0.09623943024430431,0.2575083964413088
HMDB0001126,311,0.0026995388097321,0.1,66,0.3308975884290888,1.8067415952682493,66,0.1757931408155558,2.0287482738494877,311,66,66,0.3483895612926419,-0.1487243160193197,1.803719401359558,2.296602725982666,-0.32451745683487554,0.01749197286355314
HMDB0001138,1109,0.0003592284324591,0.9,235,0.8946280291034326,1.5447617769241333,237,0.8971915554522136,1.5081318616867063,1109,235,237,0.942303138937206,0.9273867730745162,1.1603730916976929,1.1082911491394043,0.030195217622302595,0.04767510983377332
HMDB0001139,311,0.0407144877688294,0.1,66,,0.0203375797718763,66,,0.1015801429748535,311,66,66,,0.0525741322562894,0.0165821500122547,0.1046576425433158,,
HMDB0001149,642,0.0003854975398332,0.9,126,0.8864021253411999,2.338747978210449,123,0.8830141860790908,2.267272472381592,642,126,123,0.9511296402451548,0.8845616020341754,1.4790233373641968,1.7411260604858398,0.0015474159550846744,0.0647275149039549
HMDB0001161,1204,0.0010684168038374,0.9,246,0.8871444118688371,2.542612075805664,233,0.8792492692905206,2.6668972969055176,1204,246,233,0.9488209025858994,0.9421247562816965,1.5224446058273315,1.40602707862854,0.06287548699117584,0.06167649071706227
HMDB0001173,440,0.000395531983809,0.5,85,0.9323936005880956,0.8173434138298035,82,0.8999420918141782,0.9420892596244812,440,85,82,0.9473729258059654,0.9284162053602304,0.6932057738304138,0.748038113117218,0.028474113546052227,0.014979325217869821
HMDB0001175,311,0.0466200347923957,0.1,66,-0.2252630753865586,0.3506869375705719,66,-0.0386492761546782,0.3213914334774017,311,66,66,-0.1088462507032712,0.0468118929179684,0.3339220583438873,0.3201479911804199,0.0854611690726466,0.1164168246832874
HMDB0001176,311,0.086670949144762,0.1,66,,0.2907308638095855,66,,0.0697442218661308,311,66,66,0.3322269312435586,,0.2887235581874847,0.0763674080371856,,
HMDB0001178,311,0.0028238673846159,0.9,66,-0.1534687649048492,0.3544385433197021,66,-0.178936176801453,0.5434309244155884,311,66,66,-0.1254477396258798,-0.1104343871487035,0.3884820938110351,0.5755674839019775,0.06850178965274949,0.028021025278969408
HMDB0001185,612,0.0003788322110754,0.9,117,0.8650462988364646,2.006769180297852,113,0.8764406084378509,1.8147600889205933,612,117,113,0.9696521761179316,0.9376161457025286,0.9771981239318848,1.1469275951385498,0.061175537264677726,0.10460587728146709
HMDB0001186,644,0.0005720567407074,0.9,123,0.8952544617799236,2.7300682067871094,114,0.9029989820872604,2.593833446502685,644,123,114,0.9768829167798736,0.9353663286012172,1.296386480331421,1.5857486724853516,0.032367346513956785,0.08162845499994997
HMDB0001190,311,0.0265250123753212,0.1,66,0.0440782625583648,3.118405103683472,66,0.0452967298536436,3.095853328704834,311,66,66,0.1155272137419539,-0.1087554409897705,3.076756238937378,3.2328758239746094,-0.1540521708434141,0.0714489511835891
HMDB0001201,311,0.0271166635862884,0.1,66,,0.0105751696974039,66,,0.0105751696974039,311,66,66,,,0.0163292661309242,0.0197793766856193,,
HMDB0001202,395,0.0085883982211728,0.5,76,0.7268614540273965,3.0916173458099365,83,0.7681034216506156,3.0407543182373047,395,76,83,0.9664943095066766,0.909215596987305,0.822129487991333,1.079237461090088,0.1411121753366894,0.23963285547928004
HMDB0001209,354,0.0060148891080834,0.1,80,0.9087621071961064,0.6082742810249329,84,0.965282491820688,0.5148100852966309,354,80,84,0.9417286236613828,0.98082226264512,0.4907276034355163,0.3820945620536804,0.01553977082443192,0.032966516465276374
HMDB0001220,382,0.0004863655130276,0.9,87,0.9741879904357136,1.0157243013381958,77,0.934168454193776,1.064880132675171,382,87,77,0.9941815207628586,0.977736863838398,0.3766683340072632,0.4847566783428192,0.04356840964462194,0.019993530327145015
HMDB0001227,484,0.0009079482436141,0.5,97,0.7207008351314727,1.856080412864685,99,0.6350994772241016,1.893521189689636,484,97,99,0.8241402204640734,0.7023614324917653,1.6286344528198242,1.7716783285140991,0.06726195526766365,0.10343938533260078
HMDB0001243,311,0.0115063152906067,0.9,66,0.3666005519973028,1.3839731216430664,66,0.211380983680634,1.575613021850586,311,66,66,0.1661096992470077,0.3826984309508803,1.453364014625549,1.4230461120605469,0.1713174472702463,-0.2004908527502951
HMDB0001248,311,0.1617649667132705,0.1,66,,0.3046639859676361,66,,0.3638587594032287,311,66,66,0.0611178219175762,0.1149529247614078,0.3759455382823944,0.4388409554958343,,
HMDB0001252,311,0.005210303308049,0.1,66,0.3676538078210584,2.4729256629943848,66,0.2509778548312355,2.682343006134033,311,66,66,0.3124563240441576,0.3445562754635851,2.4299442768096924,2.529503107070923,0.09357842063234956,-0.05519748377690081
HMDB0001254,311,0.0828201441136203,0.1,66,,0.2444591224193573,66,,0.2553343176841736,311,66,66,0.009324685642454,-0.0354532586908459,0.2428906708955764,0.2461328208446502,,
HMDB0001256,311,0.0054682054099752,0.9,66,0.355723053139321,0.5747979879379272,66,0.3848159734262912,0.4967149198055267,311,66,66,0.1992286296850317,0.4000293692380626,0.5185695290565491,0.4213570654392242,0.01521339581177139,-0.15649442345428932
HMDB0001257,1020,0.0201009321050483,0.9,208,0.7814144810179513,4.228228092193604,193,0.771915905059658,4.525872707366943,1020,208,193,0.9571720143088738,0.9319274906360584,1.5965933799743652,1.604743719100952,0.16001158557640038,0.17575753329092247
HMDB0001273,311,0.0438134199212644,0.9,66,,1.6097214221954346,66,,1.09592604637146,311,66,66,0.2395946797127278,0.3471480453086707,1.4851757287979126,1.0425236225128174,,
HMDB0001274,311,0.0727144391590376,0.1,66,,0.09605073928833,66,,0.1424523890018463,311,66,66,-0.0773349458273121,0.1656463581380401,0.1044494435191154,0.1531469672918319,,
HMDB0001276,1041,0.1810969655891469,0.9,205,0.2298486529130321,5.241471767425537,202,0.2100426522214484,4.941766262054443,1041,205,202,0.9529771671986532,0.9321555392590272,1.2268043756484983,1.1401084661483765,0.7221128870375788,0.7231285142856211
HMDB0001314,311,0.3379381737908366,0.1,66,,1.3979578018188477,66,,0.9598714113235474,311,66,66,0.2333905788107162,0.3619676759855058,1.2692279815673828,0.8781439065933228,,
HMDB0001325,832,0.0004739727933182,0.9,169,0.858322194490517,2.0574705600738525,170,0.8856184696048562,1.783030390739441,832,169,170,0.9439869449981416,0.9032414971523604,1.3556911945343018,1.2859123945236206,0.01762302754750411,0.08566475050762457
HMDB0001341,311,0.3152074844507542,0.1,66,,1.8550423383712769,66,,1.917374610900879,311,66,66,0.2374298227683847,0.3763019154314224,1.7217823266983032,1.6976627111434937,,
HMDB0001367,311,0.0097028514829522,0.1,66,0.2729284047471499,1.5023951530456543,66,0.228229051524571,1.383449912071228,311,66,66,0.0024338009508749,0.3557800287634876,1.616713285446167,1.242231369018555,0.12755097723891656,-0.270494603796275
HMDB0001389,505,0.0009372102868758,0.1,101,0.3397606971498108,0.4239309430122375,109,0.056778328258929,0.4972297251224518,505,101,109,0.4101362519562546,0.1897419226399082,0.4372698068618774,0.5532272458076477,0.13296359438097918,0.07037555480644381
HMDB0001392,311,0.0017308296736269,0.1,66,0.4992664146253014,0.9483700394630432,66,0.6394708943857458,1.0857144594192505,311,66,66,0.5137736762269098,0.6457010997884249,0.9282965064048768,1.051887273788452,0.0062302054026791565,0.014507261601608423
HMDB0001396,311,0.0046119851540963,0.1,66,0.2097080993867869,1.6641738414764404,66,0.0659620932318171,1.8569848537445068,311,66,66,0.1964299728850452,0.3166595814545976,1.5756535530090332,1.6668498516082764,0.2506974882227805,-0.013278126501741677
HMDB0001397,311,0.0098295337858264,0.9,66,,0.2206694334745407,66,,0.1451671868562698,311,66,66,0.0481726624498267,,0.2724475562572479,0.1823041439056396,,
HMDB0001401,354,0.0437740714064715,0.9,80,0.5152493167114979,2.006319284439087,84,0.6204562003684454,1.9682958126068115,354,80,84,0.5559364157522293,0.7029385550488593,1.8520772457122805,1.6854597330093384,0.08248235468041387,0.04068709904073142
HMDB0001406,1093,0.001641906670117,0.5,227,0.8524283933160787,2.2538087368011475,218,0.8256985546374875,2.6375732421875,1093,227,218,0.9555545635583192,0.9178534074404584,1.1581151485443115,1.2840769290924072,0.09215485280297087,0.10312617024224058
HMDB0001413,311,0.0334479222046128,0.1,66,,0.0435960292816162,66,,0.0438926294445991,311,66,66,,,0.0478888042271137,0.053998053073883,,
HMDB0001414,1258,0.0079242033497961,0.1,270,0.8188968859274464,1.842568039894104,260,0.7614020701746956,1.907636404037476,1258,270,260,0.8866655982772357,0.8147300196578433,1.4145835638046265,1.481850028038025,0.053327949483147674,0.06776871234978932
HMDB0001431,762,0.0001531036479301,0.9,154,0.8327562367343857,1.5155308246612549,151,0.8849808333335462,1.246837139129639,762,154,151,0.9274849317744256,0.9370925360264308,0.9007707238197328,0.8044630885124207,0.052111702692884676,0.09472869504003989
HMDB0001432,577,0.0006046990817529,0.9,116,0.8978056268172485,2.5929923057556152,117,0.9048680884715278,2.343125343322754,577,116,117,0.9776208690514356,0.8959992122014334,1.1399470567703247,1.7524114847183228,-0.008868876270094361,0.07981524223418712
HMDB0001440,311,0.029653588675226,0.1,66,,0.0115645434707403,66,,0.0115645434707403,311,66,66,,,0.0163182914257049,0.0189270079135894,,
HMDB0001476,508,0.0005457921065683,0.5,106,0.9553691909192386,0.9017981886863708,93,0.9055724015300206,1.06440532207489,508,106,93,0.972811873218614,0.9372854595432992,0.6577555537223816,0.7788297533988953,0.03171305801327862,0.0174426822993754
HMDB0001488,1463,0.0859070835459202,0.9,313,0.4512714029477097,4.357612133026123,303,0.3958919500477869,4.149139881134033,1463,313,303,0.9250863819988976,0.8914033387648791,1.5947667360305786,1.6777008771896362,0.4955113887170922,0.4738149790511879
HMDB0001514,311,0.0274630360076457,0.9,66,0.1262819831453054,1.3693426847457886,66,0.3007666187600343,1.4155194759368896,311,66,66,0.2551157315138839,0.2043360741436294,1.366984248161316,1.4259170293807983,-0.0964305446164049,0.1288337483685785
HMDB0001517,311,0.0106282577194852,0.1,66,0.5123241882119061,0.8429877161979675,66,-0.258010162969591,1.1696635484695437,311,66,66,0.1265746839218746,0.0127653931553316,1.0157374143600464,1.1620047092437744,0.2707755561249226,-0.38574950429003146
HMDB0001522,479,0.0580743658268874,0.1,102,,0.1272121220827102,102,,0.3110560476779938,479,102,102,0.1483975990558001,0.1339502731166686,0.1086253747344017,0.3033914566040039,,
HMDB0001539,1032,0.0015531978949444,0.9,210,0.8793010982352502,2.8667922019958496,196,0.8690788782388887,2.850713014602661,1032,210,196,0.9672221693884994,0.9198128854875786,1.4248247146606443,1.674819827079773,0.050734007248689816,0.08792107115324921
HMDB0001545,570,0.0019642382542546,0.1,122,0.4252825935702594,0.7183229327201843,122,0.4460566127546242,0.6719620227813721,570,122,122,0.4789022497177411,0.4403178513589293,0.6500945091247559,0.6277521252632141,-0.005738761395694902,0.05361965614748171
HMDB0001546,311,0.0342233081339256,0.1,66,,0.042387880384922,66,,0.1336898207664489,311,66,66,,-0.0079100785133545,0.0359912142157554,0.1350399553775787,,
HMDB0001553,311,0.0234668105361545,0.1,66,,0.013110882602632,66,,0.013110882602632,311,66,66,,,0.0165423527359962,0.017269255593419,,
HMDB0001554,311,0.0346966150105957,0.1,66,,0.0590726733207702,66,,0.0596109963953495,311,66,66,0.0124495748232911,-0.0449270387728476,0.0633293762803077,0.0652490481734275,,
HMDB0001555,311,0.0144217286207608,0.1,66,0.2672733073236071,1.2481629848480225,66,0.277569534624839,1.2922528982162476,311,66,66,0.2646613359587685,0.254070954615554,1.1734983921051023,1.221380352973938,-0.02349858000928501,-0.0026119713648385945
HMDB0001565,635,0.0115316091088699,0.9,128,0.7945127419816427,2.21113920211792,125,0.7107490036963215,2.581775665283203,635,128,125,0.8729826660173979,0.8897813366825613,1.5374573469161987,1.4884071350097656,0.17903233298623977,0.07846992403575526
HMDB0001566,311,0.022915717211617,0.1,66,0.3004729318948941,1.4467837810516355,66,0.0310922096964244,1.6047683954238892,311,66,66,0.1754624753615555,0.1037582662490562,1.4918756484985352,1.5916352272033691,0.0726660565526318,-0.12501045653333862
HMDB0001586,311,0.0054718969521909,0.1,66,0.1530706865217617,0.7874804139137268,66,0.0168146606602137,0.6873267889022827,311,66,66,0.0709194290805952,-0.0728008436528205,0.6868613958358765,0.6800240874290466,-0.0896155043130342,-0.0821512574411665
HMDB0001587,311,0.0527413021713207,0.1,66,,0.0154900318011641,66,,0.0154900318011641,311,66,66,,,0.0240448880940675,0.0211872905492782,,
HMDB0001863,354,0.0010481051321651,0.5,80,0.6639503888795983,2.268913745880127,84,0.7094291733400921,2.179481267929077,354,80,84,0.7140388350305513,0.7460015168838694,2.197988748550415,2.1777231693267822,0.03657234354377725,0.05008844615095298
HMDB0001895,591,0.0004488107875272,0.9,117,0.8836510221667002,2.163144111633301,117,0.9111188051661984,1.863410234451294,591,117,117,0.9629061351796602,0.9094878608455342,0.953796088695526,1.192732810974121,-0.0016309443206641294,0.07925511301295995
HMDB0001901,311,0.01410158982943,0.1,66,0.219535034585652,1.4409115314483645,66,0.2212252999057296,1.5687708854675293,311,66,66,0.3810736093477824,0.205368368147727,1.3632020950317385,1.5336679220199585,-0.015856931758002596,0.1615385747621304
HMDB0001921,589,0.0004030296672539,0.9,117,0.8484122316364621,1.97598135471344,117,0.893401526463486,1.5738872289657593,589,117,117,0.937539332280618,0.8698136593825841,1.0900200605392456,1.3384931087493896,-0.02358786708090188,0.08912710064415597
HMDB0001934,311,0.0350600270213038,0.1,66,,0.0102970683947205,66,,0.0102970683947205,311,66,66,,,0.0164104904979467,0.0148740420117974,,
HMDB0001983,311,0.016103850300289,0.1,66,0.0529455031892938,0.6254222989082336,66,0.2416080256973836,0.5837714076042175,311,66,66,0.1045352207541681,0.1395177813197524,0.6107651591300964,0.5883148312568665,-0.1020902443776312,0.0515897175648743
HMDB0002005,1241,0.0074634063064593,0.9,259,0.8330289029734829,2.25281834602356,251,0.7931333754712415,2.4308090209960938,1241,259,251,0.9422045162652862,0.9256216545807654,1.1473907232284546,1.14221453666687,0.13248827910952388,0.10917561329180336
HMDB0002006,311,0.0471178320059822,0.1,66,,0.1506669372320175,66,,0.1968032419681549,311,66,66,0.5197851680943896,0.2460127414250337,0.1528739631175995,0.20187608897686,,
HMDB0002017,311,0.000440357624952,0.9,66,0.035453728505371,0.0507418625056743,66,,0.0249720513820648,311,66,66,0.0345761387764271,,0.0397201292216777,0.0168111808598041,,-0.0008775897289438964
HMDB0002024,885,0.0005207042131346,0.9,172,0.8846310279435239,2.49240517616272,169,0.8965732427379562,2.377216339111328,885,172,169,0.9701686599107344,0.9199342943496708,1.3495022058486938,1.630279779434204,0.023361051611714534,0.08553763196721054
HMDB0002035,402,0.006781048074594,0.5,86,0.1113247489879837,0.201287031173706,86,0.1942513395139155,0.1994299590587616,402,86,86,0.1623990229580487,0.1750080108680337,0.1867231279611587,0.188700184226036,-0.019243328645881796,0.051074273970065004
HMDB0002039,354,0.0601210270609235,0.1,80,0.5857614316718546,3.263688564300537,84,0.553175359605667,2.829212188720703,354,80,84,0.6436085017480555,0.6490660919895476,2.843632698059082,2.28412127494812,0.09589073238388057,0.057847070076200935
HMDB0002064,1175,0.0004042823304521,0.9,239,0.8512030505429993,2.2021677494049072,240,0.8450843193496637,2.133401393890381,1175,239,240,0.9330473493755386,0.900945433830868,1.5551643371582031,1.4690910577774048,0.055861114481204344,0.0818442988325393
HMDB0002085,354,0.0243896310321709,0.9,80,0.8466571671779274,1.3690931797027588,84,0.9105424303406776,1.1279720067977903,354,80,84,0.9145029402271416,0.9416970261473152,0.9856483340263368,0.9748350977897644,0.031154595806637597,0.06784577304921424
HMDB0002092,311,0.1536566958166778,0.1,66,,0.4454425275325775,66,,0.4056806266307831,311,66,66,0.2969992033757384,0.2270530528606824,0.3904796838760376,0.3558967411518097,,
HMDB0002096,311,0.0124688419717647,0.1,66,0.0910245614133364,3.090247392654419,66,0.0353379930031501,2.9593465328216557,311,66,66,0.1523356517730352,-0.0772451754155229,3.109877109527588,3.19638466835022,-0.112583168418673,0.06131109035969881
HMDB0002099,311,0.0596660739739224,0.1,66,,0.0233116559684276,66,,0.0233116559684276,311,66,66,,,0.0302254445850849,0.0259759370237588,,
HMDB0002107,311,0.0219377696512897,0.1,66,0.0928292829938693,1.330729603767395,66,-0.0926863582782196,1.0959537029266355,311,66,66,0.2697687758760245,-0.0019869598627844,1.2432119846343994,1.0248212814331057,0.0906993984154352,0.17693949288215519
HMDB0002172,740,0.0006990449006135,0.9,147,0.8219198850258751,3.2754065990448,148,0.8567770326448465,2.851726531982422,740,147,148,0.9523344342397946,0.8924144630768576,1.8012219667434692,1.9461175203323364,0.035637430432011064,0.13041454921391948
HMDB0002189,311,0.2910037516014369,0.1,66,,0.931926131248474,66,,1.008242130279541,311,66,66,0.2016304938350589,0.0905720315106395,0.8741815090179443,0.9307534694671632,,
HMDB0002199,665,0.0003064064886336,0.5,148,0.4324328274605975,2.243166446685791,147,0.5381060555212623,2.134440422058105,665,148,147,0.5470310337985544,0.6385773547747335,1.945208549499512,1.8676248788833616,0.1004712992534712,0.11459820633795692
HMDB0002224,311,0.0065990429850295,0.1,66,0.154179056151828,1.074932098388672,66,0.1922436852306812,1.0893795490264893,311,66,66,0.3240377456542752,0.0603479453430607,1.0088169574737549,1.1358226537704468,-0.1318957398876205,0.16985868950244717
HMDB0002275,311,0.0525169357226209,0.1,66,,0.0880495980381965,66,,0.213128462433815,311,66,66,,-0.0007813982193615,0.058123979717493,0.2045772075653076,,
HMDB0002322,993,0.0006780336569309,0.9,202,0.8736753270789112,2.018437385559082,198,0.887667029067263,2.120809316635132,993,202,198,0.917743553078804,0.8972187729331994,1.7648605108261108,1.8714630603790283,0.00955174386593638,0.044068225999892796
HMDB0002362,311,0.0020516755923558,0.9,66,0.589703654319365,1.0106525421142578,66,0.4061906905383913,1.155436396598816,311,66,66,0.4737266425022883,0.3441573772704092,1.1232093572616575,1.2748364210128784,-0.062033313267982115,-0.1159770118170767
HMDB0002428,311,0.0134493413350153,0.5,66,0.1634852285290356,1.0925356149673462,66,0.1123464661995999,1.3521853685379028,311,66,66,0.066018283208264,0.1752011741049346,1.0482279062271118,1.3327739238739014,0.0628547079053347,-0.0974669453207716
HMDB0002466,402,0.002193087250439,0.1,86,0.1510618463268998,0.5909462571144104,86,0.1606935746515999,0.7974668741226196,402,86,86,0.1481240951582295,0.1691273131058571,0.5878674387931824,0.7423214316368103,0.008433738454257211,-0.002937751168670316
HMDB0002641,311,0.0295819442806901,0.1,66,,0.0398971438407897,66,-0.060511779782386,0.0828448385000228,311,66,66,,-0.0791453192953323,0.053632203489542,0.0932958573102951,-0.018633539512946308,
HMDB0002658,613,0.0879270924740504,0.9,136,0.702852257353096,1.2847018241882324,140,0.7067213980463151,1.383083701133728,613,136,140,0.8078437473636442,0.8424808685272915,0.8238053917884827,0.9039687514305116,0.13575947048097647,0.1049914900105482
HMDB0002666,311,0.0310168375673377,0.1,66,0.2921196172554247,1.0611711740493774,66,0.3703832162607163,1.0351991653442385,311,66,66,0.1791834808502289,0.0103361338771968,1.1190835237503052,1.1778258085250854,-0.3600470823835195,-0.11293613640519579
HMDB0002757,311,0.0280230768583344,0.5,66,0.0093034335599642,0.9286720156669616,66,0.1227344461810552,1.2657922506332395,311,66,66,-0.1237337337309858,0.0242986411683891,1.0428575277328491,1.3633428812026978,-0.09843580501266609,-0.13303716729095
HMDB0002817,311,0.0025608865827781,0.1,66,0.3439324895939654,1.8951880931854248,66,0.221236137978958,1.9315487146377563,311,66,66,0.2353525885838585,0.2232901693840271,1.9484604597091677,1.8840034008026123,0.002054031405069101,-0.1085799010101069
HMDB0002894,440,0.0002017603594847,0.9,85,0.8953256397507908,0.8506850004196167,82,0.8937583121769548,0.8190733790397644,440,85,82,0.9268518650371737,0.9260762887247784,0.6711928248405457,0.6483624577522278,0.032317976547823646,0.031526225286382825
HMDB0003011,354,0.0298882752039562,0.9,80,0.6485912829758208,1.3896872997283936,84,0.8596246495870787,0.9444198608398438,354,80,84,0.8953258381285687,0.9202257638726584,0.9148974418640136,0.7163420915603638,0.06060111428557968,0.2467345551527479
HMDB0003070,788,0.0003548747889416,0.9,164,0.7182168937387626,2.1240859031677246,168,0.7246502574855059,2.3398754596710205,788,164,168,0.8328786349259043,0.775530890482908,1.8350111246109009,2.173923254013061,0.05088063299740209,0.11466174118714167
HMDB0003072,665,4.038715104411419,0.1,137,,3.937107563018799,134,,4.036591529846191,665,137,134,0.8756345353981771,0.8865192394285389,1.6600651741027832,1.63083016872406,,
HMDB0003157,311,0.0015169354650368,0.5,66,0.4803469036575303,0.8361150026321411,66,0.3494238541852667,1.0435092449188232,311,66,66,0.2236909810021619,0.2125137412252925,0.937147617340088,1.0640764236450195,-0.1369101129599742,-0.2566559226553684
HMDB0003254,311,0.0164653511081037,0.1,66,0.6490570846874145,0.1576655805110931,66,-0.0776055872911635,0.0670031085610389,311,66,66,0.384280035354517,-0.0805647039236666,0.1628980338573455,0.0735369622707367,-0.002959116632503103,-0.26477704933289753
HMDB0003331,531,0.0014107271993738,0.9,105,0.9104051606075192,0.8342002034187317,102,0.8485573033109857,1.0426828861236572,531,105,102,0.938752589602204,0.8962708809963587,0.6977223753929138,0.7847932577133179,0.04771357768537299,0.028347428994684787
HMDB0003334,511,0.0007192352155572,0.9,106,0.973873635367552,1.4183191061019895,93,0.9518099649261808,1.734619140625,511,106,93,0.9807820417341478,0.9770618969795104,1.1564652919769287,1.2019622325897217,0.02525193205332965,0.006908406366595843
HMDB0003335,311,0.0279251728027196,0.1,66,,0.0937615036964416,66,,0.0156017756089568,311,66,66,-0.0610701448152665,,0.0989609956741333,0.022218020632863,,
HMDB0003337,311,0.0010554509750347,0.1,66,0.3058845694091334,0.8463245034217834,66,0.1000491202577868,0.8204707503318787,311,66,66,0.2088421083192868,-0.031992602461956,0.9063254594802856,0.9199079275131226,-0.1320417227197428,-0.0970424610898466
HMDB0003355,799,0.0007624162086841,0.9,182,0.8610928342303248,1.4270840883255005,185,0.8650077297128288,1.3950247764587402,799,182,185,0.895633912854196,0.8667424879622465,1.183280348777771,1.2841660976409912,0.0017347582494177116,0.034541078623871235
HMDB0003357,982,0.0198684730365767,0.9,198,0.7367236996073118,2.2089507579803467,198,0.756636417574324,2.2419140338897705,982,198,198,0.9520668142641616,0.9340152140889338,0.7591524124145508,0.8234550952911377,0.17737879651460986,0.21534311465684985
HMDB0003391,311,0.0120924055767979,0.1,66,0.3397594021017751,0.39841428399086,66,0.1233608626725723,0.3592528402805328,311,66,66,0.1814177314248416,0.2034187442117808,0.2922705709934234,0.3073907792568207,0.0800578815392085,-0.15834167067693347
HMDB0003447,311,0.0279026920772442,0.1,66,-0.0262626047077647,0.5939711332321167,66,0.3100481866660952,0.5270426273345947,311,66,66,-0.0188524863823063,-0.1600274724446428,0.5700783729553223,0.504055380821228,-0.470075659110738,0.0074101183254584
HMDB0003459,589,0.0005310136888234,0.9,117,0.9058298118429656,2.0109009742736816,117,0.9185442227052806,1.86019766330719,589,117,117,0.971361995954062,0.9136388166820124,0.980258584022522,1.2481626272201538,-0.004905406023268166,0.0655321841110964
HMDB0003464,1130,0.0004156231575424,0.9,225,0.8228286652024673,2.0731334686279297,222,0.8530260493082144,1.882596731185913,1130,225,222,0.9513722232453534,0.9011318604371268,1.0668383836746216,1.174305438995361,0.048105811128912435,0.12854355804288609
HMDB0003540,311,1e-15,0.1,66,,0.0,66,,0.0,311,66,66,,,0.0119222700595855,0.0114060454070568,,
HMDB0003581,311,0.0306689125931914,0.1,66,,0.0109996339306235,66,,0.0109996339306235,311,66,66,,,0.0151775423437356,0.0136912874877452,,
HMDB0003584,311,0.3354057545063963,0.1,66,,1.6329940557479858,66,,1.2809628248214722,311,66,66,0.2463609207395398,-0.0302312844512777,1.5713239908218384,1.3366438150405884,,
HMDB0003701,311,0.0535527801207024,0.1,66,,0.050127126276493,66,,0.0428706780076026,311,66,66,0.0676796119780112,-0.0770896668438963,0.048747394233942,0.0432350039482116,,
HMDB0003903,311,0.0021265985230777,0.1,66,0.4757376081773058,1.56242573261261,66,0.3243582249310193,2.1715712547302246,311,66,66,0.3561825965331261,0.3687057498839809,1.827660083770752,2.2826807498931885,0.044347524952961626,-0.1195550116441797
HMDB0003911,522,0.0060866556064458,0.9,116,0.7543611971707092,1.1852561235427856,120,0.7841790282489615,1.062610745429993,522,116,120,0.7546549980942187,0.7750887063199343,1.0949409008026123,1.005821704864502,-0.009090321929027145,0.0002938009235095018
HMDB0004095,311,0.1105087133082546,0.1,66,,0.8813868761062622,66,,1.0286115407943726,311,66,66,-0.0471250874081773,0.0196440891274804,0.9292598962783812,1.0731714963912964,,
HMDB0004096,311,0.3532531100454054,0.1,66,,2.396596193313598,66,,2.3670003414154053,311,66,66,0.1915004072256775,-0.269393211522676,2.325133800506592,2.4793856143951416,,
HMDB0004110,311,0.0483401067003943,0.1,66,,0.0162792205810546,66,,0.0162792205810546,311,66,66,,,0.0382263697683811,0.0346327051520347,,
HMDB0004230,111,0.0069532377225858,0.1,28,0.826638484926959,1.2194147109985352,32,0.9632600778799186,0.6220906972885132,111,28,32,0.9662052992250804,0.9591368354523406,0.5827822685241699,0.6840114593505859,-0.004123242427578,0.13956681429812134
HMDB0004370,311,0.0008176540042213,0.9,66,0.0096981272145048,0.1171947941184043,66,-0.0959089957390788,0.1034872904419899,311,66,66,0.0689248011291352,-0.12371688185895,0.1135589629411697,0.0964346453547477,-0.0278078861198712,0.05922667391463039
HMDB0004437,311,0.075787726882093,0.1,66,0.2562455238039022,0.6462365984916687,66,-0.034019367859642,0.5718027353286743,311,66,66,0.4928820486765333,-0.0428398790125574,0.5660848617553711,0.618698239326477,-0.008820511152915399,0.2366365248726311
HMDB0004461,311,0.4261683191133849,0.1,66,,2.1814987659454346,66,,2.435543298721313,311,66,66,0.2687797926874504,0.0732395934872026,2.1281278133392334,2.4278247356414795,,
HMDB0004826,311,0.013267400274381,0.1,66,0.1026452567607589,0.5220224261283875,66,0.1075848493750597,0.6220706701278687,311,66,66,0.1508436869860472,0.3437863478692247,0.4661933779716491,0.5422391891479492,0.236201498494165,0.04819843022528829
HMDB0004827,1133,0.0004349486023769,0.9,225,0.837052958279081,2.37882137298584,222,0.8667972227020766,2.189473390579224,1133,225,222,0.9430096360985358,0.9296717736680442,1.371251106262207,1.283293843269348,0.06287455096596761,0.10595667781945484
HMDB0005765,311,0.0015800233777518,0.9,66,0.4469281504802804,1.150754451751709,66,0.4795194911514291,1.1577399969100952,311,66,66,0.4511877859664813,0.4093081768720317,1.1928681135177612,1.226461410522461,-0.07021131427939742,0.004259635486200897
HMDB0005831,311,0.1716825203113617,0.1,66,,0.6175731420516968,66,,0.7260966300964355,311,66,66,0.0845478711084826,0.226934361091459,0.6215395331382751,0.7200205326080322,,
HMDB0006557,311,0.0001071766386205,0.9,66,,0.0511381104588508,66,,0.0629500821232795,311,66,66,,,0.0420793704688549,0.0454654172062873,,
HMDB0010720,311,0.1107903462130923,0.1,66,,0.0773859098553657,66,,0.0773859098553657,311,66,66,,,0.0783110782504081,0.0911663249135017,,
HMDB0011600,311,0.0024503296057713,0.1,66,-0.1273075086468,0.1598248928785324,66,0.0262421323175906,0.1761703491210937,311,66,66,-0.0493052322402163,-0.2142371615229542,0.1508218348026275,0.1783317625522613,-0.24047929384054478,0.07800227640658369
HMDB0011634,311,0.0111443136408284,0.1,66,0.0030104525121149,0.1911618709564209,66,0.0850105150926699,0.1281816959381103,311,66,66,0.4033661946115539,-0.0684547486592929,0.1824260652065277,0.1371872872114181,-0.1534652637519628,0.40035574209943897
HMDB0011691,311,0.0189191007154164,0.1,66,,0.0103607885539531,66,,0.0103607885539531,311,66,66,,,0.0183703415095806,0.0169161017984151,,
HMDB0011733,402,0.0010445393614508,0.1,86,0.5374793343004678,1.2108066082000732,86,0.4408269187472241,1.1724480390548706,402,86,86,0.5480760984777711,0.4334939616201061,1.165521264076233,1.2092182636260986,-0.007332957127117956,0.010596764177303264
HMDB0011745,570,0.0156607518528292,0.1,122,0.3469464480713795,0.7665421366691589,122,0.2448900410704918,0.7069114446640015,570,122,122,0.3747457845657499,0.0860505727524472,0.7001156210899353,0.7323560118675232,-0.15883946831804463,0.02779933649437044
HMDB0011747,311,0.0339409776055927,0.5,66,,0.4430588781833648,66,,0.5888966917991638,311,66,66,0.3026266825545144,0.1447917527751731,0.4930347204208374,0.6376104354858398,,
HMDB0011756,699,2.642471902871848,0.1,141,,2.869801998138428,138,,2.726155996322632,699,141,138,0.914632368249798,0.9183599383233372,1.076345920562744,0.997766137123108,,
HMDB0011757,570,0.0037097138489496,0.1,122,0.4492151941690732,1.003803014755249,122,0.5732816912435229,0.9786521196365356,570,122,122,0.4667202232395592,0.6117721316961482,0.98004549741745,0.9032818078994752,0.038490440452625285,0.01750502907048601
HMDB0012136,311,0.0010427416099229,0.5,66,0.5994859454453202,0.8319628238677979,66,0.5571126600752714,0.8494265079498291,311,66,66,0.3916408241101516,0.6997505360717288,1.0207135677337646,0.769890546798706,0.1426378759964574,-0.20784512133516858
HMDB0012204,311,0.1016436665771091,0.1,66,,0.6603624820709229,66,,0.6578307747840881,311,66,66,0.0342805753182167,0.2486320514432575,0.6305122971534729,0.6240264773368835,,
HMDB0012275,584,0.0028128919209519,0.1,131,0.8943076000234599,1.0523998737335205,133,0.8395820715465878,1.0827085971832275,584,131,133,0.8893363193102777,0.8140441437079353,1.179872751235962,1.1381406784057615,-0.025537927838652497,-0.004971280713182202
HMDB0012295,311,0.0045258841288008,0.9,66,0.2481086046225946,1.5939228534698486,66,-0.0215362977498712,1.642030119895935,311,66,66,0.1484317807092085,0.0082869311643249,1.643513560295105,1.671351432800293,0.0298232289141961,-0.09967682391338609
HMDB0012843,311,0.0065873823748524,0.1,66,0.4957030066785539,1.7397754192352295,66,0.5449716674971402,1.9823439121246336,311,66,66,0.4968183568590131,0.6136380022414433,1.6445562839508057,1.786121487617493,0.06866633474430306,0.001115350180459218
HMDB0013211,311,0.0213465487458698,0.1,66,,0.0067464509047567,66,,0.0067464509047567,311,66,66,,,0.0099326111376285,0.0109226014465093,,
HMDB0013253,751,0.0006543035122007,0.9,153,0.9027083297298756,2.896559000015259,153,0.9103131942206149,2.8266217708587646,751,153,153,0.9699052151547758,0.9360354961731772,1.642702341079712,1.836077332496643,0.02572230195256231,0.06719688542490021
HMDB0013302,402,0.0363184830442589,0.1,86,,0.3862833380699157,86,,0.2838207483291626,402,86,86,-0.0140618423760083,0.2545121642685724,0.3678977787494659,0.2748493254184723,,
HMDB0015051,311,0.0488773726190401,0.1,66,,0.0143551975488662,66,,0.0143551975488662,311,66,66,,,0.0214784294366836,0.0181875824928283,,
HMDB0015140,311,0.0018241536944311,0.5,66,0.4954695158974668,1.4604729413986206,66,0.3314552984364271,1.2911455631256104,311,66,66,0.3485304516612306,0.1992948540920942,1.577111840248108,1.4188677072525024,-0.13216044434433294,-0.1469390642362362
HMDB0015251,311,0.0082278999527593,0.9,66,0.0221177734746859,1.7234798669815063,66,0.0692891265382831,1.8449937105178835,311,66,66,0.1307714888930855,-0.0665496985245556,1.605794906616211,1.8380556106567385,-0.1358388250628387,0.10865371541839962
HMDB0015673,311,0.1453553901991277,0.1,66,,0.1726278513669967,66,,0.2394233345985412,311,66,66,0.0816090950459875,0.141348508606914,0.1428356021642685,0.2222303301095962,,
HMDB0028818,402,0.0012368914855653,0.1,86,0.5991373155318804,1.1313987970352173,86,0.5114311602576338,1.0314815044403076,402,86,86,0.6028985429329826,0.5639557594277578,1.1155837774276731,0.9846004247665404,0.052524599170123976,0.003761227401102185
HMDB0029412,311,0.0356101333641283,0.1,66,-0.2333754271659379,0.3519847691059112,66,-0.222631248320765,0.6728661060333252,311,66,66,-0.1528065263882458,-0.1581071208360756,0.3276587128639221,0.6918354630470276,0.06452412748468941,0.0805689007776921
HMDB0029718,311,0.0002074374109985,0.1,66,,0.1615196913480758,66,,0.1755503416061401,311,66,66,,,0.0517061203718185,0.0729164332151413,,
HMDB0029739,311,0.0113314521928076,0.1,66,0.0415027733581072,2.43122673034668,66,-0.1075567557951816,2.5596179962158203,311,66,66,0.0376633340868251,-0.0866366556822678,2.467160224914551,2.608747959136963,0.0209201001129138,-0.003839439271282101
HMDB0029956,311,0.0091591343225657,0.9,66,0.2857708861446147,1.056263446807861,66,-0.1158926111619153,1.1494287252426147,311,66,66,0.3817241997830171,0.17503511896763,0.9656282067298888,1.0953203439712524,0.2909277301295453,0.09595331363840237
HMDB0031404,440,0.0003123938627917,0.9,85,0.96299120329505,0.8591058254241943,82,0.9486023019590282,0.9264392256736756,440,85,82,0.9873398113520206,0.9798178219723286,0.5392953157424927,0.6532081365585327,0.031215520013300413,0.0243486080569707
HMDB0031659,311,0.052769194676231,0.1,66,0.1405862023010476,0.1193616390228271,66,-0.1033853849889124,0.1972882002592086,311,66,66,0.2107992207706804,0.0205041258640625,0.0979122295975685,0.1827665269374847,0.1238895108529749,0.07021301846963279
HMDB0032055,1002,0.0003132293017588,0.9,204,0.8556321392412635,1.8048502206802368,205,0.9009819645285508,1.6082799434661863,1002,204,205,0.9562946963000571,0.9434103617846192,0.958698034286499,0.9759881496429444,0.042428397256068395,0.10066255705879368
HMDB0032323,311,0.0060416436361105,0.1,66,0.0360504952268631,0.2538736760616302,66,0.1099000671532727,0.2555659115314483,311,66,66,-0.0041804877816364,0.1973992350007662,0.2530214488506317,0.2614821493625641,0.0874991678474935,-0.0402309830084995
HMDB0032616,311,0.0089842056708003,0.1,66,0.217691746056598,1.784555196762085,66,-0.0057408036638367,1.5163722038269043,311,66,66,0.206183516933955,0.0683416901948025,1.7465084791183472,1.5357033014297483,0.0740824938586392,-0.011508229122642988
HMDB0032985,479,0.0393456954796777,0.1,102,,0.2399415224790573,102,,0.2432560622692108,479,102,102,0.0853265660304743,0.030237618500069,0.2435372620820999,0.2576247751712799,,
HMDB0033376,311,0.0001103408424374,0.9,66,,0.052764993160963,66,,0.0648566782474517,311,66,66,,,0.0408061519265174,0.0461759977042675,,
HMDB0033752,311,0.004931844443498,0.9,66,0.1404819156480116,1.1780755519866943,66,-0.0216553329830085,0.8646079897880554,311,66,66,0.5596302638377372,0.048118947993849,0.9622305631637572,0.9638842940330504,0.0697742809768575,0.4191483481897256
HMDB0034198,311,0.0023215146693386,0.9,66,0.2581909372061032,0.9818801879882812,66,0.0655398817685145,0.8478488326072693,311,66,66,0.3630127006235287,0.0520289282615741,0.9621456265449524,0.8919356465339661,-0.013510953506940399,0.1048217634174255
HMDB0034365,479,0.0015119159724632,0.1,102,0.5600976499316204,1.1771488189697266,102,0.4428248821253653,1.2168381214141846,479,102,102,0.6040863471995827,0.5696529691487193,1.0762276649475098,1.0444364547729492,0.12682808702335402,0.043988697267962285
HMDB0034580,311,0.0250846300861076,0.1,66,,0.0094691598787903,66,,0.0094691598787903,311,66,66,,,0.0132951354607939,0.0149960396811366,,
HMDB0035196,479,0.0777692585748023,0.1,102,,0.3030638694763183,102,,0.3788585364818573,479,102,102,0.1200427576497357,-0.001870011545733,0.2736666798591614,0.3752984702587127,,
HMDB0035646,311,0.0014999412310311,0.1,66,,0.3536306619644165,66,0.4631792085468427,0.3949642777442932,311,66,66,,0.2662832412250594,0.1523129492998123,0.2943254709243774,-0.19689596732178327,
HMDB0035762,311,0.032882284121498,0.1,66,,0.0439008362591266,66,,0.0627189502120018,311,66,66,0.0076186980302051,0.1440964915298052,0.0539526939392089,0.0698841363191604,,
HMDB0036458,311,0.0043217879782918,0.1,66,0.5139441292200777,0.7838508486747742,66,0.4142088969145747,0.7203125357627869,311,66,66,0.1459306027715962,0.2792869609542287,0.9342383146286012,0.7798874378204346,-0.13492193596034596,-0.3680135264484815
HMDB0038670,311,0.0060697084455075,0.5,66,0.0857317564676928,0.4788816571235657,66,0.2057376877667243,0.7369197607040405,311,66,66,0.2619978188238026,0.2922144619994574,0.4621074795722961,0.7416287660598755,0.08647677423273309,0.17626606235610978
HMDB0039721,354,0.0008057175763782,0.9,80,0.8397202493866249,0.8936923146247864,84,0.9532247445793952,0.6602847576141357,354,80,84,0.8665308759242216,0.956518048889668,0.7152136564254761,0.5596051812171936,0.003293304310272749,0.026810626537596693
HMDB0041922,311,0.0178050381577666,0.1,66,,0.0452973991632461,66,,0.014057220891118,311,66,66,-0.0626578393838124,,0.0453754775226116,0.0141910230740904,,
HMDB0041947,311,0.0021413973329981,0.1,66,0.5440103738818768,0.7750335931777954,66,0.4689841842512928,0.7960625290870667,311,66,66,0.3343681511911969,0.4977769057279007,0.903583288192749,0.7796176075935364,0.028792721476607885,-0.2096422226906799
HMDB0059655,1433,0.0976884650034791,0.9,306,0.5548384321083587,3.8565051555633545,296,0.4793216297031791,3.7481849193573,1433,306,296,0.9004617459009416,0.8680619466266074,1.613763451576233,1.7177186012268066,0.3887403169234283,0.34562331379258293
HMDB0060080,311,0.0031313421785591,0.1,66,0.0595846484894512,0.7399064898490906,66,0.3138642173270196,0.9093427062034608,311,66,66,0.0621520890280792,0.1949752446203896,0.8624570369720459,0.970475733280182,-0.11888897270662999,0.0025674405386280005
HMDB0060442,311,0.0010730852415946,0.1,66,0.2886537946949963,1.7208962440490725,66,0.1764477314977309,1.620455026626587,311,66,66,0.3252287713743729,0.069832932220212,1.7446082830429075,1.7047908306121826,-0.1066147992775189,0.03657497667937659
HMDB0060493,570,0.008241296065481,0.1,122,0.3698906897389186,1.00371515750885,122,0.3323590541485494,1.0518449544906616,570,122,122,0.3780804431849576,0.2841512766961484,0.934762716293335,1.0064327716827393,-0.04820777745240096,0.008189753446039005
HMDB0060495,311,0.006119852664003,0.1,66,,0.1416464000940323,66,0.0738030715689295,0.2661163508892059,311,66,66,,0.0666355803914923,0.1677317321300506,0.2787303626537323,-0.007167491177437202,
HMDB0061877,311,0.0163585247845256,0.9,66,,0.5526859760284424,66,,0.4716166853904724,311,66,66,0.1554967759578374,-0.0841783090593298,0.5625545382499695,0.506665825843811,,
HMDB0061880,311,0.0010138882714794,0.1,66,0.0672938113766096,1.7362041473388672,66,0.2037884053766508,1.6835999488830566,311,66,66,0.1943132044132338,0.3351265774634428,1.5815321207046509,1.6109578609466553,0.13133817208679202,0.12701939303662418
HMDB0061881,311,0.017525239006116,0.1,66,0.1827889408367155,0.3077642023563385,66,0.2628942541128689,0.291111558675766,311,66,66,0.2362595707143728,0.5108860116007007,0.3137963414192199,0.2972888946533203,0.2479917574878318,0.0534706298776573
HMDB0062225,311,1e-15,0.1,66,,0.0,66,,0.0478105172514915,311,66,66,,0.1955730790508517,0.0102820107713341,0.0566235780715942,,
HMDB0062660,479,0.001275567319652,0.1,102,0.5366069859491198,0.9667049646377563,102,0.591108619572413,0.9180277585983276,479,102,102,0.6613362990104665,0.6143275085127085,0.7898232936859131,0.8509480953216553,0.023218888940295446,0.12472931306134671
HMDB0094692,522,0.0323366317001998,0.9,116,0.835215836839551,1.6232386827468872,120,0.8336345095018196,1.3572582006454468,522,116,120,0.9232040851787264,0.9082784075259954,0.9421343207359314,0.8945901393890381,0.07464389802417581,0.0879882483391754
HMDB0240280,311,0.0112061885124599,0.9,66,,0.1208466142416,66,,0.1088948622345924,311,66,66,,,0.1117655932903289,0.143100306391716,,
HMDB0240650,608,0.0003301856643275,0.5,121,0.8868543340760283,1.0142871141433716,118,0.8860116331492313,0.9334149360656738,608,121,118,0.9465494946061364,0.9574751254804388,0.5288481116294861,0.4608568847179413,0.07146349233120752,0.05969516053010804
HMDB0242161,527,0.0065962098026805,0.9,119,0.6339574213219089,1.4754958152770996,118,0.325989387527068,1.4472661018371582,527,119,118,0.5595000842770136,0.4293062753526085,1.5775617361068726,1.3757550716400146,0.1033168878255405,-0.07445733704489532
HMDB0244272,311,0.1465134452010274,0.1,66,,0.3527363836765289,66,,0.4296774566173553,311,66,66,0.1371749728400879,0.5716011983283161,0.2959952652454376,0.3685055077075958,,
HMDB0245008,311,1e-15,0.1,66,,0.0,66,,0.0170819442719221,311,66,66,,-0.043463727364533,0.0087444931268692,0.0257033575326204,,
HMDB0245101,311,0.0016093990581903,0.1,66,0.1532480329697198,0.5438418984413147,66,0.1351143100987458,0.569259524345398,311,66,66,0.056406760746029,-0.0480010760197253,0.5354719161987305,0.5205861926078796,-0.1831153861184711,-0.09684127222369081
HMDB0249700,311,0.0060705097434887,0.9,66,0.2701569982152783,0.8109903335571289,66,0.2255095101792439,0.924160659313202,311,66,66,0.4308710155735721,0.1324847568667423,0.7408292293548584,0.90813010931015,-0.0930247533125016,0.16071401735829383
HMDB0250712,222,0.0056392105142877,0.1,47,0.5727603973842744,1.2520889043807983,47,0.5242244827887291,1.2574248313903809,222,47,47,0.6068845308915003,0.6820302512917885,1.1073018312454224,1.0998215675354004,0.15780576850305938,0.03412413350722587
HMDB0253663,311,0.02560115512161,0.1,66,,0.0123626459389925,66,,0.0123626459389925,311,66,66,,,0.0126356929540634,0.0139009235426783,,
HMDB0254614,311,0.0116354905011236,0.1,66,-0.1307508151861124,1.4248809814453125,66,-0.0359450788415798,1.2409093379974363,311,66,66,0.1778090120564124,-0.1470973298592348,1.357083082199097,1.2905381917953491,-0.111152251017655,0.3085598272425248
HMDB0254955,311,0.0042113028097956,0.1,66,,0.0588983409106731,66,-0.1602746602064963,0.09196387976408,311,66,66,,-0.0426631758028732,0.0622170902788639,0.0902408435940742,0.1176114844036231,
HMDB0255185,311,5.62654444981737e-05,0.9,66,0.0206550483666277,0.1379817873239517,66,0.0321678319003214,0.1452545523643493,311,66,66,-0.0143701293773732,-0.0101476859183627,0.0739646106958389,0.0761167481541633,-0.042315517818684104,-0.0350251777440009
HMDB0255300,311,0.0077646776369548,0.1,66,0.2511912293418689,1.4386389255523682,66,0.0616260416870827,1.3878189325332642,311,66,66,0.0466252078142816,0.1194982264259923,1.557639718055725,1.4348039627075195,0.05787218473890959,-0.2045660215275873
HMDB0255912,311,0.0013282455248174,0.1,66,0.0703284031923369,1.865302324295044,66,0.3599433219128958,1.972195029258728,311,66,66,0.0795699548937074,0.1755733662487534,1.7924909591674805,2.0815601348876958,-0.1843699556641424,0.009241551701370504
HMDB0259297,311,0.0004132603553675,0.1,66,0.0505944306263568,0.1480442881584167,66,-0.1506074481568848,0.1848160475492477,311,66,66,-0.0406050151045651,-0.1113700403471784,0.1547188907861709,0.1374643892049789,0.03923740780970639,-0.0911994457309219
HMDB0259923,311,0.0702052867680883,0.1,66,,0.1272232979536056,66,,0.260160744190216,311,66,66,-0.075239621567584,-0.1276909551816799,0.1390610933303833,0.2726493179798126,,
HMDB0301759,311,0.0248447127664204,0.1,66,,0.0083159254863858,66,,0.0083159254863858,311,66,66,,,0.0179899018257856,0.0179503504186868,,
HMDB0302754,311,0.2079279399761432,0.1,66,,0.771242618560791,66,,0.7146761417388916,311,66,66,0.309482413674948,0.2282924977551184,0.7776374816894531,0.6715662479400635,,
HMDB0304270,395,0.0009791449020933,0.9,81,0.8785999711715846,1.776130199432373,81,0.8622558057402232,2.0111751556396484,395,81,81,0.967360093333833,0.9859610898712344,0.585719883441925,0.4809610843658447,0.12370528413101123,0.08876012216224838
HMDB0304376,184,0.001806995143061,0.1,32,0.9018005045432048,1.782543420791626,28,0.7817583230020551,2.1599009037017822,184,32,28,0.8966033720238843,0.7900232707645118,1.7383153438568115,1.9377342462539675,0.008264947762456787,-0.005197132519320524
HMDB0304435,311,0.1184806793065699,0.1,66,,0.4695703089237213,66,,0.6630099415779114,311,66,66,0.1108987969043837,0.1145518551868021,0.4744338691234588,0.6983919143676758,,
HMDB0304443,311,0.032857388669302,0.1,66,-0.0466250233402307,1.6693178415298462,66,-0.2351074776643459,1.8777179718017576,311,66,66,0.1480641329766341,0.0301371200845807,1.689889907836914,1.8983856439590452,0.2652445977489266,0.1946891563168648
HMDB0304521,311,0.0281773617796575,0.1,66,,0.0814061909914016,66,,0.0908046215772628,311,66,66,0.0397409452646186,0.1780223550862016,0.0710937529802322,0.0873013734817504,,
HMDB0304804,311,0.0067586011219152,0.1,66,0.1261167920381343,0.2718906998634338,66,-0.0675126376473106,0.1961414813995361,311,66,66,0.4565295630856393,0.0235777972946682,0.220493659377098,0.1654778271913528,0.0910904349419788,0.330412771047505
METPA0236,479,0.001186093587151,0.5,102,0.0934340286833626,0.1486526727676391,102,0.0307429052371778,0.1387349665164947,479,102,102,-0.0943820676368729,-0.0035621267478962,0.1497098505496978,0.1436176002025604,-0.034305031985074,-0.1878160963202355
METPA0433,311,0.0053843882537697,0.1,66,0.65099473048965,0.4145160019397735,66,0.3416254083648611,0.3292034864425659,311,66,66,0.2546646194183805,0.357550805240316,0.5337492227554321,0.3639537990093231,0.01592539687545491,-0.3963301110712695
HMDB0000044,746,0.0156529558106196,0.9,149,0.8822580057687909,2.550899744033813,145,0.8818127426560747,2.56348180770874,746,149,145,0.9603716097883116,0.9220615255734108,1.4619377851486206,1.788100242614746,0.040248782917336134,0.07811360401952072
HMDB0000054,719,0.0085358720064068,0.9,142,0.8363370396087202,2.578850030899048,135,0.8714233179060497,2.337402820587158,719,142,135,0.9271603059716672,0.9257276693064044,1.5107221603393557,1.4926104545593262,0.05430435140035472,0.09082326636294702
HMDB0000067,736,0.0010828759566597,0.5,154,0.908385519539529,1.9386507272720337,158,0.9344344349814864,1.7243787050247192,736,154,158,0.955777151151237,0.9415498382638776,1.2678823471069336,1.303999662399292,0.007115403282391242,0.04739163161170801
HMDB0000098,1050,0.0350078196200919,0.1,219,0.7102290563561225,3.773329257965088,219,0.6894016136778287,3.7792577743530273,1050,219,219,0.9387928517004384,0.901038740816517,1.4236873388290403,1.619831085205078,0.21163712713868832,0.2285637953443158
HMDB0000101,786,0.0153714246001676,0.9,156,0.7940089429569746,3.995993614196777,146,0.8296900179264319,3.627190113067627,786,156,146,0.9483119537541644,0.8746437340198381,1.618941307067871,2.034370422363281,0.04495371609340615,0.1543030107971899
HMDB0000174,831,0.0191995042007971,0.9,180,0.8016020435298972,2.7702603340148926,183,0.8137993334541563,2.6144862174987797,831,180,183,0.9252753732039762,0.8826733829870929,1.4318746328353882,1.3859275579452517,0.06887404953293652,0.12367332967407907
HMDB0000186,691,0.0124053086512225,0.9,151,0.878702063330145,2.509430408477783,140,0.8376603455348317,2.7968568801879883,691,151,140,0.9490323334170456,0.8821766017792445,1.6348072290420532,1.9749581813812256,0.0445162562444128,0.07033027008690063
HMDB0000207,677,0.0107262229212659,0.9,138,0.7327431326920332,1.747576117515564,129,0.7380590861044144,1.931946277618408,677,138,129,0.9087519510396962,0.8001402060035531,1.0068585872650146,1.4043656587600708,0.06208111989913867,0.17600881834766302
HMDB0000209,1067,0.0262517354259382,0.9,225,0.7190723709645854,2.727410793304444,226,0.7229409350992921,2.9242873191833496,1067,225,226,0.9436701153657304,0.9029950933171575,1.1217293739318848,1.4065924882888794,0.1800541582178654,0.224597744401145
HMDB0000220,677,0.0113361137016445,0.9,138,0.7811743786928602,1.806875467300415,129,0.7811481212479359,1.8458707332611084,677,138,129,0.9234626232107828,0.8520707051715583,1.0185469388961792,1.253395915031433,0.07092258392362238,0.14228824451792255
HMDB0000222,622,0.0047028623678378,0.9,123,0.8074789268262224,2.234428882598877,109,0.7624639561613671,2.106034755706787,622,123,109,0.9092461419132454,0.7837334023791493,1.7024433612823486,1.8729188442230225,0.021269446217782262,0.10176721508702302
HMDB0000247,634,0.000553727068067,0.9,124,0.8336565108020653,1.918489694595337,111,0.839532583465599,1.890669584274292,634,124,111,0.9367894248888398,0.8584675973901327,1.2089399099349976,1.4730931520462036,0.018935013924533672,0.1031329140867745
HMDB0000252,822,0.0062481947277701,0.5,159,0.8514289074931445,3.3661739826202397,156,0.8837390637255153,3.025373935699463,822,159,156,0.9601322045399115,0.9301733934301112,1.4027990102767944,1.6748580932617188,0.046434329704595934,0.10870329704676707
HMDB0000269,822,0.0026717241717868,0.5,159,0.8763607098406544,2.38272762298584,156,0.9071341687213992,2.281747579574585,822,159,156,0.961450301518206,0.9482976601471804,1.1188178062438965,1.278406023979187,0.04116349142578124,0.08508959167755159
HMDB0000391,664,0.0009433309621581,0.9,135,0.8794885996482898,2.272104501724243,133,0.8945100726169253,2.0019311904907227,664,135,133,0.9481280413502716,0.9094874090561856,1.4868299961090088,1.497520089149475,0.014977336439260358,0.06863944170198177
HMDB0000422,154,0.007738768589961,0.1,33,0.8670669501215813,0.5858457684516907,33,0.7320263146320268,0.8771779537200928,154,33,33,0.6968563819219618,0.5991607152683479,0.7500012516975403,0.9897642135620116,-0.13286559936367892,-0.17021056819961955
HMDB0000482,524,0.0005447859436501,0.9,96,0.7911373253934734,2.0640316009521484,93,0.8294920166543418,1.7931288480758667,524,96,93,0.8778309074729237,0.8394313456071119,1.512468695640564,1.67644464969635,0.009939328952770055,0.08669358207945033
HMDB0000506,562,0.0019408738871145,0.5,103,0.758078290348467,2.2330198287963867,100,0.6983388379371809,2.283116340637207,562,103,100,0.8777761383470594,0.76342361429268,1.9029734134674072,2.019707679748535,0.06508477635549914,0.1196978479985924
HMDB0000508,154,0.0131150106311905,0.1,33,0.5040418634181003,0.5567676424980164,33,0.1857011119957401,0.8024274110794067,154,33,33,0.6583226964057297,0.4160705479986024,0.5638903379440308,0.7422494888305664,0.23036943600286228,0.1542808329876294
HMDB0000518,922,0.0110390546885591,0.5,171,0.8024166379794323,2.397555112838745,190,0.7363893450266583,2.6582937240600586,922,171,190,0.9349059737675022,0.8530581565095481,1.4733649492263794,1.7789926528930664,0.11666881148288977,0.13248933578806987
HMDB0000555,602,0.0091873189222773,0.5,120,0.8315923950729165,2.497070789337158,120,0.8554647973271704,2.686525583267212,602,120,120,0.931413862521842,0.9042493161187172,1.25724995136261,1.6064990758895874,0.04878451879154677,0.0998214674489255
HMDB0000613,597,0.0435111464528288,0.9,114,0.8658164410246943,2.209230899810791,113,0.861196263064546,2.26183557510376,597,114,113,0.963994948281274,0.8999772420895169,1.027876377105713,1.4110562801361084,0.03878097902497091,0.09817850725657962
HMDB0000631,937,0.0208826254825953,0.9,181,0.7195735709106941,2.9129958152771,180,0.7729706208747793,2.7963223457336426,937,181,180,0.8966107427605339,0.8917850279083714,1.6193335056304932,1.4138106107711792,0.11881440703359214,0.1770371718498398
HMDB0000640,197,0.0023875285889291,0.1,47,0.640901936664581,0.9098079204559326,51,0.6755817980554628,1.168156623840332,197,47,51,0.6914708076518367,0.6543340807068344,0.942699372768402,1.255306363105774,-0.021247717348628403,0.05056887098725571
HMDB0000672,434,0.0010111908217043,0.9,84,0.8368796110077568,1.3049705028533936,84,0.8442224889439363,1.338918924331665,434,84,84,0.9356713599459948,0.7876362604558877,0.7903152704238892,1.1956926584243774,-0.05658622848804851,0.09879174893823806
HMDB0000673,677,0.0203525945665363,0.5,138,0.7176923525374196,1.946373701095581,129,0.7174421464249057,2.051692008972168,677,138,129,0.9139597133535726,0.7971222408856637,1.022991180419922,1.5027323961257937,0.07968009446075808,0.19626736081615304
HMDB0000698,505,0.0122371242199715,0.9,105,0.6760847821795997,2.2883780002593994,95,0.7173723858454731,2.380366802215576,505,105,95,0.8726517638668492,0.768500436012375,1.6346508264541626,1.9647095203399656,0.05112805016690192,0.1965669816872495
HMDB0000708,620,0.0016035326350641,0.9,121,0.7878918621477391,1.992839336395264,110,0.7787987827581109,2.120253086090088,620,121,110,0.886441271355047,0.8003628509377979,1.6178046464920044,2.0349483489990234,0.021564068179687035,0.09854940920730793
HMDB0000715,1086,0.0012737843660935,0.9,215,0.8762178385596979,2.2011489868164062,210,0.852328923984856,2.1987879276275635,1086,215,210,0.9526303025030216,0.9046354091708426,1.343025803565979,1.421761155128479,0.05230648518598657,0.07641246394332368
HMDB0000722,578,0.0061363246614132,0.9,113,0.7437544661707459,2.6301965713500977,104,0.7674897796933605,2.430241107940674,578,113,104,0.8788944687601306,0.8071963528651185,1.894248366355896,1.9847813844680784,0.039706573171757964,0.13514000258938463
HMDB0000748,154,0.0089068401591237,0.5,33,0.2601957993452112,1.4340441226959229,33,0.4605335109115678,1.0026415586471558,154,33,33,0.5823185673619675,0.4284768618104422,1.2410032749176023,1.0633291006088257,-0.0320566491011256,0.3221227680167563
HMDB0000761,821,0.0005885268890384,0.9,159,0.6474541950936447,2.6470882892608643,167,0.7653948205247039,2.1292452812194824,821,159,167,0.83844391429278,0.8431498865867137,1.8906397819519043,1.8275433778762815,0.07775506606200988,0.19098971919913532
HMDB0000766,822,0.0037847849039574,0.5,159,0.8763735036308329,1.7479420900344849,156,0.9025488607885724,1.5486096143722534,822,159,156,0.964948124622228,0.934606275801064,0.7625134587287903,0.8670274019241333,0.0320574150124916,0.08857462099139513
HMDB0000767,1008,0.0012325252956814,0.5,205,0.8818970754988618,1.7334997653961182,201,0.884064909337414,1.7880010604858398,1008,205,201,0.9514045732432512,0.9149293334326088,1.0311493873596191,1.2418819665908811,0.030864424095194853,0.06950749774438947
HMDB0000806,677,0.0245446965952071,0.9,138,0.751184071001804,2.308873414993286,129,0.779288773896222,2.3227133750915527,677,138,129,0.9026836229444388,0.8655664940278144,1.4444119930267334,1.5498157739639282,0.0862777201315924,0.15149955194263487
HMDB0000826,606,0.0540987412746808,0.9,117,0.7212127331448634,2.336270809173584,118,0.7169610007495812,2.586400032043457,606,117,118,0.9294942982431978,0.8619459642426168,0.9825660586357116,1.3544321060180664,0.14498496349303558,0.2082815650983344
HMDB0000827,677,0.0091238030044296,0.9,138,0.8085640507559377,1.627023458480835,129,0.8091935521188776,1.724842190742493,677,138,129,0.9148592063631013,0.854618601980793,1.0564833879470823,1.3262193202972412,0.04542504986191542,0.10629515560716352
HMDB0000852,413,0.0010997249517522,0.9,89,0.8843366421217967,0.7967153787612915,89,0.8981012249930787,0.7065720558166504,413,89,89,0.8925915109119327,0.9149839665175517,0.7010909914970398,0.6057904958724976,0.016882741524473,0.008254868790135927
HMDB0000866,654,0.0343739451755932,0.9,123,0.8389861991053775,1.7675302028656006,120,0.8326903808209268,1.9100379943847656,654,123,120,0.9537428683201226,0.8646067987129444,0.8431576490402222,1.269828200340271,0.0319164178920176,0.11475666921474503
HMDB0000872,654,0.0161101492108568,0.9,123,0.9196120965394567,1.288257360458374,120,0.9148892691191536,1.3594212532043457,654,123,120,0.9791797389176916,0.9345076573177716,0.5040578246116638,0.7854740023612976,0.019618388198618053,0.059567642378234864
HMDB0000873,434,0.0015218682043914,0.9,84,0.7289218562475541,2.3568835258483887,84,0.7688646332338942,2.184089183807373,434,84,84,0.8892806009297174,0.7888143899383891,1.5188502073287964,1.8103246688842771,0.019949756704494948,0.16035874468216327
HMDB0000888,822,0.0048677105638048,0.5,159,0.8602592963986494,2.1213836669921875,156,0.8748008123604059,2.13258957862854,822,159,156,0.9618538186437215,0.9369612856214802,0.7902742028236389,0.9709713459014891,0.06216047326107432,0.10159452224507215
HMDB0000893,634,0.0151842227309879,0.9,124,0.7646969995714132,2.4967827796936035,111,0.7731329392657332,2.7770698070526123,634,124,111,0.9412431325051628,0.8355132621382246,1.2088581323623655,1.6256091594696045,0.0623803228724914,0.17654613293374954
HMDB0000896,703,0.0044328196304064,0.5,133,0.6848962172504165,2.533794641494751,128,0.7312855140763864,2.468204975128174,703,133,128,0.8511897539530726,0.787634843471146,1.931126832962036,2.094637870788574,0.05634932939475956,0.16629353670265612
HMDB0000908,154,0.0011912488318108,0.1,33,0.8039168424674805,1.194927453994751,33,0.7433500096224606,1.4043582677841189,154,33,33,0.6445256703610975,0.68063712961252,1.6677216291427612,1.5286478996276855,-0.06271288000994057,-0.15939117210638298
HMDB0000921,322,0.0003340339265748,0.9,69,0.9434076314178071,0.8310227990150452,69,0.931027867654267,0.8836403489112854,322,69,69,0.9342513477441616,0.9343788349540734,0.8408509492874146,0.7828876376152039,0.003350967299806329,-0.009156283673645516
HMDB0000951,756,0.0113203590082748,0.9,153,0.7924700473578092,2.616722822189331,140,0.7802369440984648,2.537334442138672,756,153,140,0.920784300265954,0.8112602132223445,1.672825574874878,2.021965742111206,0.03102326912387976,0.1283142529081448
HMDB0000957,434,0.0006825678249657,0.9,84,0.7822433119800287,2.1409504413604736,84,0.8106429406671387,1.9922387599945068,434,84,84,0.9295220163564368,0.8133663213778201,1.1843109130859375,1.644447922706604,0.0027233807106813446,0.1472787043764081
HMDB0001043,677,0.010163532024511,0.9,138,0.7799069351806848,1.847076416015625,129,0.7834151211983263,1.8344964981079104,677,138,129,0.9110756465778328,0.8138017699760227,1.1450684070587158,1.4167557954788208,0.030386648777696368,0.13116871139714803
HMDB0001232,417,0.0007233432248341,0.5,82,0.8149468609123995,1.79319965839386,79,0.700096258522524,1.816801071166992,417,82,79,0.8554007722653568,0.6675632685697721,1.7740999460220337,1.846626043319702,-0.03253298995275189,0.040453911352957284
HMDB0001388,563,0.0006540142847561,0.9,103,0.7999883075581358,2.1426239013671875,100,0.7865083365274675,2.083180904388428,563,103,100,0.9258419725035664,0.8179122207994813,1.2970900535583496,1.7502837181091309,0.03140388427201379,0.1258536649454306
HMDB0001847,736,0.0023087773508045,0.5,154,0.8920248554382693,1.8911315202713013,158,0.8948775294338638,2.003754138946533,736,154,158,0.9519259709623936,0.9190626846576184,1.0859087705612185,1.4517086744308472,0.02418515522375464,0.05990111552412436
HMDB0001886,433,0.0007427369260408,0.9,84,0.7713882556331507,2.521265745162964,84,0.7800139870526918,2.419938325881958,433,84,84,0.8928633197270796,0.8177032104330821,1.6632108688354492,2.2285327911376958,0.03768922338039038,0.12147506409392883
HMDB0001924,559,0.0026964549665121,0.9,103,0.715046501262762,2.872809886932373,100,0.7248153593884692,2.644084215164185,559,103,100,0.8529086590144446,0.7213495244070677,2.225031614303589,2.453708410263061,-0.0034658349814015166,0.13786215775168253
HMDB0001976,725,0.0409061420858548,0.9,144,0.8206263469796498,2.5549840927124023,131,0.8296404833661085,2.5001771450042725,725,144,131,0.945130663953796,0.8663360140437768,1.3158504962921145,1.8953346014022827,0.03669553067766829,0.12450431697414621
HMDB0001999,725,0.0387011815902761,0.9,144,0.8417620664251909,2.1751558780670166,131,0.8401509570561826,2.1576006412506104,725,144,131,0.9378400997411348,0.8737484665175654,1.2452373504638672,1.6504805088043213,0.033597509461382846,0.09607803331594389
HMDB0002068,563,0.0014469816302987,0.9,103,0.7808099672495947,2.1912636756896973,100,0.8215514048208816,1.957589626312256,563,103,100,0.9262046601973584,0.8271165311226699,1.3710548877716064,1.7343003749847412,0.005565126301788292,0.14539469294776364
HMDB0002088,451,0.0025493551340265,0.9,88,0.8570928971985149,1.4651745557785034,85,0.8792526332950543,1.4644379615783691,451,88,85,0.9371640619359984,0.9183580811065448,0.8436312079429626,0.948738932609558,0.0391054478114905,0.08007116473748355
HMDB0002100,822,0.0045696985038096,0.5,159,0.843397155033258,2.134070873260498,156,0.8737536814930793,1.9450603723526,822,159,156,0.9530988565532807,0.9180885063566184,1.0095746517181396,1.1747831106185913,0.044334824863539124,0.10970170152002279
HMDB0002121,536,0.0009745998097889,0.5,103,0.6615218148168688,2.5113375186920166,97,0.7083485825570967,2.5501914024353027,536,103,97,0.7990643940644406,0.7580203154375178,2.0324161052703857,2.226849317550659,0.04967173288042115,0.13754257924757185
HMDB0002123,681,0.0008822013418054,0.5,138,0.9101770408767124,1.4958964586257937,140,0.9181443301851212,1.557384014129639,681,138,140,0.9448104949418108,0.9238845280039532,1.0037438869476318,1.3692432641983032,0.005740197818831949,0.034633454065098435
HMDB0002183,768,0.0365780349772714,0.9,158,0.8572859220087118,2.0849199295043945,149,0.8702403828490297,1.919585108757019,768,158,149,0.94893687761592,0.8804887461075976,1.1744863986968994,1.5122181177139282,0.010248363258567927,0.09165095560720826
HMDB0002226,696,0.0193071081097935,0.5,139,0.7600990605557515,2.577166795730591,124,0.748683769986199,2.861195802688598,696,139,124,0.912070509275074,0.824603837805383,1.4896756410598757,1.921699404716492,0.07592006781918403,0.15197144871932255
HMDB0002231,563,0.0012781040511032,0.9,103,0.8142473303596289,1.717846155166626,100,0.8010831312315141,1.911447048187256,563,103,100,0.92518141471272,0.8354822437089909,1.0089960098266602,1.5088282823562622,0.034399112477476845,0.11093408435309104
HMDB0002259,606,0.0185052817233522,0.9,117,0.7964813279433816,1.5021212100982666,118,0.8026089347638659,1.590280294418335,606,117,118,0.9258154001441508,0.8356954757942112,0.8060041666030884,1.2005155086517334,0.03308654103034536,0.1293340722007692
HMDB0002261,525,0.0342231047252861,0.9,104,0.8800987539787675,1.6347718238830566,104,0.8687112854604605,2.1141281127929688,525,104,104,0.947634973929687,0.9038841864167968,0.9057166576385498,1.4131510257720947,0.035172900956336295,0.06753621995091952
HMDB0002271,693,0.001201952825549,0.5,140,0.8999958686948362,2.176659107208252,140,0.9133892503794224,1.94735848903656,693,140,140,0.956432382104542,0.9245918057745858,1.4139423370361328,1.5237640142440796,0.01120255539516335,0.05643651340970579
HMDB0002320,430,0.0006442143639852,0.5,83,0.7889448299313132,1.628630518913269,84,0.7866480478666161,1.485629916191101,430,83,84,0.8759490498680744,0.7025945782972506,1.2205924987792969,1.5455766916275024,-0.08405346956936555,0.08700421993676122
HMDB0002329,606,0.0635429033871037,0.5,117,0.6962246498451203,3.187611818313598,118,0.7420059418346265,3.0619897842407227,606,117,118,0.9324482557978436,0.8304140727533269,1.4451096057891846,1.8897298574447632,0.08840813091870037,0.2362236059527233
HMDB0002364,563,0.0031649572040032,0.9,103,0.7734328166572252,2.413379907608032,100,0.8086872490920588,2.32875919342041,563,103,100,0.9136288060946544,0.7931428448623968,1.5246479511260986,2.055065393447876,-0.015544404229661968,0.14019598943742917
HMDB0002368,434,0.0007488316752272,0.9,84,0.832965863455172,2.0202174186706543,84,0.8693731066913745,1.8694112300872805,434,84,84,0.9247893747541964,0.8098566130082407,1.445045828819275,2.045796632766724,-0.05951649368313372,0.09182351129902444
HMDB0002392,563,0.0023633514135092,0.5,103,0.7356282389550253,2.2926487922668457,100,0.8103339590101272,1.9746747016906736,563,103,100,0.8789807311235768,0.7846516854063462,1.632414937019348,1.9038141965866089,-0.025682273603780947,0.1433524921685515
HMDB0002925,634,0.0123815318613395,0.9,124,0.7698762968278138,2.273237466812134,111,0.7530961504631171,2.3257603645324707,634,124,111,0.911122126112484,0.8102224309314842,1.4650849103927612,1.7295962572097778,0.0571262804683671,0.14124582928467022
HMDB0003229,634,0.0300889803716615,0.9,124,0.7332947274228973,2.53696608543396,111,0.7291069240828013,2.602492094039917,634,124,111,0.910994779864143,0.8215896644655506,1.4737998247146606,1.7046775817871094,0.09248274038274928,0.17770005244124576
HMDB0003282,434,0.0005611145832083,0.9,84,0.7687213475415912,2.002744436264038,84,0.7937635705512526,1.9115794897079468,434,84,84,0.8731199798704801,0.756702068505958,1.5044984817504885,1.8236933946609497,-0.03706150204529457,0.10439863232888891
HMDB0003333,434,0.0006711999880492,0.9,84,0.8155031452857455,1.769232988357544,84,0.7862133836905639,2.0619232654571533,434,84,84,0.8956714634665826,0.8010097134230454,1.2689040899276731,1.793186902999878,0.014796329732481461,0.08016831818083703
HMDB0004072,563,0.001039026399277,0.5,103,0.7310076573942696,2.3168177604675293,100,0.6502094778926217,2.5587644577026367,563,103,100,0.8427532217072685,0.6992052373962707,2.0208547115325928,2.409548044204712,0.04899575950364898,0.11174556431299887
HMDB0004160,731,0.0061051901721504,0.9,139,0.8305806814077636,3.3366501331329346,136,0.8455294828728667,3.763912916183472,731,139,136,0.9073898061396972,0.8705823319806957,2.3073413372039795,2.795003890991211,0.02505284910782901,0.07680912473193358
HMDB0004400,601,0.0105838479081703,0.9,117,0.8086200402426403,2.314095020294189,120,0.8436584952443341,2.461189985275269,601,117,120,0.9307704853642638,0.8921508008565492,1.2463308572769165,1.645666480064392,0.04849230561221507,0.12215044512162343
HMDB0004610,731,0.002445722826125,0.5,139,0.8655838770812069,2.9346232414245605,136,0.8863660231932682,2.640585422515869,731,139,136,0.9566849660228316,0.91099064355396,1.486713171005249,1.5878108739852903,0.024624620360691796,0.09110108894162472
HMDB0004620,822,0.0048796308807739,0.5,159,0.8670772794871313,2.3811867237091064,156,0.8883995898197478,2.192033052444458,822,159,156,0.963510590458884,0.9280628835285256,1.0369454622268677,1.169339299201965,0.03966329370877786,0.09643331097175267
HMDB0004704,731,0.0044013050483486,0.9,139,0.8651509309411025,2.187701463699341,136,0.8864435943177745,1.984418511390686,731,139,136,0.9598919543925444,0.9129534511761394,1.0724116563796997,1.2528109550476074,0.026509856858364822,0.09474102345144186
HMDB0004705,731,0.0045129523485296,0.9,139,0.8685009314686596,2.138587951660156,136,0.8915223645041339,2.00862455368042,731,139,136,0.9648040085319872,0.924227308871112,1.0101970434188845,1.2102488279342651,0.03270494436697813,0.09630307706332764
HMDB0005066,508,0.0051916110755473,0.9,102,0.785571386257992,2.506396532058716,89,0.7515966643441642,2.3012380599975586,508,102,89,0.8930070656570133,0.7699806361630968,1.90908682346344,2.045318365097046,0.018383971818932587,0.10743567939902121
HMDB0006469,556,0.0110515378282665,0.9,114,0.7820644985922084,2.424251079559326,94,0.7152220111674576,2.380456686019897,556,114,94,0.9098442802610958,0.7760982180824716,1.8510314226150515,2.021196126937866,0.06087620691501394,0.12777978166888737
HMDB0010325,620,0.0052226373381135,0.9,130,0.8539427220385609,2.1326234340667725,129,0.8014310713155406,2.583082675933838,620,130,129,0.9307715089343916,0.8458185471081494,1.5782121419906616,2.115034818649292,0.04438747579260882,0.07682878689583073
HMDB0011564,197,0.0124405676369777,0.9,47,0.5751506690433946,1.6815749406814575,51,0.801770637954757,1.0579001903533936,197,47,51,0.855089649641953,0.8975166036686323,1.1355373859405518,0.908834993839264,0.09574596571387528,0.2799389805985584
HMDB0011718,926,0.0007670580445361,0.9,187,0.9075523155210848,2.009782552719116,174,0.894808979370926,2.2335734367370605,926,187,174,0.9599786969197392,0.9213306277348252,1.2634433507919312,1.4315204620361328,0.026521648363899253,0.05242638139865441
HMDB0012252,731,0.0095663327776102,0.9,139,0.8371513343598009,2.6161513328552246,136,0.8689361087832765,2.2799530029296875,731,139,136,0.9453587533085414,0.9179401477392718,1.391734004020691,1.5573785305023191,0.049004038955995255,0.10820741894874042
HMDB0013078,413,0.0003904689391646,0.5,89,0.8487553790318009,0.7925540208816528,89,0.8968620556231566,0.7537993788719177,413,89,89,0.8835367994460743,0.8863741157157675,0.6327683925628662,0.6918155550956726,-0.010487939907389054,0.034781420414273456
HMDB0013287,424,0.0008176555993422,0.5,83,0.7736817201668454,1.803416967391968,83,0.7463659602155354,1.7121411561965942,424,83,83,0.8869624422090305,0.7514924490839415,1.1981195211410522,1.6161038875579834,0.005126488868406165,0.11328072204218509
HMDB0029377,693,0.0028180606301074,0.9,140,0.8635282602818849,2.274205684661865,140,0.8926874042571131,2.1147620677948,693,140,140,0.9497330651902554,0.9279061025461371,1.3608886003494265,1.4569315910339355,0.03521869828902402,0.08620480490837046
HMDB0029723,560,0.0008461604825839,0.9,101,0.6340289998086068,2.1489675045013428,98,0.5188992182965145,2.902229785919189,560,101,98,0.7185434977326339,0.6451422520488043,1.9012095928192136,2.569338798522949,0.12624303375228974,0.0845144979240271
HMDB0031057,731,0.0086707960911022,0.9,139,0.866488716220814,2.2946574687957764,136,0.900589167191353,2.4071075916290283,731,139,136,0.9504831527082924,0.929527524913584,1.3103833198547363,1.5515263080596924,0.02893835772223108,0.0839944364874784
HMDB0032102,154,0.0365061698481875,0.1,33,0.2661149371400407,1.57087242603302,33,0.4914197855712391,1.122977375984192,154,33,33,0.3271563737844611,0.5204055024983076,1.5462828874588013,1.1232750415802002,0.028985716927068528,0.06104143664442041
HMDB0032538,154,0.0366566955269157,0.1,33,0.2491746046892013,0.8959078192710876,33,0.3255059882754342,0.7305126786231995,154,33,33,0.5422592708942884,0.3070627148419405,0.8578357696533203,0.7746006846427917,-0.018443273433493723,0.2930846662050871
HMDB0033585,281,0.0009978139205335,0.5,55,0.5144161392168366,3.926400184631348,64,0.7114061524586482,3.024590492248535,281,55,64,0.7450616729847686,0.759487682950068,3.305424690246582,2.9942798614501958,0.04808153049141972,0.23064553376793195
HMDB0035665,412,0.0071456486849954,0.9,76,0.6415367239471534,1.9358497858047483,81,0.6534437465391691,1.8984174728393557,412,76,81,0.8551225685055098,0.7658760860857018,1.3963505029678345,1.6165986061096191,0.11243233954653264,0.21358584455835639
HMDB0037942,534,0.0113716950143907,0.9,97,0.7466395933502572,2.123952865600586,100,0.7553062224830597,2.077178955078125,534,97,100,0.9242129962384896,0.8341637742041345,1.1999424695968628,1.4256799221038818,0.07885755172107478,0.17757340288823242
HMDB0038256,154,0.0073832040204314,0.1,33,0.5416421387408713,0.5180290937423706,33,0.3359620733262198,0.6360646486282349,154,33,33,0.5188337927897066,0.4723468458865241,0.5358669757843018,0.5714865922927856,0.1363847725603043,-0.022808345951164655
HMDB0059824,434,0.0004498087486974,0.9,84,0.7684824528795405,1.566855788230896,84,0.7541893173456059,1.3948688507080078,434,84,84,0.9024707115358458,0.7776729862208822,0.9771971702575684,1.2495099306106567,0.02348366887527631,0.13398825865630526
HMDB0059871,154,0.1321938285579929,0.1,33,,0.9638832807540894,33,,1.0219035148620603,154,33,33,0.3698358199211796,-0.0070785388044399,0.946852684020996,1.03534996509552,,
HMDB0061858,154,0.009522333339475,0.1,33,0.0121811595719741,0.5094887614250183,33,0.0888982332365215,0.397885799407959,154,33,33,0.0109640783242781,0.0296148399931437,0.4931042492389679,0.4197175204753876,-0.05928339324337781,-0.001217081247696001
HMDB0094696,322,0.0005815324013277,0.5,69,0.894857607814117,1.1759145259857178,69,0.8725676442749067,1.2399187088012695,322,69,69,0.9218665740370988,0.8915449835042888,1.0204484462738037,0.9901437163352966,0.01897733922938205,0.027008966222981767
HMDB0000011,472,0.1078044660404285,0.9,112,0.5539177822120067,2.548327207565308,115,0.5843238820671043,2.8241281509399414,472,112,115,0.6976822382461989,0.6803957162554823,1.921744704246521,2.205544948577881,0.09607183418837806,0.1437644560341922
HMDB0000012,445,0.0093218321078637,0.9,102,0.5394086749056536,1.1668370962142944,101,0.5560837904968311,1.090468406677246,445,102,101,0.5782800965536321,0.6150274347834438,1.1095678806304932,1.0746062994003296,0.058943644286612695,0.03887142164797852
HMDB0000042,733,0.1147726394632503,0.5,148,0.7760150772138964,2.634024143218994,167,0.719798451184332,2.5137951374053955,733,148,167,0.9690910624063824,0.9649996843902104,1.0133774280548096,0.9450380206108092,0.2452012332058784,0.19307598519248603
HMDB0000087,186,0.0126916191575469,0.1,46,0.4439338002142427,1.238652586936951,45,0.4226595364063367,1.217612624168396,186,46,45,0.1789277747794944,0.4750081335879569,1.5269936323165894,1.3275495767593384,0.052348597181620216,-0.2650060254347483
HMDB0000108,417,0.0009923465849716,0.9,96,0.9477824022933636,1.0150107145309448,95,0.926788361793394,1.1569880247116089,417,96,95,0.9567515695109796,0.9528166673043292,1.0855354070663452,1.0531505346298218,0.026028305510935268,0.008969167217615981
HMDB0000122,1114,0.0005692109694481,0.9,226,0.8893023880918999,2.139243125915528,249,0.9092127276037528,1.8487462997436523,1114,226,249,0.959014963255496,0.9471702636027624,1.3041564226150513,1.2618845701217651,0.03795753599900953,0.06971257516359608
HMDB0000134,1041,0.0525192978975294,0.5,226,0.5170921575173958,3.522971868515014,229,0.537445418328253,3.4849793910980225,1041,226,229,0.9364508469518024,0.890206250044055,1.2550127506256104,1.3246830701828003,0.35276083171580197,0.4193586894344066
HMDB0000143,277,0.0007738912607645,0.9,66,0.7517747252290173,1.7446086406707764,65,0.8195355933819317,1.490170121192932,277,66,65,0.7871488674483602,0.8494920470077552,1.6062513589859009,1.516832709312439,0.029956453625823443,0.035374142219342875
HMDB0000149,320,0.0026624044152482,0.9,80,0.8455089586651363,1.7365195751190186,83,0.8242061149241365,2.0254688262939453,320,80,83,0.8645945305909348,0.8157295604692238,1.6547924280166626,2.000173091888428,-0.008476554454912688,0.019085571925798517
HMDB0000164,216,0.0027077468966593,0.1,53,0.5821241209997549,1.368826389312744,52,0.538553668271097,1.5952574014663696,216,53,52,0.5035243196839388,0.5618083040188099,1.4911220073699951,1.583303451538086,0.023254635747712915,-0.07859980131581601
HMDB0000211,554,5.90275843651286,0.1,119,,4.761178016662598,114,,4.808252811431885,554,119,114,0.9380395092110252,0.9325663646470036,1.3965994119644165,1.4759743213653564,,
HMDB0000228,430,0.0003237638054584,0.9,103,0.9012712953538398,0.7354394793510437,106,0.9141978746444396,0.6878134608268738,430,103,106,0.94425101890869,0.8864221442450272,0.5624449849128723,0.8383254408836365,-0.02777573039941239,0.04297972355485025
HMDB0000230,277,0.00744647010121,0.9,66,0.6530148121678588,1.6916658878326416,65,0.5498061436052811,2.249518394470215,277,66,65,0.4472073937202833,0.5358849796015533,2.102334260940552,2.374680995941162,-0.013921164003727782,-0.20580741844757555
HMDB0000283,320,0.0044869846767849,0.9,80,0.7880382755667465,1.942990064620972,83,0.7724661117655512,1.99168860912323,320,80,83,0.7782819748240988,0.7151689287597663,2.064172744750977,2.0815834999084477,-0.0572971830057849,-0.009756300742647772
HMDB0000407,634,0.0005991344003981,0.9,133,0.9345309783279871,1.5289504528045654,132,0.9557484307905172,1.2104957103729248,634,133,132,0.9523612438029806,0.9198590888779578,1.3357762098312378,1.2943904399871826,-0.035889341912559436,0.017830265474993445
HMDB0000646,670,0.0026256858424901,0.1,134,0.5178263984044554,0.8838320374488831,153,0.4380154428608879,0.828735888004303,670,134,153,0.4725615947434746,0.4764443800413271,0.9568976759910583,0.8399919271469116,0.038428937180439215,-0.045264803660980846
HMDB0000755,354,0.0135314747682608,0.1,82,0.7572408603501172,0.9700878262519836,81,0.8784771925084179,0.8168859481811523,354,82,81,0.7680045661370621,0.8552317152289991,0.9770093560218812,0.9461098313331604,-0.023245477279418836,0.010763705786944966
HMDB0000825,186,0.0376100767524434,0.9,46,0.0053547724631444,0.449884831905365,45,-0.0335585976590389,0.6297040581703186,186,46,45,-0.0229221187560289,0.2717658500946787,0.521243155002594,0.6970459222793579,0.3053244477537176,-0.028276891219173303
HMDB0000863,417,0.0009099386750365,0.5,96,0.8182486240504965,0.8396667838096619,95,0.7421312469433765,0.9782823324203492,417,96,95,0.8552666976034202,0.7889576822104223,0.8062146306037903,0.9079245328903198,0.046826435267045774,0.03701807355292375
HMDB0001844,445,0.0024982472394736,0.9,102,0.7656456293645243,1.0057793855667114,101,0.6577670749979951,0.967074990272522,445,102,101,0.789385903699919,0.6488990242209852,1.0695005655288696,1.0107994079589844,-0.008868050777009917,0.023740274335394718
HMDB0001858,585,0.012989632824281,0.5,132,0.6527678198780958,1.3346271514892578,131,0.3587253640898876,1.272343993186951,585,132,131,0.6704321967049705,0.418199956248517,1.2075766324996948,1.207247972488403,0.059474592158629436,0.017664376826874606
HMDB0001859,686,0.0011420548676594,0.9,136,0.960645758315696,1.1385047435760498,132,0.958435326644088,1.1209286451339722,686,136,132,0.9643238921252458,0.9462790190755316,0.849743664264679,1.1019201278686523,-0.012156307568556457,0.003678133809549844
HMDB0001873,417,0.0007051441366438,0.9,96,0.9607114595599066,0.659173309803009,95,0.9211087800891894,0.8674318194389343,417,96,95,0.9658142954139672,0.9284756690128844,0.7566161155700684,0.8319810628890991,0.00736688892369497,0.005102835854060683
HMDB0001875,417,0.0007443055077422,0.5,96,0.8696254397594122,0.6875691413879395,95,0.8531497400733098,0.7757591009140015,417,96,95,0.8743068194745692,0.8712154653466462,0.6995860934257507,0.702349841594696,0.018065725273336386,0.00468137971515703
HMDB0001881,277,0.0010522652636366,0.5,66,0.7249931656796761,1.174516677856445,65,0.7319716290038619,1.432361364364624,277,66,65,0.7627493253686284,0.7702839543876931,0.9455581307411194,1.2848877906799316,0.038312325383831225,0.037756159688952295
HMDB0001882,229,0.0588212954888119,0.9,60,0.7371928638462982,1.707912802696228,63,0.7982317161384251,1.720294713973999,229,60,63,0.8570395983760907,0.8437642708537483,1.2829625606536863,1.5671675205230713,0.04553255471532314,0.11984673452979244
HMDB0002094,186,0.0098872492390294,0.1,46,0.190936430206621,0.826826274394989,45,0.1641074653111774,1.2610350847244265,186,46,45,0.1595497994924054,0.2709832859219698,0.9605076909065248,1.2886210680007937,0.1068758206107924,-0.0313866307142156
HMDB0002098,186,0.0313912074846652,0.1,46,,0.3105835318565368,45,0.1822977757285402,0.8487829566001892,186,46,45,,0.3353023787552334,0.4408188760280609,0.9398462772369384,0.1530046030266932,
HMDB0003243,387,0.0084271211730122,0.1,89,0.6160299862049116,1.1571316719055176,88,0.7486120379125912,1.03626811504364,387,89,88,0.6852346777616508,0.7117282232307266,1.2074964046478271,1.3708683252334597,-0.036883814681864635,0.06920469155673925
HMDB0003646,387,0.0026425947637829,0.1,89,0.602142601973697,1.0039937496185305,88,0.6546486883293041,0.9310701489448548,387,89,88,0.6456880673321481,0.6506300105060838,1.0105499029159546,0.963203191757202,-0.004018677823220296,0.04354546535845116
HMDB0006569,186,0.0412071704000906,0.9,46,,0.4739103019237518,45,-0.1042721796470314,0.8952297568321228,186,46,45,,0.3575280648711236,0.5841845273971558,0.9836835861206056,0.461800244518155,
HMDB0006576,186,0.0136546050051614,0.1,46,0.0519694865479743,0.6646103262901306,45,0.1598469362918465,1.0796949863433838,186,46,45,0.1573784335927747,0.3302175325483013,0.7849515676498413,1.1462583541870115,0.1703705962564548,0.1054089470448004
HMDB0006587,186,0.014370775778918,0.1,46,,0.3505677878856659,45,0.1789845680694516,0.8572715520858765,186,46,45,,0.3370748940946662,0.4793646037578583,0.8695230484008789,0.15809032602521458,
HMDB0006705,186,0.0336784337589673,0.9,46,,0.2971430718898773,45,-0.1290546958713912,0.5219339728355408,186,46,45,,0.23861818016132,0.4537486732006073,0.7241477370262146,0.3676728760327112,
HMDB0304356,216,0.0042524479053638,0.9,53,0.6936860623675015,1.2181297540664673,52,0.417252982334229,1.834137797355652,216,53,52,0.6849730728269364,0.5668268762633529,1.149051070213318,1.648110032081604,0.14957389392912396,-0.008712989540565097
HMDB0000063,398,0.0019889764612506,0.1,69,0.7935623093223588,0.7994319796562195,64,0.7273432101409011,0.7264080047607422,398,69,64,0.8343114448143504,0.7741713612444521,0.7583535313606262,0.7129311561584473,0.046828151103550986,0.04074913549199155
HMDB0000192,394,0.0032131810841826,0.1,90,0.8030469047808999,2.1558642387390137,91,0.8346502886138548,1.7495079040527344,394,90,91,0.860856587740276,0.863781154787484,1.719275712966919,1.429111361503601,0.029130866173629144,0.05780968295937605
HMDB0000206,908,0.0676646482343482,0.9,176,0.6200683620638104,5.672150135040283,174,0.6079958520933548,5.746191501617432,908,176,174,0.977446072510512,0.9424985240621092,0.9417930841445924,1.1138827800750732,0.3345026719687544,0.3573777104467015
HMDB0000212,307,0.0366994793588512,0.9,63,,1.1233789920806885,66,,1.013995885848999,307,63,66,0.4392830050661684,-0.1376110715520574,1.0932544469833374,1.1438528299331665,,
HMDB0000317,448,0.0008867989267621,0.5,87,0.9493329399457194,1.549692988395691,87,0.9682111283393452,1.2207396030426023,448,87,87,0.9709185386995244,0.9327561757084032,1.0550518035888672,1.2100791931152344,-0.035454952630942005,0.021585598753804947
HMDB0000510,644,0.0007654611022822,0.9,123,0.9369279207696846,1.6104453802108765,121,0.964493908730226,1.383750557899475,644,123,121,0.9807113452700044,0.9665935749707018,0.7815066576004028,1.0132927894592283,0.0020996662404757505,0.0437834245003198
HMDB0000522,447,0.0006872654857251,0.5,87,0.9614894332561902,1.110089659690857,87,0.9724671034671436,0.8906872868537903,447,87,87,0.971408727913848,0.9681474716261972,1.0634912252426147,0.8989832997322083,-0.004319631840946414,0.00991929465765784
HMDB0000529,431,0.0006489861791482,0.5,87,0.9455814440359231,1.1344465017318726,84,0.9477762781436228,1.1226027011871338,431,87,84,0.9664379428814498,0.9560614243048342,0.7698106169700623,0.8711647987365723,0.008285146161211454,0.02085649884552665
HMDB0000557,280,0.1895794626490594,0.1,51,-0.047055986741783,1.1338881254196167,51,0.2301460999170171,1.699066162109375,280,51,51,-0.1600257361188941,-0.1361923038384354,1.1143488883972168,1.7454545497894287,-0.36633840375545246,-0.1129697493771111
HMDB0000610,280,0.0091068122345858,0.1,51,0.5883128396900025,0.7705368399620056,51,0.1790559624911857,0.8097848892211914,280,51,51,0.0375737169518844,0.2395437523840003,0.9753382205963136,0.9905310273170472,0.060487789892814614,-0.5507391227381181
HMDB0000637,648,0.0017937079991389,0.9,127,0.9299400939040192,1.7013332843780518,114,0.947635724369154,1.52171528339386,648,127,114,0.9573213893030168,0.956501237309126,1.2555395364761353,1.2214505672454834,0.008865512939971953,0.027381295398997585
HMDB0000651,149,0.0065930605727426,0.1,31,0.3696135183369502,2.3076131343841557,17,0.5290931446889909,2.037935495376587,149,31,17,0.1150178695605136,0.5833652436838397,3.17276668548584,1.9109642505645752,0.05427209899484875,-0.2545956487764366
HMDB0000658,255,0.003317359686748,0.9,46,0.3898976815482766,1.2118979692459106,44,0.2082174233672957,0.9902412295341492,255,46,44,-0.1606836093423995,0.0379219489132084,1.6038602590560913,1.3211145401000977,-0.1702954744540873,-0.5505812908906761
HMDB0000666,570,0.0002848982961554,0.5,108,0.6708232560469266,1.72141432762146,121,0.746756298559984,1.8678691387176516,570,108,121,0.8012411625266367,0.7512447593224405,1.0321502685546875,1.439555525779724,0.004488460762456459,0.13041790647971008
HMDB0000670,272,0.0026741970350517,0.1,49,0.4202192751424046,0.8108042478561401,51,0.2076673718267848,0.7710453867912292,272,49,51,0.2949874857011735,0.3700491563500812,0.9918160438537598,0.9054276943206788,0.16238178452329638,-0.1252317894412311
HMDB0000679,516,0.0010528898017351,0.5,102,0.9392018517939302,1.2865045070648191,106,0.9524857442014548,1.2568610906600952,516,102,106,0.9693245218175324,0.933701332835627,0.8147540092468262,1.159216284751892,-0.01878441136582787,0.03012267002360214
HMDB0000688,193,0.0168532633410834,0.1,36,0.3405212646982621,2.5470876693725586,30,0.50870666558437,2.2045986652374268,193,36,30,0.1982096230400346,0.3632852379191365,2.8046300411224365,2.2126832008361816,-0.14542142766523353,-0.14231164165822752
HMDB0000703,498,0.0077745940631013,0.9,90,0.967334924084836,0.8896966576576233,87,0.9559736403883278,1.0082600116729736,498,90,87,0.9906482228166452,0.9357230448611248,0.472743958234787,0.8751770257949829,-0.020250595527202986,0.023313298731809207
HMDB0000716,280,0.0032789543696812,0.1,51,-0.0738041513011794,0.5820196270942688,51,0.280064425282747,0.7400617599487305,280,51,51,0.2168588163548197,0.4723315520932877,0.5847444534301758,0.6917296648025513,0.1922671268105407,0.2906629676559991
HMDB0000733,331,0.0228308399603793,0.1,66,0.378738866754376,1.042729735374451,59,0.2846198798868254,0.7937597632408142,331,66,59,0.5960812720801663,0.3498746994961398,0.9771599173545836,0.8080251812934875,0.0652548196093144,0.21734240532579024
HMDB0000772,620,0.0071574332254713,0.9,120,0.9016663748552852,1.5659065246582031,121,0.9075848189300808,1.5726885795593262,620,120,121,0.963078707554274,0.9411950980253972,0.8673372864723206,0.9710828065872192,0.03361027909531644,0.061412332698988825
HMDB0000786,406,0.0004899575087824,0.1,70,0.6265098496255297,0.96058851480484,67,0.7493280049246879,0.7280343174934387,406,70,67,0.6989069805232972,0.7770548668305509,0.8953239321708679,0.7543748021125793,0.027726861905863043,0.07239713089776756
HMDB0000801,409,0.0021651085933384,0.5,70,0.2451576096823817,0.8082160949707031,67,0.2670362567786186,0.8763315677642822,409,70,67,0.2341240153283572,0.2403817239810443,0.8075558543205261,0.9016143083572388,-0.026654532797574293,-0.011033594354024512
HMDB0000824,252,0.433875454796685,0.1,48,,1.4962773323059082,47,,1.4131003618240356,252,48,47,0.2170435908829379,0.3156187530749475,1.535347580909729,1.4367153644561768,,
HMDB0000848,278,0.0052869439982681,0.1,51,0.3663647011598201,0.6939404010772705,51,0.2237270727707963,1.1393616199493408,278,51,51,0.2901905449133052,0.2004699007151862,0.6788517236709595,1.1537890434265137,-0.023257172055610092,-0.07617415624651491
HMDB0000874,280,0.004865155297007,0.1,51,0.3066184424149626,1.105225920677185,51,0.5375223371618738,1.3339728116989136,280,51,51,0.2159645148189097,0.4047113997066678,1.1791281700134275,1.4008145332336426,-0.132810937455206,-0.09065392759605292
HMDB0000884,280,0.0486282318357437,0.9,51,,0.7110854983329773,51,,0.7538944482803345,280,51,51,-0.1293281755433851,-0.0144711365553339,0.7635655403137207,0.7776790857315063,,
HMDB0000885,279,0.0104949828994589,0.9,51,0.5657603011642203,0.6903418898582458,51,0.0177114283718391,0.894111156463623,279,51,51,0.0656721481157004,0.0127506566125831,0.91857647895813,1.1131024360656738,-0.004960771759255999,-0.5000881530485198
HMDB0000918,280,0.0088368603966688,0.1,51,0.4897517891479264,0.6588878035545349,51,0.2351034680691942,0.6690995693206787,280,51,51,-0.0479363437945247,0.2417850667845932,0.863814651966095,0.8626028299331665,0.006681598715399001,-0.5376881329424511
HMDB0000932,266,0.002213877713497,0.9,50,0.3162469591845586,2.1003239154815674,48,0.4291439386036983,2.37176513671875,266,50,48,0.3919991862239845,0.3981827613217908,2.159923791885376,2.393394708633423,-0.030961177281907504,0.07575222703942591
HMDB0001008,536,0.0013557816690473,0.5,107,0.946451676992216,1.7169007062911987,107,0.9482368207046782,1.6349787712097168,536,107,107,0.9745981294317658,0.9374431222235236,1.0745527744293213,1.357789397239685,-0.010793698481154634,0.02814645243954983
HMDB0001046,364,0.0759938523009583,0.9,65,,1.6813870668411257,56,,2.194000482559204,364,65,56,0.4890203376178892,0.548982009113787,1.3779025077819824,1.8515665531158447,,
HMDB0001169,276,0.296448901079703,0.1,50,,0.8309588432312012,50,,0.7006492018699646,276,50,50,-0.1855957355466762,0.2696774298056635,0.8714091777801514,0.6352514624595642,,
HMDB0001348,278,0.0018436882921549,0.1,51,0.2780633256067927,1.1246931552886963,51,0.3332545425830872,1.160380482673645,278,51,51,-0.0725067517352942,0.4253356100542942,1.325950264930725,1.1117380857467651,0.09208106747120703,-0.3505700773420869
HMDB0001370,389,0.000967478852652,0.5,81,0.9595084288399548,1.469881296157837,74,0.9719472215252628,1.1790751218795776,389,81,74,0.9776165500523336,0.9452651886264996,0.9975407123565674,1.2048094272613523,-0.026682032898763253,0.018108121212378814
HMDB0001390,253,0.0067858172074358,0.1,48,-0.0919848329783701,1.1229733228683472,51,-0.1610122027956483,1.1464483737945557,253,48,51,0.0763872743137791,0.2995589845369105,1.037261128425598,1.0255721807479858,0.46057118733255875,0.1683721072921492
HMDB0001518,368,0.0001362281778584,0.5,66,0.324909826033412,1.2332849502563477,60,0.7080547567553763,0.991719663143158,368,66,60,0.4161076675600669,0.7870335142211263,1.0235565900802612,1.0496073961257937,0.07897875746575,0.09119784152665489
HMDB0001547,273,0.0017791408242452,0.9,48,0.1387144406851357,2.4345223903656006,48,0.4338179673067482,1.7034159898757937,273,48,48,0.2584596054870462,0.4998424996269656,2.4212124347686768,1.540077805519104,0.06602453232021738,0.11974516480191053
HMDB0001563,245,0.0063818277631487,0.1,47,0.0017979826072254,1.267300009727478,47,0.0503501932306415,0.8505986928939819,245,47,47,-0.0887485087691386,-0.160769388029228,1.3011428117752075,0.9777242541313172,-0.2111195812598695,-0.090546491376364
HMDB0001889,361,0.0008483908909509,0.1,48,0.0975345559540805,2.2587690353393555,61,0.2760711040171079,1.815545916557312,361,48,61,0.2351474645265594,0.3380703079404786,2.077350378036499,1.7322490215301514,0.061999203923370716,0.1376129085724789
HMDB0001906,279,0.0024628940722956,0.1,51,0.3678718928527338,0.9105079770088196,51,0.5050851272506897,0.808716893196106,279,51,51,0.3911940363326742,0.2673530554992258,1.0339850187301636,0.8862161636352539,-0.23773207175146388,0.023322143479940383
HMDB0001954,371,0.0007347775505273,0.9,71,0.9849160424623234,0.5068345069885254,71,0.961798707449268,0.768663763999939,371,71,71,0.9847925139814624,0.958172424979046,0.5628359317779541,0.7524996995925903,-0.0036262824702220087,-0.00012352848086105706
HMDB0001991,254,0.0097207555300206,0.9,49,0.0636709698835301,0.6105653643608093,41,0.1220868809932967,0.9863501787185668,254,49,41,0.2496131489232682,0.0947671763242768,0.6024844646453857,0.9749563336372375,-0.02731970466901991,0.1859421790397381
HMDB0002000,429,0.0010620456002662,0.1,82,0.6268827665226597,0.8648269176483154,68,0.2985692016621853,1.07167387008667,429,82,68,0.6937120895929505,0.2631600185998495,0.856781542301178,1.1024301052093506,-0.035409183062335814,0.06682932307029077
HMDB0002013,139,0.008519001830396,0.1,28,0.3670042474544622,1.7510087490081787,19,0.2423051896454828,1.7259292602539062,139,28,19,0.0822781472061489,0.5867131300131475,2.035078287124634,1.0696992874145508,0.3444079403676647,-0.2847261002483133
HMDB0002014,221,0.0042413169589413,0.1,44,0.4427510877031121,1.8773735761642456,29,0.7165604449046539,1.7620794773101809,221,44,29,0.3666393337498802,0.6215887419493692,2.1469805240631104,1.6529617309570312,-0.09497170295528468,-0.07611175395323189
HMDB0002203,655,0.0005883726940203,0.9,126,0.9638498088814677,1.1519160270690918,123,0.96737739631843,1.1450700759887695,655,126,123,0.9816490643595368,0.965861696188365,0.7234508395195007,0.8155730366706848,-0.0015157001300649675,0.017799255478069154
HMDB0002212,620,0.0039554431874264,0.9,120,0.921352770393977,1.5995131731033323,121,0.9260851776458924,1.6292225122451782,620,120,121,0.964904210895373,0.9450034830336044,0.9696979522705078,1.121767520904541,0.018918305387711998,0.04355144050139603
HMDB0002250,213,0.0077190889558858,0.5,45,0.3503950441308729,1.9397660493850708,25,0.210209779533068,2.3661224842071533,213,45,25,0.3239810263151133,0.1680009159396209,2.2430691719055176,2.388755321502685,-0.04220886359344708,-0.02641401781575964
HMDB0002302,924,0.015154973770821,0.9,182,0.8289926751381308,2.600242853164673,176,0.8385150552661277,2.704782009124756,924,182,176,0.9646000074665014,0.9358662202920218,1.0545196533203125,1.2269811630249023,0.09735116502589414,0.13560733232837063
HMDB0002815,371,0.0616400861297622,0.9,71,0.9564126190498988,1.7327229976654053,71,0.9555603121954402,2.026586532592773,371,71,71,0.9769871562106456,0.92212527562216,1.1337385177612305,1.8866441249847408,-0.033435036573280286,0.020574537160746753
HMDB0002820,280,0.0137594308842792,0.1,51,0.0364553538697234,1.4518569707870483,51,0.2835197658686472,1.1745023727416992,280,51,51,0.2426276357382429,0.1408939362048206,1.51487398147583,1.102100849151611,-0.1426258296638266,0.2061722818685195
HMDB0003339,280,0.0147044497952264,0.1,51,0.1418625708635673,0.5390374660491943,51,0.3150419509989216,0.5097918510437012,280,51,51,0.0028336919973044,-0.1977022789968973,0.6059732437133789,0.7220911979675293,-0.5127442299958189,-0.1390288788662629
HMDB0003349,102,0.1503434908916048,0.1,12,0.544016865874442,1.4327129125595093,27,0.4968612097237286,2.0586369037628174,102,12,27,0.4152964532358664,0.3683641261702016,1.3915473222732544,2.0016188621521,-0.12849708355352701,-0.1287204126385756
HMDB0003431,497,0.0005801590822059,0.9,98,0.8941041768272098,2.5661461353302,96,0.9151138216735448,2.370584726333618,497,98,96,0.976665438248327,0.9213478838829388,1.185038685798645,1.4762468338012695,0.006234062209393931,0.0825612614211172
HMDB0004030,272,0.2017250657081603,0.1,51,,0.598003089427948,51,,0.7563048601150513,272,51,51,0.0100795675978508,0.0111594184416423,0.6401668787002563,0.7698825001716614,,
HMDB0004193,280,0.0027056441820414,0.9,51,0.1880963667015681,0.9420408606529236,51,0.0947765182661997,0.8292056918144226,280,51,51,0.2074021170530825,0.2059509526488994,1.0542778968811035,0.7867900133132935,0.1111744343826997,0.01930575035151441
HMDB0004326,280,0.0019736035047683,0.1,51,0.2401164388811665,0.736910343170166,51,0.1870559111267703,0.7721588015556335,280,51,51,0.2744203645582584,0.083187958943388,0.7598353624343872,0.8705283999443054,-0.10386795218338231,0.03430392567709192
HMDB0004824,244,0.0041222744250966,0.1,42,0.0763896778867628,1.7845896482467651,51,0.4552755899010159,1.1793886423110962,244,42,51,0.2351518070354254,0.3386831738227756,1.7801034450531006,1.2780991792678833,-0.11659241607824034,0.1587621291486626
HMDB0004949,280,0.0069914065438166,0.1,51,0.3869240785431196,0.6435840725898743,51,0.2183230277165674,0.8221887350082397,280,51,51,-0.0322220616150294,0.209410266969996,0.7791163921356201,0.9650056958198548,-0.00891276074657138,-0.419146140158149
HMDB0004952,279,0.0103097219665859,0.1,51,0.4303808315777375,0.8072043061256409,51,0.2780177313946657,1.392917513847351,279,51,51,0.0272857200276206,0.4249301076379899,0.982276439666748,1.3464901447296145,0.1469123762433242,-0.4030951115501169
HMDB0004953,279,0.0106833684067703,0.1,51,0.4713220990929463,0.8879285454750061,51,0.2104879089084273,1.234921932220459,279,51,51,-0.031089292005243,0.3832607672737277,1.1308172941207886,1.243199110031128,0.1727728583653004,-0.5024113910981893
HMDB0004956,280,0.0113298922272778,0.1,51,0.4665910028889519,0.7778680920600891,51,0.2195448702414156,1.232878565788269,280,51,51,-0.0097698653307713,0.3887482587847957,0.988025724887848,1.187127709388733,0.16920338854338007,-0.4763608682197232
HMDB0005015,277,0.0211413019014467,0.1,51,0.2041370835717911,0.5800535082817078,51,0.134477628249387,1.512057542800903,277,51,51,0.2339664257335211,-0.1925248382337698,0.5469741821289062,1.5473865270614624,-0.3270024664831568,0.02982934216173
HMDB0005032,139,0.0084754182280396,0.1,10,-0.1682008888892063,1.543697476387024,23,0.4157229782746426,1.8709453344345093,139,10,23,-0.0766615657666378,-0.0873452557762792,1.6688289642333984,2.014657974243164,-0.5030682340509218,0.09153932312256852
HMDB0005060,409,0.0010766258351237,0.9,70,0.7105167377864535,0.6424086093902588,67,0.4674525834022721,0.8052188754081726,409,70,67,0.7100959055313919,0.5896410221150824,0.6298953890800476,0.7574905753135681,0.12218843871281032,-0.0004208322550616206
HMDB0005065,271,0.0011277080869084,0.1,51,0.2092185091222899,1.4163172245025637,50,0.3532669702516075,1.3153657913208008,271,51,50,0.4490375579739816,0.5038886655614846,1.178059697151184,1.2232732772827148,0.15062169530987707,0.2398190488516917
HMDB0005356,278,0.0291943452563748,0.9,51,-0.1057454983060198,1.3832653760910034,49,0.3394015706231535,1.1854599714279177,278,51,49,-0.0876821150204049,-0.0283972308507276,1.4025274515151978,1.302849054336548,-0.3677988014738811,0.018063383285614895
HMDB0005357,279,0.0049763710268082,0.1,51,0.0457926813483233,1.1239725351333618,49,0.4692788599238858,1.0362539291381836,279,51,49,-0.0020337282501187,-0.0447987932031369,1.087529182434082,1.2343335151672363,-0.5140776531270227,-0.047826409598442005
HMDB0005359,243,0.0172010536097294,0.9,48,-0.190329236929215,1.5537004470825195,49,0.3983098172966049,1.6470959186553955,243,48,49,0.0813448781990038,0.2171690775586742,1.6608270406723022,1.810035824775696,-0.1811407397379307,0.2716741151282188
HMDB0005360,280,0.0212906348593359,0.9,51,0.1071601115438959,0.8204716444015503,51,0.4282376501177886,0.736861526966095,280,51,51,0.1547652959398635,0.3796427694225824,0.8843069672584534,0.7539017796516418,-0.04859488069520618,0.04760518439596759
HMDB0005362,224,0.0309587312596184,0.1,44,-0.053111780734134,1.4385361671447754,43,0.0704859275873021,1.6600781679153442,224,44,43,0.0196785507130121,0.3916704813966601,1.7339688539505005,1.7890903949737549,0.321184553809358,0.0727903314471461
HMDB0005363,280,0.02252253230015,0.5,51,0.1237904344846288,0.993573784828186,51,0.3084745912846348,0.9086106419563292,280,51,51,0.2385933407181595,0.2521005682017385,0.9769604206085204,0.9693832397460938,-0.056374023082896296,0.11480290623353069
HMDB0005365,280,0.1800319489149165,0.1,51,-0.1902561008142277,1.4434473514556885,51,0.3097595557041279,1.4659059047698977,280,51,51,0.1233832042234271,0.1726243612611817,1.4212613105773926,1.4354650974273682,-0.1371351944429462,0.3136393050376548
HMDB0005367,280,0.023235644138419,0.5,51,-0.101281113689538,1.4250627756118774,51,0.450514745375018,1.4776184558868408,280,51,51,0.1135462085021532,0.3488065154330333,1.5008684396743774,1.6667381525039673,-0.1017082299419847,0.2148273221916912
HMDB0005369,280,0.0049919823237827,0.1,51,-0.0474499832998004,1.6601883172988892,51,0.3268222124081054,1.5049750804901123,280,51,51,0.1897186003511215,0.3261186320517907,1.6552735567092896,1.8278805017471316,-0.0007035803563146814,0.23716858365092192
HMDB0005370,280,0.0053605311257498,0.1,51,-0.0240048826216878,1.7562453746795654,51,0.3379010838436179,1.451011300086975,280,51,51,0.2080848997359499,0.3136805424776194,1.6826651096343994,1.8179789781570437,-0.024220541365998494,0.2320897823576377
HMDB0005376,245,0.1479732086854544,0.1,48,-0.2864965784815965,1.736227035522461,45,0.291355156624845,1.9928672313690183,245,48,45,0.0492031033488562,0.2173144840647948,1.938410758972168,2.0955841541290283,-0.0740406725600502,0.3356996818304527
HMDB0005377,280,0.0122832210186194,0.1,51,-0.1159604214909103,1.587481141090393,51,0.3334998550586844,1.4256949424743652,280,51,51,0.0727621051759892,0.3210296869120611,1.6579596996307373,1.6634384393692017,-0.012470168146623328,0.1887225266668995
HMDB0005380,270,0.0069582698963306,0.1,49,-0.1385507922993488,2.089179277420044,50,0.2624276269739338,1.8578886985778809,270,49,50,0.134172372925629,0.3157891219757827,2.186555862426758,2.200555324554444,0.05336149500184889,0.2727231652249778
HMDB0005384,280,0.005595748765128,0.1,51,-0.0434264911415319,1.713965892791748,51,0.3582467244750678,1.445669174194336,280,51,51,0.1743577646103298,0.3090401309221874,1.6927337646484375,1.7552155256271362,-0.04920659355288037,0.21778425575186172
HMDB0005385,280,0.0131981473257933,0.1,51,-0.0260139377985431,1.8227707147598269,51,0.3249380963387116,1.4847310781478882,280,51,51,0.2038289261660785,0.2934808046782428,1.7771079540252686,1.8595538139343264,-0.031457291660468845,0.2298428639646216
HMDB0005391,280,0.0155885834571646,0.1,51,-0.0346235835787287,1.9528603553771973,51,0.2633349476311714,1.6347551345825195,280,51,51,0.1638667998351122,0.2748111568321695,1.9332163333892824,1.9693232774734497,0.011476209200998122,0.1984903834138409
HMDB0005395,280,0.041218512398856,0.1,51,-0.0737528980650117,1.2328014373779297,51,0.4010046256555816,1.3441232442855835,280,51,51,0.0993464911654995,0.3392932989154301,1.2157381772994995,1.4329981803894043,-0.061711326740151506,0.1730993892305112
HMDB0005396,280,0.3231448786599295,0.1,51,,1.3283299207687378,51,,1.7683087587356567,280,51,51,0.1084694222887045,0.1593803837198422,1.3545608520507812,1.8543447256088257,,
HMDB0005398,280,0.015573562963277,0.1,51,-0.0029935506592924,1.1612037420272827,51,0.1999026436493906,1.024062156677246,280,51,51,0.0560932194652551,0.3557340834786771,1.227369785308838,1.2136458158493042,0.1558314398292865,0.0590867701245475
HMDB0005403,280,0.0069852195467267,0.1,51,-0.0479380786668542,1.9267675876617432,51,0.3353021049599174,1.8119491338729856,280,51,51,0.2092928332725719,0.2953277244055075,1.8678171634674072,2.184966564178467,-0.03997438055440994,0.2572309119394261
HMDB0005404,280,0.0220763702241201,0.9,51,,0.7053331136703491,51,,0.980597198009491,280,51,51,0.0941283493321701,0.2301333620813457,0.7712528705596924,1.0048470497131348,,
HMDB0005405,280,0.0057085306303841,0.1,51,-0.0257982962684779,1.7678592205047607,51,0.2913139165944866,1.599991798400879,280,51,51,0.2227646228679142,0.3054512552035409,1.6799757480621338,1.9438081979751587,0.014137338609054306,0.2485629191363921
HMDB0005410,280,0.034685434613909,0.1,51,0.0005156110571288,1.258940577507019,51,0.2081983764415746,1.4421764612197876,280,51,51,0.1174261185567304,0.305908018867757,1.3062442541122437,1.508283019065857,0.09770964242618238,0.11691050749960159
HMDB0005432,219,0.7558104110090699,0.1,42,,2.0095691680908203,37,,2.0150108337402344,219,42,37,-0.0761588440347802,0.3547271670144848,2.2643520832061768,1.9549626111984253,,
HMDB0005433,270,0.0301063999640392,0.1,50,-0.1784840100885887,1.6579985618591309,51,0.3367341175289141,1.8507184982299805,270,50,51,0.0493493754650727,0.3501319103108459,1.866664171218872,1.9503685235977173,0.013397792781931817,0.2278333855536614
HMDB0005435,239,0.4922646159407483,0.1,44,,1.7480521202087402,45,,1.993135929107666,239,44,45,0.0696513412405176,0.3591143506159984,2.05604100227356,2.1446166038513184,,
HMDB0005436,227,0.0072681611855124,0.1,46,-0.1718530896466041,2.865968704223633,42,0.2591395907597985,2.323695421218872,227,46,42,0.033172734392752,0.2244941510560687,3.102748394012451,2.873619079589844,-0.03464543970372977,0.2050258240393561
HMDB0005456,280,0.0080787903921944,0.1,51,-0.101509792283194,1.6050266027450562,49,0.0124986762725473,1.3232725858688354,280,51,49,0.0289348951387118,0.2057846763556036,1.6873308420181274,1.31450092792511,0.1932860000830563,0.1304446874219058
HMDB0005462,225,0.0365970347738889,0.9,42,0.0755941250453802,2.111422300338745,35,0.4022062004851242,1.6732264757156372,225,42,35,-0.3230368740754285,0.2265359092466077,2.319364547729492,1.6204086542129517,-0.1756702912385165,-0.39863099912080874
HMDB0005476,123,0.0010558235354539,0.1,33,0.1534157836958959,2.925679445266724,24,0.0228420216862908,3.600249052047729,123,33,24,-0.1399080883929012,0.0129536025505201,2.653491973876953,2.6648569107055664,-0.0098884191357707,-0.29332387208879707
HMDB0006023,265,0.0049471157401862,0.9,47,-0.037087537455655,0.6028283834457397,47,0.0540190577570341,0.5794829726219177,265,47,47,0.2575519796152801,0.0982565285007798,0.5909595489501953,0.5824581980705261,0.044237470743745705,0.2946395170709351
HMDB0006029,637,0.000655601257931,0.9,120,0.9594805449893146,1.3943544626235962,121,0.9723098901112636,1.158657193183899,637,120,121,0.9805168907442589,0.9497827801695646,0.8774169683456421,1.0534454584121704,-0.02252710994169893,0.021036345754944286
HMDB0006219,204,0.3489670332740334,0.1,36,,0.9959647059440612,37,,1.023072361946106,204,36,37,0.2929843862882357,-0.2462754973125816,0.9549164175987244,1.1125797033309937,,
HMDB0006344,257,0.0165077290689695,0.1,47,0.388995157286712,1.629036545753479,48,0.2656638863514354,1.7330785989761353,257,47,48,0.1463206012137771,0.3911861799604241,1.84979259967804,1.6140084266662598,0.1255222936089887,-0.24267455607293492
HMDB0006460,444,0.0008523990528003,0.5,86,0.9561404254848632,1.3767791986465454,84,0.9666773343279828,1.2024470567703247,444,86,84,0.9690479565582316,0.955233515907764,1.1464223861694336,1.275800108909607,-0.011443818420218799,0.012907531073368395
HMDB0006725,217,0.0609557727514873,0.1,38,0.4457691359729657,1.1789878606796265,35,0.3635702191525967,1.6028592586517334,217,38,35,0.1622211693660422,0.0052504694291733,1.2688850164413452,1.8743951320648196,-0.3583197497234234,-0.2835479666069235
HMDB0006726,279,0.0023753064901698,0.1,51,0.3917675726494974,1.022416114807129,51,0.2733195661963294,0.9558170437812804,279,51,51,-0.0172432582597637,0.1428451898009179,1.2680301666259766,1.2818762063980105,-0.1304743763954115,-0.4090108309092611
HMDB0006729,257,0.0076661685097542,0.1,47,0.5135235288908135,1.105469822883606,44,0.0635241552570615,1.385645031929016,257,47,44,0.193981033308426,0.0587043277651879,1.257778286933899,1.5580066442489624,-0.004819827491873596,-0.31954249558238756
HMDB0006731,253,0.0012055536647145,0.1,43,0.1533498423883226,1.4751927852630615,48,0.2537648730933854,1.2904958724975586,253,43,48,-0.112734337948196,0.1020890830511843,1.5402206182479858,1.5024055242538452,-0.1516757900422011,-0.2660841803365186
HMDB0006733,270,0.0027272262815519,0.1,47,0.416826562180291,1.24719500541687,48,0.2054915739306688,1.542112946510315,270,47,48,-0.0193459773614841,0.0153384045102038,1.487418293952942,1.811227798461914,-0.190153169420465,-0.4361725395417751
HMDB0006736,280,0.0087239702721934,0.1,51,0.153034229776294,0.8628777265548706,51,0.0146162937307389,0.8084306716918945,280,51,51,0.0442154704875981,0.1353071891448914,0.8559306859970093,0.8808585405349731,0.1206908954141525,-0.10881875928869589
HMDB0007011,273,0.0389085215947964,0.9,50,-0.2757191355942736,1.6696470975875854,51,0.3839771316923747,1.231225609779358,273,50,51,-0.1127051407742825,-0.0785050759890176,1.803423762321472,1.4707770347595217,-0.46248220768139225,0.16301399481999107
HMDB0007098,280,0.014246937932394,0.9,51,-0.2410516459959233,1.316751480102539,51,0.3727420998523763,1.1160597801208496,280,51,51,-0.2492804274023054,-0.0143653283502164,1.366407036781311,1.2593326568603516,-0.3871074282025927,-0.008228781406382113
HMDB0007099,277,0.0139331708131055,0.1,49,-0.1362688158026436,1.5392223596572876,51,0.3013244298894225,1.6204042434692385,277,49,51,-0.092124238179525,0.2733548496699756,1.5703155994415283,1.6383577585220337,-0.0279695802194469,0.0441445776231186
HMDB0007100,280,0.0397369873069091,0.5,51,-0.1166374855785932,0.7920201420783997,51,0.4979387979863859,0.9251225590705872,280,51,51,-0.0587386742902183,0.0611915155086102,0.8419396877288818,1.0130871534347534,-0.4367472824777757,0.0578988112883749
HMDB0007102,280,0.0030707960182703,0.1,51,0.0628312645787825,1.410140037536621,51,0.4861739083510627,1.3653311729431152,280,51,51,0.1063230461249608,0.2066985898410857,1.4617681503295898,1.52000093460083,-0.27947531850997703,0.04349178154617829
HMDB0007103,280,0.0039176818272703,0.1,51,0.0981666293794005,1.5049737691879272,51,0.4230572990796209,1.409830093383789,280,51,51,0.1350766124288696,0.1970475947381995,1.5412685871124268,1.5642472505569458,-0.22600970434142142,0.03690998304946909
HMDB0007128,276,0.0079386130623195,0.1,49,-0.0581589901614954,2.5672261714935303,51,0.3001054650228412,2.5619516372680664,276,49,51,-0.0974931536885602,0.1062339634885681,2.700408697128296,2.617612600326538,-0.19387150153427307,-0.03933416352706479
HMDB0007132,279,0.0021683542935778,0.1,51,0.086960501376062,1.7168066501617432,51,0.4180943789792039,1.7099403142929075,279,51,51,0.0510479259537259,0.1810120188730414,1.6954903602600098,1.8983227014541624,-0.23708236010616246,-0.0359125754223361
HMDB0007158,280,0.0114589618215703,0.5,51,-0.012600875825966,0.5617766380310059,51,0.4276527908893043,0.6601176261901855,280,51,51,-0.1034647526719012,-0.0182443749718491,0.5924690961837769,0.7329913973808289,-0.4458971658611534,-0.0908638768459352
HMDB0007199,268,0.001538350097919,0.1,46,0.1112226291148153,1.4371143579483032,50,0.136993638693429,2.018033981323242,268,46,50,-0.164755931354827,0.1372054002534884,1.577378273010254,2.0423312187194824,0.0002117615600593925,-0.2759785604696423
HMDB0007216,280,0.0028215602260872,0.1,51,0.0794640061694387,1.345902442932129,51,0.4687728254801682,1.4576791524887085,280,51,51,0.1190437032198643,0.1520451409703613,1.3554621934890747,1.5893409252166748,-0.31672768450980693,0.03957969705042559
HMDB0007218,280,0.0038028279829411,0.1,51,0.1042682786490225,1.4126629829406738,51,0.4927805649262985,1.351171851158142,280,51,51,0.1990950371356946,0.288477981797129,1.4095290899276731,1.47640061378479,-0.2043025831291695,0.0948267584866721
HMDB0007219,280,0.0042208900826455,0.1,51,0.1077723891534816,1.4534752368927002,51,0.4595207912453964,1.3126071691513062,280,51,51,0.184065861368362,0.2408565394472552,1.469215989112854,1.4443143606185913,-0.2186642517981412,0.0762934722148804
HMDB0007248,280,0.0022497402719517,0.1,51,0.1038869826713867,1.5683873891830444,51,0.4050691332718238,1.3480101823806765,280,51,51,0.1852223590621413,0.1645461597737439,1.5653177499771118,1.558670163154602,-0.2405229734980799,0.0813353763907546
HMDB0007869,278,0.006423262040392,0.1,51,0.2691543025861183,1.5013408660888672,51,0.246428507382852,1.106256127357483,278,51,51,-0.0683748717589851,0.3565340483110614,1.6663769483566284,1.108650803565979,0.1101055409282094,-0.3375291743451034
HMDB0007871,279,0.0036493650046727,0.1,51,0.4629217454307451,1.2557157278060913,51,0.2133436980234658,1.4878722429275513,279,51,51,0.0430383868918944,0.1884093925257954,1.4159369468688965,1.5533517599105835,-0.024934305497670423,-0.4198833585388507
HMDB0007873,248,0.0041820249522114,0.1,46,0.2739964421960829,2.3689327239990234,39,0.1630880934022723,2.420520305633545,248,46,39,0.1164280499614972,0.1825135395294212,2.503531217575073,2.432417869567871,0.019425446127148915,-0.15756839223458569
HMDB0007970,270,0.3420646102340133,0.1,49,,1.1718533039093018,49,,1.903314232826233,270,49,49,-0.1417468066737195,0.1767708766218613,1.3924543857574463,2.0204501152038574,,
HMDB0007972,447,0.0009163027769767,0.5,87,0.9402682036271622,1.5993447303771973,87,0.9622354839523608,1.3395365476608276,447,87,87,0.970001702982026,0.9364758384178864,0.9939517378807068,1.3420237302780151,-0.025759645534474407,0.0297334993548638
HMDB0007973,445,0.0008081479876228,0.5,86,0.912220524787824,1.7206488847732544,87,0.950202903003888,1.4301038980484009,445,86,87,0.9503505837718444,0.9245579537314508,1.187405347824097,1.3729937076568604,-0.025644949272437212,0.03813005898402044
HMDB0007983,259,0.4639985294415683,0.1,51,,0.8905046582221985,50,,1.4929336309432983,259,51,50,-0.0125386875072908,0.2842429083886746,1.0100935697555542,1.478526949882507,,
HMDB0007991,126,0.0303325862131774,0.1,13,0.590081187619338,1.330407977104187,15,0.2790195168370171,2.5917818546295166,126,13,15,0.1326928292698468,0.283487040713879,1.3610115051269531,2.538774013519287,0.00446752387686189,-0.4573883583494912
HMDB0008006,216,0.0045765536802786,0.1,44,0.1621471626187712,1.282504916191101,36,0.2424913029423672,1.4520045518875122,216,44,36,0.2513255102560068,0.1705234057101442,1.2398780584335327,1.54062020778656,-0.071967897232223,0.08917834763723559
HMDB0008038,448,0.0008034611429486,0.5,87,0.9405785511309064,1.392879605293274,87,0.9559965289661998,1.2960137128829956,448,87,87,0.9689384418972868,0.923617725321631,0.9184801578521729,1.3071320056915283,-0.0323788036445688,0.028359890766380458
HMDB0008039,280,0.0028219200883592,0.1,51,0.3295443297291652,1.2307902574539185,51,0.1825813639584638,1.5600132942199707,280,51,51,0.2127696222113146,0.1387866479211795,1.4465978145599363,1.6700551509857178,-0.0437947160372843,-0.1167747075178506
HMDB0008047,107,0.0009047067053964,0.1,13,0.4770096482050378,2.4745144844055176,10,0.5650732909274898,2.081752300262451,107,13,10,-0.030429899409544,0.3276031603414204,1.75717294216156,2.490227222442627,-0.23747013058606942,-0.5074395476145818
HMDB0008048,182,0.0020109866776046,0.1,36,-0.1010740553004029,1.3649249076843262,18,0.4324756223320643,1.6793365478515625,182,36,18,-0.0141832450913508,0.1493751964885263,1.255906581878662,2.190384864807129,-0.283100425843538,0.08689081020905211
HMDB0008105,448,0.0008000144958496,0.5,86,0.9301856409179324,1.5317142009735107,87,0.9457527333777253,1.4854824542999268,448,86,87,0.9583058109776056,0.9269520682260084,1.1357797384262085,1.3316733837127686,-0.018800665151716855,0.028120170059673155
HMDB0008138,386,0.0007330627441406,0.5,73,0.9164833285004016,1.421376347541809,77,0.9369852651059544,1.301734447479248,386,73,77,0.9396733071608856,0.9120865846186068,1.1608797311782837,1.2392525672912598,-0.024898680487347558,0.023189978660484
HMDB0008270,222,0.0098134107996672,0.1,41,0.1867003016361376,1.81046199798584,38,0.148878303962047,2.2214667797088623,222,41,38,0.0039479163335831,0.0696751872281667,2.1798763275146484,2.486679553985596,-0.0792031167338803,-0.1827523853025545
HMDB0008923,277,0.006310499336078,0.1,51,0.1034220675329216,1.0011067390441897,51,0.0912861424508083,0.974241316318512,277,51,51,0.0710331683664471,0.233795805108354,0.9872822761535645,0.877865195274353,0.1425096626575457,-0.0323888991664745
HMDB0008925,267,0.0193686692853145,0.5,48,0.1526899975203817,1.3255313634872437,50,0.0220648041517681,1.3049819469451904,267,48,50,0.0351073882638235,-0.2521557332630532,1.474406599998474,1.4481250047683716,-0.2742205374148213,-0.1175826092565582
HMDB0010169,448,0.0009793265206473,0.5,87,0.9556867345508115,1.5388942956924438,87,0.96957861997254,1.2850662469863892,448,87,87,0.9750246696004972,0.9507278095016471,1.278648018836975,1.2305203676223757,-0.018850810470892876,0.019337935049685617
HMDB0010368,280,0.0070969961310698,0.1,51,0.1359718860514396,0.68172287940979,51,0.0994472374000813,0.6130438446998596,280,51,51,0.0732643459320279,0.0598187460349323,0.6617143154144287,0.6540676355361938,-0.039628491365148996,-0.0627075401194117
HMDB0010370,277,0.0139552673469724,0.1,51,0.4768182986102924,1.0412472486495972,51,-0.0031854378140797,1.0227084159851074,277,51,51,-0.0485114968793638,0.0837421300093744,1.2326465845108032,1.1816309690475464,0.08692756782345411,-0.5253297954896562
HMDB0010375,246,0.0020565558713852,0.1,43,0.4814321077902379,1.2865197658538818,43,0.3491586764938649,1.5249288082122805,246,43,43,0.0862620152508424,0.2241485567902745,1.510575771331787,1.6945234537124634,-0.12501011970359038,-0.3951700925393955
HMDB0010379,280,0.0040753592763628,0.1,51,0.2156517618836709,0.8515466451644897,51,0.3211000044045495,0.9240940809249878,280,51,51,0.2286426215458709,0.1254980025098286,0.8224889039993286,1.0510722398757937,-0.1956020018947209,0.012990859662199983
HMDB0010382,448,0.0010918327059064,0.5,87,0.9549291293308784,1.675757884979248,87,0.9753856072057548,1.2677507400512695,448,87,87,0.9775487893799142,0.9487720841074112,1.2220232486724854,1.4568214416503906,-0.02661352309834364,0.022619660049035817
HMDB0010383,280,0.0021169645671662,0.5,51,0.1710121272996528,1.0346875190734863,51,0.3357091764125571,0.9780563712120056,280,51,51,0.3366103614235212,0.138686450300063,1.0307559967041016,1.0116922855377195,-0.1970227261124941,0.1655982341238684
HMDB0010384,448,0.0010265457289559,0.5,87,0.951589026066936,1.6578856706619265,87,0.9729006947084168,1.2381573915481567,448,87,87,0.9751577935652256,0.9510383849734616,1.174881100654602,1.3233866691589355,-0.021862309734955176,0.023568767498289622
HMDB0010386,280,0.0044119541985648,0.1,51,0.0357207099044989,1.175487041473389,51,0.0747932122605285,1.1664904356002808,280,51,51,0.1900333131840484,0.1807228738351274,1.1330689191818235,1.3645683526992798,0.10592966157459889,0.1543126032795495
HMDB0010387,260,0.0044220704298753,0.1,46,0.0109740846181294,1.277925968170166,47,0.3624748565829299,1.074710726737976,260,46,47,0.2512397954137767,0.199984242629732,1.2200939655303955,1.1467838287353516,-0.1624906139531979,0.24026571079564732
HMDB0010391,234,0.0017250805825501,0.5,40,0.0396268189368356,1.223873496055603,43,0.3352012256818295,1.4748554229736328,234,40,43,0.1533600507548567,0.2894792288173461,1.3477566242218018,1.4337466955184937,-0.04572199686448336,0.1137332318180211
HMDB0010393,280,0.0074086400609911,0.1,51,0.0456359389681928,0.8966842889785767,51,0.1042281712598352,0.9874711632728576,280,51,51,0.044928939051046,0.0882419390172971,0.8988451957702637,1.0574123859405518,-0.015986232242538104,-0.0007069999171467958
HMDB0010395,204,0.0084193435369753,0.1,34,0.0822218969016922,1.496204137802124,34,0.4022427265205247,1.5941044092178345,204,34,34,0.1804569430510476,0.236205394197465,1.5778684616088867,1.5502097606658936,-0.16603733232305967,0.0982350461493554
HMDB0010397,279,0.0023541067388129,0.1,51,-0.0744898295759045,1.1071362495422363,51,0.1185867353758045,1.2087548971176147,279,51,51,0.0018931105584246,0.1887607582481965,1.1046711206436155,1.3855096101760864,0.070174022872392,0.0763829401343291
HMDB0010404,130,0.0050694227194057,0.1,16,0.1912285576299591,2.3834598064422607,17,0.4202019555839278,1.839543104171753,130,16,17,-0.0294944440303785,0.1321446257325209,2.322134494781494,1.8992493152618408,-0.2880573298514069,-0.2207230016603376
HMDB0010407,276,0.0037041284035945,0.1,50,0.1948467937547017,0.9487683176994324,51,0.2829141315540928,1.0054140090942385,276,50,51,0.1747728398230901,0.2215740390262257,1.002771496772766,1.0287355184555054,-0.061340092527867096,-0.0200739539316116
HMDB0010411,276,0.0565274521924447,0.1,49,-0.2130855367613016,1.341944932937622,50,0.3017397892293416,1.4179809093475342,276,49,50,-0.0345512865311191,0.1048795646860149,1.3335574865341189,1.3617503643035889,-0.1968602245433267,0.1785342502301825
HMDB0010412,214,0.048991581024772,0.1,42,-0.0777137428125534,1.693390965461731,43,0.2871358316788815,2.092940330505371,214,42,43,0.0976509984379062,0.2479187901866655,1.8288012742996216,2.2120039463043213,-0.039217041492216026,0.1753647412504596
HMDB0010419,190,0.0407506178899264,0.1,36,0.1246488591103365,1.88816237449646,47,0.3057576438719327,1.7104641199111938,190,36,47,0.266125914494836,0.1020764528516969,1.9847265481948853,1.9088256359100344,-0.2036811910202358,0.1414770553844995
HMDB0010471,150,0.063662052154541,0.1,25,-0.0060772625282048,2.6368520259857178,30,0.0069222329763973,2.6891863346099854,150,25,30,-0.3355419895026026,0.366804610931276,3.3655130863189697,2.8110077381134038,0.35988237795487865,-0.3294647269743978
HMDB0011130,448,0.0010908160209655,0.5,87,0.9552017548608098,1.6760003566741943,87,0.97368967207506,1.3065015077590942,448,87,87,0.975529278446344,0.9467459209435424,1.127555251121521,1.4071823358535769,-0.02694375113151759,0.020327523585534135
HMDB0011131,323,0.0002908610215004,0.9,65,0.8856019939096541,0.8154637813568115,69,0.8901369375412642,0.8284047245979309,323,65,69,0.8963355671736173,0.9155322148239048,0.7446443438529968,0.708899736404419,0.02539527728264057,0.010733573263963181
HMDB0011208,274,0.2183793060971002,0.1,51,,1.3346928358078003,51,,0.9669826626777648,274,51,51,-0.2204848401826719,0.2891931970515866,1.6294026374816897,0.8973042368888855,,
HMDB0011210,256,0.0071731601973207,0.1,42,0.1609906537502765,1.32778000831604,47,0.1193309413760793,1.2405370473861694,256,42,47,0.111404093114722,0.1187988593391486,1.4223400354385376,1.3511991500854492,-0.0005320820369306978,-0.049586560635554486
HMDB0011212,269,0.0072723774073379,0.5,48,0.0161886158992577,1.5632891654968262,48,0.1177204789622937,1.890445709228516,269,48,48,-0.1396680160464525,0.0953280686836776,1.698304533958435,1.903024196624756,-0.022392410278616104,-0.1558566319457102
HMDB0011220,241,0.0241123283187052,0.1,42,0.074372234033499,1.8932104110717771,45,0.3476033205835049,1.3386839628219604,241,42,45,-0.0118595855193786,0.2287975970892297,2.0578501224517822,1.5239322185516355,-0.1188057234942752,-0.0862318195528776
HMDB0011241,236,0.3225277642072257,0.1,45,,1.363559007644653,39,,1.5374597311019895,236,45,39,-0.2373320217467321,0.5570133378450346,1.6469550132751465,1.337050199508667,,
HMDB0011243,238,0.592367588972845,0.1,41,,1.4963114261627195,48,,1.6602078676223757,238,41,48,-0.1110048750543093,0.1507950251058729,1.855394721031189,1.6501598358154297,,
HMDB0011252,168,0.0013157680428647,0.1,31,0.1619292963801084,1.9960057735443115,23,0.3549710385051035,2.3736226558685303,168,31,23,-0.033523479947135,0.1797841461496236,2.2770283222198486,2.120101928710937,-0.17518689235547988,-0.1954527763272434
HMDB0011310,254,0.1023141981109859,0.1,39,0.1200457400497491,2.0807933807373047,42,0.0353385166907072,1.5227670669555664,254,39,42,-0.2188038406905847,0.4120834294740709,2.300044536590576,1.368065595626831,0.3767449127833637,-0.3388495807403338
HMDB0011503,448,0.0010813822746276,0.5,87,0.9559131931665008,1.7004166841506958,87,0.9733798223210456,1.3679134845733645,448,87,87,0.9752841961837492,0.9612171343447418,1.2732744216918943,1.3344972133636477,-0.012162687976303821,0.019371003017248367
HMDB0011504,264,0.0069777806599934,0.1,49,0.1707802391790522,1.2274280786514282,51,0.4574268953570402,1.301258563995361,264,49,51,-0.140144556335852,0.5582156249538408,1.2968369722366333,1.2386034727096558,0.10078872959680063,-0.31092479551490415
HMDB0011506,448,0.0008636417388916,0.5,87,0.9554470652518684,1.3093324899673462,87,0.9745526313086058,1.118267059326172,448,87,87,0.978815429495426,0.9622922493642958,0.9174558520317078,1.2037853002548218,-0.012260381944310006,0.023368364243557593
HMDB0011507,445,0.0007812598753511,0.5,87,0.9247694378553516,1.6244875192642212,87,0.9442489827252102,1.3799638748168943,445,87,87,0.9614727864662048,0.9361851051877108,1.1770133972167969,1.3105639219284058,-0.008063877537499375,0.036703348610853226
HMDB0011511,280,0.0027009470801416,0.1,51,-0.0883815238037187,0.3239553868770599,51,0.0439797581068019,0.3696986138820648,280,51,51,-0.0529471597871168,0.3210526858870288,0.3459067940711975,0.3451319336891174,0.2770729277802269,0.0354343640166019
HMDB0011517,143,0.0204078499732433,0.1,25,-0.2307317479219879,1.1069401502609253,22,0.1149576008618348,1.8049957752227783,143,25,22,0.1364942457190847,-0.1083431986676874,1.0175220966339111,1.9079097509384155,-0.2233007995295222,0.36722599364107256
HMDB0011520,240,0.0025518243570369,0.1,43,0.0887365425289601,1.599606156349182,45,0.2573471694079582,1.4692219495773315,240,43,45,0.1114329115101399,0.1663202553718362,1.557240009307861,1.4489191770553589,-0.09102691403612201,0.0226963689811798
HMDB0011526,277,0.007144671140595,0.1,51,0.1391864144452066,0.9481134414672852,51,-0.1325808215351013,1.1859960556030271,277,51,51,-0.1442505268451101,-0.1107558645708972,1.0002729892730713,1.1739630699157717,0.021824956964204112,-0.2834369412903167
HMDB0011565,280,0.0252328806391132,0.1,51,0.4158197093356914,0.6361327767372131,51,0.6100245779968707,0.7563585638999939,280,51,51,0.1704786368029422,0.3123546477415324,0.6904460787773132,0.8401926159858704,-0.29766993025533833,-0.2453410725327492
HMDB0011582,255,0.0015591896445758,0.1,42,0.0297720114275732,1.4789384603500366,48,0.1488431934661809,1.5316928625106812,255,42,48,-0.1884559256597209,0.1253339326294981,1.425108790397644,1.507832646369934,-0.02350926083668281,-0.2182279370872941
HMDB0011621,200,0.2288607098915524,0.1,31,-0.2496040521885937,1.8087739944458008,44,0.2522537713628796,1.646613359451294,200,31,44,-0.1569814549908998,-0.0308928497603358,1.903640627861023,1.6796985864639282,-0.28314662112321537,0.09262259719769389
HMDB0011697,268,0.0025040368535625,0.1,51,0.2972446082836349,1.1441634893417358,51,0.3329762788693802,1.2297043800354004,268,51,51,0.0588369437109036,0.4619459241956825,1.2945045232772827,1.123708724975586,0.12896964532630228,-0.23840766457273133
HMDB0011701,244,0.0368502169295191,0.1,46,0.1347764222761298,1.5575536489486694,44,0.2248451916845762,1.519003987312317,244,46,44,0.0971039521357771,0.3492275122022262,1.7364230155944824,1.5614603757858276,0.12438232051765,-0.03767247014035269
HMDB0012097,154,0.2825197616180816,0.1,36,,1.3273749351501465,18,,1.883950114250183,154,36,18,-0.0886585567814709,0.473095830524842,1.5869017839431765,1.4603686332702637,,
HMDB0012101,253,0.0005677404893716,0.1,48,0.1936958655417124,1.2675304412841797,48,0.2522947393733752,1.5247182846069336,253,48,48,-0.110350225636716,0.2540769796831785,1.484946608543396,1.4626086950302124,0.0017822403098032846,-0.3040460911784284
HMDB0012102,250,0.0183313047829747,0.1,48,-0.0345464761559786,1.399776577949524,47,0.3627591740617994,1.689617395401001,250,48,47,0.011160098624546,0.231867336860916,1.628735899925232,1.6570568084716797,-0.1308918372008834,0.045706574780524596
HMDB0012103,274,0.0032817290647186,0.1,51,0.1237288425508846,1.304516077041626,51,0.297172174357086,1.2194451093673706,274,51,51,0.0494109008115753,0.3784946217846062,1.4905989170074463,1.246711254119873,0.0813224474275202,-0.07431794173930929
HMDB0012104,270,0.0037511349777396,0.1,48,-0.0547043977461441,1.180355668067932,49,0.4583370849863655,1.4464799165725708,270,48,49,-0.062373257431357,0.347645823542666,1.375573754310608,1.552302360534668,-0.1106912614436995,-0.0076688596852129
HMDB0012107,270,0.0023294417916669,0.1,49,0.2251528332084324,1.192763328552246,51,0.3231366989831666,1.4108493328094482,270,49,51,-0.0970266651464713,0.4959969175773496,1.5855896472930908,1.3104482889175415,0.172860218594183,-0.3221794983549037
HMDB0013122,253,0.0030257678500291,0.9,44,-0.1397386508689497,1.4550703763961792,43,0.0645631563067569,1.5693609714508057,253,44,43,0.0774820084754035,0.2027345956536457,1.5724759101867676,1.4005579948425293,0.1381714393468888,0.2172206593443532
HMDB0013133,242,0.0023557950252768,0.1,40,0.2393112574059333,2.3269357681274414,44,0.2678271543282723,2.219332456588745,242,40,44,0.2417070923387252,0.1794057662914721,2.4978697299957275,2.3520987033843994,-0.08842138803680022,0.0023958349327919126
HMDB0013222,313,0.0002799520766773,0.5,63,0.936726902057916,1.3818997144699097,51,0.9296380583134326,1.4020960330963137,313,63,51,0.9410348822460738,0.9505309453215228,1.4028829336166382,1.4263324737548828,0.020892887008090222,0.004307980188157812
HMDB0013288,149,0.0049024959986398,0.5,28,0.412892697723736,2.3805692195892334,20,0.3392431410164148,2.270052671432495,149,28,20,0.1496702249511854,0.2071986154432581,3.1995718479156494,2.351949453353882,-0.13204452557315668,-0.2632224727725506
HMDB0013325,224,0.002285684722693,0.1,42,0.4149096023785887,2.35138201713562,41,0.4894344823439449,2.077526569366455,224,42,41,0.2637339003062716,0.4584098277245241,2.777313470840454,2.2319161891937256,-0.031024654619420777,-0.15117570207231712
HMDB0013326,133,0.008983415541893,0.9,30,0.30541164484777,2.225893974304199,17,0.5816922479749058,2.024611234664917,133,30,17,0.0353016328335438,0.5258685966592228,3.211221218109131,2.059003591537476,-0.05582365131568301,-0.2701100120142262
HMDB0013331,164,0.0027607912469093,0.1,33,0.2828908155048817,2.112600803375244,19,0.4622873885878253,1.955746293067932,164,33,19,0.1405554899223423,0.6904446473113411,2.8096041679382324,1.3402951955795288,0.22815725872351583,-0.14233532558253942
HMDB0013337,152,0.0023408912797286,0.1,33,0.3571777754374309,0.8007932901382446,16,0.2144808068262567,1.1190645694732666,152,33,16,0.1525184592951294,0.4311429539266191,1.028398036956787,1.047712326049805,0.2166621471003624,-0.2046593161423015
HMDB0013339,200,0.002305470980007,0.1,43,0.1025005162397263,1.2687067985534668,23,-0.0545067391969724,1.4871373176574707,200,43,23,0.1927738242617868,0.4567979128657614,1.3298170566558838,1.2290961742401123,0.5113046520627338,0.0902733080220605
HMDB0013622,577,0.0040693530268736,0.9,106,0.9327847127495053,1.4701865911483765,103,0.9474730714787168,1.4547477960586548,577,106,103,0.9720735912476972,0.9669847454245474,0.7926003932952881,0.9286767244338988,0.019511673945830532,0.03928887849819196
HMDB0013716,437,0.000677008308044,0.5,84,0.9483063915460236,1.1678553819656372,85,0.9561175928302936,1.1096549034118652,437,84,85,0.9691558049050988,0.9391257151482014,0.8246175050735474,1.1012920141220093,-0.016991877682092205,0.020849413359075197
HMDB0013733,409,0.0012361234557657,0.5,70,0.9376737489441104,0.4989976584911346,67,0.9089532525243268,0.6202418804168701,409,70,67,0.9411249554173085,0.925690661174554,0.4517973661422729,0.523253858089447,0.016737408650227215,0.0034512064731980763
HMDB0014420,278,0.0206979810510289,0.5,51,0.0433432296263872,1.2072054147720337,51,0.1892385377390233,0.994210958480835,278,51,51,0.1288599320399944,0.1262073349824989,1.2219598293304443,1.0008251667022705,-0.06303120275652441,0.0855167024136072
HMDB0014611,173,0.0054693028866329,0.1,25,-0.1008913119563411,2.457918643951416,31,-0.01375936119244,2.732705593109131,173,25,31,-0.1729452778404366,-0.1008024678070808,2.360267877578736,2.2252683639526367,-0.08704310661464079,-0.07205396588409549
HMDB0015052,264,0.0056916699264988,0.1,49,0.2846057046129072,1.0663264989852903,50,0.5101529719024208,1.3739111423492432,264,49,50,0.2413503930356126,0.4370209939722816,1.0425134897232056,1.4013893604278564,-0.0731319779301392,-0.04325531157729459
HMDB0015070,242,0.0180650506659796,0.1,46,0.3733277812655748,1.981182098388672,42,0.3276427962304118,1.902679443359375,242,46,42,0.302648846562725,0.3788228040931647,1.9490137100219729,1.8016221523284912,0.051180007862752896,-0.0706789347028498
HMDB0015371,243,0.1220829708067572,0.1,47,-0.0292907038119676,1.121362566947937,42,0.1655953082487172,1.2985517978668213,243,47,42,-0.0560343808864875,-0.1050640415283662,1.1395370960235596,1.3522253036499023,-0.2706593497770834,-0.026743677074519905
HMDB0029416,474,0.0005167722098435,0.1,89,0.6574733641689359,0.9389525651931764,78,0.5209820742791647,0.924030303955078,474,89,78,0.7201075606466845,0.5814514988079138,0.9551160335540771,0.9790350198745728,0.06046942452874915,0.0626341964777486
HMDB0029757,335,0.0004756196115387,0.9,61,0.7390666426910797,1.539536714553833,61,0.4814310918377279,2.147669076919556,335,61,61,0.7753316510951068,0.6027679222047221,1.4584028720855713,1.8922542333602903,0.12133683036699416,0.03626500840402713
HMDB0030180,223,0.0048493778996006,0.9,33,0.19541592889768,2.391423225402832,40,0.0887091046480847,2.025076389312744,223,33,40,0.2858410980909465,0.4271046397540964,2.322421073913574,1.798059105873108,0.3383955351060117,0.09042516919326649
HMDB0031106,246,0.0805418967339189,0.9,42,,1.7205979824066162,42,,2.3133411407470703,246,42,42,-0.079842180701331,-0.0916216126648197,1.8084543943405151,2.343249797821045,,
HMDB0037397,577,0.0070542424798853,0.9,106,0.9113288314342648,1.4438177347183228,103,0.9226433855841876,1.401031732559204,577,106,103,0.9628969984971164,0.9487562940367844,0.8395224809646606,0.9041457772254944,0.02611290845259684,0.05156816706285161
HMDB0042063,260,0.1826642967705798,0.1,46,-0.216344501810913,1.9735679626464844,46,0.3254335558429544,2.336095333099365,260,46,46,0.033653079903495,0.0866792356637126,2.0050816535949707,2.409277439117432,-0.2387543201792418,0.249997581714408
HMDB0042093,260,0.0221420105176668,0.1,45,-0.0799119917598545,1.0241601467132568,45,0.2598549504148661,1.1246421337127686,260,45,45,-0.1935688020422015,0.121894857052002,1.0096434354782104,1.1495498418807983,-0.13796009336286413,-0.113656810282347
HMDB0042104,197,0.0192932238573182,0.9,37,-0.1910227510164682,2.144280195236206,33,-0.0218171129835934,3.047452926635742,197,37,33,-0.1781036312126178,0.2378301630895494,2.6128623485565186,3.176774740219116,0.2596472760731428,0.01291911980385041
HMDB0042226,218,0.0812843666039193,0.1,40,0.1177253770374257,1.5613418817520142,37,0.2967335522205155,2.1356565952301025,218,40,37,-0.0009895214522617,0.1769174184867084,1.7385854721069336,2.333904266357422,-0.11981613373380712,-0.11871489848968739
HMDB0042466,222,0.0101398906192264,0.1,45,0.145313591034934,2.059352397918701,38,0.4479157305013171,2.043757677078247,222,45,38,0.188373043442637,0.2963713421066097,2.1048295497894287,2.7263875007629395,-0.1515443883947074,0.04305945240770301
HMDB0043058,280,0.0089879387368558,0.1,51,0.0475346937254689,1.272374153137207,51,0.2147673187549474,1.2954505681991575,280,51,51,0.1646981615773634,0.3237254032624314,1.2716069221496582,1.413641095161438,0.10895808450748398,0.11716346785189449
HMDB0060038,409,9.802417974675345e-05,0.9,70,0.6089365210359075,0.8758020401000977,67,0.4608050630746744,1.0031484365463257,409,70,67,0.6620276650925129,0.5950866732192059,0.7657763361930847,0.9262866377830504,0.13428161014453155,0.05309114405660542
HMDB0011170,321,0.2963791606582213,0.1,71,,0.6469609141349792,69,,0.6328057646751404,321,71,69,0.6003962890266495,0.7101315974718952,0.5092257261276245,0.4137027859687805,,
HMDB0000532,289,0.0009639725140634,0.1,63,0.4799421774322341,0.1718609929084777,63,0.5843520490574632,0.1470910459756851,289,63,63,0.3110385137629345,0.4295613964250557,0.1896572411060333,0.1614449918270111,-0.1547906526324075,-0.1689036636692996
HMDB0000114,168,0.0038404306565409,0.1,36,0.316363127685953,0.1274542063474655,36,0.0087307265586644,0.1386993527412414,168,36,36,0.4526951428779596,0.011508127385453,0.1348242312669754,0.1514389365911483,0.0027774008267885987,0.1363320151920066
HMDB0000163,211,0.0154336375471571,0.9,50,0.9217698856090176,0.9426656365394592,54,0.9635510231196184,0.8460368514060974,211,50,54,0.948730922743446,0.954567740215412,0.7661923766136169,0.8790074586868286,-0.008983282904206358,0.026961037134428323
HMDB0000169,302,0.026154285008932,0.9,70,0.8826411815230819,1.2349568605422974,74,0.9052259530769896,1.0661524534225464,302,70,74,0.9507781142774824,0.9157665428114689,0.6903626918792725,0.8190079927444458,0.010540589734479244,0.06813693275440047
HMDB0000176,211,0.0045519900208965,0.1,50,0.9420385174668724,0.635636031627655,54,0.9852530684134652,0.339992493391037,211,50,54,0.9644769268675094,0.962625105140259,0.4925585985183716,0.4668988585472107,-0.022627963273206153,0.022438409400637016
HMDB0000227,297,0.0006123715681482,0.9,55,0.9104037616737584,2.5899922847747803,52,0.9346124450627168,2.432074069976806,297,55,52,0.9692980397424606,0.98572096089012,1.140635967254639,0.7478751540184021,0.05110851582740317,0.05889427806870229
HMDB0000308,168,0.0016282104957977,0.5,36,0.3822762778730478,0.1079834401607513,36,0.3022198439727986,0.1373803168535232,168,36,36,-0.0252072742190466,0.2809893096980976,0.1212968826293945,0.1390836536884308,-0.021230534274701007,-0.4074835520920944
HMDB0000357,239,0.001094386144662,0.5,57,0.9505075797064084,1.45678973197937,47,0.935638629381593,1.2555899620056152,239,57,47,0.9625777816080388,0.9787763578997764,1.0207327604293823,0.6721245050430298,0.043137728518183316,0.012070201901630329
HMDB0000375,168,0.0040841350228989,0.1,36,0.5167338641967737,0.2717336118221283,36,0.5621557449026106,0.2397023886442184,168,36,36,0.4807274667501023,0.4553512657568373,0.2795373201370239,0.2924887835979461,-0.10680447914577323,-0.03600639744667139
HMDB0000387,168,0.0078775401908906,0.1,36,-0.2857391217509341,0.1227236166596412,36,-0.0806293723381441,0.1190066039562225,168,36,36,0.0057017243947675,0.409649075330695,0.1183125153183937,0.1146315038204193,0.4902784476688391,0.2914408461457016
HMDB0000446,259,0.0028362205106086,0.9,56,0.2160237834911014,0.1239369511604309,56,0.2333841823262992,0.1152989715337753,259,56,56,0.0117334527651394,0.1817284858929926,0.1260488927364349,0.1195306107401847,-0.051655696433306614,-0.204290330725962
HMDB0000451,168,0.0010603480141529,0.1,36,0.019259483307887,0.0918870791792869,36,-0.1364028471547737,0.0878023132681846,168,36,36,-0.0712957627537757,0.0892589629621613,0.0889127179980278,0.077931985259056,0.22566181011693498,-0.0905552460616627
HMDB0000453,259,0.0044997557769313,0.1,56,0.1736530882891245,0.284620851278305,56,0.4290517916714408,0.2666070163249969,259,56,56,0.344523927104187,0.3622435004744493,0.2461071014404297,0.2794435620307922,-0.0668082911969915,0.1708708388150625
HMDB0000489,168,0.0017197130327622,0.5,36,0.2743549357511874,0.1345647424459457,36,0.1506834310485119,0.0935792252421379,168,36,36,0.3238262461720327,0.2638537647935141,0.1365185230970382,0.0975172892212867,0.11317033374500218,0.049471310420845294
HMDB0000491,259,0.0281019671487559,0.1,56,0.2609932736168032,0.1977911740541458,56,-0.2273553029536055,0.2164493650197982,259,56,56,0.2374179609692821,0.0466676463486948,0.1916307359933853,0.2096599489450454,0.2740229493023003,-0.02357531264752108
HMDB0000564,168,0.0012086438586923,0.1,36,0.3312300197931367,0.1257355809211731,36,0.5833851865467046,0.1573932915925979,168,36,36,0.4407884155725808,0.4763501261534761,0.1141191869974136,0.1671011447906494,-0.10703506039322846,0.1095583957794441
HMDB0000577,211,0.0061071405290363,0.5,50,0.9634703475257692,0.6691232919692993,54,0.9665489889934714,0.7144075036048889,211,50,54,0.9713891769510185,0.9696697915572348,0.6078318953514099,0.5117557048797607,0.0031208025637633474,0.00791882942524924
HMDB0000594,259,0.0197104608667272,0.1,56,0.3521065795339883,0.1686071306467056,56,0.228215660627227,0.1707225143909454,259,56,56,0.177725325086136,0.0297235947966024,0.1719177067279815,0.1755145639181137,-0.19849206583062462,-0.17438125444785227
HMDB0000622,168,0.0167683071601126,0.1,36,0.1552810507315572,0.1038598120212555,36,-0.0158046565904294,0.0938738882541656,168,36,36,0.2190623884349918,-0.1621172634026555,0.0950943604111671,0.094691053032875,-0.1463126068122261,0.06378133770343458
HMDB0000624,259,0.0039707954515802,0.1,56,0.0548224218795759,0.2232891768217086,56,0.4045985240503801,0.2582525908946991,259,56,56,0.2611114729320394,0.2987374336386433,0.2252504825592041,0.2677235901355743,-0.1058610904117368,0.2062890510524635
HMDB0000660,302,0.0195582693978132,0.9,70,0.9273552237772236,0.6585540771484375,74,0.914393345122096,0.7045893669128418,302,70,74,0.9537299221259232,0.92663234625882,0.5206207036972046,0.636850118637085,0.012239001136723937,0.026374698348699654
HMDB0000678,259,0.0018230749167504,0.1,56,-0.0036719253813354,0.1167178899049758,56,0.0730771025696939,0.1247090920805931,259,56,56,0.0635975337717468,-0.11146308339758,0.1072267815470695,0.1244837418198585,-0.1845401859672739,0.0672694591530822
HMDB0000686,168,0.0008945607294932,0.9,36,0.5340462875875707,0.205251544713974,36,0.4681949060392739,0.1968386173248291,168,36,36,0.4820478990330228,0.5162900675474205,0.216299906373024,0.2013725936412811,0.04809516150814658,-0.05199838855454786
HMDB0000689,259,0.0027758768028403,0.1,56,0.3886543468383606,0.2388804852962494,56,0.136980764816566,0.252685934305191,259,56,56,0.2322887912750591,0.1087810914248429,0.2486551851034164,0.2473892122507095,-0.028199673391723093,-0.15636555556330148
HMDB0000717,388,0.0010313578951945,0.9,75,0.8958381435755666,2.399740219116211,72,0.916608524353923,2.2909653186798096,388,75,72,0.9675802822437144,0.9857276450336832,1.0215438604354858,0.6773179769515991,0.06911912067976012,0.07174213866814783
HMDB0000754,259,0.002710110688097,0.9,56,,0.0915979295969009,56,,0.1143946796655654,259,56,56,0.3195553560512307,0.2741696183748115,0.0881380885839462,0.1113486886024475,,
HMDB0000760,168,0.0026355704965896,0.1,36,0.548068344551618,0.1347402930259704,36,0.5263160330456031,0.1300535947084427,168,36,36,0.3357538225478966,0.4458662976480361,0.1517626494169235,0.1452178657054901,-0.08044973539756706,-0.21231452200372142
HMDB0000782,168,0.0012806019833037,0.9,36,0.6167804443878452,0.1109558120369911,36,0.5422577626870378,0.1045243591070175,168,36,36,0.610299183212014,0.4019883129374393,0.1075114905834198,0.114964485168457,-0.14026944974959854,-0.006481261175831143
HMDB0000854,168,0.0274677468197686,0.1,36,,0.1760720610618591,36,,0.1988135427236557,168,36,36,-0.0702800418491339,0.0430790111993295,0.1752806007862091,0.1968893408775329,,
HMDB0000855,168,0.0450351514986583,0.1,36,,0.0856444537639617,36,,0.0874465182423591,168,36,36,0.3983759187109797,0.1384111911429145,0.0827079191803932,0.090633176267147,,
HMDB0000856,168,0.0211922292198453,0.1,36,,0.100111074745655,36,,0.1072980910539627,168,36,36,0.0619553057015042,0.1857363903025641,0.0983309000730514,0.1059591472148895,,
HMDB0000917,168,0.0011566679218682,0.9,36,0.4986556930497792,0.2988723218441009,36,0.5281483664987743,0.2613147795200348,168,36,36,0.5208534659338331,0.5453108414283918,0.2849915623664856,0.2542786002159118,0.017162474929617533,0.02219777288405389
HMDB0000946,555,0.0166350954353224,0.9,111,0.8805388769033364,2.031923770904541,119,0.8014371055344898,1.863354206085205,555,111,119,0.9334578580204654,0.9596119396866348,1.4209808111190796,1.0828839540481567,0.15817483415214506,0.052918981117129005
HMDB0001251,259,0.0065768036603007,0.1,56,0.1186134986204789,0.1328130662441253,56,0.2360774348507341,0.1320560574531555,259,56,56,0.1841532556985723,0.0011830291747357,0.1294211149215698,0.1341491192579269,-0.2348944056759984,0.0655397570780934
HMDB0001353,168,0.0082455660615648,0.5,36,,0.1445237249135971,36,,0.1559530943632125,168,36,36,0.1364823230191864,0.1451244568990553,0.1438041180372238,0.153851643204689,,
HMDB0001429,259,0.0037245216349627,0.1,56,0.2560470181366088,0.2169633954763412,56,0.5828524964951858,0.2588367760181427,259,56,56,0.0008870906439908,0.21520288926554,0.2271548956632614,0.2964937090873718,-0.3676496072296458,-0.255159927492618
HMDB0001480,168,0.0017945356204065,0.1,36,0.387148200005918,0.1618443131446838,36,0.6083309278956157,0.1321165859699249,168,36,36,0.2171185044252377,0.3187056887986442,0.1857833415269851,0.1725669205188751,-0.2896252390969715,-0.1700296955806803
HMDB0001857,168,0.0023519470499306,0.9,36,,0.1077900007367134,36,,0.1177680864930152,168,36,36,0.1918115633688372,-0.3685227090447807,0.1002209037542343,0.122681125998497,,
HMDB0001890,168,0.0013649404962906,0.5,36,0.1730774095683842,0.0846066996455192,36,0.0189894661799935,0.0850018262863159,168,36,36,0.2204741707036568,0.204708710198041,0.0849179327487945,0.0840437710285186,0.18571924401804749,0.04739676113527261
HMDB0001893,302,0.0061291999059007,0.1,70,0.9371138205552906,1.0523838996887207,74,0.951703185350864,0.933996856212616,302,70,74,0.94879029708297,0.9560219374791028,0.8770961165428162,0.7873873114585876,0.004318752128238845,0.011676476527679447
HMDB0002001,168,0.0264842435717582,0.1,36,,0.0618090629577636,36,,0.0719400271773338,168,36,36,0.3115834033948487,0.164944065150086,0.0589271038770675,0.0692062526941299,,
HMDB0002032,168,0.0019973691211777,0.1,36,0.3538565919743858,0.1428306698799133,36,0.2123512456988995,0.1441980302333831,168,36,36,-0.0248701809102221,0.0279600621241442,0.1654778867959976,0.1533012837171554,-0.18439118357475529,-0.3787267728846079
HMDB0002201,168,0.0019642380731446,0.1,36,0.1969267487928908,0.0725564435124397,36,0.0183213643104235,0.0781752541661262,168,36,36,-0.0961036313176849,0.0353545788262555,0.0777799114584922,0.0795993506908416,0.017033214515832,-0.2930303801105757
HMDB0002545,302,0.0004775142599503,0.9,70,0.9336095394240632,0.7077292203903198,74,0.953591161035895,0.7752183675765991,302,70,74,0.9680184375805728,0.9278877792336708,0.4665703773498535,0.8305947184562683,-0.0257033818022242,0.034408898156509604
HMDB0002869,259,0.0040095372871267,0.1,56,0.3084722576781453,0.140003815293312,56,0.3686517950674288,0.1612832844257354,259,56,56,0.1497386011532461,0.2911483815307311,0.1549177020788192,0.1766801923513412,-0.07750341353669771,-0.15873365652489918
HMDB0002902,302,0.0199943946835744,0.1,70,0.9257563343438776,0.8366026282310486,74,0.9725959283659512,0.5892927050590515,302,70,74,0.9611105858606837,0.9505502668244388,0.5337191224098206,0.5868031978607178,-0.02204566154151244,0.035354251516806046
HMDB0002931,168,0.0036158992184533,0.9,36,,0.151814728975296,36,,0.1069582924246788,168,36,36,0.5290223984404783,-0.035904447515382,0.1451778262853622,0.104178562760353,,
HMDB0003148,168,0.0045266692890604,0.1,36,0.17023685531093,0.0888847410678863,36,-0.0016155792709358,0.0920706912875175,168,36,36,0.1431515215961889,0.1934859885195163,0.0971423462033271,0.0971132814884185,0.1951015677904521,-0.02708533371474109
HMDB0003219,168,0.0025787075722113,0.1,36,0.2446183875418222,0.0860144272446632,36,0.3303311289140354,0.0982744544744491,168,36,36,0.1004357083147274,0.3222726620703639,0.0878554731607437,0.1040317863225936,-0.008058466843671452,-0.1441826792270948
HMDB0003236,168,0.0025109589275205,0.5,36,0.2750835638958427,0.2559009194374084,36,-0.1712994396972692,0.2899813652038574,168,36,36,-0.0032589482491755,0.3268731022206392,0.2685305476188659,0.2862981855869293,0.4981725419179084,-0.2783425121450182
HMDB0003320,168,0.0262230395846293,0.1,36,0.2699497045481674,0.1143713295459747,36,0.1632944995635277,0.0821409299969673,168,36,36,0.2280876260479306,0.0245512635163568,0.1139969825744628,0.0888066291809082,-0.1387432360471709,-0.04186207850023682
HMDB0003681,259,0.0170152806914322,0.1,56,0.3100789905195802,0.1694973260164261,56,0.326813246387499,0.2025119960308075,259,56,56,0.3671894670864907,0.4254868555791505,0.1714230924844741,0.1916325837373733,0.09867360919165152,0.057110476566910484
HMDB0003869,168,0.0026871783177562,0.1,36,0.1314895045279832,0.0923937708139419,36,0.3536232487149772,0.0816486999392509,168,36,36,0.4340531232433729,0.3055028430551617,0.0887704789638519,0.0874993801116943,-0.04812040565981551,0.3025636187153897
HMDB0004089,168,0.0074536384241181,0.1,36,0.2533994035023212,0.1088069975376129,36,-0.1315055632922189,0.1015853732824325,168,36,36,0.456843989401533,0.0408552203926469,0.1145507991313934,0.1067636609077453,0.1723607836848658,0.20344458589921177
HMDB0004225,168,0.0012945596510749,0.9,36,0.3186318558814192,0.1638211607933044,36,0.2360316688226586,0.1513086259365081,168,36,36,0.1469477003628983,-0.1014734667426174,0.1628670692443847,0.1584862917661667,-0.337505135565276,-0.17168415551852087
HMDB0004284,302,0.011669355533515,0.9,70,0.9653327828007664,0.6771307587623596,74,0.9295783628434346,0.8663719892501831,302,70,74,0.9636041217302376,0.9267453272039912,0.5753559470176697,0.8578915596008301,-0.002833035639443482,-0.0017286610705288252
HMDB0004989,168,0.0033198894489915,0.5,36,0.2060380997893194,0.1864034533500671,36,-0.0254628047660957,0.1859820783138275,168,36,36,0.2614934124740973,0.1707627506062941,0.1742191165685653,0.1724671274423599,0.19622555537238978,0.05545531268477791
HMDB0005199,168,0.00185000314606,0.9,36,0.1259130182152583,0.1342067718505859,36,0.128091483573315,0.1585125178098678,168,36,36,0.0946558791539046,0.006193842417148,0.1316283941268921,0.1576181203126907,-0.12189764115616701,-0.0312571390613537
HMDB0006028,168,0.0036511747610001,0.1,36,0.2386893482204029,0.1473391652107238,36,0.2120838562703024,0.1370313167572021,168,36,36,0.5493776784662822,0.419132560829024,0.1462253034114837,0.1340503990650177,0.2070487045587216,0.3106883302458793
HMDB0006101,259,0.0062652084638696,0.5,56,0.1760957952114201,0.2022973746061325,56,0.1730912695175917,0.1968663036823272,259,56,56,0.2028734524465152,-0.1099736924086827,0.2041568607091903,0.2137589156627655,-0.2830649619262744,0.026777657235095093
HMDB0006409,168,0.0467360906657718,0.1,36,,0.2060851454734802,36,,0.2448793798685073,168,36,36,-0.1435353056397679,0.0654117813345966,0.1900675445795059,0.2314832210540771,,
HMDB0006750,168,0.0052727316393503,0.9,36,0.0577065499082275,0.2403335571289062,36,0.5590296949084609,0.1874656081199646,168,36,36,0.4761874199359129,0.3342615845849755,0.2128254771232605,0.1867753267288208,-0.22476811032348537,0.4184808700276854
HMDB0006809,259,0.0173417571971092,0.1,56,0.3513706624408498,0.2810903191566467,56,0.4596328262214194,0.257813960313797,259,56,56,0.3141247501763053,0.458605585162829,0.2799636125564575,0.2558752000331878,-0.0010272410585903669,-0.03724591226454449
HMDB0008928,168,0.0106192160220373,0.5,36,,0.1483591347932815,36,,0.1491574198007583,168,36,36,0.1341801100778346,0.015919042779832,0.146925151348114,0.1484510600566864,,
HMDB0010224,168,0.0078242896568207,0.5,36,,0.1515206545591354,36,,0.1947612166404724,168,36,36,0.1638295745178782,0.0459665688070882,0.1524370163679123,0.2031539529561996,,
HMDB0011103,168,0.0040477436213266,0.1,36,0.2425879240703027,0.1220140606164932,36,0.1073917144330227,0.1259234249591827,168,36,36,0.0849309464672253,0.3225625121193971,0.1328996866941452,0.1297723948955536,0.21517079768637443,-0.1576569776030774
HMDB0011105,168,0.001891645735307,0.5,36,0.3128316965430328,0.1584632843732834,36,0.168568650910296,0.1660704463720321,168,36,36,0.1348195332664213,0.4085999587473561,0.1691469252109527,0.1614920049905777,0.24003130783706011,-0.17801216327661148
HMDB0011171,259,0.007201630585391,0.9,56,,0.1528228670358657,56,,0.1696799844503402,259,56,56,0.2906458980709165,0.2603490603305289,0.1419476866722107,0.1608447283506393,,
HMDB0011538,168,0.001158638132943,0.9,36,0.2596036172188554,0.1820981800556183,36,0.3943319379518656,0.1545793861150741,168,36,36,0.4453739617435227,0.1029023632692561,0.1958936601877212,0.1978810280561447,-0.2914295746826095,0.18577034452466729
HMDB0011567,211,0.0221914719075701,0.9,50,0.8987720460974922,1.660913109779358,54,0.952780933053724,0.8995754718780518,211,50,54,0.9553396434375374,0.9346868226665116,1.0946942567825315,0.9488338828086852,-0.018094110387212425,0.05656759734004524
HMDB0011599,168,0.0013303953131497,0.9,36,0.2377496307017979,0.1075793430209159,36,0.3729575871671311,0.093198075890541,168,36,36,-0.1258182424837333,-0.1144474418289067,0.1174130290746688,0.1020762100815773,-0.4874050289960378,-0.3635678731855312
HMDB0011635,259,0.0096906469134325,0.1,56,0.3076719729320962,0.2441049516201019,56,0.216040495448246,0.244768276810646,259,56,56,0.4466035996256047,0.3617539790704983,0.2436646372079849,0.2523120045661926,0.14571348362225228,0.1389316266935085
HMDB0011741,168,0.0096946660294693,0.1,36,0.2678271808464756,0.1160599291324615,36,-0.1451571905141803,0.1092594563961029,168,36,36,0.0521566458931822,-0.1530697477305695,0.1159413382411003,0.1087325736880302,-0.007912557216389199,-0.2156705349532934
HMDB0011749,369,0.0030639374831244,0.1,79,0.3923062463067647,0.1698922514915466,79,0.6037061708290997,0.1747202724218368,369,79,79,0.46167997589722,0.2223634802380665,0.1626212745904922,0.2042804211378097,-0.3813426905910332,0.06937372959045529
HMDB0011760,168,0.0015818732605689,0.1,36,0.2184763747752074,0.1637408435344696,36,0.3417634739487684,0.1445211917161941,168,36,36,0.5211177868124521,0.0159476630366154,0.1547864824533462,0.1656034588813781,-0.325815810912153,0.3026414120372447
HMDB0012265,168,0.030812830442474,0.1,36,,0.0862720310688018,36,,0.1190490573644638,168,36,36,0.3666437449151813,0.3640815752829317,0.0831488221883773,0.1107303202152252,,
HMDB0012958,168,0.0289317096273104,0.1,36,,0.0959373712539672,36,,0.1162201017141342,168,36,36,-0.0234117757161771,0.2154125493229335,0.1029486283659935,0.1207006126642227,,
HMDB0013713,388,0.0009965638622795,0.5,75,0.8994066177258366,1.3332252502441406,72,0.919745944933696,1.227577567100525,388,75,72,0.9611290466433104,0.9814951134326148,0.5888242125511169,0.4521512389183044,0.06174916849891876,0.061722428917473815
HMDB0028691,259,0.0081276718714062,0.1,56,0.1736175579831489,0.2279123961925506,56,0.3981350495909231,0.1905756443738937,259,56,56,0.1561314834118727,0.2822539556940155,0.2175488471984863,0.2015047818422317,-0.1158810938969076,-0.01748607457127621
HMDB0028844,259,0.0019474850164555,0.1,56,0.2141491998946573,0.1468072831630706,56,0.3539573886770328,0.1360599845647812,259,56,56,0.1978652770425013,0.4143514868784876,0.1478578746318817,0.136872261762619,0.060394098201454804,-0.01628392285215602
HMDB0028854,259,0.0024455352141417,0.1,56,0.1501207853361438,0.1338343173265457,56,0.3383694666219167,0.1217530965805053,259,56,56,0.2389518630929687,0.5147781893045799,0.1314542591571808,0.1111494824290275,0.17640872268266317,0.08883107775682489
HMDB0028907,259,0.0036043996516341,0.1,56,0.4338063363331476,0.1379586160182953,56,0.3810193861843107,0.1284244507551193,259,56,56,0.1234095008381687,0.2371231322958185,0.1476248800754547,0.132383793592453,-0.1438962538884922,-0.3103968354949789
HMDB0028922,259,0.0016547597462563,0.9,56,0.2881971516739641,0.2193281948566436,56,0.3991168014145504,0.180653765797615,259,56,56,0.1397815467562227,0.3128162240856066,0.2213705629110336,0.1903246194124221,-0.0863005773289438,-0.1484156049177414
HMDB0028927,168,0.0021964900690022,0.1,36,0.4261458925439571,0.1356740593910217,36,0.1925706166703341,0.1172084137797355,168,36,36,0.4336159812624505,0.2409081076190184,0.1391441524028778,0.1291227787733078,0.04833749094868431,0.007470088718493362
HMDB0028955,259,0.0067775787994208,0.1,56,0.1387857930327285,0.1889384686946869,56,0.3904088602853779,0.2005412876605987,259,56,56,0.0338114445273943,0.2303470392544813,0.2035110741853714,0.2194365262985229,-0.1600618210308966,-0.10497434850533421
HMDB0028988,259,0.0014348612893835,0.1,56,0.0896987470514688,0.2486806958913803,56,0.1270830656173096,0.1674782335758209,259,56,56,0.1757998828611549,0.1605691475954363,0.2378968149423599,0.1716885566711425,0.03348608197812672,0.08610113580968609
HMDB0028995,259,0.0011229174477713,0.5,56,0.1477319943631018,0.2242359369993209,56,0.2301376932806648,0.1662191897630691,259,56,56,0.1656985390791295,0.2361849052602693,0.2164113521575927,0.1800447702407837,0.006047211979604505,0.017966544716027683
HMDB0029068,259,0.0025797271871972,0.1,56,0.3246546550743867,0.1944807320833206,56,0.4440272080287943,0.1714402437210083,259,56,56,0.1981740259988027,0.2511319975436065,0.1959038078784942,0.1867246329784393,-0.19289521048518782,-0.12648062907558397
HMDB0029083,259,0.0034808367651727,0.1,56,0.2627364818255584,0.212144985795021,56,0.2945406352791617,0.1995235532522201,259,56,56,0.2626350758442629,0.2948703506692235,0.2154950350522995,0.1971103996038437,0.0003297153900618244,-0.00010140598129554368
HMDB0029105,168,0.0004853864037801,0.9,36,0.1593897494422807,0.1140520200133323,36,-0.0887540354562811,0.1317861825227737,168,36,36,0.0864035446784251,0.0328208296652259,0.1311297118663787,0.1360313594341278,0.121574865121507,-0.0729862047638556
HMDB0029125,259,0.0006413486371066,0.9,56,0.3072544370363756,0.2085709869861602,56,0.3854025929973176,0.1724716871976852,259,56,56,0.2186388926803335,0.2416023648648249,0.2117502391338348,0.1860734969377517,-0.1438002281324927,-0.0886155443560421
HMDB0029127,259,0.0030856456452238,0.1,56,0.2162835587025114,0.1723026037216186,56,0.3112425936531636,0.1597757637500763,259,56,56,0.1258375925180776,0.2575438034559159,0.173325777053833,0.164939597249031,-0.053698790197247714,-0.09044596618443379
HMDB0029131,259,0.0033297800530584,0.1,56,0.317123139005695,0.2054785639047622,56,0.3889070046534812,0.1748645007610321,259,56,56,0.1701004802531635,0.2356402893612375,0.2033322900533676,0.1880722790956497,-0.15326671529224373,-0.1470226587525315
HMDB0029159,168,0.005354080053427,0.1,36,0.1319262518144258,0.1162140220403671,36,0.0130443293728412,0.1127786636352539,168,36,36,-0.0718104456042558,-0.0270933747704383,0.116425447165966,0.1120284497737884,-0.040137704143279496,-0.2037366974186816
HMDB0029224,259,0.0024769078094731,0.9,56,0.2315387490427474,0.2393540292978286,56,0.2727491481525729,0.1966667920351028,259,56,56,0.2435210801973622,0.1364058919608468,0.2345869392156601,0.2065574824810028,-0.1363432561917261,0.011982331154614806
HMDB0031193,259,0.0029728883582314,0.1,56,0.0296840532851908,0.1998792439699173,56,0.6203389388531871,0.2211215496063232,259,56,56,0.0812928967856302,0.1835485726302345,0.1976581364870071,0.2593174576759338,-0.43679036622295264,0.0516088435004394
HMDB0033143,168,0.0060980263210478,0.1,36,0.4269716535025749,0.1676671802997589,36,0.2639285478370299,0.1630727052688598,168,36,36,0.3942212329249022,0.343560678439376,0.1915258467197418,0.1807549893856048,0.07963213060234609,-0.03275042057767269
HMDB0033844,168,0.0050260566529773,0.1,36,0.2467290097036832,0.1457722783088684,36,0.0758562761263077,0.1102613881230354,168,36,36,0.2915432490690835,0.018495954180329,0.1358968615531921,0.0881478115916252,-0.057360321945978704,0.04481423936540033
HMDB0034301,168,0.0018470968886482,0.5,36,0.488670329330266,0.165447860956192,36,-0.0599977716625682,0.2389971911907196,168,36,36,0.16624301071482,-0.0142083416568037,0.1806531399488449,0.2397148609161377,0.0457894300057645,-0.322427318615446
HMDB0034367,168,0.0021911964714709,0.1,36,0.2112208327872144,0.1249080225825309,36,0.2836718438821672,0.1079349294304847,168,36,36,0.0921233105246354,0.1790728326353161,0.1275741457939148,0.1144545599818229,-0.10459901124685111,-0.119097522262579
HMDB0035514,168,0.0211005910026897,0.1,36,0.2617208105037741,0.1840367466211319,36,0.1146718630005431,0.157479703426361,168,36,36,0.076976017598306,0.0847421241509125,0.1837429404258728,0.1588366478681564,-0.0299297388496306,-0.1847447929054681
HMDB0037396,168,0.0083591164577574,0.1,36,0.0286080701598039,0.1507459282875061,36,-0.1579456626382277,0.1885033696889877,168,36,36,0.1824308413674802,0.1126989395324669,0.1452951431274414,0.1895008385181427,0.27064460217069464,0.1538227712076763
HMDB0061384,168,0.0262490872825895,0.1,36,,0.1003519594669342,36,,0.1196949332952499,168,36,36,-0.1423406150190112,0.2102367537198477,0.0981568396091461,0.1115008294582367,,
HMDB0061658,168,0.0051869226072586,0.1,36,0.3351111999235964,0.1832741051912307,36,0.4341372757043315,0.1415044069290161,168,36,36,0.3161069950842837,0.3299585576911344,0.1752149313688278,0.1565140336751938,-0.10417871801319711,-0.0190042048393127
HMDB0061684,168,0.0059061237270869,0.9,36,,0.108476884663105,36,,0.1594388037919998,168,36,36,-0.0244297292639849,0.2616376578211827,0.1216435804963111,0.1573253124952316,,
HMDB0061705,259,0.0093704282547055,0.1,56,-0.0983404412171875,0.1056962236762046,56,0.0571167783638152,0.1204341500997543,259,56,56,0.3050868275005816,0.0802831102123784,0.0905927568674087,0.1197374016046524,0.023166331848563197,0.40342726871776907
HMDB0061707,259,0.001101840468038,0.9,56,0.4361815396151947,0.149464413523674,56,0.4090172559711797,0.1539144366979599,259,56,56,0.0108479017069282,0.2003866911157134,0.1576437205076217,0.1644687503576278,-0.20863056485546633,-0.4253336379082665
HMDB0061709,259,0.0026869206815152,0.5,56,0.3380728797472505,0.1828504353761673,56,0.4103424743692617,0.1735762506723404,259,56,56,0.1351917165631447,0.307306198001102,0.180355429649353,0.1800062209367752,-0.10303627636815971,-0.2028811631841058
HMDB0061711,259,0.0079706525250291,0.1,56,0.1521272965159585,0.2426658868789672,56,0.3394764888961402,0.2510634660720825,259,56,56,0.3039535391056701,0.235479314636448,0.2380776703357696,0.2653018832206726,-0.10399717425969218,0.15182624258971159
HMDB0061714,168,0.0007779453146749,0.5,36,0.355607017331684,0.1399199217557907,36,0.3742852421977876,0.1789665222167968,168,36,36,0.285169241325823,0.5397689020799545,0.1471117734909057,0.1752348095178604,0.16548365988216696,-0.07043777600586099
HMDB0061715,168,0.0036904151950563,0.1,36,0.3657495168238788,0.0758502557873725,36,0.2028361029557143,0.0963477864861488,168,36,36,0.2153652834928437,0.0018402307727813,0.0848935469985008,0.0972767099738121,-0.200995872182933,-0.1503842333310351
HMDB0061717,168,0.0070502020063854,0.1,36,0.0406801298281606,0.1252246350049972,36,0.3239749794946867,0.1203494444489479,168,36,36,0.3656543688750484,0.1239970702580273,0.1198295205831527,0.1341481059789657,-0.19997790923665937,0.32497423904688777
HMDB0061864,168,0.0058300406450317,0.1,36,0.3086225121058708,0.133613109588623,36,0.3735912187004027,0.1620716899633407,168,36,36,0.5632349939978838,0.2206322763295031,0.1284312754869461,0.1701934337615966,-0.15295894237089958,0.25461248189201297
HMDB0061914,259,0.0020369446875966,0.1,56,0.1207995065118488,0.1820868402719497,56,0.479370699893789,0.1707271486520767,259,56,56,0.1943652956512915,0.3390425636659182,0.1663797795772552,0.1881290674209594,-0.14032813622787083,0.07356578913944269
HMDB0061918,168,0.0091393407728397,0.1,36,0.2581203003046027,0.141081154346466,36,0.4283352185679183,0.1021516621112823,168,36,36,0.306819685227092,0.4240777951974716,0.1336635500192642,0.0994765013456344,-0.004257423370446711,0.04869938492248932
HMDB0062121,259,0.0019274231656311,0.9,56,0.3193175891422054,0.2167422026395797,56,0.3275565870135243,0.2535242736339569,259,56,56,0.1852507129531685,0.3367362533208914,0.2238757908344268,0.2636345326900482,0.009179666307367107,-0.13406687618903693
HMDB0062164,168,0.0267368040624118,0.1,36,,0.1045173108577728,36,,0.1231712102890014,168,36,36,0.3110181683138021,0.3419037341313204,0.0934848636388778,0.1175319328904151,,
HMDB0062549,168,0.0315863213368824,0.1,36,,0.1373750567436218,36,,0.1464314013719558,168,36,36,0.1762105303568054,0.3937480561238958,0.1351751387119293,0.1408134251832962,,
HMDB0062558,168,0.0129256666797959,0.1,36,0.3188171024464638,0.1419514268636703,36,0.4884162618966764,0.1221060380339622,168,36,36,0.4588594761939182,0.4102161468358157,0.1282801628112793,0.1155519783496856,-0.07820011506086072,0.14004237374745443
HMDB0062562,168,0.0127184556238104,0.1,36,0.0310026287222825,0.0845261290669441,36,-0.3226890318122123,0.0902534201741218,168,36,36,0.1845487707277059,-0.3012280204664095,0.0822042301297187,0.0849525034427642,0.021461011345802805,0.1535461420054234
HMDB0094656,168,0.0018749112236677,0.1,36,0.349037340503572,0.0820270776748657,36,0.2668821030577482,0.084743432700634,168,36,36,-0.0461829298085111,0.1299737859363003,0.0949141681194305,0.0961531847715377,-0.13690831712144788,-0.39522027031208307
HMDB0094701,259,0.0032403762773239,0.1,56,0.0685199250891265,0.2123551666736602,56,0.453340322323297,0.2351939976215362,259,56,56,0.0426051318279363,0.1195867713429276,0.2248956114053726,0.2569439709186554,-0.3337535509803694,-0.025914793261190193
HMDB0094704,168,0.0108016984693242,0.1,36,0.2463367246825828,0.1580650061368942,36,0.4121284437149653,0.1886395514011383,168,36,36,0.2361337903338778,0.4364585153902559,0.1700257062911987,0.1842763423919677,0.024330071675290554,-0.010202934348705006
HMDB0240316,168,0.0053726745225879,0.1,36,0.4125650261420739,0.0908456221222877,36,0.2166245379780706,0.1239770278334617,168,36,36,0.0975478927548798,-0.0116604649291036,0.1041953861713409,0.1291297078132629,-0.2282850029071742,-0.3150171333871941
HMDB0240317,168,0.0012395717376836,0.5,36,0.1083765379575373,0.0644748583436012,36,0.1748940604157635,0.0845737159252166,168,36,36,-0.2456788875229578,0.043838237577399,0.0648788437247276,0.0834193974733352,-0.1310558228383645,-0.35405542548049507
HMDB0240341,168,0.0027413976503244,0.5,36,0.2370035552796495,0.1996988654136657,36,-0.0184366974363859,0.2015555202960968,168,36,36,0.0476235297217919,0.2404180412579267,0.2098489999771118,0.2023614346981048,0.25885473869431264,-0.1893800255578576
HMDB0240343,168,0.0019209940939486,0.1,36,0.0990490189149972,0.0798835903406143,36,0.2914988869579612,0.0806253030896186,168,36,36,-0.0117960167349107,0.3134255237496522,0.083571471273899,0.0809174180030822,0.02192663679169099,-0.1108450356499079
HMDB0240347,168,0.0107612510522206,0.1,36,0.4333357549058804,0.123779110610485,36,0.4559598415752177,0.1565782874822616,168,36,36,0.5305766585449849,0.4424947650067341,0.117598257958889,0.1624690294265747,-0.013465076568483558,0.09724090363910454
HMDB0240589,168,0.0035735354537055,0.1,36,0.1711439640782672,0.1218849569559097,36,0.3904066538122132,0.1058663129806518,168,36,36,0.1748492588822742,0.2364229367701987,0.1179767325520515,0.1170103177428245,-0.15398371704201447,0.0037052948040069977
HMDB0240598,168,0.0096576637504937,0.1,36,0.287377129051572,0.1361843943595886,36,0.2449682238069622,0.1183080002665519,168,36,36,0.2903601395962176,0.2215333972440031,0.1393577754497528,0.1213144212961196,-0.023434826562959116,0.0029830105446456145
HMDB0240599,168,0.0103155353239604,0.5,36,,0.1350338011980056,36,,0.1247627586126327,168,36,36,0.309064125084586,0.1142472580731413,0.1312232762575149,0.1237592995166778,,
HMDB0240601,168,0.0347253077086948,0.1,36,,0.1411129832267761,36,,0.1180258989334106,168,36,36,-0.1604449745191337,0.31237120257378,0.152098536491394,0.1199531704187393,,
HMDB0240602,168,0.0027680432468681,0.9,36,0.5707875621952364,0.1644103229045868,36,0.2301039653578255,0.2003573626279831,168,36,36,0.4066467267361281,0.380015540612898,0.1795837581157684,0.1956535875797271,0.14991157525507248,-0.1641408354591083
HMDB0240653,168,0.0053758703574002,0.1,36,-0.2288088597826038,0.1008885130286216,36,0.4540246938596834,0.0769737586379051,168,36,36,-0.0554686801216788,0.292176933878976,0.0977279469370842,0.0801710411906242,-0.16184775998070744,0.173340179660925
HMDB0244966,168,0.0260184705257415,0.1,36,,0.1160078346729278,36,,0.1339022815227508,168,36,36,-0.0025027849180758,0.2591222530403094,0.1214703321456909,0.1294553875923156,,
HMDB0245405,168,0.0007710952598294,0.9,36,0.1169497074332991,0.0956577286124229,36,0.3846733460351636,0.0750797018408775,168,36,36,0.0770722590958152,0.1067569932753025,0.0908665359020233,0.0803326591849327,-0.27791635275986115,-0.03987744833748391
HMDB0250705,168,0.0015572344972973,0.1,36,0.4230529103868051,0.0842503979802131,36,0.2985429694531484,0.0969720780849456,168,36,36,0.4413104539419658,0.5766437082570472,0.0861175060272216,0.0889549255371093,0.27810073880389885,0.018257543555160682
HMDB0252850,168,0.0044995471835136,0.1,36,0.5500826164247119,0.1219130903482437,36,0.3824894113779442,0.1022545918822288,168,36,36,0.3976824383627694,0.2970569129174001,0.1231316179037094,0.1135812327265739,-0.08543249846054407,-0.1524001780619425
HMDB0255025,168,0.0059606028454644,0.1,36,0.2929565795506173,0.1195413023233413,36,0.5982863498730359,0.1119392216205596,168,36,36,0.3550093882426674,0.5727123523063558,0.1231483221054077,0.1118054240942001,-0.025573997566680107,0.0620528086920501
HMDB0303991,168,0.0058620875837696,0.5,36,0.2916674938698673,0.141087993979454,36,0.0647630373516558,0.1255379915237426,168,36,36,0.1482417977499643,0.2754292146217262,0.1430007964372635,0.1269381195306778,0.21066617727007042,-0.143425696119903
HMDB0304377,297,0.0004143702845603,0.9,55,0.899121357708666,1.8216880559921265,52,0.9238399909644656,1.710221529006958,297,55,52,0.9651338993298416,0.985463287549799,0.7337385416030884,0.5071982145309448,0.06162329658533339,0.06601254162117565
METPA0292,168,0.0071130253019787,0.1,36,0.3986912746341347,0.1492051482200622,36,0.2221890719078708,0.1815222948789596,168,36,36,0.3144727465554658,-0.0454214750418167,0.1528933346271515,0.1940342038869857,-0.2676105469496875,-0.08421852807866886
METPA0616,168,0.0046406686305999,0.9,36,,0.1203619539737701,36,,0.1073501482605934,168,36,36,0.3889830030410522,0.08282282395728,0.1106115877628326,0.1025346517562866,,
METPA1634,168,0.0019036871761423,0.9,36,0.556290311826532,0.1887915134429931,36,0.1864321025504625,0.1649213433265686,168,36,36,0.2001537733026109,0.4651296170731278,0.2043264508247375,0.1649783849716186,0.2786975145226653,-0.35613653852392113
HMDB0000756,156,0.3549360311948336,0.1,29,,0.981155276298523,20,,1.1853538751602173,156,29,20,0.5465616557128031,0.4397127881364174,0.923168957233429,1.1333997249603271,,
HMDB0003073,197,0.0037280899577596,0.1,40,0.7208655962538668,1.2054427862167358,27,0.7616038556559276,0.9743019938468932,197,40,27,0.6677517829008044,0.7866067630345225,1.3032822608947754,0.9044463634490968,0.025002907378594896,-0.05311381335306242
HMDB0000466,194,0.00084989852512,0.1,35,0.2542685467765866,1.856838345527649,43,0.6395915177423515,1.896865725517273,194,35,43,0.2306872849911137,0.6979690681370676,1.9656291007995603,2.0078940391540527,0.05837755039471615,-0.0235812617854729
HMDB0000738,395,0.0006351294215721,0.1,78,0.6503756488765554,0.8768580555915833,86,0.5956365174766507,0.8854404091835022,395,78,86,0.7003120238604076,0.4614575930351607,0.8972615003585815,0.9644977450370787,-0.13417892444149,0.04993637498385217
HMDB0002176,517,0.0001521972715278,0.5,95,0.8834347203695513,0.4959281086921692,115,0.8434032114614578,0.487080454826355,517,95,115,0.9578871812786328,0.9163860610699308,0.3434458971023559,0.320548951625824,0.07298284960847301,0.07445246090908153
C00860,129,0.0024146755952452,0.1,19,0.7233316292470432,0.8464417457580566,16,0.5703565862885855,0.7973711490631104,129,19,16,0.2874901652930169,0.2331189395103504,0.8038376569747925,0.9180924892425536,-0.33723764677823515,-0.4358414639540263
HMDB0000055,169,0.1398520475919063,0.5,33,0.6368186451190196,1.6620416641235352,34,0.6980050501918827,1.858244061470032,169,33,34,0.7786930311200377,0.8092806063176254,1.3745644092559814,1.5759477615356443,0.11127555612574269,0.1418743860010181
HMDB0000318,289,0.0006260174872645,0.9,55,0.9643354079017596,1.3029743432998655,53,0.9708286858277236,1.2128961086273191,289,55,53,0.986954554499912,0.9949240107531052,0.731778085231781,0.5446794033050537,0.024095324925381578,0.02261914659815234
HMDB0000439,199,0.0071576538708916,0.5,35,0.9895549121173104,0.7964734435081482,34,0.9830520796971928,1.034948229789734,199,35,34,0.9939851263576508,0.9966165752547356,0.5233079195022583,0.4524119198322296,0.0135644955575428,0.004430214240340402
HMDB0000982,124,0.0267920486796058,0.9,17,0.3231977336035039,1.723563551902771,15,-0.5156350513000999,1.3086823225021362,124,17,15,-0.2228324736905651,-0.3052351534205137,1.823249340057373,1.358082294464111,0.21039989787958618,-0.546030207294069
HMDB0001182,129,0.0068838496540868,0.5,19,0.3191365688259885,0.6095935106277466,16,0.5669773133079866,0.5748620629310608,129,19,16,0.274935351643417,0.3746143983618983,0.6512874960899353,0.6122213006019592,-0.19236291494608831,-0.04420121718257153
HMDB0001713,128,0.009662579228781,0.1,19,0.1138573210294361,0.8060505390167236,16,0.446960720446963,0.7115541696548462,128,19,16,0.0688047204215121,0.2699499771000813,0.7856094241142273,0.8033699989318848,-0.17701074334688172,-0.045052600607924
HMDB0002802,101,0.2842952001212847,0.1,16,,1.424771785736084,14,,1.1225996017456057,101,16,14,-0.0037091202515945,-0.2004013487897572,1.4075981378555298,1.1847169399261477,,
HMDB0003896,129,0.2171890495359435,0.1,19,,0.6972519755363464,16,,0.7665573358535767,129,19,16,0.6738654861355017,0.2003555119994734,0.6448468565940857,0.7342031002044678,,
HMDB0004063,129,0.0016784372854204,0.1,19,0.7652694058034495,0.8851167559623718,15,0.5886041308799445,0.8170109391212463,129,19,15,0.8684030410134644,0.7789544054318376,0.9052674174308776,0.6387718915939331,0.19035027455189313,0.10313363521001495
HMDB0004667,129,0.1157022529078169,0.1,19,0.1445600859144008,0.775031566619873,16,0.0602695923122693,1.1904699802398682,129,19,16,-0.0196302529489901,0.5703597687581888,0.8461610078811646,1.112841248512268,0.5100901764459196,-0.1641903388633909
HMDB0012884,129,0.0036348165467728,0.1,19,0.2230979122562017,0.6855711340904236,16,0.1072409949524066,0.7699075937271118,129,19,16,0.1979393493267499,-0.2597510942253466,0.7105098366737366,0.8128365278244019,-0.36699208917775317,-0.025158562929451816
HMDB0015168,117,0.0076795579508579,0.9,16,0.4907693501937251,0.9487966299057008,12,0.4454460123663858,1.0115875005722046,117,16,12,0.3933850750980012,0.19589559793242,1.1641355752944946,1.1534830331802368,-0.2495504144339658,-0.0973842750957239
HMDB0028680,220,0.0051837432719183,0.5,39,0.9819398297440366,0.7608890533447266,36,0.9814121536510212,0.7862178087234497,220,39,36,0.9915321333597676,0.9946937419510008,0.4772029817104339,0.4318402707576751,0.013281588299979608,0.009592303615731046
HMDB0031667,129,0.0124219327332509,0.1,19,0.5067623690441178,1.232283592224121,16,0.0970885135744254,1.0615371465682983,129,19,16,0.60721025746202,0.3511497730411093,1.2374876737594604,1.050099492073059,0.2540612594666839,0.1004478884179022
HMDB0060564,129,0.0255146894940972,0.1,19,-0.3882414587435884,1.4174038171768188,16,-0.0722844097972111,1.2517647743225098,129,19,16,-0.1587389013562625,0.0873789211003765,1.383833885192871,1.2317426204681396,0.1596633308975876,0.2295025573873259
HMDB0240212,105,0.0082150418411815,0.1,17,0.2869540754299246,1.474096417427063,13,0.2288449348400218,1.1773208379745483,105,17,13,0.2471699974562225,0.1145250893946863,1.466253638267517,1.188145637512207,-0.11431984544533551,-0.03978407797370212
HMDB0242141,129,0.0020207075288232,0.9,19,0.6376103148715523,0.3705055713653564,16,0.5781943515543185,0.4107609093189239,129,19,16,0.5098929042730995,0.7946298479247403,0.3856681287288666,0.3775586485862732,0.2164354963704218,-0.12771741059845276
HMDB0000256,134,0.0190323183429774,0.5,34,0.974565618706802,0.8885486721992493,38,0.972807672736064,0.8105013370513916,134,34,38,0.9912458068458642,0.9634111128945808,0.4507553577423095,0.5981600880622864,-0.009396559841483243,0.016680188139062135
HMDB0001492,134,0.00841410968505,0.5,34,0.971073264463116,0.8508282899856567,38,0.949043429758881,1.1373300552368164,134,34,38,0.970846245195368,0.9475336495587218,0.6684022545814514,0.9457328915596008,-0.0015097802001592386,-0.00022701926774804093
HMDB0002019,134,0.0008363946437044,0.9,34,0.9759672782195272,0.658417820930481,38,0.9275434720893396,1.308588981628418,134,34,38,0.9828621770828952,0.93691884502022,0.4927844405174255,0.8824247121810913,0.009375372930880421,0.006894898863368026
HMDB0002350,292,0.0041886447227164,0.5,63,0.5957457211643336,0.0988403111696243,63,0.4470768823685444,0.0941372066736221,292,63,63,0.5752781216171433,0.360378513556064,0.0970926508307457,0.1017927676439285,-0.08669836881248044,-0.02046759954719024
HMDB0002994,134,0.0082376907120889,0.1,34,0.973991368127094,1.0213334560394287,38,0.9476203785273792,1.1696043014526367,134,34,38,0.9895700765193012,0.9508553859212652,0.4822321534156799,0.8952878713607788,0.003235007393885936,0.015578708392207208
HMDB0003424,292,0.0142211869560392,0.1,63,0.3442268714253101,0.2437551468610763,63,0.4721944422999629,0.2359615713357925,292,63,63,0.3361270638075952,0.2772363596580515,0.2271556258201599,0.2350781559944152,-0.1949580826419114,-0.008099807617714894
C06306,201,0.0050956039789605,0.5,43,-0.1104909100474832,0.0814676955342292,43,-0.092531381180793,0.0783329382538795,201,43,43,-0.1411515170589837,0.0584859153540867,0.0620512291789054,0.0605056397616863,0.1510172965348797,-0.030660607011500515
HMDB0000474,201,0.0071309941325021,0.1,43,0.4314952123966544,0.0598579347133636,43,0.2843612041027283,0.0911203026771545,201,43,43,0.4099037201152994,0.3966749821781983,0.0459287464618682,0.0845479890704155,0.11231377807547,-0.021591492281354985
HMDB0000820,201,0.0024611013512213,0.5,43,0.2163684830637311,0.1685897409915924,43,0.1554894846327389,0.1626473516225814,201,43,43,0.1184669947999634,0.3123023574718042,0.1715253740549087,0.1503915190696716,0.15681287283906528,-0.09790148826376771
HMDB0001140,201,0.00129098263546,0.1,43,0.1492589009669382,0.0098411226645112,43,0.356809754563367,0.0095778284594416,201,43,43,0.1896647734384103,0.0197484158390288,0.0064415042288601,0.0077656297944486,-0.3370613387243382,0.04040587247147209
HMDB0001485,201,0.0001898014463892,0.1,43,0.1762755164118434,0.0023123915307223,43,0.2867686934283499,0.004706768784672,201,43,43,0.1155564059140087,-0.1474838019392171,0.0019449825631454,0.0044745905324816,-0.43425249536756694,-0.06071911049783471
HMDB0001505,201,0.0023302131920904,0.1,43,0.1827705090064613,0.0604253485798835,43,0.1972573920985753,0.0865051671862602,201,43,43,0.1019449528200349,-0.2673990297022271,0.0509657859802246,0.0855738595128059,-0.4646564218008024,-0.0808255561864264
HMDB0001551,201,0.0047084145129701,0.1,43,0.3358201018004871,0.0935208648443222,43,0.3705157325750445,0.1065622940659523,201,43,43,0.3686449338172209,0.2710068429346835,0.0866765230894088,0.1057287827134132,-0.09950888964036098,0.03282483201673381
HMDB0001659,201,0.0003657027368601,0.9,43,0.346452646478354,0.0924130156636238,43,0.3693701001759643,0.1235997602343559,201,43,43,0.1795351223376521,0.4181139753295771,0.0738250464200973,0.1211514696478843,0.04874387515361284,-0.1669175241407019
HMDB0001967,201,0.0014855118159227,0.5,43,0.1011344666209754,0.045960184186697,43,0.1435913382886782,0.0577227510511875,201,43,43,-0.1258205572634404,0.0694899840057353,0.0451701283454895,0.0568347685039043,-0.0741013542829429,-0.2269550238844158
HMDB0003119,201,0.0106405529350401,0.1,43,-0.1986022494208431,0.0426401086151599,43,0.0938590297390651,0.044811837375164,201,43,43,0.129959172879267,0.0254086584365948,0.0366416461765766,0.0404893532395362,-0.0684503713024703,0.3285614223001101
HMDB0003227,201,0.0348168374294072,0.1,43,,0.0385058522224426,43,,0.0409213826060295,201,43,43,0.2859304746100232,0.3154873103683773,0.0242297705262899,0.0315209925174713,,
HMDB0003407,201,0.0102511424923417,0.1,43,-0.1275525107336654,0.2138756364583969,43,0.248427230391524,0.212370678782463,201,43,43,0.0786001893744674,0.3337898945864527,0.2001867145299911,0.2090365439653396,0.08536266419492869,0.2061527001081328
HMDB0003551,201,0.0007348529883285,0.1,43,,0.0057928119786083,43,,0.0038586407899856,201,43,43,-0.1575376095043335,0.1902651944174349,0.006035316735506,0.0040813731029629,,
HMDB0003671,201,0.001868867887325,0.9,43,,0.0407010056078434,43,,0.0395581126213073,201,43,43,-0.0618631396021997,0.0307581621489491,0.0381206907331943,0.0382388606667518,,
HMDB0004327,201,0.0024672275428595,0.9,43,0.2892241748930326,0.1368300467729568,43,0.3954131325753819,0.161261573433876,201,43,43,0.0683774675310613,0.0044922243249772,0.1392460316419601,0.167790487408638,-0.3909209082504047,-0.2208467073619713
HMDB0004366,201,0.0005944819184974,0.1,43,,0.0011352249421179,43,,0.0019187461584806,201,43,43,0.1320766738420009,0.0826485690628827,0.0012752946931868,0.0020896114874631,,
HMDB0004472,201,0.0296590369732225,0.1,43,,0.0357591696083545,43,,0.0447361208498477,201,43,43,0.0280644983587264,0.1789897470808128,0.0253666136413812,0.0431082546710968,,
HMDB0004983,201,0.0076417442577988,0.1,43,0.3978501312878582,0.1668689250946045,43,0.2464355260101636,0.1980366110801696,201,43,43,0.3657071913923098,0.4090132231856154,0.1315886080265045,0.1767638772726059,0.16257769717545179,-0.032142939895548395
HMDB0005806,201,0.0210473831020184,0.1,43,,0.0270839091390371,43,,0.0909760743379592,201,43,43,0.0030255712413293,0.2135865841007948,0.0394087508320808,0.1008957400918006,,
HMDB0005842,201,0.0028435943731621,0.1,43,0.498283018589123,0.0343929342925548,43,0.2882843048677343,0.0399606339633464,201,43,43,0.3677941036757974,0.3227065324306199,0.0395220555365085,0.0376469194889068,0.0344222275628856,-0.1304889149133256
HMDB0005846,201,0.0012984118466056,0.1,43,,0.0045264451764523,43,,0.0036184194032102,201,43,43,0.048302446630388,0.1068313403085761,0.0036858753301203,0.0027975195553153,,
HMDB0005994,201,0.0005147005175344,0.9,43,-0.0418531257016809,0.0203240364789962,43,0.1148238616348758,0.0188726391643285,201,43,43,0.4212085065053267,-0.1273958369631302,0.0183838922530412,0.0176091846078634,-0.24221969859800602,0.4630616322070076
HMDB0006006,201,0.0001983530140736,0.9,43,0.5641318361461722,0.0053029507398605,43,0.4398059094026167,0.0070800180546939,201,43,43,0.5781183987738551,0.4948592131095582,0.0043715611100196,0.0063797901384532,0.0550533037069415,0.01398656262768283
HMDB0006007,201,0.0027114425725604,0.1,43,0.4341869647308357,0.0357176028192043,43,0.285633719548964,0.0503783710300922,201,43,43,0.3424369998883065,0.218901082664211,0.0344685763120651,0.0454105846583843,-0.066732636884753,-0.09174996484252917
HMDB0006115,201,0.0098014644085146,0.1,43,0.0771915033110908,0.2802459895610809,43,0.3925466916615316,0.2709422707557678,201,43,43,0.2108741087882023,0.470069199257844,0.2463383823633194,0.266592413187027,0.0775225075963124,0.13368260547711153
HMDB0006236,201,0.002100915966331,0.9,43,0.2324833943718007,0.1659034341573715,43,0.1515704256997589,0.2059628218412399,201,43,43,0.0924399122096683,0.1190804554337029,0.1783924102783203,0.1959495097398758,-0.032489970266056004,-0.14004348216213242
HMDB0006478,201,0.003069421552541,0.1,43,-0.042025010839021,0.0330091267824173,43,0.3571579019851489,0.0291893295943737,201,43,43,-0.1552312050826865,0.187316046756776,0.0319355502724647,0.0257378034293651,-0.16984185522837292,-0.11320619424366551
HMDB0011624,201,0.004044383838402,0.1,43,,0.0045976252295076,43,,0.0108082657679915,201,43,43,0.2012950968555269,-0.0073788803071486,0.0035651007201522,0.0103846518322825,,
HMDB0011638,201,0.0004988942091539,0.1,43,0.4988064590073755,0.0232707280665636,43,0.4656719081435126,0.0165368765592575,201,43,43,0.4064620448680592,0.3899355040336668,0.0195230096578598,0.0183890368789434,-0.07573640410984583,-0.09234441413931632
HMDB0012971,201,0.0073146754829444,0.1,43,0.2572506434852278,0.0835273340344429,43,0.2697531211626749,0.0737794116139411,201,43,43,0.1311631969604498,0.2472379804414973,0.0685972645878791,0.0584795624017715,-0.022515140721177607,-0.126087446524778
HMDB0013299,201,0.0024409779976159,0.1,43,0.5137626272452522,0.1952238231897354,43,0.5455613332522053,0.2188314795494079,201,43,43,0.4592322431852673,0.4566818983357845,0.2086362391710281,0.2347188740968704,-0.08887943491642086,-0.05453038405998495
HMDB0013780,201,0.0525042963265186,0.1,43,,0.2172938883304596,43,,0.2025724500417709,201,43,43,0.2682086443203082,0.3190527800052533,0.1640392392873764,0.1641749888658523,,
HMDB0013809,201,5.354543952167712e-05,0.9,43,-0.2127440556091402,0.0023465859703719,43,-0.1093203413419697,0.0017500891117379,201,43,43,0.2092358206067597,-0.0351215634535792,0.0020898825023323,0.0016703797737136,0.0741987778883905,0.4219798762158999
HMDB0013821,201,0.0006254981109751,0.1,43,0.1813431661910512,0.0042193783447146,43,0.4392325161342043,0.0053895791061222,201,43,43,0.2884751142125348,0.54605547193012,0.0040433355607092,0.0049625323154032,0.10682295579591577,0.1071319480214836
HMDB0013824,201,0.0020218495195974,0.1,43,-0.1458551235832456,0.0207524765282869,43,0.3104504528349125,0.025137199088931,201,43,43,0.2921142355227489,-0.0354606333318183,0.0164124816656112,0.0222617872059345,-0.34591108616673083,0.4379693591059945
HMDB0013835,201,0.002432972293049,0.1,43,0.2180229610234023,0.1045674830675125,43,0.2897815625907007,0.1027178689837455,201,43,43,0.1916849093224914,0.1427288346535732,0.0995779559016227,0.1066696345806121,-0.1470527279371275,-0.026338051700910886
HMDB0029306,201,0.0107512808373118,0.1,43,0.1782719151805112,0.1118336021900177,43,0.3814489919372446,0.1340354681015014,201,43,43,0.1507466566603669,0.2736511999635886,0.1258969008922577,0.1427588313817978,-0.10779779197365597,-0.027525258520144286
HMDB0029600,201,0.0030669698613396,0.1,43,0.202956174181266,0.0079019488766789,43,0.1156475643136078,0.0193336475640535,201,43,43,-0.0040028719528118,0.1045108794314346,0.0054296720772981,0.0179496761411428,-0.011136684882173203,-0.20695904613407778
HMDB0029696,201,0.0049407439148841,0.1,43,,0.033407736569643,43,,0.0447315648198127,201,43,43,0.2372695536577381,-0.0097677250392049,0.0307651069015264,0.0436915643513202,,
HMDB0029980,201,0.0029891290104211,0.1,43,,0.0025720568373799,43,,0.0045490306802093,201,43,43,0.0503364601271227,-0.1645389207829498,0.0015701453667134,0.0033853275235742,,
HMDB0030029,201,0.0028846994857882,0.1,43,,0.0035630168858915,43,,0.0069730780087411,201,43,43,-0.0290639295664447,0.3873029163242378,0.002492006868124,0.0057607423514127,,
HMDB0030052,201,0.0058276000286115,0.1,43,-0.0300237718347426,0.0338827110826969,43,-0.1197850939980708,0.0382661446928978,201,43,43,-0.0027645664328893,-0.0063318647509944,0.0307845287024974,0.0379014909267425,0.1134532292470764,0.0272592054018533
HMDB0030058,201,0.0071573435370601,0.1,43,0.5104936732329692,0.0638334304094314,43,0.247256677480939,0.0649885535240173,201,43,43,0.2127515588049473,0.3443482905393359,0.0673246011137962,0.0551922991871833,0.09709161305839692,-0.2977421144280219
HMDB0030059,201,0.0046764185179525,0.1,43,0.5485271602532091,0.0833243802189827,43,0.4157936063881211,0.0644979551434516,201,43,43,0.2623853110588303,0.4270932593112885,0.0910361111164093,0.0562326684594154,0.011299652923167425,-0.28614184919437885
HMDB0030060,201,0.000731249731891,0.5,43,0.3190745127588684,0.0289026573300361,43,0.2972088031906839,0.0310327392071485,201,43,43,0.1795819043703241,0.1844116654169111,0.0332249142229557,0.0349598973989486,-0.11279713777377279,-0.1394926083885443
HMDB0030062,201,0.0016457118540793,0.1,43,0.5004140850478289,0.0622529946267604,43,0.4158004155522075,0.052668809890747,201,43,43,0.2637787543140075,0.2504161364144345,0.0680293962359428,0.0534012094140052,-0.16538427913777298,-0.23663533073382143
HMDB0030070,201,0.0028279088252219,0.1,43,,0.0087156081572175,43,,0.0071836411952972,201,43,43,0.1995432443533239,0.0078681450471291,0.00857709441334,0.0072214528918266,,
HMDB0030469,201,0.0008444575785658,0.1,43,-0.0512365734260546,0.028226314112544,43,0.1963564085841641,0.02685372158885,201,43,43,0.1151996924440176,0.0726223106435073,0.0239231921732425,0.0275331754237413,-0.12373409794065679,0.1664362658700722
HMDB0030837,201,0.0065176761934479,0.1,43,0.2893963711491237,0.0681340172886848,43,0.2530222969499145,0.0820576846599578,201,43,43,0.1281104565809859,0.1274211060546444,0.0539137162268161,0.0755282118916511,-0.1256011908952701,-0.1612859145681378
HMDB0030924,201,0.0010537636697112,0.1,43,0.3480426106960848,0.018658235669136,43,0.5203333039363282,0.0166193228214979,201,43,43,0.4657182872690572,0.29483899875252,0.0150412349030375,0.0183269698172807,-0.22549430518380814,0.1176756765729724
HMDB0031019,201,6.587204170982066e-05,0.9,43,0.5691387121042585,0.0111920665949583,43,0.4048998629486136,0.0107652433216571,201,43,43,0.3724301466557508,0.1672934658959858,0.0114009287208318,0.0119352927431464,-0.2376063970526278,-0.19670856544850768
HMDB0031078,201,0.0455979510227951,0.1,43,0.3121993676495295,0.0344687476754188,43,0.3698166370816497,0.0479388609528541,201,43,43,0.2357440438119163,0.0291850684647196,0.0333661772310733,0.0489665642380714,-0.3406315686169301,-0.07645532383761319
HMDB0031081,201,0.0014004602600734,0.1,43,0.5842660400652029,0.0504389517009258,43,0.4870571077525731,0.0501621589064598,201,43,43,0.4663772735796226,0.35671668994044,0.0470676198601722,0.0516735464334487,-0.13034041781213312,-0.11788876648558028
HMDB0031207,201,0.0043418867504581,0.1,43,0.5023931034861663,0.1886684894561767,43,0.2677849441865135,0.2078585922718048,201,43,43,0.2075706127511838,-0.0592779421631407,0.2161408513784408,0.2272846698760986,-0.3270628863496542,-0.29482249073498246
HMDB0031213,201,0.0007283124164562,0.1,43,,0.0013999182265251,43,,0.0012049929937347,201,43,43,0.1223553980416335,-0.173986773963201,0.0011024893028661,0.0010559735819697,,
HMDB0031217,201,0.0130420680069804,0.1,43,0.2390648686079195,0.2301484048366546,43,0.4089613574067415,0.2899371981620788,201,43,43,0.0268298849582493,0.5781966825183378,0.2353356182575225,0.2397354245185852,0.16923532511159628,-0.2122349836496702
HMDB0031249,201,0.0007501649599715,0.1,43,0.0725772059704698,0.0072228657081723,43,0.3608188648822081,0.0068670511245727,201,43,43,-0.0145943718987172,0.2050896175978455,0.0064790975302457,0.0070018749684095,-0.1557292472843626,-0.087171577869187
HMDB0031265,201,0.0009313871545512,0.9,43,,0.0133013036102056,43,,0.0140375411137938,201,43,43,0.4651769415388849,0.0912326645827105,0.0087318122386932,0.0132704004645347,,
HMDB0031266,201,0.0009668503264073,0.9,43,0.4799803837794177,0.055256400257349,43,0.3464186176824615,0.0566885620355606,201,43,43,0.3714598768789779,0.2018265287563829,0.055920273065567,0.0590018294751644,-0.1445920889260786,-0.1085205069004398
HMDB0031294,201,0.0022335287420652,0.1,43,0.365734503282078,0.0594977624714374,43,0.4786586961341573,0.0508271530270576,201,43,43,0.24090246544757,0.1252613604797325,0.0553666315972805,0.0525059662759304,-0.35339733565442477,-0.12483203783450803
HMDB0031299,201,0.001304971179999,0.1,43,-0.144277010646096,0.0797665193676948,43,-0.0002629835116004,0.0496572218835353,201,43,43,0.092946071795468,0.0222555355281641,0.0708773955702781,0.0487970188260078,0.022518519039764498,0.23722308244156398
HMDB0031342,201,0.00748664889232,0.1,43,-0.0122384005789989,0.25948166847229,43,0.293751271648219,0.2413048893213272,201,43,43,0.1074585903188503,0.1454907290863354,0.2849685549736023,0.2728165090084076,-0.14826054256188362,0.1196969908978492
HMDB0031343,201,0.0029361117538528,0.1,43,-0.0880244537916436,0.0520108677446842,43,0.3667298564469737,0.0385519750416278,201,43,43,0.06323181057648,0.3367643427709676,0.0539725758135318,0.040957998484373,-0.029965513676006084,0.15125626436812362
HMDB0031409,201,0.0040181320698107,0.1,43,0.10311889501596,0.0397243499755859,43,-0.0199899013263131,0.0293223299086093,201,43,43,0.0315446430257668,0.0140579523756947,0.0398449078202247,0.0260882321745157,0.0340478537020078,-0.0715742519901932
HMDB0031444,201,0.005439420167014,0.1,43,0.5689695109103042,0.0445456355810165,43,0.4992064794328807,0.0298332311213016,201,43,43,0.4441609027072993,0.0522601151577365,0.0392607226967811,0.0330427177250385,-0.4469463642751442,-0.12480860820300493
HMDB0031475,201,0.0038063411244112,0.1,43,,0.0099540259689092,43,,0.0101171806454658,201,43,43,0.2192050899631646,-0.1956904264775676,0.0078019401989877,0.0096005871891975,,
HMDB0031492,201,0.0013382641073921,0.1,43,0.2500561235553139,0.0139271738007664,43,0.4746618680671732,0.0128783332183957,201,43,43,0.2345050739664604,0.4313468328131314,0.0135913174599409,0.0119230113923549,-0.04331503525404179,-0.015551049588853533
HMDB0031523,201,0.0029031492927375,0.1,43,0.1778745840616867,0.0695545747876167,43,0.3121962399761404,0.0718556270003318,201,43,43,0.1159550103919633,-0.0075522452263989,0.0663622468709945,0.0715002045035362,-0.3197484852025393,-0.06191957366972341
HMDB0031526,201,0.0003899855086033,0.9,43,0.1796093936392526,0.0139774018898606,43,0.3754936812918074,0.0132515905424952,201,43,43,0.028140073841002,0.3099759608321813,0.0137404734268784,0.0099776377901434,-0.06551772045962606,-0.1514693197982506
HMDB0031598,201,0.0154969755730028,0.1,43,0.3486734030259601,0.2157204151153564,43,0.3326411866048048,0.2365481406450271,201,43,43,0.2571434153918617,0.4118070723389714,0.2129921317100525,0.23458793759346,0.07916588573416661,-0.09152998763409842
HMDB0031846,201,0.0006833642488954,0.5,43,0.2769401438570278,0.0317532196640968,43,0.5028854492194965,0.023462438955903,201,43,43,0.2306836885946412,0.4437777462663677,0.0271685514599084,0.0199841391295194,-0.05910770295312884,-0.046256455262386614
HMDB0032047,201,0.0080057289173353,0.1,43,,0.0102154938504099,43,,0.0154935717582702,201,43,43,0.2464900375763732,0.0789589637670441,0.010554326698184,0.0168105270713567,,
HMDB0032402,201,0.000899735819641,0.1,43,0.5255080505158991,0.0115129668265581,43,0.1609303265553166,0.0109447874128818,201,43,43,0.1954937557293405,-3.855332842324172e-05,0.0119035933166742,0.0084007633849978,-0.16096887988373984,-0.33001429478655864
HMDB0032630,201,0.015933556639733,0.1,43,,0.0099038193002343,43,,0.010012824088335,201,43,43,0.1171424544414494,-0.2163170636681451,0.0098536424338817,0.0138899777084589,,
HMDB0032912,201,0.0003312732468345,0.1,43,,0.0010195062495768,43,,0.0016875345027074,201,43,43,-0.239560357489878,0.148948837396551,0.00091187475482,0.0015648556873202,,
HMDB0033167,201,0.0084918405587577,0.1,43,-0.0807941899747339,0.0170148089528083,43,-0.0979040767509467,0.0158803109079599,201,43,43,-0.0045686591124239,0.2030487921596872,0.0168615002185106,0.0121644204482436,0.3009528689106339,0.07622553086230999
HMDB0033532,201,0.0074049719234011,0.1,43,,0.045444518327713,43,,0.0314108543097972,201,43,43,-0.0885945570498363,0.08114059830508,0.0474843606352806,0.0335914082825183,,
HMDB0033713,201,0.0011838326820016,0.9,43,0.452495110874015,0.0736475437879562,43,0.3841783282071349,0.0860945954918861,201,43,43,0.4413102876844003,0.2922280143039115,0.0649487823247909,0.0855658426880836,-0.09195031390322339,-0.011184823189614723
HMDB0033721,201,0.0009206146424819,0.9,43,0.1657447580655606,0.0812523588538169,43,0.5471791905645852,0.1176327019929885,201,43,43,0.0941594180053719,0.4348528005267465,0.068395234644413,0.1253337115049362,-0.11232639003783867,-0.0715853400601887
HMDB0033731,201,0.0004725352176224,0.9,43,0.1674160614127247,0.036359891295433,43,0.0631701254924525,0.0475858375430107,201,43,43,-0.0316515347561962,0.1215403544708784,0.0413491353392601,0.0515565387904644,0.05837022897842589,-0.1990675961689209
HMDB0033792,201,0.0005508950100609,0.5,43,0.3998904083692218,0.0284358281642198,43,0.500277085221654,0.0340907499194145,201,43,43,0.4527805565050656,0.5427520977295072,0.018605912104249,0.0319030173122882,0.04247501250785313,0.052890148135843806
HMDB0033794,201,0.0011560711916999,0.1,43,,0.0036469409242272,43,,0.0037980517372488,201,43,43,0.068316068124924,0.0495739445233362,0.0033554937690496,0.0031320943962782,,
HMDB0033867,201,0.0036737170830294,0.1,43,,0.0114532681182026,43,,0.0193475894629955,201,43,43,-0.0938686194128123,-0.17326800077229,0.0089518241584301,0.0167249571532011,,
HMDB0033890,201,0.0056872974010215,0.1,43,0.4991620103845571,0.2296924144029617,43,0.2334737461658204,0.2608636021614074,201,43,43,0.2804308043574562,0.016297188643156,0.2602714300155639,0.2571324408054352,-0.2171765575226644,-0.2187312060271009
HMDB0033916,201,0.0008021125548177,0.9,43,0.4501601989067844,0.0347369126975536,43,0.5647238159172047,0.0341032817959785,201,43,43,0.3826991939933147,0.5439053486710733,0.0351803563535213,0.0308403018862009,-0.020818467246131345,-0.06746100491346968
HMDB0033944,201,0.0016120741023353,0.5,43,0.5433862359783321,0.1722172647714615,43,0.2701182815799385,0.2229333072900772,201,43,43,0.2417986984000021,0.2430704659105432,0.1948058307170868,0.1990184187889099,-0.027047815669395292,-0.30158753757833
HMDB0033962,201,0.0008854957955393,0.1,43,0.6147089950121235,0.0190394353121519,43,0.3604824003208281,0.0469391383230686,201,43,43,0.2769250814242702,0.2994055320300376,0.0237729474902153,0.0493768863379955,-0.06107686829079051,-0.3377839135878533
HMDB0034148,201,0.003557710801784,0.1,43,0.5085636931308888,0.0588110424578189,43,0.5421981640249218,0.0641198009252548,201,43,43,0.4847636502370115,0.4553597724256132,0.0495798923075199,0.0573706142604351,-0.08683839159930862,-0.02380004289387727
HMDB0034161,201,0.0041301919156639,0.1,43,,0.0061719436198472,43,,0.0093121593818068,201,43,43,0.1269542359005154,0.1140849818947282,0.0062280027195811,0.0090504540130496,,
HMDB0034168,201,0.00237312200875,0.1,43,0.3845713875081334,0.1837892681360244,43,0.2451793545375951,0.2403906434774398,201,43,43,0.0729107441407157,-0.2218473649891951,0.1831880360841751,0.2463647425174713,-0.4670267195267902,-0.3116606433674177
HMDB0034172,201,0.0115013014818696,0.1,43,-0.0326359817287918,0.0368334054946899,43,0.1678286693122261,0.0462642721831798,201,43,43,0.1982044985784342,0.2510647703264308,0.0327475555241107,0.043654441833496,0.08323610101420473,0.23084048030722598
HMDB0034240,201,0.0034258577686234,0.1,43,0.3880640319250154,0.1582800447940826,43,0.2014834785384128,0.1714042872190475,201,43,43,0.2690302811184669,0.0626735805981729,0.1577569544315338,0.1640406250953674,-0.1388098979402399,-0.11903375080654849
HMDB0034283,201,0.0031539910034095,0.1,43,0.4983536184366206,0.034974630922079,43,0.4751118318255265,0.0298042353242635,201,43,43,0.4417350969275995,0.3147255432618541,0.0315726362168788,0.0301879122853279,-0.16038628856367243,-0.056618521509021136
HMDB0034451,201,0.000884934185732,0.1,43,0.0443669030623112,0.0059269284829497,43,0.2008170690842795,0.0056905900128185,201,43,43,0.3461775150619438,0.2692970988405649,0.0045449142344295,0.0053004487417638,0.06848002975628542,0.30181061199963255
HMDB0034497,201,0.0032375742931091,0.1,43,0.1295426004009847,0.0071710217744112,43,-0.0883802421501675,0.0142563404515385,201,43,43,-0.0561641138901233,0.1445638586896895,0.008837622590363,0.0160202980041503,0.232944100839857,-0.185706714291108
HMDB0034976,201,0.1301087313030489,0.1,43,,0.1932795941829681,43,,0.2243883162736892,201,43,43,0.2467677886542609,-0.0316813408574444,0.233784407377243,0.2587277293205261,,
HMDB0035162,201,0.1296190835943269,0.1,43,,0.3595207631587982,43,,0.366113007068634,201,43,43,0.1098768415373295,-0.2024741860467834,0.3963267803192138,0.3960432410240173,,
HMDB0035238,201,0.0066015794316427,0.1,43,0.2812190650936089,0.1015665233135223,43,0.4362990765611493,0.1041030436754226,201,43,43,0.0866202314550805,0.1650605461097678,0.0906794518232345,0.0972100645303726,-0.27123853045138147,-0.19459883363852837
HMDB0035289,201,0.0006561875343322,0.1,43,0.2079105511727607,0.0081516504287719,43,0.0234993557785411,0.0079082744196057,201,43,43,0.1868706268713989,-0.0942729697895393,0.0059809484519064,0.0072986246086657,-0.1177723255680804,-0.021039924301361784
HMDB0035915,201,0.0055152444697138,0.1,43,0.1292219832557393,0.0719963237643241,43,0.3526590765599275,0.0552175715565681,201,43,43,0.2924786924479054,0.3302862110915545,0.0520350560545921,0.0412654504179954,-0.022372865468373027,0.16325670919216612
HMDB0036100,201,0.0207906071819476,0.1,43,,0.0701067000627517,43,,0.1009108051657676,201,43,43,-0.2079294984429389,0.1559986056087448,0.0681781619787216,0.0980572625994682,,
HMDB0036163,201,0.0052967848469368,0.1,43,-0.074933464849058,0.1420230865478515,43,0.0357522136052636,0.1193719878792762,201,43,43,-0.0637991761566312,0.1731067116673146,0.12347062677145,0.1017120704054832,0.137354498062051,0.011134288692426803
HMDB0036209,201,7.142880457871043e-05,0.9,43,0.3380037572965298,0.0035477473866194,43,0.0455160678005297,0.0033073590602725,201,43,43,0.1955331098731851,0.2575427846751892,0.0036071836948394,0.0029840753413736,0.21202671687465952,-0.14247064742334473
HMDB0036574,201,0.0036947059875566,0.1,43,0.1260681422354499,0.061626948416233,43,0.1002619078288079,0.022591695189476,201,43,43,0.1650829538697215,0.4660716860645623,0.0600883476436138,0.0136762270703911,0.3658097782357544,0.03901481163427159
HMDB0036994,201,0.0090776887995686,0.1,43,,0.0204505994915962,43,,0.0245104506611824,201,43,43,0.1622764885211987,0.0601475443295543,0.0143827050924301,0.0210694856941699,,
HMDB0037050,201,0.1001544615522545,0.1,43,,0.1713273674249649,43,,0.26799476146698,201,43,43,0.2028354503438184,0.0391694970610018,0.1531749218702316,0.2783848643302917,,
HMDB0038040,201,0.0200628389173479,0.1,43,,0.0217640474438667,43,,0.0363316461443901,201,43,43,0.2135603246575168,0.0489203965406731,0.021614734083414,0.0349702015519142,,
HMDB0038169,201,0.0413376656337757,0.1,43,,0.0868124887347221,43,,0.1097072213888168,201,43,43,0.0333618953804104,0.0295189048036142,0.0752883702516555,0.1047369614243507,,
HMDB0038311,201,0.0009710393021433,0.9,43,0.3473175557968566,0.1349551975727081,43,0.3451279879356168,0.1369746625423431,201,43,43,0.1585727210084819,0.3721405751446887,0.1482210308313369,0.1317610442638397,0.027012587209071903,-0.18874483478837467
HMDB0038445,201,0.002967073515284,0.1,43,-0.0752068157779739,0.0101800495758652,43,0.0352940830347312,0.0096413502469658,201,43,43,-0.079469336197915,-0.0548865510488567,0.0091099645942449,0.0083525758236646,-0.0901806340835879,-0.0042625204199411015
HMDB0038556,201,0.0013125651696724,0.1,43,,0.0024362597614526,43,,0.0019499071640893,201,43,43,0.0830060927738539,0.2386881356757574,0.0022063129581511,0.001312001957558,,
HMDB0039216,201,0.00126513481066,0.1,43,,0.0030515575781464,43,,0.0056883650831878,201,43,43,-0.0691875611068195,0.1140640050083524,0.0027015921659767,0.0051111285574734,,
HMDB0039522,201,0.0078719153630848,0.1,43,-0.1793414410237941,0.0191246457397937,43,-0.1091161957993725,0.0213507618755102,201,43,43,-0.1658237406089083,0.0477407679085872,0.0158315617591142,0.0178374666720628,0.1568569637079597,0.013517700414885786
HMDB0039618,201,0.0248479062091031,0.1,43,0.1352042581439494,0.1455559134483337,43,0.1394623899499087,0.1336042881011963,201,43,43,0.2360370370757806,0.2196279318421133,0.1415316760540008,0.1152604892849922,0.0801655418922046,0.10083277893183121
HMDB0039620,201,0.0539726819565047,0.1,43,,0.0724743902683258,43,,0.1151297390460968,201,43,43,0.2499617591620788,0.1145965845365272,0.0743110701441764,0.1102807000279426,,
HMDB0039843,201,0.0186477416190341,0.1,43,,0.0508119687438011,43,,0.0553528442978858,201,43,43,0.1905027954015804,0.0520944166920627,0.0528833828866481,0.057863675057888,,
HMDB0040211,201,0.0109566103166608,0.1,43,,0.0096396226435899,43,,0.0093606319278478,201,43,43,-0.0207611136392247,0.0384058902728596,0.0064647449180483,0.0065948166884481,,
HMDB0040221,201,0.0068954915846165,0.1,43,,0.0149708865210413,43,,0.0194683205336332,201,43,43,0.1711144008400031,0.143835593333666,0.0135439513251185,0.0175874903798103,,
HMDB0040240,201,0.0012972126552714,0.1,43,0.0845637199554848,0.0396078713238239,43,0.3335180476793096,0.0367647781968116,201,43,43,0.0770561200923024,0.0527665546119713,0.0358199030160903,0.0340658947825431,-0.28075149306733826,-0.007507599863182404
HMDB0041389,201,0.0091362229330622,0.1,43,,0.0071609248407185,43,,0.0070982216857373,201,43,43,-0.1654764316615408,-0.0957360014185409,0.005339175928384,0.005732090678066,,
HMDB0041924,201,0.0001358607651794,0.9,43,0.2681016972221821,0.0088338861241936,43,0.0570264102390032,0.0149201890453696,201,43,43,0.0938668380014553,-0.1319732981900028,0.0082600619643926,0.0151857174932956,-0.188999708429006,-0.1742348592207268
HMDB0059777,201,0.008339518634834,0.1,43,,0.0289298873394727,43,,0.0301344525068998,201,43,43,0.2619103505153924,-0.204302751560932,0.0268848333507776,0.0295614246279001,,
HMDB0059835,201,0.0008857070065256,0.1,43,0.1414162062277499,0.0187160018831491,43,0.4194226914794494,0.0216719973832368,201,43,43,0.3183148849673458,-0.0234850929450532,0.0166823528707027,0.0203504804521799,-0.44290778442450257,0.1768986787395959
HMDB0059838,201,0.0131385969878429,0.1,43,,0.0193349458277225,43,,0.0212350469082593,201,43,43,0.0793583662778241,0.1307848351511754,0.0223617367446422,0.0218965522944927,,
HMDB0059839,201,0.0257217534489852,0.1,43,-0.1830095657558286,0.1545164287090301,43,0.1504388596290972,0.1686694175004959,201,43,43,-0.1132741825724506,-0.0528108779000404,0.1403676718473434,0.1467462033033371,-0.2032497375291376,0.069735383183378
HMDB0059886,201,0.0035495962151016,0.1,43,0.2455447459894579,0.0234314016997814,43,0.2087287974094017,0.0422222316265106,201,43,43,0.1735124513214461,0.1905438451021035,0.0224724486470222,0.0415209904313087,-0.01818495230729819,-0.07203229466801181
HMDB0059905,201,0.0015559092324045,0.5,43,0.2030655188475814,0.0998105257749557,43,-0.0391649714671774,0.1335726231336593,201,43,43,0.1475011670519333,-0.2373809718289507,0.0888453349471092,0.1267818212509155,-0.1982160003617733,-0.05556435179564809
HMDB0061834,201,0.0010834374002722,0.1,43,0.0879212745567439,0.0095255337655544,43,0.2243152300362149,0.0106169590726494,201,43,43,0.1575961377710708,0.0777516828749709,0.008422409184277,0.0099179465323686,-0.14656354716124398,0.0696748632143269
HMDB0061851,201,0.0015640447092293,0.1,43,0.2207832596389697,0.0409793034195899,43,0.2101832031188513,0.0532601363956928,201,43,43,0.0040159243062064,0.1078389507310943,0.0418570414185524,0.0524999946355819,-0.102344252387757,-0.2167673353327633
HMDB0061859,201,0.000643464132558,0.1,43,0.1958316169303047,0.0329860374331474,43,0.1705355843369168,0.0400834195315837,201,43,43,0.2268163741081137,-0.1843108995152862,0.0302633941173553,0.0407613664865493,-0.35484648385220297,0.03098475717780899
HMDB0061869,201,0.0001020310283476,0.5,43,0.0150039489280228,0.0024588734377175,43,-0.0906020931093154,0.0025713767390698,201,43,43,0.1380002170062475,0.1124284742085866,0.0022310712374746,0.0019040459301322,0.203030567317902,0.12299626807822471
HMDB0061886,201,4.430096318472681e-05,0.1,43,0.2575899552743465,0.0087734255939722,43,0.1398103042176887,0.015985794365406,201,43,43,0.2377381873331041,0.2607757674182331,0.0041503882966935,0.0114721562713384,0.12096546320054441,-0.019851767941242437
HMDB0062788,201,0.0084335515067558,0.1,43,-0.0695650861283289,0.0329583398997783,43,0.3057142482087756,0.0305511485785245,201,43,43,0.0379302149425992,0.2426484593594829,0.0324397347867488,0.0270717553794384,-0.06306578884929268,0.1074953010709281
HMDB0243751,201,0.0016517772232715,0.1,43,,0.0025143974926322,43,,0.0022258108947426,201,43,43,0.2552381972068537,-0.0525395182474439,0.0020369589328765,0.0019670666661113,,
HMDB0243915,201,0.0040887399988981,0.1,43,,0.0198755674064159,43,,0.0280474759638309,201,43,43,0.2538566977299806,-0.1575502956981532,0.0167842153459787,0.0283349193632602,,
HMDB0259164,201,0.0046348767494087,0.1,43,0.0718210667130046,0.1254832595586776,43,-0.0241611997865311,0.0827977806329727,201,43,43,0.0449445603247698,0.197876485558358,0.1243429407477378,0.0740421712398529,0.2220376853448891,-0.0268765063882348
HMDB0302068,201,0.0024125602707934,0.1,43,,0.0029069802258163,43,,0.0105936639010906,201,43,43,0.0736286579169129,0.2344999980235182,0.0018086065538227,0.0098548717796802,,
HMDB0302599,201,0.0070654093033045,0.1,43,,0.0180943366140127,43,,0.0281799286603927,201,43,43,0.0086201844306479,-0.09356004266353,0.0148397227749228,0.0241514891386032,,
HMDB0302638,201,0.0014105827468841,0.1,43,,0.0037144594825804,43,,0.0049812565557658,201,43,43,-0.0241745357186153,0.2616109847560174,0.0037369166966527,0.0049048024229705,,
HMDB0303831,201,0.0058298543911075,0.1,43,0.2408031650351395,0.0736357793211937,43,0.3889018303492883,0.0863949507474899,201,43,43,0.2511916705939584,0.4891494104935723,0.0833014771342277,0.0811005309224128,0.10024758014428398,0.010388505558818928
HMDB0303903,201,0.0009689536520764,0.9,43,0.4951742650494575,0.042085587978363,43,0.4321342181168769,0.0458845049142837,201,43,43,0.3100889063520715,0.4971734282200473,0.0590083822607994,0.0436576828360557,0.06503921010317038,-0.18508535869738602
HMDB0001206,243,0.0070983973059634,0.1,52,0.4514570317940733,1.6647802591323853,52,0.3594574948978992,1.7956403493881226,243,52,52,0.0872000042494636,0.1790615186443961,1.8920811414718628,1.890794277191162,-0.1803959762535031,-0.3642570275446097
HMDB0240251,243,0.003538334614946,0.1,52,0.6651477071793475,0.7588118314743042,52,0.2973395469337093,0.9707463979721068,243,52,52,0.4740413517910089,0.3334717122776141,0.9255914688110352,1.0243874788284302,0.03613216534390479,-0.19110635538833853
