target,n_train,alpha,l1_ratio,n_val,pearson_val,mae_val,n_test,pearson_test,mae_test
HMDB0000002,311,0.003329994544182084,0.9,66,0.5936457714558406,1.1874926090240479,66,0.5554576902589409,1.242650032043457
HMDB0000005,311,0.06109757822042876,0.1,66,,0.021913107484579086,66,,0.021913107484579086
HMDB0000008,722,1.6007768414357362,0.1,166,,3.4217474460601807,155,,3.046543836593628
HMDB0000014,852,0.0005057482652261223,0.9,162,0.8693547288735878,2.500983476638794,156,0.8962944722760063,2.3455350399017334
HMDB0000017,1247,0.008441351039369488,0.5,260,0.7680149039474287,3.5756609439849854,250,0.7449944153503483,3.6148319244384766
HMDB0000019,908,0.00021422284873630037,0.9,186,0.8292702520185359,1.7787411212921143,186,0.8801296790354175,1.5212868452072144
HMDB0000020,1362,0.0007917965965359802,0.9,285,0.7726614883345015,2.382286548614502,285,0.759185769495875,2.338099241256714
HMDB0000022,440,0.0005217064250599253,0.5,85,0.9276586175074608,0.9329493045806885,82,0.9265444761883477,0.907585859298706
HMDB0000026,1145,0.03936972213219462,0.9,239,0.6180447067714833,3.5329973697662354,225,0.5126022438829434,3.641993761062622
HMDB0000030,707,0.007350558446260364,0.9,136,0.7799832531988611,3.7077479362487793,147,0.8330408742949098,3.8940770626068115
HMDB0000033,602,0.000711407151470836,0.5,128,0.799371644263391,1.464526653289795,122,0.7737913630043888,1.383934736251831
HMDB0000034,1176,0.004781240846879122,0.5,239,0.7884484546644382,3.310370683670044,240,0.7708989733010754,3.404994010925293
HMDB0000036,845,0.0005899343637319712,0.5,166,0.8286935027534263,2.4811015129089355,161,0.7981356581987119,2.687962055206299
HMDB0000038,311,0.006999109647232224,0.1,66,0.6163967106331855,0.8402937650680542,66,0.30057826820612177,0.8136392831802368
HMDB0000039,1453,0.004628067384156702,0.1,284,0.7415555713058667,2.780477523803711,300,0.6942381434353545,2.9344515800476074
HMDB0000043,1299,0.12310470236802667,0.9,272,0.4912640890048735,4.765407562255859,258,0.3319363493169967,4.674649238586426
HMDB0000045,354,1.3697611275365797,0.1,80,,1.4453017711639404,84,,1.3074103593826294
HMDB0000050,1093,0.009141527404505951,0.5,227,0.775016506497949,3.453801155090332,218,0.7767218927202447,3.5898756980895996
HMDB0000052,311,0.0018452236178772294,0.1,66,0.4159158965598709,1.081536054611206,66,0.2867006867681479,1.2374818325042725
HMDB0000056,1421,0.06297564374169207,0.9,308,0.6235600840961663,4.307043552398682,302,0.5241221121718271,4.345794677734375
HMDB0000058,311,0.05243394535837449,0.1,66,,0.04311579838395119,66,,0.04311579838395119
HMDB0000061,311,0.017999632948847828,0.1,66,,0.010605997405946255,66,,0.0607035793364048
HMDB0000062,1390,0.11541719824123725,0.9,291,0.5748109718242091,4.322895050048828,278,0.4727206598564733,4.309981346130371
HMDB0000064,1299,0.109483419934134,0.5,272,0.46579225400113894,3.818930149078369,257,0.31610205584938106,3.5082759857177734
HMDB0000068,311,0.03007425372623554,0.1,66,,0.06404557079076767,66,,0.08466446399688721
HMDB0000070,967,0.02837623860059929,0.9,209,0.7468744184437611,2.3384766578674316,200,0.6846081903711119,2.2711920738220215
HMDB0000071,910,0.02207546024532108,0.1,201,0.6647215018785891,1.1667180061340332,200,0.7163918666748559,1.054917335510254
HMDB0000072,367,0.002330090080720889,0.9,83,0.7993232085506625,1.7871124744415283,76,0.5482936382728822,2.2099335193634033
HMDB0000073,311,0.11860150616268636,0.1,66,,0.367984414100647,66,,0.3867604732513428
HMDB0000076,631,0.0009109876242757032,0.5,146,0.7007034549111146,2.7009451389312744,149,0.6527717619438231,2.6493682861328125
HMDB0000078,479,0.0014092547080970875,0.9,102,0.13665864781336876,0.05510837957262993,102,0.31407438544650756,0.05392598733305931
HMDB0000085,570,0.004887525859287938,0.1,122,0.20171871957329615,0.5660691261291504,122,0.17862916360654088,0.49229952692985535
HMDB0000086,810,0.00030869530781142836,0.9,170,0.8458787340532347,2.2658920288085938,159,0.8359018136166418,2.371243953704834
HMDB0000089,1148,0.014804416350786692,0.5,238,0.7083260554640665,4.202978134155273,230,0.6788476046900139,4.2957916259765625
HMDB0000092,1157,0.07890898744427174,0.9,239,0.4395240894511738,3.0130364894866943,229,0.35975956987698204,3.0841240882873535
HMDB0000094,988,0.0007037886646595079,0.5,214,0.8161553523340752,2.0428290367126465,217,0.8268571434682065,1.8241897821426392
HMDB0000095,311,0.013159677683348829,0.5,66,0.4113350927807504,1.6524226665496826,66,0.30110506173258506,1.668940544128418
HMDB0000097,1419,0.047088448606094846,0.9,299,0.6287254443010871,3.6195709705352783,285,0.6007109006782916,3.654979705810547
HMDB0000099,373,0.00030288510156380904,0.5,86,0.8097086182648782,1.0902690887451172,77,0.6536250960089872,1.2447001934051514
HMDB0000112,641,1.8428081208941716,0.1,154,,3.8752734661102295,147,,2.932861328125
HMDB0000118,840,0.0006221654562262608,0.9,178,0.8097584960749885,2.3810198307037354,167,0.7624354961425354,2.366551637649536
HMDB0000119,311,0.02022573802248841,0.1,66,,0.011507800780236721,66,,0.011507800780236721
HMDB0000123,1625,0.06139036995383341,0.9,332,0.6226095542685826,2.8784940242767334,342,0.6570682058382199,2.6078147888183594
HMDB0000124,463,0.0006561091079510515,0.9,87,0.8600245982823157,2.2257769107818604,95,0.8523176253352253,2.5908122062683105
HMDB0000125,311,0.006215192702165216,0.1,66,0.16554479631653352,0.18287649750709534,66,-0.07026011710186543,0.24756121635437012
HMDB0000126,815,0.023908070057964165,0.9,152,0.71907810638546,4.033880710601807,156,0.7059898096983688,3.981873035430908
HMDB0000127,820,0.0002978272890333884,0.9,173,0.8120843769926149,2.5843307971954346,160,0.7993597259861043,2.66493821144104
HMDB0000128,484,0.0005810159730517175,0.5,102,0.8428717307387245,2.6982221603393555,88,0.7779959399976045,2.814579486846924
HMDB0000131,672,4.927257356189546,0.1,142,,4.633020401000977,138,,4.550515174865723
HMDB0000132,1204,0.007608776916301134,0.5,246,0.7556638919179302,2.7543179988861084,233,0.7370864473250492,3.0326273441314697
HMDB0000133,1433,0.03873968926462684,0.5,306,0.5898415564211513,3.285235643386841,296,0.5045442508838889,3.479574203491211
HMDB0000138,1362,0.0007777352354074891,0.5,273,0.8246993500096407,2.431936264038086,269,0.7911436782533422,2.4615323543548584
HMDB0000139,1176,0.0034110396789208863,0.5,239,0.795083639048072,3.047720193862915,240,0.7812006956879399,3.2272491455078125
HMDB0000148,1482,0.08944789927481192,0.9,314,0.6692506398897279,3.0580358505249023,298,0.6645359927851949,3.0294430255889893
HMDB0000152,959,0.035497124366039814,0.5,193,0.6736595850395531,4.896685600280762,178,0.6224087812256407,4.866276264190674
HMDB0000156,1433,0.09598546764202913,0.9,306,0.5420737229458431,4.000223159790039,296,0.4625819041144246,3.942624807357788
HMDB0000157,1706,0.046216874534425065,0.9,344,0.555401297085547,4.495551586151123,350,0.4581376628961526,4.642668724060059
HMDB0000158,1841,0.02274963234981077,0.9,380,0.6849124260236076,3.6257336139678955,388,0.6472649644346903,3.726958990097046
HMDB0000159,1525,0.05497682665215164,0.9,328,0.6268126414384744,4.474739074707031,316,0.5854678557391882,4.476795196533203
HMDB0000161,1708,0.03664299128361428,0.9,344,0.700294303834301,2.7946548461914062,364,0.694007894054126,2.6992626190185547
HMDB0000162,1525,0.08678414822141213,0.9,328,0.6197411207366749,3.6700599193573,316,0.5870238718334121,3.7053894996643066
HMDB0000167,1463,0.07650011269449455,0.9,313,0.6221402475073339,3.24198317527771,303,0.5965880407129572,3.122117519378662
HMDB0000168,1351,0.3931071627752453,0.1,292,0.44473063618796044,3.2877256870269775,287,0.29994628154992686,2.897305727005005
HMDB0000172,1779,0.05564608855947668,0.9,365,0.6196775637548527,4.678369998931885,375,0.5465480871186095,4.694677829742432
HMDB0000175,311,0.010348702562807057,0.5,66,,0.12432365864515305,66,-0.16949507135361533,0.24772416055202484
HMDB0000177,1461,0.09803292540898839,0.9,311,0.5646255639616566,3.67389178276062,303,0.48902530670673455,3.5130276679992676
HMDB0000181,435,0.00039529187432650863,0.5,85,0.9518655638923041,0.7591347098350525,81,0.950219085285661,0.7226491570472717
HMDB0000182,1778,0.04264101691878359,0.9,364,0.6645540592507553,3.2907004356384277,375,0.6150673250354601,3.3738086223602295
HMDB0000187,1463,0.05473538977040925,0.9,313,0.6575100233804388,2.4913570880889893,303,0.6556905307079693,2.472480058670044
HMDB0000190,1779,0.042394357754776,0.9,365,0.6378213499702303,3.2148938179016113,375,0.5993633939573372,3.2520244121551514
HMDB0000191,1459,0.04385472890964129,0.9,313,0.6590202416547131,3.1966018676757812,303,0.6590858907960815,3.2429022789001465
HMDB0000193,425,0.0047603124281939335,0.1,101,0.850172253715447,2.1303138732910156,95,0.707026242016631,2.390052318572998
HMDB0000194,1052,0.0006400331751023492,0.9,212,0.8108807504341287,2.297290802001953,206,0.8273737316186736,2.096806764602661
HMDB0000195,1206,0.0018080767531320164,0.9,266,0.8181899860760267,2.030463933944702,256,0.8158460059153998,2.0536606311798096
HMDB0000197,1234,0.004651414186658677,0.9,251,0.7769815437034562,1.8668335676193237,259,0.787642321449339,1.8892545700073242
HMDB0000201,1127,0.0026688302232376762,0.9,234,0.7937016284546621,2.3777127265930176,222,0.7674350202777293,2.464717388153076
HMDB0000205,311,0.08237118123045305,0.1,66,,0.08435174077749252,66,,0.1499418169260025
HMDB0000208,1323,0.05671258876573391,0.9,285,0.5172975442268085,5.041995525360107,274,0.4019922027553116,5.227852821350098
HMDB0000210,1204,0.0005307145961847372,0.9,246,0.8593372626437155,2.735013484954834,233,0.8744144442960681,2.6492836475372314
HMDB0000214,1420,0.058399052111360136,0.9,302,0.6463718622010755,2.613896131515503,296,0.6503553054546631,2.346144437789917
HMDB0000215,588,0.0050207579670631,0.9,132,0.7068387328962105,1.2506067752838135,131,0.7334524415450806,1.0856611728668213
HMDB0000216,711,0.00046889245351751743,0.9,135,0.917483574475538,1.7500395774841309,132,0.8939041451609427,1.9174575805664062
HMDB0000224,354,0.006029656486607839,0.9,80,0.6616052177131825,1.4649922847747803,84,0.8047443273903945,1.0895204544067383
HMDB0000225,311,0.0009218596488818889,0.1,66,0.14876327107496842,0.2888031303882599,66,,0.2234165370464325
HMDB0000226,1118,0.00023487701446345158,0.9,241,0.8783370986053807,1.9042996168136597,235,0.8648238526188303,2.0499608516693115
HMDB0000232,463,0.0005384767338730089,0.9,96,0.9523692404967234,1.2447950839996338,86,0.9238146512160327,1.4785475730895996
HMDB0000235,833,0.00033445328000992065,0.9,175,0.8590460652698433,2.3768560886383057,162,0.8484300739637846,2.206697702407837
HMDB0000237,1515,0.010701293817818399,0.1,301,0.5563690811570557,2.923206329345703,319,0.5657550970847126,2.832570791244507
HMDB0000238,311,0.19750593559534985,0.1,66,,0.42028379440307617,66,,0.3618151843547821
HMDB0000239,590,0.0007599561443436618,0.9,117,0.8906488347359641,2.9567224979400635,117,0.8911827430079263,2.9155354499816895
HMDB0000243,1028,2.1646685173539333,0.1,228,,4.127249240875244,219,,4.130516529083252
HMDB0000244,1038,0.09922593328276762,0.9,204,0.48118708893676326,4.274153232574463,202,0.4185965615687463,4.223934650421143
HMDB0000245,706,0.0005069509091375758,0.9,129,0.861204812388919,2.7838079929351807,128,0.8717534406392179,2.654500722885132
HMDB0000251,1525,0.0872159158250673,0.9,328,0.5498217648298515,3.7347357273101807,316,0.523455990425743,3.654808282852173
HMDB0000254,1779,0.046587691421132345,0.9,365,0.6450345498724503,3.7827610969543457,375,0.5764599284172836,3.6012771129608154
HMDB0000259,1110,0.003518890900177523,0.9,221,0.7919741896390172,1.941428780555725,214,0.7660007952286138,2.0332720279693604
HMDB0000262,1463,0.10665090535604181,0.9,313,0.5214867555531838,4.11378812789917,303,0.44348039092464303,4.192900657653809
HMDB0000263,311,0.0034419890768658317,0.1,66,0.27793631827080073,0.8682641983032227,66,0.043249084624399844,0.8475531339645386
HMDB0000265,311,0.02357889797677579,0.1,66,0.12799029275490997,0.15275688469409943,66,,0.09201235324144363
HMDB0000267,1172,0.08114739044885845,0.9,256,0.5250118285231072,3.55236554145813,240,0.3705347772676582,3.490105628967285
HMDB0000271,626,0.0020345697592430694,0.5,131,0.886522197564984,1.4952036142349243,127,0.7789159604627188,1.7930935621261597
HMDB0000272,311,0.2637400427815232,0.1,66,,1.5204827785491943,66,,1.3766340017318726
HMDB0000273,999,0.49180916145637826,0.5,222,,3.7231247425079346,212,,3.5534541606903076
HMDB0000279,570,0.0012247923151022183,0.5,122,0.6919510999936516,0.9852812886238098,122,0.7350287730445756,0.8275083303451538
HMDB0000285,311,0.0020297452264834105,0.1,66,,0.09229833632707596,66,,0.06139862909913063
HMDB0000286,311,0.017503297558015656,0.1,66,0.5293144033431586,1.3975039720535278,66,0.2785746448972304,1.3903789520263672
HMDB0000288,359,0.0016985815071245522,0.1,70,0.33546480438033555,1.5456231832504272,73,0.3033983506167254,1.5329464673995972
HMDB0000289,1247,0.0005280517208313843,0.9,260,0.8133783808488128,3.190781831741333,251,0.8461354001978527,2.9311294555664062
HMDB0000290,311,0.01111910661285667,0.1,66,0.3667509821005796,1.6831464767456055,66,0.020914418150014005,1.8586381673812866
HMDB0000291,382,0.00040511210620784705,0.9,87,0.9009015111544604,1.3663057088851929,77,0.7883604266551607,1.823366403579712
HMDB0000292,1339,0.08759107483445816,0.9,282,0.44657699129373163,5.397704124450684,271,0.3962907587799799,5.30842924118042
HMDB0000294,661,0.0011407479936885402,0.5,153,0.85769067976035,1.5711454153060913,156,0.8004817007513869,1.9896447658538818
HMDB0000295,311,0.009310573252144334,0.1,66,0.257235207249903,1.4134197235107422,66,0.19777906145001553,1.6031876802444458
HMDB0000296,1433,0.06082993103864996,0.9,306,0.5917323621764007,4.081976890563965,296,0.5309847611496904,3.8260650634765625
HMDB0000299,651,0.0019519577377952195,0.9,135,0.891877079742204,1.3084707260131836,136,0.8827301851651407,1.4023797512054443
HMDB0000300,1779,0.040353391076837795,0.9,365,0.5659559910303898,4.529520511627197,375,0.4706925516234853,4.510861396789551
HMDB0000301,823,3.841194532911224,0.1,178,,3.192357063293457,178,,3.1859018802642822
HMDB0000303,672,0.0016046319800315251,0.9,137,0.7339440130206459,0.7551542520523071,145,0.6906061881942812,0.6973888278007507
HMDB0000306,958,2.393655796887232,0.1,208,,3.4164228439331055,208,,3.209395408630371
HMDB0000355,802,0.007727389985760108,0.9,167,0.7563478134368095,2.882704734802246,171,0.7935751544142433,2.552156925201416
HMDB0000402,479,0.0014264147515228203,0.1,102,0.38103705128047904,1.0657758712768555,102,0.5405891799081589,1.012934923171997
HMDB0000426,354,0.002533233774856282,0.9,80,0.5063914545512326,1.3790792226791382,84,0.46133204268821837,1.3654565811157227
HMDB0000448,1093,0.008805363856644554,0.5,227,0.7633317628970926,3.202284574508667,218,0.7456029168796675,3.354503870010376
HMDB0000450,479,0.0005376994198079334,0.5,102,0.7818781035660328,0.9782347083091736,102,0.8452471486374831,0.8494440913200378
HMDB0000452,1052,0.024283849904461523,0.9,223,0.6846737799950294,2.3595402240753174,222,0.686337529175018,2.4203951358795166
HMDB0000462,497,0.039108723416542715,0.1,112,0.3415470958373384,2.2606987953186035,111,0.30821500908131977,2.464630365371704
HMDB0000472,780,0.00039920443890780806,0.9,156,0.9116058173887676,1.76455819606781,142,0.8962704204185576,1.7678391933441162
HMDB0000479,1036,0.0006047456349519444,0.9,203,0.7957126819851263,2.1151435375213623,202,0.8313388642443332,1.7965352535247803
HMDB0000500,588,0.029249296335188746,0.5,132,0.13390659471942598,0.7133069038391113,131,0.13369325541901503,0.7708993554115295
HMDB0000511,793,0.00036013722536659747,0.9,157,0.8425574600793921,2.052210569381714,158,0.8473969112612127,2.155184507369995
HMDB0000512,699,2.775296496389932,0.1,141,,2.994502544403076,138,,2.8646597862243652
HMDB0000517,1482,0.05585134131276709,0.9,314,0.6588163595077823,3.6412506103515625,298,0.6196082199547526,3.6515438556671143
HMDB0000528,311,0.0709942606101082,0.1,66,,0.21817949414253235,66,,0.041278064250946045
HMDB0000535,1243,0.0003666475459186025,0.9,248,0.7890106038665688,2.6440296173095703,245,0.8240810251990891,2.371480941772461
HMDB0000538,311,0.001639907689723172,0.1,66,,0.15002961456775665,66,0.005669609401535391,0.21659912168979645
HMDB0000562,1433,0.001029001601820522,0.9,306,0.8364179405366579,2.3233580589294434,296,0.8159294544863686,2.3122966289520264
HMDB0000574,613,0.06200012809597463,0.9,136,0.82302833969174,0.8170346617698669,140,0.8568375462045389,0.7284209132194519
HMDB0000575,354,0.008052279369979255,0.5,80,0.9134500182485188,0.7302975058555603,84,0.9661850125136348,0.5699666142463684
HMDB0000618,311,0.012347353879930535,0.1,66,0.04088084275322949,0.612713098526001,66,0.24015898191948185,0.6426515579223633
HMDB0000619,1534,0.0015233912923885763,0.9,309,0.8251089467036958,2.3506174087524414,316,0.7864669191364694,2.476973533630371
HMDB0000623,1131,0.010328397202765807,0.5,225,0.7277749956401092,3.766356945037842,222,0.7390497212239399,3.815145492553711
HMDB0000625,522,0.0006302524142795139,0.5,116,0.888498929980954,0.7896111607551575,120,0.8322845858722672,0.9912595748901367
HMDB0000626,1206,0.05712346853154655,0.9,227,0.6845588018373702,3.7222788333892822,242,0.7088048548429075,3.752847909927368
HMDB0000630,1431,0.09320633235604082,0.9,306,0.5100809069987045,3.9574360847473145,296,0.384624011884734,3.926171064376831
HMDB0000634,311,0.02321255889667761,0.1,66,0.31830850189901727,1.4780269861221313,66,0.018066184249472778,1.585069179534912
HMDB0000638,763,0.0006814032038417431,0.5,150,0.8306824967281694,2.1266069412231445,151,0.8162840303030416,2.3498425483703613
HMDB0000639,354,0.0005343759396655411,0.5,80,0.7108131711877256,1.401492714881897,84,0.8039384029719511,1.2891063690185547
HMDB0000641,1462,0.10725345671956911,0.9,313,0.6105959782527477,3.600950241088867,303,0.5261768226126436,3.4728472232818604
HMDB0000661,540,0.02568254955381907,0.1,126,0.6978999746481824,1.6875855922698975,129,0.820403658805529,1.544411540031433
HMDB0000663,354,0.04527087310388712,0.9,80,0.9244181027445856,0.758525013923645,84,0.8797941214192578,1.198516845703125
HMDB0000665,311,0.004882850295695462,0.1,66,0.5336957846921105,2.1683361530303955,66,0.5187113727446812,1.6956920623779297
HMDB0000669,382,0.0007519006379611829,0.5,87,0.9061270610043536,1.0817421674728394,77,0.8090434948907781,1.2406672239303589
HMDB0000671,635,1.5540699395607775,0.1,150,,3.917715311050415,142,,3.594273567199707
HMDB0000682,363,0.0010182367452233592,0.5,76,0.6819280775155426,2.412778615951538,73,0.7034603733430791,2.223362445831299
HMDB0000684,505,0.022233205833579944,0.1,101,0.036600470846657185,0.2914399206638336,109,0.0737563811304047,0.25107714533805847
HMDB0000687,1841,0.05324379329668734,0.9,380,0.6270232204829588,4.478143692016602,388,0.5572966427018652,4.4819841384887695
HMDB0000691,1115,0.1670671080670334,0.9,226,0.13577238323533275,4.311880588531494,227,0.1433888586107834,3.915137767791748
HMDB0000695,613,0.02229639896560843,0.1,136,0.8444785406324936,0.9427950382232666,140,0.8918565272394331,0.8661519885063171
HMDB0000696,1463,0.0862597875287215,0.9,313,0.5527758599552371,4.05345344543457,303,0.4971596964272217,3.8733248710632324
HMDB0000699,1085,0.000330745605218734,0.9,218,0.8280005889859751,2.3826804161071777,213,0.8098686169558804,2.1203815937042236
HMDB0000700,445,0.03377135392283083,0.9,100,0.8862889749830087,0.8886827230453491,104,0.914499342443548,0.816360592842102
HMDB0000711,620,0.00046448404729152663,0.9,117,0.8547815892023538,2.3994483947753906,112,0.8368978099183779,2.6283607482910156
HMDB0000714,581,0.0005454524921673301,0.5,116,0.8211901572160534,1.9508891105651855,117,0.8347495485973516,2.011630058288574
HMDB0000718,1432,3.1368291844202814,0.1,289,,3.86572003364563,305,,3.7114510536193848
HMDB0000719,574,0.027370466610420606,0.5,119,0.7632181587662007,1.396083116531372,120,0.7815629706822247,1.334386944770813
HMDB0000720,440,0.00032370195485124687,0.9,85,0.9553379920637576,0.9030332565307617,82,0.9359771288278395,0.9327208399772644
HMDB0000725,820,0.0012342118555205611,0.9,163,0.8475975692156361,1.691009759902954,168,0.8798398311660489,1.503261923789978
HMDB0000731,311,0.0034499916275640458,0.9,66,0.02099886271747383,0.9313328266143799,66,0.28168669646041317,0.6324250102043152
HMDB0000732,433,0.000383498475953558,0.9,84,0.9701597688709696,1.1137586832046509,81,0.968861170152817,1.0466471910476685
HMDB0000742,159,0.006086993292088769,0.1,34,0.25714443089882777,0.13057450950145721,34,0.39185160146341946,0.14140164852142334
HMDB0000745,311,0.002832722127245938,0.1,66,0.27226864301425824,0.8064708709716797,66,0.17161620542044753,0.9842033386230469
HMDB0000759,570,0.0008317242127319869,0.5,122,0.8847824442402286,0.7828914523124695,122,0.885520589123166,0.7720847725868225
HMDB0000763,687,0.00031485392055175226,0.9,138,0.8750956052440569,1.427042007446289,130,0.8088233794125378,1.7651597261428833
HMDB0000764,995,0.0009780581987083856,0.5,196,0.8002527296522245,2.3874237537384033,193,0.7897749705667199,2.6043553352355957
HMDB0000779,1271,0.0005966662735317498,0.9,265,0.7953541337733433,2.8767311573028564,265,0.8311984692082133,2.653693437576294
HMDB0000784,1147,0.08291621824211914,0.9,234,0.4644676455285136,4.0987982749938965,233,0.45817057364544755,4.082688808441162
HMDB0000792,945,0.0004779870124650941,0.9,190,0.8766619113785621,2.0489447116851807,177,0.8696286056278799,1.9139176607131958
HMDB0000802,979,0.0006506657300045753,0.9,192,0.8833870513289462,2.7856009006500244,189,0.9015576176238623,2.5581376552581787
HMDB0000807,311,0.12265445335118333,0.1,66,,0.6074683666229248,66,,0.4068727195262909
HMDB0000812,677,0.000207821726896836,0.9,140,0.8694270782937609,1.2966700792312622,152,0.9023781530829288,1.1088175773620605
HMDB0000821,311,0.00741468717814258,0.1,66,0.40563212316582425,1.4339420795440674,66,0.4891955296355211,1.44564950466156
HMDB0000822,354,0.09446193415962627,0.5,80,0.4267050795977114,2.6584267616271973,84,0.5759782052936463,2.6155848503112793
HMDB0000828,311,0.005016424418262346,0.1,66,-0.07682071160225161,1.8868967294692993,66,0.08982580172407723,1.8278568983078003
HMDB0000840,685,0.00082521338368302,0.9,138,0.866069718372393,1.1976300477981567,135,0.8569575699764705,1.2103039026260376
HMDB0000842,311,0.013309139232628681,0.9,66,,0.07279124110937119,66,,0.21168264746665955
HMDB0000847,311,0.007909374390921408,0.1,66,0.10318240412544193,1.8167040348052979,66,0.21253979098351108,1.7050182819366455
HMDB0000857,479,0.0021614026534055313,0.1,102,0.649999269006586,1.4277639389038086,102,0.6507206407045427,1.5082123279571533
HMDB0000870,1034,0.0022333976755269077,0.9,210,0.8394850214519841,2.0818960666656494,197,0.8393431773425339,2.0274553298950195
HMDB0000875,911,0.00035756790081107454,0.9,186,0.8525678819681143,2.156965970993042,186,0.8501010159335839,2.100917100906372
HMDB0000881,585,0.0005426803835210411,0.9,127,0.9105304926738244,2.5664665699005127,107,0.9196629814152956,2.3259828090667725
HMDB0000883,1841,0.026109733281331066,0.9,380,0.6935411052547449,4.047313213348389,388,0.6516606807750178,4.211589813232422
HMDB0000892,1066,0.0006346843211333255,0.9,226,0.9027622449807581,1.8771919012069702,225,0.9339990821556388,1.7015029191970825
HMDB0000895,945,0.0004807046736639293,0.9,190,0.8970452353453173,2.5256025791168213,177,0.87271307964658,2.7995901107788086
HMDB0000897,1047,0.0004198806796700891,0.9,220,0.8664532375811812,2.160247802734375,224,0.8715652607286801,1.9941762685775757
HMDB0000898,771,0.00022764939020786045,0.9,151,0.8721581021132838,1.572096824645996,143,0.8688225037064099,1.6765865087509155
HMDB0000902,311,0.016404246705004875,0.1,66,0.18148446762759365,2.083141803741455,66,0.2335923155142297,2.2585718631744385
HMDB0000904,1389,0.06583834133113099,0.9,292,0.6721194419552394,4.129771709442139,278,0.6045171458817,4.39954948425293
HMDB0000905,479,0.0022485353863787964,0.9,102,0.009392274913440983,0.11262164264917374,102,-0.007261833650253798,0.15878582000732422
HMDB0000906,485,0.0004697844515141753,0.5,110,0.6916317549319901,0.9324519038200378,109,0.748015119104619,0.8801482915878296
HMDB0000925,939,0.0002776141398588647,0.9,191,0.8865908940665109,1.8452733755111694,173,0.8604245549334301,1.8255412578582764
HMDB0000929,1719,0.04823886017463116,0.9,363,0.6237255867675436,4.00560188293457,359,0.5729037967497843,4.034443378448486
HMDB0000935,354,0.009410917873208557,0.1,80,0.9097326573197307,0.9218705892562866,84,0.9642631284346675,0.7140438556671143
HMDB0000939,311,0.001572845373123022,0.5,66,0.1249293105758995,0.22083337604999542,66,0.1773651098302382,0.22965845465660095
HMDB0000943,613,0.0060745306523105475,0.9,136,0.6727104446606735,2.0673723220825195,140,0.7343228167493137,1.921385407447815
HMDB0000947,311,0.0019399511085829155,0.5,66,0.3538440211452715,0.23815453052520752,66,-0.0037478876793103364,0.2868680953979492
HMDB0000954,570,0.10203090466951069,0.1,122,,0.22009317576885223,122,,0.20208245515823364
HMDB0000956,726,0.00043315068931801444,0.9,163,0.8345628223185368,2.5040690898895264,158,0.8153127115065703,2.3723526000976562
HMDB0000958,311,0.022115123996768474,0.1,66,0.1806186170287791,0.7599332332611084,66,0.3666672668539639,0.8354669809341431
HMDB0000965,311,0.15208273455261034,0.1,66,,0.5221177339553833,66,,0.685209333896637
HMDB0000996,479,0.024933371525884505,0.1,102,0.0702409567471404,0.5857458710670471,102,0.027717200203754924,0.323199987411499
HMDB0001000,311,1e-15,0.1,66,,0.0,66,,0.0
HMDB0001003,311,0.03658838210765188,0.1,66,,0.010084888897836208,66,,0.010084888897836208
HMDB0001015,699,2.023182706600948,0.1,141,,2.1890103816986084,138,,2.1268081665039062
HMDB0001058,311,0.004324524995569812,0.1,66,-0.006162814875875844,0.2142949104309082,66,,0.10198082029819489
HMDB0001065,465,0.0017724576560399865,0.1,99,0.5514703707815557,1.8437135219573975,99,0.5586919575211167,1.8111834526062012
HMDB0001066,311,0.155828022113567,0.1,66,,0.18949703872203827,66,,0.24628815054893494
HMDB0001068,311,0.02539947938451401,0.1,66,0.014840855254251224,1.2367722988128662,66,0.39080271764421204,1.2157560586929321
HMDB0001104,479,0.0027021726949819163,0.1,102,0.19907689806734233,0.2621765732765198,102,0.3922724263559504,0.19634699821472168
HMDB0001123,777,0.0002190611588499772,0.9,155,0.9525958617585594,0.7318456768989563,155,0.9297141235565219,0.8452483415603638
HMDB0001124,311,0.03439957038363989,0.1,66,-0.08016548986016361,0.2684270739555359,66,-0.12651945354452673,0.2606090009212494
HMDB0001126,311,0.0026995388097321425,0.1,66,0.33089758842908884,1.8067415952682495,66,0.17579314081555586,2.0287482738494873
HMDB0001138,1109,0.00035922843245917243,0.9,235,0.894628029550299,1.5447617769241333,237,0.8971915546741543,1.5081318616867065
HMDB0001139,311,0.040714487768829445,0.1,66,,0.020337579771876335,66,,0.10158014297485352
HMDB0001149,642,0.00038549753983320353,0.9,126,0.8864021286203295,2.338747978210449,123,0.8830141868183274,2.267272472381592
HMDB0001161,1204,0.0010684168038374024,0.9,246,0.8871444118688371,2.542612075805664,233,0.8792492691054419,2.6668972969055176
HMDB0001173,440,0.00039553198380903767,0.5,85,0.9323936005880955,0.8173434138298035,82,0.8999420918141782,0.9420892596244812
HMDB0001175,311,0.04662003479239574,0.1,66,-0.22526307538655868,0.3506869375705719,66,-0.03864927615467829,0.32139143347740173
HMDB0001176,311,0.08667094914476205,0.1,66,,0.29073086380958557,66,,0.06974422186613083
HMDB0001178,311,0.002823867384615946,0.9,66,-0.15346876490484923,0.35443854331970215,66,-0.17893617680145307,0.5434309244155884
HMDB0001185,612,0.00037883221107543855,0.9,117,0.8650462992712445,2.0067691802978516,113,0.8764406076638162,1.8147600889205933
HMDB0001186,644,0.0005720567407074922,0.9,123,0.8952544597132084,2.7300682067871094,114,0.902998982193471,2.5938334465026855
HMDB0001190,311,0.026525012375321247,0.1,66,0.044078262558364806,3.1184051036834717,66,0.04529672985364367,3.095853328704834
HMDB0001201,311,0.027116663586288402,0.1,66,,0.010575169697403908,66,,0.010575169697403908
HMDB0001202,395,0.008588398221172864,0.5,76,0.7268614540273965,3.0916173458099365,83,0.7681034216506156,3.0407543182373047
HMDB0001209,354,0.0060148891080834465,0.1,80,0.9087621071961063,0.6082742810249329,84,0.9652824918206881,0.5148100852966309
HMDB0001220,382,0.0004863655130276505,0.9,87,0.9741879904357136,1.0157243013381958,77,0.934168454193776,1.064880132675171
HMDB0001227,484,0.000907948243614195,0.5,97,0.7207008338223376,1.856080412864685,99,0.6350994778390578,1.8935211896896362
HMDB0001243,311,0.011506315290606734,0.9,66,0.36660055199730285,1.3839731216430664,66,0.21138098368063407,1.575613021850586
HMDB0001248,311,0.16176496671327056,0.1,66,,0.3046639859676361,66,,0.36385875940322876
HMDB0001252,311,0.0052103033080490545,0.1,66,0.3676538078210584,2.4729256629943848,66,0.2509778548312355,2.682343006134033
HMDB0001254,311,0.08282014411362038,0.1,66,,0.2444591224193573,66,,0.2553343176841736
HMDB0001256,311,0.005468205409975285,0.9,66,0.355723053139321,0.5747979879379272,66,0.3848159734262912,0.49671491980552673
HMDB0001257,1020,0.020100932105048354,0.9,208,0.7814144810179513,4.2282280921936035,193,0.7719159056224347,4.525872707366943
HMDB0001273,311,0.043813419921264425,0.9,66,,1.6097214221954346,66,,1.09592604637146
HMDB0001274,311,0.0727144391590376,0.1,66,,0.09605073928833008,66,,0.1424523890018463
HMDB0001276,1041,0.18109696558914698,0.9,205,0.22984865291303214,5.241471767425537,202,0.2100426522214484,4.941766262054443
HMDB0001314,311,0.3379381737908366,0.1,66,,1.3979578018188477,66,,0.9598714113235474
HMDB0001325,832,0.00047397279331826755,0.9,169,0.8583221932042115,2.0574705600738525,170,0.8856184701968055,1.783030390739441
HMDB0001341,311,0.31520748445075425,0.1,66,,1.8550423383712769,66,,1.917374610900879
HMDB0001367,311,0.009702851482952206,0.1,66,0.2729284047471499,1.5023951530456543,66,0.22822905152457104,1.383449912071228
HMDB0001389,505,0.0009372102868758049,0.1,101,0.33976069010074783,0.42393094301223755,109,0.0567783299731232,0.49722975492477417
HMDB0001392,311,0.0017308296736269935,0.1,66,0.49926641462530147,0.9483700394630432,66,0.6394708943857458,1.0857144594192505
HMDB0001396,311,0.004611985154096376,0.1,66,0.20970809938678694,1.6641738414764404,66,0.06596209323181713,1.8569848537445068
HMDB0001397,311,0.00982953378582648,0.9,66,,0.2206694334745407,66,,0.14516718685626984
HMDB0001401,354,0.04377407140647155,0.9,80,0.5152493167114979,2.006319284439087,84,0.6204562003684454,1.9682958126068115
HMDB0001406,1093,0.001641906670117007,0.5,227,0.8524283937161089,2.2538087368011475,218,0.8256985545949845,2.6375732421875
HMDB0001413,311,0.03344792220461286,0.1,66,,0.04359602928161621,66,,0.04389262944459915
HMDB0001414,1258,0.007924203349796119,0.1,270,0.818896885677902,1.842568039894104,260,0.7614020707654614,1.9076364040374756
HMDB0001431,762,0.00015310364793013744,0.9,154,0.8327562366489857,1.5155308246612549,151,0.8849808333335462,1.2468371391296387
HMDB0001432,577,0.0006046990817529306,0.9,116,0.8978056252588378,2.5929925441741943,117,0.904868083038262,2.343125581741333
HMDB0001440,311,0.029653588675226043,0.1,66,,0.011564543470740318,66,,0.011564543470740318
HMDB0001476,508,0.000545792106568344,0.5,106,0.9553691904746768,0.9017981886863708,93,0.9055724022723127,1.0644053220748901
HMDB0001488,1463,0.08590708354592023,0.9,313,0.45127140294770973,4.357612133026123,303,0.39589195004778693,4.149139881134033
HMDB0001514,311,0.027463036007645734,0.9,66,0.12628198314530548,1.3693426847457886,66,0.3007666187600343,1.4155194759368896
HMDB0001517,311,0.010628257719485279,0.1,66,0.5123241882119061,0.8429877161979675,66,-0.258010162969591,1.1696635484695435
HMDB0001522,479,0.05807436582688747,0.1,102,,0.12721212208271027,102,,0.3110560476779938
HMDB0001539,1032,0.0015531978949444383,0.9,210,0.8793010987523273,2.8667922019958496,196,0.8690788774628928,2.850713014602661
HMDB0001545,570,0.001964238254254616,0.1,122,0.42528259578686856,0.7183229327201843,122,0.44605661485814646,0.6719620227813721
HMDB0001546,311,0.034223308133925656,0.1,66,,0.04238788038492203,66,,0.13368982076644897
HMDB0001553,311,0.023466810536154594,0.1,66,,0.013110882602632046,66,,0.013110882602632046
HMDB0001554,311,0.03469661501059578,0.1,66,,0.059072673320770264,66,,0.0596109963953495
HMDB0001555,311,0.014421728620760839,0.1,66,0.26727330732360716,1.2481629848480225,66,0.277569534624839,1.2922528982162476
HMDB0001565,635,0.011531609108869925,0.9,128,0.7945127419816427,2.21113920211792,125,0.7107490037194744,2.581775665283203
HMDB0001566,311,0.022915717211617004,0.1,66,0.3004729318948941,1.4467837810516357,66,0.031092209696424403,1.6047683954238892
HMDB0001586,311,0.0054718969521909775,0.1,66,0.15307068652176178,0.7874804139137268,66,0.016814660660213716,0.6873267889022827
HMDB0001587,311,0.052741302171320774,0.1,66,,0.01549003180116415,66,,0.01549003180116415
HMDB0001863,354,0.0010481051321651108,0.5,80,0.6639503888795983,2.268913745880127,84,0.7094291733400921,2.179481267929077
HMDB0001895,591,0.00044881078752724606,0.9,117,0.883651024117409,2.163144111633301,117,0.911118804063255,1.863410234451294
HMDB0001901,311,0.014101589829430045,0.1,66,0.219535034585652,1.4409115314483643,66,0.22122529990572967,1.5687708854675293
HMDB0001921,589,0.0004030296672539674,0.9,117,0.8484122376753589,1.97598135471344,117,0.8934015289948444,1.5738872289657593
HMDB0001934,311,0.03506002702130382,0.1,66,,0.010297068394720554,66,,0.010297068394720554
HMDB0001983,311,0.016103850300289043,0.1,66,0.052945503189293856,0.6254222989082336,66,0.24160802569738363,0.5837714076042175
HMDB0002005,1241,0.007463406306459385,0.9,259,0.8330289027208264,2.2528183460235596,251,0.7931333751389285,2.4308090209960938
HMDB0002006,311,0.04711783200598223,0.1,66,,0.15066693723201752,66,,0.1968032419681549
HMDB0002017,311,0.0004403576249520923,0.9,66,0.035453728505371,0.05074186250567436,66,,0.02497205138206482
HMDB0002024,885,0.0005207042131346124,0.9,172,0.8846310279435239,2.4924051761627197,169,0.8965732427379562,2.377216339111328
HMDB0002035,402,0.006781048074594089,0.5,86,0.11132474898798377,0.20128703117370605,86,0.19425133951391557,0.1994299590587616
HMDB0002039,354,0.060121027060923565,0.1,80,0.5857614316718546,3.263688564300537,84,0.553175359605667,2.829212188720703
HMDB0002064,1175,0.00040428233045212763,0.9,239,0.8512030505429993,2.2021677494049072,240,0.8450843193496637,2.133401393890381
HMDB0002085,354,0.02438963103217093,0.9,80,0.8466571671779274,1.3690931797027588,84,0.9105424303406777,1.1279720067977905
HMDB0002092,311,0.15365669581667785,0.1,66,,0.4454425275325775,66,,0.4056806266307831
HMDB0002096,311,0.012468841971764792,0.1,66,0.09102456141333642,3.090247392654419,66,0.03533799300315017,2.9593465328216553
HMDB0002099,311,0.059666073973922484,0.1,66,,0.023311655968427658,66,,0.023311655968427658
HMDB0002107,311,0.021937769651289726,0.1,66,0.09282928299386939,1.330729603767395,66,-0.09268635827821965,1.0959537029266357
HMDB0002172,740,0.0006990449006135041,0.9,147,0.8219198851093233,3.2754065990448,148,0.8567770292081938,2.851726531982422
HMDB0002189,311,0.2910037516014369,0.1,66,,0.9319261312484741,66,,1.008242130279541
HMDB0002199,665,0.0003064064886336936,0.5,148,0.4324328230629003,2.243166446685791,147,0.5381060544456964,2.1344404220581055
HMDB0002224,311,0.006599042985029595,0.1,66,0.15417905615182803,1.0749320983886719,66,0.1922436852306812,1.0893795490264893
HMDB0002275,311,0.05251693572262092,0.1,66,,0.08804959803819656,66,,0.213128462433815
HMDB0002322,993,0.0006780336569309821,0.9,202,0.8736753273849441,2.018437385559082,198,0.8876670289848314,2.120809316635132
HMDB0002362,311,0.0020516755923558616,0.9,66,0.589703654319365,1.0106525421142578,66,0.4061906905383913,1.155436396598816
HMDB0002428,311,0.013449341335015323,0.5,66,0.16348522852903563,1.0925356149673462,66,0.11234646619959994,1.3521853685379028
HMDB0002466,402,0.002193087250439088,0.1,86,0.15106184632689987,0.5909462571144104,86,0.16069357465159992,0.7974668741226196
HMDB0002641,311,0.029581944280690168,0.1,66,,0.039897143840789795,66,-0.060511779782386046,0.08284483850002289
HMDB0002658,613,0.08792709247405041,0.9,136,0.702852257353096,1.2847018241882324,140,0.7067213980463151,1.383083701133728
HMDB0002666,311,0.031016837567337766,0.1,66,0.2921196172554247,1.0611711740493774,66,0.37038321626071635,1.0351991653442383
HMDB0002757,311,0.028023076858334425,0.5,66,0.00930343355996427,0.9286720156669617,66,0.12273444618105527,1.2657922506332397
HMDB0002817,311,0.00256088658277818,0.1,66,0.34393248959396544,1.8951880931854248,66,0.22123613797895803,1.9315487146377563
HMDB0002894,440,0.00020176035948473998,0.9,85,0.8953256397507908,0.8506850004196167,82,0.8937583121769548,0.8190733790397644
HMDB0003011,354,0.029888275203956274,0.9,80,0.6485912829758208,1.3896872997283936,84,0.8596246495870787,0.9444198608398438
HMDB0003070,788,0.0003548747889416001,0.9,164,0.7182168944544371,2.1240859031677246,168,0.7246502574855059,2.3398754596710205
HMDB0003072,665,4.038715104411419,0.1,137,,3.937107563018799,134,,4.036591529846191
HMDB0003157,311,0.001516935465036864,0.5,66,0.4803469036575303,0.8361150026321411,66,0.3494238541852667,1.0435092449188232
HMDB0003254,311,0.016465351108103772,0.1,66,0.6490570846874145,0.15766558051109314,66,-0.07760558729116358,0.06700310856103897
HMDB0003331,531,0.0014107271993738458,0.9,105,0.9104051606075192,0.8342002034187317,102,0.84855730446208,1.0426828861236572
HMDB0003334,511,0.0007192352155572202,0.9,106,0.9738736353675519,1.4183191061019897,93,0.9518099654352884,1.734619140625
HMDB0003335,311,0.027925172802719656,0.1,66,,0.09376150369644165,66,,0.015601775608956814
HMDB0003337,311,0.0010554509750347438,0.1,66,0.3058845694091334,0.8463245034217834,66,0.10004912025778684,0.8204707503318787
HMDB0003355,799,0.0007624162086841558,0.9,182,0.8610928336368808,1.4270840883255005,185,0.8650077298283786,1.3950247764587402
HMDB0003357,982,0.019868473036576777,0.9,198,0.7367236996073118,2.2089507579803467,198,0.7566364170453502,2.2419140338897705
HMDB0003391,311,0.012092405576797924,0.1,66,0.33975940210177513,0.39841428399086,66,0.12336086267257233,0.35925284028053284
HMDB0003447,311,0.027902692077244218,0.1,66,-0.02626260470776475,0.5939711332321167,66,0.3100481866660952,0.5270426273345947
HMDB0003459,589,0.0005310136888234531,0.9,117,0.9058298125194336,2.0109009742736816,117,0.9185442214315662,1.8601975440979004
HMDB0003464,1130,0.00041562315754248096,0.9,225,0.8228286652024673,2.0731334686279297,222,0.8530260488356536,1.882596731185913
HMDB0003540,311,1e-15,0.1,66,,0.0,66,,0.0
HMDB0003581,311,0.030668912593191457,0.1,66,,0.010999633930623531,66,,0.010999633930623531
HMDB0003584,311,0.3354057545063963,0.1,66,,1.6329940557479858,66,,1.2809628248214722
HMDB0003701,311,0.053552780120702415,0.1,66,,0.05012712627649307,66,,0.04287067800760269
HMDB0003903,311,0.002126598523077754,0.1,66,0.4757376081773058,1.5624257326126099,66,0.3243582249310193,2.1715712547302246
HMDB0003911,522,0.006086655606445874,0.9,116,0.7543611971707092,1.1852561235427856,120,0.7841790282489615,1.0626107454299927
HMDB0004095,311,0.11050871330825461,0.1,66,,0.8813868761062622,66,,1.0286115407943726
HMDB0004096,311,0.35325311004540544,0.1,66,,2.3965961933135986,66,,2.3670003414154053
HMDB0004110,311,0.04834010670039431,0.1,66,,0.016279220581054688,66,,0.016279220581054688
HMDB0004230,111,0.006953237722585866,0.1,28,0.826638484926959,1.2194147109985352,32,0.9632600778799186,0.6220906972885132
HMDB0004370,311,0.0008176540042213474,0.9,66,0.0096981272145048,0.11719479411840439,66,-0.09590899573907881,0.1034872904419899
HMDB0004437,311,0.07578772688209305,0.1,66,0.2562455238039022,0.6462365984916687,66,-0.03401936785964207,0.5718027353286743
HMDB0004461,311,0.4261683191133849,0.1,66,,2.1814987659454346,66,,2.4355432987213135
HMDB0004826,311,0.01326740027438104,0.1,66,0.10264525676075897,0.5220224261283875,66,0.10758484937505977,0.6220706701278687
HMDB0004827,1133,0.0004349486023769246,0.9,225,0.837052958279081,2.37882137298584,222,0.866797221887493,2.1894733905792236
HMDB0005765,311,0.0015800233777518284,0.9,66,0.44692815048028045,1.150754451751709,66,0.47951949115142917,1.1577399969100952
HMDB0005831,311,0.17168252031136172,0.1,66,,0.6175731420516968,66,,0.7260966300964355
HMDB0006557,311,0.00010717663862058707,0.9,66,,0.05113811045885086,66,,0.06295008212327957
HMDB0010720,311,0.11079034621309237,0.1,66,,0.07738590985536575,66,,0.07738590985536575
HMDB0011600,311,0.002450329605771397,0.1,66,-0.1273075086468,0.1598248928785324,66,0.026242132317590674,0.17617034912109375
HMDB0011634,311,0.011144313640828445,0.1,66,0.0030104525121149948,0.1911618709564209,66,0.08501051509266995,0.12818169593811035
HMDB0011691,311,0.01891910071541642,0.1,66,,0.01036078855395317,66,,0.01036078855395317
HMDB0011733,402,0.0010445393614508026,0.1,86,0.5374793343004678,1.2108066082000732,86,0.44082691874722413,1.1724480390548706
HMDB0011745,570,0.015660751852829245,0.1,122,0.34694644807137953,0.7665421366691589,122,0.24489004344794066,0.7069114446640015
HMDB0011747,311,0.03394097760559278,0.5,66,,0.44305887818336487,66,,0.5888966917991638
HMDB0011756,699,2.642471902871848,0.1,141,,2.8698019981384277,138,,2.726155996322632
HMDB0011757,570,0.0037097138489496605,0.1,122,0.44921519416907324,1.003803014755249,122,0.5732816898101202,0.9786521196365356
HMDB0012136,311,0.0010427416099229431,0.5,66,0.5994859454453202,0.8319628238677979,66,0.5571126600752714,0.8494265079498291
HMDB0012204,311,0.10164366657710919,0.1,66,,0.6603624820709229,66,,0.6578307747840881
HMDB0012275,584,0.0028128919209519476,0.1,131,0.8943076002891064,1.0523998737335205,133,0.8395820711029673,1.0827085971832275
HMDB0012295,311,0.0045258841288008805,0.9,66,0.24810860462259463,1.5939228534698486,66,-0.021536297749871293,1.642030119895935
HMDB0012843,311,0.006587382374852417,0.1,66,0.4957030066785539,1.7397754192352295,66,0.5449716674971402,1.9823439121246338
HMDB0013211,311,0.021346548745869824,0.1,66,,0.0067464509047567844,66,,0.0067464509047567844
HMDB0013253,751,0.0006543035122007463,0.9,153,0.9027083304844501,2.896559000015259,153,0.9103131942206149,2.8266217708587646
HMDB0013302,402,0.03631848304425899,0.1,86,,0.38628333806991577,86,,0.2838207483291626
HMDB0015051,311,0.04887737261904014,0.1,66,,0.014355197548866272,66,,0.014355197548866272
HMDB0015140,311,0.0018241536944311766,0.5,66,0.4954695158974668,1.4604729413986206,66,0.3314552984364271,1.2911455631256104
HMDB0015251,311,0.008227899952759363,0.9,66,0.022117773474685992,1.7234798669815063,66,0.06928912653828313,1.8449937105178833
HMDB0015673,311,0.1453553901991277,0.1,66,,0.17262785136699677,66,,0.23942333459854126
HMDB0028818,402,0.0012368914855653372,0.1,86,0.5991373155318804,1.1313987970352173,86,0.5114311602576338,1.0314815044403076
HMDB0029412,311,0.03561013336412836,0.1,66,-0.2333754271659379,0.35198476910591125,66,-0.22263124832076508,0.6728661060333252
HMDB0029718,311,0.0002074374109985744,0.1,66,,0.16151969134807587,66,,0.17555034160614014
HMDB0029739,311,0.01133145219280763,0.1,66,0.0415027733581072,2.4312267303466797,66,-0.10755675579518169,2.5596179962158203
HMDB0029956,311,0.00915913432256576,0.9,66,0.28577088614461477,1.0562634468078613,66,-0.11589261116191538,1.1494287252426147
HMDB0031404,440,0.0003123938627917357,0.9,85,0.96299120329505,0.8591058254241943,82,0.9486023019590282,0.9264392256736755
HMDB0031659,311,0.05276919467623105,0.1,66,0.14058620230104765,0.11936163902282715,66,-0.10338538498891248,0.19728820025920868
HMDB0032055,1002,0.0003132293017588954,0.9,204,0.8556321380724804,1.8048502206802368,205,0.9009819652151373,1.6082799434661865
HMDB0032323,311,0.0060416436361105386,0.1,66,0.03605049522686317,0.25387367606163025,66,0.10990006715327277,0.25556591153144836
HMDB0032616,311,0.008984205670800376,0.1,66,0.21769174605659805,1.784555196762085,66,-0.005740803663836752,1.5163722038269043
HMDB0032985,479,0.03934569547967771,0.1,102,,0.2399415224790573,102,,0.24325606226921082
HMDB0033376,311,0.00011034084243747157,0.9,66,,0.05276499316096306,66,,0.06485667824745178
HMDB0033752,311,0.004931844443498059,0.9,66,0.14048191564801166,1.1780755519866943,66,-0.021655332983008566,0.8646079897880554
HMDB0034198,311,0.0023215146693386078,0.9,66,0.2581909372061032,0.9818801879882812,66,0.06553988176851455,0.8478488326072693
HMDB0034365,479,0.0015119159724632312,0.1,102,0.5600976503386285,1.1771488189697266,102,0.44282488034335565,1.2168381214141846
HMDB0034580,311,0.025084630086107652,0.1,66,,0.009469159878790379,66,,0.009469159878790379
HMDB0035196,479,0.07776925857480234,0.1,102,,0.30306386947631836,102,,0.3788585364818573
HMDB0035646,311,0.0014999412310311233,0.1,66,,0.3536306619644165,66,0.46317920854684275,0.3949642777442932
HMDB0035762,311,0.03288228412149803,0.1,66,,0.04390083625912666,66,,0.0627189502120018
HMDB0036458,311,0.004321787978291895,0.1,66,0.5139441292200777,0.7838508486747742,66,0.41420889691457474,0.7203125357627869
HMDB0038670,311,0.006069708445507513,0.5,66,0.08573175646769282,0.4788816571235657,66,0.20573768776672438,0.7369197607040405
HMDB0039721,354,0.0008057175763782925,0.9,80,0.8397202493866249,0.8936923146247864,84,0.9532247445793951,0.6602847576141357
HMDB0041922,311,0.017805038157766653,0.1,66,,0.045297399163246155,66,,0.01405722089111805
HMDB0041947,311,0.0021413973329981596,0.1,66,0.5440103738818768,0.7750335931777954,66,0.4689841842512928,0.7960625290870667
HMDB0059655,1433,0.09768846500347912,0.9,306,0.5548384321083587,3.8565051555633545,296,0.47932162970317915,3.7481849193573
HMDB0060080,311,0.0031313421785591207,0.1,66,0.059584648489451296,0.7399064898490906,66,0.3138642173270196,0.9093427062034607
HMDB0060442,311,0.001073085241594697,0.1,66,0.28865379469499636,1.7208962440490723,66,0.17644773149773096,1.620455026626587
HMDB0060493,570,0.008241296065481083,0.1,122,0.3698906858165828,1.00371515750885,122,0.33235905316724607,1.0518449544906616
HMDB0060495,311,0.006119852664003034,0.1,66,,0.1416464000940323,66,0.07380307156892951,0.26611635088920593
HMDB0061877,311,0.016358524784525617,0.9,66,,0.5526859760284424,66,,0.4716166853904724
HMDB0061880,311,0.001013888271479472,0.1,66,0.06729381137660968,1.7362041473388672,66,0.20378840537665086,1.6835999488830566
HMDB0061881,311,0.017525239006116078,0.1,66,0.18278894083671554,0.3077642023563385,66,0.2628942541128689,0.291111558675766
HMDB0062225,311,1e-15,0.1,66,,0.0,66,,0.04781051725149155
HMDB0062660,479,0.0012755673196520132,0.1,102,0.5366069842428351,0.9667049646377563,102,0.591108617631952,0.9180277585983276
HMDB0094692,522,0.03233663170019988,0.9,116,0.8352158366352017,1.6232386827468872,120,0.8336345095018196,1.3572582006454468
HMDB0240280,311,0.011206188512459995,0.9,66,,0.12084661424160004,66,,0.10889486223459244
HMDB0240650,608,0.00033018566432752104,0.5,121,0.8868543333113883,1.0142871141433716,118,0.8860116332891269,0.9334149360656738
HMDB0242161,527,0.006596209802680542,0.9,119,0.6339574213219089,1.4754958152770996,118,0.32598938818277173,1.4472661018371582
HMDB0244272,311,0.14651344520102744,0.1,66,,0.35273638367652893,66,,0.42967745661735535
HMDB0245008,311,1e-15,0.1,66,,0.0,66,,0.01708194427192211
HMDB0245101,311,0.0016093990581903875,0.1,66,0.15324803296971987,0.5438418984413147,66,0.13511431009874583,0.569259524345398
HMDB0249700,311,0.00607050974348873,0.9,66,0.27015699821527833,0.8109903335571289,66,0.22550951017924395,0.9241606593132019
HMDB0250712,222,0.005639210514287744,0.1,47,0.5727603973842744,1.2520889043807983,47,0.5242244827887291,1.2574248313903809
HMDB0253663,311,0.025601155121610094,0.1,66,,0.0123626459389925,66,,0.0123626459389925
HMDB0254614,311,0.011635490501123683,0.1,66,-0.13075081518611248,1.4248809814453125,66,-0.03594507884157986,1.2409093379974365
HMDB0254955,311,0.0042113028097956855,0.1,66,,0.05889834091067314,66,-0.1602746602064963,0.09196387976408005
HMDB0255185,311,5.62654444981737e-05,0.9,66,0.02065504836662774,0.13798178732395172,66,0.032167831900321416,0.14525455236434937
HMDB0255300,311,0.0077646776369548025,0.1,66,0.2511912293418689,1.4386389255523682,66,0.061626041687082765,1.3878189325332642
HMDB0255912,311,0.0013282455248174352,0.1,66,0.07032840319233699,1.865302324295044,66,0.3599433219128958,1.972195029258728
HMDB0259297,311,0.00041326035536759644,0.1,66,0.05059443062635689,0.14804428815841675,66,-0.15060744815688484,0.18481604754924774
HMDB0259923,311,0.07020528676808839,0.1,66,,0.12722329795360565,66,,0.26016074419021606
HMDB0301759,311,0.024844712766420418,0.1,66,,0.008315925486385822,66,,0.008315925486385822
HMDB0302754,311,0.20792793997614328,0.1,66,,0.771242618560791,66,,0.7146761417388916
HMDB0304270,395,0.000979144902093395,0.9,81,0.8785999711715846,1.776130199432373,81,0.8622558057402232,2.0111751556396484
HMDB0304376,184,0.0018069951430610986,0.1,32,0.9018005045432049,1.782543420791626,28,0.7817583230020551,2.1599009037017822
HMDB0304435,311,0.11848067930656997,0.1,66,,0.4695703089237213,66,,0.6630099415779114
HMDB0304443,311,0.03285738866930202,0.1,66,-0.04662502334023073,1.6693178415298462,66,-0.23510747766434595,1.8777179718017578
HMDB0304521,311,0.02817736177965759,0.1,66,,0.08140619099140167,66,,0.09080462157726288
HMDB0304804,311,0.006758601121915247,0.1,66,0.12611679203813433,0.27189069986343384,66,-0.06751263764731069,0.19614148139953613
METPA0236,479,0.0011860935871510544,0.5,102,0.09343404054923106,0.14865267276763916,102,0.030742905649902567,0.13873496651649475
METPA0433,311,0.00538438825376978,0.1,66,0.65099473048965,0.41451600193977356,66,0.3416254083648611,0.3292034864425659
HMDB0000044,746,0.015652955810619602,0.9,149,0.8822580057517573,2.5508997440338135,145,0.8818127427640349,2.5634818077087402
HMDB0000054,719,0.008535872006406878,0.9,142,0.8363370396087202,2.578850030899048,135,0.8714233179060497,2.337402820587158
HMDB0000067,736,0.0010828759566597318,0.5,154,0.908385519539529,1.9386507272720337,158,0.9344344354034703,1.7243787050247192
HMDB0000098,1050,0.03500781962009191,0.1,219,0.7102290563561225,3.773329257965088,219,0.689401613407213,3.7792577743530273
HMDB0000101,786,0.015371424600167676,0.9,156,0.7940089439120215,3.9959936141967773,146,0.8296900179264319,3.627190113067627
HMDB0000174,831,0.019199504200797114,0.9,180,0.8016020435298972,2.7702603340148926,183,0.8137993334541563,2.6144862174987793
HMDB0000186,691,0.012405308651222564,0.9,151,0.878702063330145,2.509430408477783,140,0.8376603454972169,2.7968568801879883
HMDB0000207,677,0.01072622292126592,0.9,138,0.7327431326920332,1.747576117515564,129,0.7380590861044144,1.9319462776184082
HMDB0000209,1067,0.026251735425938248,0.9,225,0.7190723709645854,2.7274107933044434,226,0.7229409350992921,2.9242873191833496
HMDB0000220,677,0.011336113701644595,0.9,138,0.7811743786928602,1.806875467300415,129,0.7811481224161793,1.8458706140518188
HMDB0000222,622,0.004702862367837842,0.9,123,0.8074789279040177,2.234428882598877,109,0.7624639594528392,2.106034755706787
HMDB0000247,634,0.0005537270680670566,0.9,124,0.8336565108020653,1.918489694595337,111,0.839532583465599,1.890669584274292
HMDB0000252,822,0.006248194727770123,0.5,159,0.8514289074931445,3.3661739826202393,156,0.8837390637255153,3.025373935699463
HMDB0000269,822,0.0026717241717868863,0.5,159,0.8763607098406544,2.38272762298584,156,0.9071341685957924,2.281747579574585
HMDB0000391,664,0.0009433309621581443,0.9,135,0.8794885996482898,2.272104501724243,133,0.8945100726169253,2.0019311904907227
HMDB0000422,154,0.007738768589961067,0.1,33,0.8670669501215813,0.5858457684516907,33,0.7320263146320268,0.8771779537200928
HMDB0000482,524,0.0005447859436501074,0.9,96,0.7911373253934734,2.0640316009521484,93,0.8294920166543418,1.7931288480758667
HMDB0000506,562,0.0019408738871145234,0.5,103,0.758078290348467,2.2330198287963867,100,0.6983388379371809,2.283116340637207
HMDB0000508,154,0.013115010631190572,0.1,33,0.5040418634181003,0.5567676424980164,33,0.18570111199574016,0.8024274110794067
HMDB0000518,922,0.01103905468855918,0.5,171,0.8024166370667167,2.397555112838745,190,0.7363893457918632,2.6582937240600586
HMDB0000555,602,0.009187318922277303,0.5,120,0.8315923950729165,2.497070789337158,120,0.8554647973271704,2.686525583267212
HMDB0000613,597,0.04351114645282886,0.9,114,0.8658164410246943,2.209230899810791,113,0.861196263064546,2.2618355751037598
HMDB0000631,937,0.020882625482595337,0.9,181,0.71957357418815,2.9129958152770996,180,0.7729706207990176,2.7963223457336426
HMDB0000640,197,0.002387528588929152,0.1,47,0.640901936664581,0.9098079204559326,51,0.6755817980554628,1.168156623840332
HMDB0000672,434,0.001011190821704365,0.9,84,0.8368796110077568,1.3049705028533936,84,0.8442224889439363,1.338918924331665
HMDB0000673,677,0.020352594566536326,0.5,138,0.7176923525374196,1.946373701095581,129,0.7174421464249057,2.051692008972168
HMDB0000698,505,0.012237124219971578,0.9,105,0.6760847821795997,2.2883780002593994,95,0.7173723858454731,2.380366802215576
HMDB0000708,620,0.0016035326350641679,0.9,121,0.7878918616537598,1.9928393363952637,110,0.778798785187463,2.120253086090088
HMDB0000715,1086,0.0012737843660935646,0.9,215,0.8762178385596979,2.2011489868164062,210,0.852328923984856,2.1987879276275635
HMDB0000722,578,0.0061363246614132795,0.9,113,0.7437544661707459,2.6301965713500977,104,0.7674897796933605,2.430241107940674
HMDB0000748,154,0.008906840159123767,0.5,33,0.2601957993452112,1.4340441226959229,33,0.46053351091156786,1.0026415586471558
HMDB0000761,821,0.000588526889038499,0.9,159,0.6474541950936447,2.6470882892608643,167,0.7653948205247039,2.1292452812194824
HMDB0000766,822,0.003784784903957416,0.5,159,0.8763735036308329,1.7479420900344849,156,0.902548862112739,1.5486096143722534
HMDB0000767,1008,0.0012325252956814237,0.5,205,0.881897076420324,1.7334997653961182,201,0.884064909018254,1.7880010604858398
HMDB0000806,677,0.024544696595207117,0.9,138,0.751184071001804,2.308873414993286,129,0.779288773896222,2.3227133750915527
HMDB0000826,606,0.05409874127468085,0.9,117,0.7212127331448634,2.336270809173584,118,0.7169610007495812,2.586400032043457
HMDB0000827,677,0.009123803004429684,0.9,138,0.8085640507559377,1.627023458480835,129,0.8091935509528971,1.7248421907424927
HMDB0000852,413,0.001099724951752239,0.9,89,0.8843366421217967,0.7967153787612915,89,0.8981012249930787,0.7065720558166504
HMDB0000866,654,0.03437394517559326,0.9,123,0.8389861991053775,1.7675302028656006,120,0.8326903808209268,1.9100379943847656
HMDB0000872,654,0.016110149210856867,0.9,123,0.9196120965394569,1.288257360458374,120,0.9148892691191536,1.3594212532043457
HMDB0000873,434,0.0015218682043914489,0.9,84,0.7289218562475541,2.3568835258483887,84,0.7688646332338942,2.184089183807373
HMDB0000888,822,0.004867710563804871,0.5,159,0.8602592963986494,2.1213836669921875,156,0.8748008123604059,2.13258957862854
HMDB0000893,634,0.015184222730987986,0.9,124,0.7646970001605697,2.4967827796936035,111,0.7731329392657332,2.7770698070526123
HMDB0000896,703,0.004432819630406482,0.5,133,0.6848962157927097,2.533794641494751,128,0.7312855140763864,2.468204975128174
HMDB0000908,154,0.0011912488318108895,0.1,33,0.8039168424674805,1.194927453994751,33,0.7433500096224606,1.4043582677841187
HMDB0000921,322,0.00033403392657483337,0.9,69,0.9434076314178073,0.8310227990150452,69,0.931027867654267,0.8836403489112854
HMDB0000951,756,0.011320359008274803,0.9,153,0.7924700473578092,2.616722822189331,140,0.7802369448229207,2.537334442138672
HMDB0000957,434,0.0006825678249657978,0.9,84,0.7822433119800287,2.1409504413604736,84,0.8106429406671387,1.9922387599945068
HMDB0001043,677,0.010163532024511084,0.9,138,0.7799069351806848,1.847076416015625,129,0.7834151211983263,1.8344964981079102
HMDB0001232,417,0.0007233432248341951,0.5,82,0.8149468609123995,1.7931996583938599,79,0.700096258522524,1.8168010711669922
HMDB0001388,563,0.0006540142847561427,0.9,103,0.7999883075581358,2.1426239013671875,100,0.7865083379814757,2.0831809043884277
HMDB0001847,736,0.002308777350804508,0.5,154,0.8920248554382693,1.8911315202713013,158,0.8948775294338638,2.003754138946533
HMDB0001886,433,0.0007427369260408649,0.9,84,0.7713882556331507,2.521265745162964,84,0.7800139870526918,2.419938325881958
HMDB0001924,559,0.0026964549665121264,0.9,103,0.715046501262762,2.872809886932373,100,0.7248153591518125,2.6440842151641846
HMDB0001976,725,0.040906142085854864,0.9,144,0.8206263469796498,2.5549840927124023,131,0.8296404833661085,2.5001771450042725
HMDB0001999,725,0.038701181590276114,0.9,144,0.8417620664251909,2.1751558780670166,131,0.8401509569861255,2.1576006412506104
HMDB0002068,563,0.0014469816302987454,0.9,103,0.7808099672495947,2.1912636756896973,100,0.8215514048208816,1.9575896263122559
HMDB0002088,451,0.0025493551340265274,0.9,88,0.8570928971985149,1.4651745557785034,85,0.8792526332950543,1.4644379615783691
HMDB0002100,822,0.004569698503809678,0.5,159,0.843397155033258,2.134070873260498,156,0.873753681337528,1.9450603723526
HMDB0002121,536,0.0009745998097889459,0.5,103,0.6615218148168688,2.5113375186920166,97,0.708348581482417,2.5501914024353027
HMDB0002123,681,0.0008822013418054791,0.5,138,0.9101770408767124,1.4958964586257935,140,0.9181443301851213,1.5573840141296387
HMDB0002183,768,0.036578034977271426,0.9,158,0.8572859220087118,2.0849199295043945,149,0.8702403828490297,1.919585108757019
HMDB0002226,696,0.01930710810979359,0.5,139,0.7600990605557515,2.577166795730591,124,0.7486837702342964,2.8611958026885986
HMDB0002231,563,0.0012781040511032013,0.9,103,0.8142473303596289,1.717846155166626,100,0.8010831312315141,1.9114470481872559
HMDB0002259,606,0.018505281723352227,0.9,117,0.7964813279433816,1.5021212100982666,118,0.8026089347638659,1.590280294418335
HMDB0002261,525,0.034223104725286196,0.9,104,0.8800987539787675,1.6347718238830566,104,0.8687112854604605,2.1141281127929688
HMDB0002271,693,0.001201952825549017,0.5,140,0.8999958686948362,2.176659107208252,140,0.9133892505327932,1.94735848903656
HMDB0002320,430,0.0006442143639852835,0.5,83,0.7889448299313132,1.628630518913269,84,0.7866480478666161,1.485629916191101
HMDB0002329,606,0.0635429033871037,0.5,117,0.6962246498451203,3.1876118183135986,118,0.7420059418346265,3.0619897842407227
HMDB0002364,563,0.0031649572040032595,0.9,103,0.7734328166572252,2.4133799076080322,100,0.8086872490920588,2.32875919342041
HMDB0002368,434,0.0007488316752272146,0.9,84,0.832965863455172,2.0202174186706543,84,0.8693731066913745,1.8694112300872803
HMDB0002392,563,0.0023633514135092655,0.5,103,0.7356282389550253,2.2926487922668457,100,0.8103339599715459,1.9746747016906738
HMDB0002925,634,0.012381531861339596,0.9,124,0.7698762974210778,2.273237466812134,111,0.7530961504631171,2.3257603645324707
HMDB0003229,634,0.030088980371661505,0.9,124,0.7332947274228973,2.53696608543396,111,0.7291069240828013,2.602492094039917
HMDB0003282,434,0.0005611145832083253,0.9,84,0.7687213475415912,2.002744436264038,84,0.7937635705512526,1.9115794897079468
HMDB0003333,434,0.0006711999880492351,0.9,84,0.8155031452857455,1.769232988357544,84,0.7862133836905639,2.0619232654571533
HMDB0004072,563,0.0010390263992770315,0.5,103,0.7310076573942696,2.3168177604675293,100,0.6502094824682404,2.5587644577026367
HMDB0004160,731,0.006105190172150499,0.9,139,0.8305806807150342,3.3366501331329346,136,0.8455294828728667,3.7639129161834717
HMDB0004400,601,0.010583847908170374,0.9,117,0.8086200401051569,2.3140950202941895,120,0.8436584952443341,2.4611899852752686
HMDB0004610,731,0.002445722826125023,0.5,139,0.8655838764948625,2.9346232414245605,136,0.8863660231932682,2.640585422515869
HMDB0004620,822,0.00487963088077396,0.5,159,0.8670772794871313,2.3811867237091064,156,0.8883995890442152,2.192033052444458
HMDB0004704,731,0.004401305048348674,0.9,139,0.8651509293535109,2.187701463699341,136,0.8864435943177745,1.984418511390686
HMDB0004705,731,0.004512952348529647,0.9,139,0.8685009314686596,2.1385879516601562,136,0.8915223645041339,2.00862455368042
HMDB0005066,508,0.00519161107554732,0.9,102,0.7855713884935775,2.506396532058716,89,0.7515966643441642,2.3012380599975586
HMDB0006469,556,0.011051537828266586,0.9,114,0.7820644994310473,2.424250841140747,94,0.7152220111471977,2.3804569244384766
HMDB0010325,620,0.005222637338113503,0.9,130,0.8539427233573184,2.1326231956481934,129,0.8014310713155406,2.583082675933838
HMDB0011564,197,0.012440567636977793,0.9,47,0.5751506690433946,1.6815749406814575,51,0.801770637954757,1.0579001903533936
HMDB0011718,926,0.0007670580445361246,0.9,187,0.9075523155210848,2.009782552719116,174,0.8948089794316482,2.2335734367370605
HMDB0012252,731,0.009566332777610261,0.9,139,0.837151335723983,2.6161513328552246,136,0.8689361087832765,2.2799530029296875
HMDB0013078,413,0.0003904689391646489,0.5,89,0.8487553790318009,0.7925540208816528,89,0.8968620556231566,0.7537993788719177
HMDB0013287,424,0.0008176555993422022,0.5,83,0.7736817201668454,1.8034169673919678,83,0.7463659602155354,1.7121411561965942
HMDB0029377,693,0.002818060630107471,0.9,140,0.8635282602818849,2.2742056846618652,140,0.8926874047043746,2.1147620677948
HMDB0029723,560,0.0008461604825839174,0.9,101,0.6340289993000328,2.1489675045013428,98,0.5188992182965145,2.9022297859191895
HMDB0031057,731,0.008670796091102297,0.9,139,0.8664887151056445,2.2946574687957764,136,0.900589167191353,2.4071075916290283
HMDB0032102,154,0.03650616984818751,0.1,33,0.2661149371400407,1.57087242603302,33,0.49141978557123916,1.122977375984192
HMDB0032538,154,0.03665669552691571,0.1,33,0.2491746046892013,0.8959078192710876,33,0.3255059882754342,0.7305126786231995
HMDB0033585,281,0.0009978139205335298,0.5,55,0.5144161392168366,3.9264001846313477,64,0.7114061524586482,3.024590492248535
HMDB0035665,412,0.007145648684995497,0.9,76,0.6415367239471534,1.9358497858047485,81,0.6534437465391691,1.8984174728393555
HMDB0037942,534,0.011371695014390792,0.9,97,0.7466395933502572,2.123952865600586,100,0.7553062215199601,2.077178955078125
HMDB0038256,154,0.007383204020431471,0.1,33,0.5416421387408713,0.5180290937423706,33,0.3359620733262198,0.6360646486282349
HMDB0059824,434,0.0004498087486974166,0.9,84,0.7684824528795405,1.566855788230896,84,0.7541893173456059,1.3948688507080078
HMDB0059871,154,0.13219382855799292,0.1,33,,0.9638832807540894,33,,1.0219035148620605
HMDB0061858,154,0.009522333339475015,0.1,33,0.012181159571974153,0.5094887614250183,33,0.0888982332365215,0.397885799407959
HMDB0094696,322,0.0005815324013277611,0.5,69,0.894857607814117,1.1759145259857178,69,0.8725676442749067,1.2399187088012695
HMDB0000011,472,0.10780446604042858,0.9,112,0.5539177822120067,2.5483272075653076,115,0.5843238820671043,2.8241281509399414
HMDB0000012,445,0.009321832107863732,0.9,102,0.5394086749056536,1.1668370962142944,101,0.5560837904968311,1.090468406677246
HMDB0000042,733,0.11477263946325035,0.5,148,0.7760150772138964,2.634024143218994,167,0.719798451184332,2.5137951374053955
HMDB0000087,186,0.012691619157546996,0.1,46,0.4439338002142427,1.2386525869369507,45,0.42265953640633674,1.217612624168396
HMDB0000108,417,0.000992346584971606,0.9,96,0.9477824022933636,1.0150107145309448,95,0.9267883617933941,1.1569880247116089
HMDB0000122,1114,0.0005692109694481847,0.9,226,0.8893023880918999,2.1392431259155273,249,0.9092127276037527,1.8487462997436523
HMDB0000134,1041,0.052519297897529425,0.5,226,0.5170921575173958,3.5229718685150146,229,0.537445418328253,3.4849793910980225
HMDB0000143,277,0.0007738912607645156,0.9,66,0.7517747252290173,1.7446086406707764,65,0.8195355933819317,1.4901701211929321
HMDB0000149,320,0.002662404415248247,0.9,80,0.8455089586651363,1.7365195751190186,83,0.8242061149241365,2.0254688262939453
HMDB0000164,216,0.0027077468966593544,0.1,53,0.5821241209997549,1.3688263893127441,52,0.538553668271097,1.5952574014663696
HMDB0000211,554,5.90275843651286,0.1,119,,4.761178016662598,114,,4.808252811431885
HMDB0000228,430,0.000323763805458404,0.9,103,0.9012712953538398,0.7354394793510437,106,0.9141978743278968,0.6878134608268738
HMDB0000230,277,0.007446470101210057,0.9,66,0.6530148121678588,1.6916658878326416,65,0.5498061436052811,2.249518394470215
HMDB0000283,320,0.004486984676784941,0.9,80,0.7880382755667465,1.9429900646209717,83,0.7724661117655512,1.99168860912323
HMDB0000407,634,0.0005991344003981555,0.9,133,0.9345309784693925,1.5289504528045654,132,0.9557484306766503,1.2104957103729248
HMDB0000646,670,0.002625685842490161,0.1,134,0.5178263984439792,0.8838320374488831,153,0.43801544216892135,0.828735888004303
HMDB0000755,354,0.013531474768260806,0.1,82,0.7572408603501172,0.9700878262519836,81,0.8784771925084179,0.8168859481811523
HMDB0000825,186,0.03761007675244346,0.9,46,0.005354772463144426,0.449884831905365,45,-0.03355859765903896,0.6297040581703186
HMDB0000863,417,0.0009099386750365333,0.5,96,0.8182486240504965,0.8396667838096619,95,0.7421312469433765,0.9782823324203491
HMDB0001844,445,0.0024982472394736075,0.9,102,0.7656456293691196,1.0057793855667114,101,0.657767074919183,0.967074990272522
HMDB0001858,585,0.012989632824281018,0.5,132,0.6527678200270944,1.3346271514892578,131,0.35872536408988764,1.2723439931869507
HMDB0001859,686,0.0011420548676594896,0.9,136,0.9606457583156961,1.1385047435760498,132,0.9584353266440881,1.1209286451339722
HMDB0001873,417,0.00070514413664381,0.9,96,0.9607114595599066,0.659173309803009,95,0.9211087800891894,0.8674318194389343
HMDB0001875,417,0.0007443055077422437,0.5,96,0.8696254397594122,0.6875691413879395,95,0.8531497400733098,0.7757591009140015
HMDB0001881,277,0.00105226526363662,0.5,66,0.7249931656796761,1.1745166778564453,65,0.7319716290038619,1.432361364364624
HMDB0001882,229,0.05882129548881196,0.9,60,0.7371928638462982,1.707912802696228,63,0.7982317161384251,1.720294713973999
HMDB0002094,186,0.00988724923902942,0.1,46,0.19093643020662107,0.826826274394989,45,0.16410746531117745,1.2610350847244263
HMDB0002098,186,0.03139120748466522,0.1,46,,0.31058353185653687,45,0.18229777572854028,0.8487829566001892
HMDB0003243,387,0.008427121173012262,0.1,89,0.6160299862049116,1.1571316719055176,88,0.7486120379125912,1.0362681150436401
HMDB0003646,387,0.0026425947637829053,0.1,89,0.602142601973697,1.0039937496185303,88,0.6546486883293041,0.9310701489448547
HMDB0006569,186,0.041207170400090656,0.9,46,,0.47391030192375183,45,-0.10427217964703148,0.8952297568321228
HMDB0006576,186,0.013654605005161477,0.1,46,0.05196948654797432,0.6646103262901306,45,0.15984693629184657,1.0796949863433838
HMDB0006587,186,0.014370775778918042,0.1,46,,0.3505677878856659,45,0.17898456806945168,0.8572715520858765
HMDB0006705,186,0.0336784337589673,0.9,46,,0.2971430718898773,45,-0.1290546958713912,0.5219339728355408
HMDB0304356,216,0.0042524479053638615,0.9,53,0.6936860623675015,1.2181297540664673,52,0.41725298233422903,1.8341377973556519
HMDB0000063,398,0.0019889764612506756,0.1,69,0.7935623093223588,0.7994319796562195,64,0.7273432101409011,0.7264080047607422
HMDB0000192,394,0.0032131810841826616,0.1,90,0.8030469047808999,2.1558642387390137,91,0.8346502886138548,1.7495079040527344
HMDB0000206,908,0.0676646482343482,0.9,176,0.6200683620638104,5.672150135040283,174,0.6079958520933548,5.746191501617432
HMDB0000212,307,0.0366994793588512,0.9,63,,1.1233789920806885,66,,1.013995885848999
HMDB0000317,448,0.0008867989267621723,0.5,87,0.9493329399457194,1.549692988395691,87,0.9682111283393451,1.2207396030426025
HMDB0000510,644,0.0007654611022822851,0.9,123,0.9369279204200603,1.6104453802108765,121,0.9644939087302259,1.383750557899475
HMDB0000522,447,0.0006872654857251468,0.5,87,0.9614894332561902,1.110089659690857,87,0.9724671034671436,0.8906872868537903
HMDB0000529,431,0.0006489861791482381,0.5,87,0.9455814440359231,1.1344465017318726,84,0.9477762781436228,1.1226027011871338
HMDB0000557,280,0.18957946264905945,0.1,51,-0.047055986741783074,1.1338881254196167,51,0.2301460999170171,1.699066162109375
HMDB0000610,280,0.0091068122345858,0.1,51,0.5883128396900025,0.7705368399620056,51,0.17905596249118577,0.8097848892211914
HMDB0000637,648,0.0017937079991389119,0.9,127,0.9299400939040193,1.7013332843780518,114,0.947635724369154,1.5217152833938599
HMDB0000651,149,0.006593060572742657,0.1,31,0.3696135183369502,2.3076131343841553,17,0.5290931446889909,2.037935495376587
HMDB0000658,255,0.003317359686748083,0.9,46,0.3898976815482766,1.2118979692459106,44,0.20821742336729576,0.9902412295341492
HMDB0000666,570,0.0002848982961554276,0.5,108,0.6708232560368276,1.7214140892028809,121,0.746756298559984,1.8678691387176514
HMDB0000670,272,0.0026741970350517568,0.1,49,0.42021927514240465,0.8108042478561401,51,0.20766737182678485,0.7710453867912292
HMDB0000679,516,0.001052889801735102,0.5,102,0.9392018520716262,1.2865043878555298,106,0.9524857442014547,1.2568610906600952
HMDB0000688,193,0.01685326334108343,0.1,36,0.34052126469826216,2.5470876693725586,30,0.50870666558437,2.2045986652374268
HMDB0000703,498,0.007774594063101366,0.9,90,0.967334924084836,0.8896966576576233,87,0.9559736403883278,1.0082600116729736
HMDB0000716,280,0.0032789543696812207,0.1,51,-0.07380415130117945,0.5820196270942688,51,0.28006442528274705,0.7400617599487305
HMDB0000733,331,0.02283083996037938,0.1,66,0.378738866754376,1.0427297353744507,59,0.2846198798868254,0.7937597632408142
HMDB0000772,620,0.007157433225471316,0.9,120,0.9016663748552852,1.5659065246582031,121,0.9075848189300807,1.5726885795593262
HMDB0000786,406,0.0004899575087824479,0.1,70,0.6265098496255297,0.9605885148048401,67,0.7493280049246879,0.7280343174934387
HMDB0000801,409,0.0021651085933384754,0.5,70,0.24515760968238176,0.8082160949707031,67,0.26703625677861864,0.8763315677642822
HMDB0000824,252,0.43387545479668505,0.1,48,,1.4962773323059082,47,,1.4131003618240356
HMDB0000848,278,0.005286943998268182,0.1,51,0.3663647011598201,0.6939404010772705,51,0.22372707277079634,1.1393616199493408
HMDB0000874,280,0.0048651552970070885,0.1,51,0.3066184424149626,1.105225920677185,51,0.5375223371618738,1.3339728116989136
HMDB0000884,280,0.04862823183574374,0.9,51,,0.7110854983329773,51,,0.7538944482803345
HMDB0000885,279,0.010494982899458927,0.9,51,0.5657603011642203,0.6903418898582458,51,0.017711428371839102,0.894111156463623
HMDB0000918,280,0.008836860396668852,0.1,51,0.48975178914792644,0.6588878035545349,51,0.23510346806919422,0.6690995693206787
HMDB0000932,266,0.002213877713497023,0.9,50,0.3162469591845586,2.1003239154815674,48,0.4291439386036983,2.37176513671875
HMDB0001008,536,0.0013557816690473415,0.5,107,0.9464516769220687,1.7169007062911987,107,0.9482368207046782,1.6349787712097168
HMDB0001046,364,0.07599385230095831,0.9,65,,1.6813870668411255,56,,2.194000482559204
HMDB0001169,276,0.29644890107970306,0.1,50,,0.8309588432312012,50,,0.7006492018699646
HMDB0001348,278,0.0018436882921549524,0.1,51,0.27806332560679276,1.1246931552886963,51,0.33325454258308723,1.160380482673645
HMDB0001370,389,0.0009674788526520326,0.5,81,0.9595084288399548,1.469881296157837,74,0.9719472215252627,1.1790751218795776
HMDB0001390,253,0.006785817207435802,0.1,48,-0.09198483297837015,1.1229733228683472,51,-0.16101220279564835,1.1464483737945557
HMDB0001518,368,0.0001362281778584356,0.5,66,0.32490982603341206,1.2332849502563477,60,0.7080547567553763,0.991719663143158
HMDB0001547,273,0.0017791408242452955,0.9,48,0.13871444068513575,2.4345223903656006,48,0.4338179673067482,1.7034159898757935
HMDB0001563,245,0.006381827763148714,0.1,47,0.0017979826072254943,1.267300009727478,47,0.05035019323064151,0.8505986928939819
HMDB0001889,361,0.0008483908909509716,0.1,48,0.09753455595408052,2.2587690353393555,61,0.2760711040171079,1.815545916557312
HMDB0001906,279,0.002462894072295686,0.1,51,0.3678718928527338,0.9105079770088196,51,0.5050851272506897,0.808716893196106
HMDB0001954,371,0.0007347775505273846,0.9,71,0.9849160424623234,0.5068345069885254,71,0.9617987074492681,0.768663763999939
HMDB0001991,254,0.00972075553002069,0.9,49,0.06367096988353013,0.6105653643608093,41,0.1220868809932967,0.9863501787185669
HMDB0002000,429,0.001062045600266292,0.1,82,0.6268827665226597,0.8648269176483154,68,0.2985692016621853,1.07167387008667
HMDB0002013,139,0.008519001830396037,0.1,28,0.3670042474544622,1.7510087490081787,19,0.2423051896454828,1.7259292602539062
HMDB0002014,221,0.004241316958941366,0.1,44,0.4427510877031121,1.8773735761642456,29,0.7165604449046539,1.7620794773101807
HMDB0002203,655,0.0005883726940203563,0.9,126,0.9638498087276329,1.1519160270690918,123,0.9673773964280804,1.1450700759887695
HMDB0002212,620,0.003955443187426493,0.9,120,0.921352770393977,1.5995131731033325,121,0.9260851775511094,1.6292225122451782
HMDB0002250,213,0.007719088955885849,0.5,45,0.35039504413087297,1.9397660493850708,25,0.21020977953306808,2.3661224842071533
HMDB0002302,924,0.015154973770821084,0.9,182,0.8289926751381308,2.600242853164673,176,0.8385150552661277,2.704782009124756
HMDB0002815,371,0.06164008612976226,0.9,71,0.9564126190498987,1.7327229976654053,71,0.9555603121954402,2.0265865325927734
HMDB0002820,280,0.01375943088427925,0.1,51,0.03645535386972348,1.4518569707870483,51,0.2835197658686472,1.1745023727416992
HMDB0003339,280,0.014704449795226494,0.1,51,0.1418625708635673,0.5390374660491943,51,0.3150419509989216,0.5097918510437012
HMDB0003349,102,0.15034349089160481,0.1,12,0.544016865874442,1.4327129125595093,27,0.4968612097237286,2.0586369037628174
HMDB0003431,497,0.0005801590822059091,0.9,98,0.8941041762257306,2.5661461353302,96,0.9151138216735448,2.370584726333618
HMDB0004030,272,0.20172506570816037,0.1,51,,0.598003089427948,51,,0.7563048601150513
HMDB0004193,280,0.0027056441820414345,0.9,51,0.18809636670156815,0.9420408606529236,51,0.09477651826619973,0.8292056918144226
HMDB0004326,280,0.001973603504768382,0.1,51,0.24011643888116652,0.736910343170166,51,0.18705591112677034,0.7721588015556335
HMDB0004824,244,0.004122274425096624,0.1,42,0.0763896778867628,1.7845896482467651,51,0.4552755899010159,1.1793886423110962
HMDB0004949,280,0.006991406543816616,0.1,51,0.3869240785431196,0.6435840725898743,51,0.21832302771656742,0.8221887350082397
HMDB0004952,279,0.010309721966585987,0.1,51,0.4303808315777375,0.8072043061256409,51,0.2780177313946657,1.392917513847351
HMDB0004953,279,0.010683368406770321,0.1,51,0.4713220990929463,0.8879285454750061,51,0.21048790890842733,1.234921932220459
HMDB0004956,280,0.011329892227277826,0.1,51,0.4665910028889519,0.7778680920600891,51,0.21954487024141567,1.232878565788269
HMDB0005015,277,0.02114130190144673,0.1,51,0.2041370835717911,0.5800535082817078,51,0.13447762824938705,1.5120575428009033
HMDB0005032,139,0.008475418228039641,0.1,10,-0.1682008888892063,1.543697476387024,23,0.41572297827464266,1.8709453344345093
HMDB0005060,409,0.0010766258351237994,0.9,70,0.7105167377864535,0.6424086093902588,67,0.4674525834022721,0.8052188754081726
HMDB0005065,271,0.001127708086908467,0.1,51,0.2092185091222899,1.4163172245025635,50,0.3532669702516075,1.3153657913208008
HMDB0005356,278,0.029194345256374855,0.9,51,-0.10574549830601988,1.3832653760910034,49,0.33940157062315357,1.1854599714279175
HMDB0005357,279,0.004976371026808214,0.1,51,0.04579268134832333,1.1239725351333618,49,0.46927885992388585,1.0362539291381836
HMDB0005359,243,0.017201053609729476,0.9,48,-0.190329236929215,1.5537004470825195,49,0.3983098172966049,1.6470959186553955
HMDB0005360,280,0.021290634859335997,0.9,51,0.10716011154389596,0.8204716444015503,51,0.42823765011778864,0.736861526966095
HMDB0005362,224,0.030958731259618486,0.1,44,-0.05311178073413401,1.4385361671447754,43,0.07048592758730217,1.6600781679153442
HMDB0005363,280,0.022522532300150066,0.5,51,0.1237904344846288,0.993573784828186,51,0.30847459128463484,0.9086106419563293
HMDB0005365,280,0.18003194891491656,0.1,51,-0.19025610081422772,1.4434473514556885,51,0.30975955570412794,1.4659059047698975
HMDB0005367,280,0.02323564413841906,0.5,51,-0.10128111368953804,1.4250627756118774,51,0.450514745375018,1.4776184558868408
HMDB0005369,280,0.004991982323782783,0.1,51,-0.04744998329980045,1.6601883172988892,51,0.32682221240810544,1.5049750804901123
HMDB0005370,280,0.005360531125749862,0.1,51,-0.02400488262168787,1.7562453746795654,51,0.33790108384361794,1.451011300086975
HMDB0005376,245,0.14797320868545447,0.1,48,-0.28649657848159654,1.736227035522461,45,0.291355156624845,1.9928672313690186
HMDB0005377,280,0.012283221018619431,0.1,51,-0.11596042149091032,1.587481141090393,51,0.3334998550586844,1.4256949424743652
HMDB0005380,270,0.006958269896330655,0.1,49,-0.13855079229934886,2.089179277420044,50,0.26242762697393385,1.8578886985778809
HMDB0005384,280,0.005595748765128,0.1,51,-0.04342649114153198,1.713965892791748,51,0.35824672447506783,1.445669174194336
HMDB0005385,280,0.013198147325793351,0.1,51,-0.02601393779854312,1.8227707147598267,51,0.3249380963387116,1.4847310781478882
HMDB0005391,280,0.015588583457164627,0.1,51,-0.03462358357872876,1.9528603553771973,51,0.2633349476311714,1.6347551345825195
HMDB0005395,280,0.04121851239885602,0.1,51,-0.0737528980650117,1.2328014373779297,51,0.40100462565558165,1.3441232442855835
HMDB0005396,280,0.3231448786599295,0.1,51,,1.3283299207687378,51,,1.7683087587356567
HMDB0005398,280,0.015573562963277096,0.1,51,-0.002993550659292446,1.1612037420272827,51,0.19990264364939062,1.024062156677246
HMDB0005403,280,0.006985219546726773,0.1,51,-0.04793807866685424,1.9267675876617432,51,0.33530210495991747,1.8119491338729858
HMDB0005404,280,0.022076370224120127,0.9,51,,0.7053331136703491,51,,0.980597198009491
HMDB0005405,280,0.00570853063038417,0.1,51,-0.025798296268477985,1.7678592205047607,51,0.29131391659448663,1.599991798400879
HMDB0005410,280,0.03468543461390904,0.1,51,0.0005156110571288311,1.258940577507019,51,0.20819837644157466,1.4421764612197876
HMDB0005432,219,0.7558104110090699,0.1,42,,2.0095691680908203,37,,2.0150108337402344
HMDB0005433,270,0.030106399964039274,0.1,50,-0.17848401008858875,1.6579985618591309,51,0.3367341175289141,1.8507184982299805
HMDB0005435,239,0.49226461594074833,0.1,44,,1.7480521202087402,45,,1.993135929107666
HMDB0005436,227,0.007268161185512459,0.1,46,-0.17185308964660415,2.865968704223633,42,0.2591395907597985,2.323695421218872
HMDB0005456,280,0.008078790392194479,0.1,51,-0.101509792283194,1.6050266027450562,49,0.012498676272547367,1.3232725858688354
HMDB0005462,225,0.03659703477388899,0.9,42,0.07559412504538021,2.111422300338745,35,0.40220620048512423,1.6732264757156372
HMDB0005476,123,0.0010558235354539824,0.1,33,0.15341578369589598,2.9256794452667236,24,0.022842021686290882,3.6002490520477295
HMDB0006023,265,0.0049471157401862614,0.9,47,-0.03708753745565508,0.6028283834457397,47,0.054019057757034104,0.5794829726219177
HMDB0006029,637,0.000655601257931057,0.9,120,0.9594805449893146,1.3943544626235962,121,0.9723098897299973,1.158657193183899
HMDB0006219,204,0.34896703327403344,0.1,36,,0.9959647059440613,37,,1.023072361946106
HMDB0006344,257,0.0165077290689695,0.1,47,0.388995157286712,1.629036545753479,48,0.26566388635143545,1.7330785989761353
HMDB0006460,444,0.000852399052800359,0.5,86,0.9561404254848632,1.3767791986465454,84,0.9666773343279829,1.2024470567703247
HMDB0006725,217,0.060955772751487336,0.1,38,0.4457691359729657,1.1789878606796265,35,0.36357021915259674,1.6028592586517334
HMDB0006726,279,0.002375306490169847,0.1,51,0.3917675726494974,1.022416114807129,51,0.2733195661963294,0.9558170437812805
HMDB0006729,257,0.007666168509754227,0.1,47,0.5135235288908135,1.105469822883606,44,0.06352415525706152,1.3856450319290161
HMDB0006731,253,0.0012055536647145556,0.1,43,0.15334984238832264,1.4751927852630615,48,0.25376487309338547,1.2904958724975586
HMDB0006733,270,0.002727226281551963,0.1,47,0.41682656218029107,1.2471950054168701,48,0.20549157393066886,1.542112946510315
HMDB0006736,280,0.00872397027219349,0.1,51,0.15303422977629402,0.8628777265548706,51,0.014616293730738998,0.8084306716918945
HMDB0007011,273,0.03890852159479642,0.9,50,-0.2757191355942736,1.6696470975875854,51,0.3839771316923747,1.231225609779358
HMDB0007098,280,0.014246937932394047,0.9,51,-0.2410516459959233,1.316751480102539,51,0.37274209985237633,1.1160597801208496
HMDB0007099,277,0.013933170813105536,0.1,49,-0.1362688158026436,1.5392223596572876,51,0.3013244298894225,1.6204042434692383
HMDB0007100,280,0.0397369873069091,0.5,51,-0.11663748557859326,0.7920201420783997,51,0.49793879798638596,0.9251225590705872
HMDB0007102,280,0.0030707960182703594,0.1,51,0.06283126457878253,1.410140037536621,51,0.4861739083510627,1.3653311729431152
HMDB0007103,280,0.00391768182727034,0.1,51,0.09816662937940059,1.5049737691879272,51,0.4230572990796209,1.409830093383789
HMDB0007128,276,0.00793861306231955,0.1,49,-0.05815899016149544,2.5672261714935303,51,0.30010546502284124,2.5619516372680664
HMDB0007132,279,0.002168354293577821,0.1,51,0.08696050137606204,1.7168066501617432,51,0.4180943789792039,1.7099403142929077
HMDB0007158,280,0.011458961821570392,0.5,51,-0.01260087582596608,0.5617766380310059,51,0.4276527908893043,0.6601176261901855
HMDB0007199,268,0.0015383500979190405,0.1,46,0.11122262911481533,1.4371143579483032,50,0.13699363869342904,2.018033981323242
HMDB0007216,280,0.0028215602260872356,0.1,51,0.07946400616943879,1.345902442932129,51,0.4687728254801682,1.4576791524887085
HMDB0007218,280,0.0038028279829411403,0.1,51,0.10426827864902254,1.4126629829406738,51,0.4927805649262985,1.351171851158142
HMDB0007219,280,0.004220890082645563,0.1,51,0.10777238915348168,1.4534752368927002,51,0.4595207912453964,1.3126071691513062
HMDB0007248,280,0.0022497402719517863,0.1,51,0.10388698267138677,1.5683873891830444,51,0.40506913327182387,1.3480101823806763
HMDB0007869,278,0.006423262040392099,0.1,51,0.2691543025861183,1.5013408660888672,51,0.24642850738285202,1.106256127357483
HMDB0007871,279,0.0036493650046727994,0.1,51,0.4629217454307451,1.2557157278060913,51,0.21334369802346587,1.4878722429275513
HMDB0007873,248,0.004182024952211461,0.1,46,0.2739964421960829,2.3689327239990234,39,0.16308809340227234,2.420520305633545
HMDB0007970,270,0.3420646102340133,0.1,49,,1.1718533039093018,49,,1.903314232826233
HMDB0007972,447,0.0009163027769767199,0.5,87,0.9402682036271622,1.5993447303771973,87,0.9622354839523609,1.3395365476608276
HMDB0007973,445,0.0008081479876228934,0.5,86,0.9122205247878241,1.7206488847732544,87,0.950202903003888,1.4301038980484009
HMDB0007983,259,0.46399852944156833,0.1,51,,0.8905046582221985,50,,1.4929336309432983
HMDB0007991,126,0.030332586213177498,0.1,13,0.590081187619338,1.330407977104187,15,0.2790195168370171,2.5917818546295166
HMDB0008006,216,0.004576553680278635,0.1,44,0.16214716261877124,1.282504916191101,36,0.2424913029423672,1.4520045518875122
HMDB0008038,448,0.0008034611429486956,0.5,87,0.9405785511309065,1.392879605293274,87,0.9559965289661998,1.2960137128829956
HMDB0008039,280,0.0028219200883592885,0.1,51,0.3295443297291652,1.2307902574539185,51,0.18258136395846383,1.5600132942199707
HMDB0008047,107,0.0009047067053964204,0.1,13,0.47700964820503783,2.4745144844055176,10,0.5650732909274898,2.081752300262451
HMDB0008048,182,0.0020109866776046974,0.1,36,-0.10107405530040293,1.3649249076843262,18,0.4324756223320643,1.6793365478515625
HMDB0008105,448,0.0008000144958496094,0.5,86,0.9301856409179325,1.5317142009735107,87,0.9457527333777251,1.4854824542999268
HMDB0008138,386,0.000733062744140625,0.5,73,0.9164833285004017,1.421376347541809,77,0.9369852651059545,1.301734447479248
HMDB0008270,222,0.009813410799667239,0.1,41,0.1867003016361376,1.8104619979858398,38,0.14887830396204704,2.2214667797088623
HMDB0008923,277,0.006310499336078096,0.1,51,0.1034220675329216,1.0011067390441895,51,0.09128614245080839,0.974241316318512
HMDB0008925,267,0.019368669285314524,0.5,48,0.1526899975203817,1.3255313634872437,50,0.02206480415176818,1.3049819469451904
HMDB0010169,448,0.0009793265206473215,0.5,87,0.9556867345508117,1.5388942956924438,87,0.9695786199725401,1.2850662469863892
HMDB0010368,280,0.0070969961310698255,0.1,51,0.13597188605143962,0.68172287940979,51,0.09944723740008136,0.6130438446998596
HMDB0010370,277,0.01395526734697246,0.1,51,0.4768182986102924,1.0412472486495972,51,-0.0031854378140797946,1.0227084159851074
HMDB0010375,246,0.0020565558713852242,0.1,43,0.4814321077902379,1.2865197658538818,43,0.3491586764938649,1.5249288082122803
HMDB0010379,280,0.0040753592763628265,0.1,51,0.21565176188367097,0.8515466451644897,51,0.3211000044045495,0.9240940809249878
HMDB0010382,448,0.0010918327059064592,0.5,87,0.9549291293308783,1.675757884979248,87,0.9753856072057548,1.2677507400512695
HMDB0010383,280,0.002116964567166284,0.5,51,0.17101212729965284,1.0346875190734863,51,0.3357091764125571,0.9780563712120056
HMDB0010384,448,0.00102654572895595,0.5,87,0.951589026066936,1.6578856706619263,87,0.9729006947084167,1.2381573915481567
HMDB0010386,280,0.0044119541985648035,0.1,51,0.03572070990449894,1.1754870414733887,51,0.07479321226052857,1.1664904356002808
HMDB0010387,260,0.004422070429875301,0.1,46,0.010974084618129482,1.277925968170166,47,0.3624748565829299,1.074710726737976
HMDB0010391,234,0.001725080582550181,0.5,40,0.03962681893683563,1.223873496055603,43,0.3352012256818295,1.4748554229736328
HMDB0010393,280,0.007408640060991124,0.1,51,0.04563593896819285,0.8966842889785767,51,0.1042281712598352,0.9874711632728577
HMDB0010395,204,0.008419343536975337,0.1,34,0.08222189690169224,1.496204137802124,34,0.40224272652052473,1.5941044092178345
HMDB0010397,279,0.002354106738812961,0.1,51,-0.07448982957590455,1.1071362495422363,51,0.11858673537580451,1.2087548971176147
HMDB0010404,130,0.005069422719405781,0.1,16,0.1912285576299591,2.3834598064422607,17,0.42020195558392787,1.839543104171753
HMDB0010407,276,0.0037041284035945286,0.1,50,0.19484679375470174,0.9487683176994324,51,0.28291413155409284,1.0054140090942383
HMDB0010411,276,0.05652745219244472,0.1,49,-0.2130855367613016,1.341944932937622,50,0.30173978922934164,1.4179809093475342
HMDB0010412,214,0.04899158102477209,0.1,42,-0.07771374281255343,1.693390965461731,43,0.28713583167888157,2.092940330505371
HMDB0010419,190,0.04075061788992642,0.1,36,0.12464885911033659,1.88816237449646,47,0.30575764387193277,1.7104641199111938
HMDB0010471,150,0.06366205215454103,0.1,25,-0.006077262528204815,2.6368520259857178,30,0.006922232976397351,2.6891863346099854
HMDB0011130,448,0.0010908160209655762,0.5,87,0.9552017548608098,1.6760003566741943,87,0.9736896720750599,1.3065015077590942
HMDB0011131,323,0.00029086102150049985,0.9,65,0.8856019939096541,0.8154637813568115,69,0.8901369375412642,0.8284047245979309
HMDB0011208,274,0.21837930609710024,0.1,51,,1.3346928358078003,51,,0.9669826626777649
HMDB0011210,256,0.007173160197320754,0.1,42,0.16099065375027657,1.32778000831604,47,0.11933094137607937,1.2405370473861694
HMDB0011212,269,0.007272377407337968,0.5,48,0.01618861589925774,1.5632891654968262,48,0.11772047896229376,1.8904457092285156
HMDB0011220,241,0.024112328318705235,0.1,42,0.074372234033499,1.8932104110717773,45,0.3476033205835049,1.3386839628219604
HMDB0011241,236,0.32252776420722573,0.1,45,,1.3635590076446533,39,,1.5374597311019897
HMDB0011243,238,0.592367588972845,0.1,41,,1.4963114261627197,48,,1.6602078676223755
HMDB0011252,168,0.0013157680428647633,0.1,31,0.1619292963801084,1.9960057735443115,23,0.3549710385051035,2.3736226558685303
HMDB0011310,254,0.10231419811098595,0.1,39,0.1200457400497491,2.0807933807373047,42,0.035338516690707235,1.5227670669555664
HMDB0011503,448,0.0010813822746276855,0.5,87,0.9559131931665009,1.7004166841506958,87,0.9733798223210455,1.3679134845733643
HMDB0011504,264,0.006977780659993491,0.1,49,0.17078023917905225,1.2274280786514282,51,0.4574268953570402,1.3012585639953613
HMDB0011506,448,0.0008636417388916016,0.5,87,0.9554470652518684,1.3093324899673462,87,0.9745526313086058,1.1182670593261719
HMDB0011507,445,0.0007812598753511236,0.5,87,0.9247694378553516,1.6244875192642212,87,0.9442489827252102,1.3799638748168945
HMDB0011511,280,0.002700947080141608,0.1,51,-0.08838152380371872,0.32395538687705994,51,0.04397975810680191,0.3696986138820648
HMDB0011517,143,0.0204078499732433,0.1,25,-0.23073174792198795,1.1069401502609253,22,0.11495760086183487,1.8049957752227783
HMDB0011520,240,0.002551824357036929,0.1,43,0.08873654252896011,1.5996061563491821,45,0.2573471694079582,1.4692219495773315
HMDB0011526,277,0.007144671140595034,0.1,51,0.13918641444520666,0.9481134414672852,51,-0.1325808215351013,1.1859960556030273
HMDB0011565,280,0.02523288063911326,0.1,51,0.4158197093356914,0.6361327767372131,51,0.6100245779968707,0.7563585638999939
HMDB0011582,255,0.0015591896445758804,0.1,42,0.029772011427573276,1.4789384603500366,48,0.1488431934661809,1.5316928625106812
HMDB0011621,200,0.22886070989155244,0.1,31,-0.24960405218859372,1.8087739944458008,44,0.25225377136287963,1.646613359451294
HMDB0011697,268,0.00250403685356254,0.1,51,0.29724460828363497,1.1441634893417358,51,0.3329762788693802,1.2297043800354004
HMDB0011701,244,0.036850216929519196,0.1,46,0.1347764222761298,1.5575536489486694,44,0.2248451916845762,1.519003987312317
HMDB0012097,154,0.2825197616180816,0.1,36,,1.3273749351501465,18,,1.883950114250183
HMDB0012101,253,0.0005677404893716804,0.1,48,0.1936958655417124,1.2675304412841797,48,0.2522947393733752,1.5247182846069336
HMDB0012102,250,0.018331304782974792,0.1,48,-0.03454647615597868,1.399776577949524,47,0.36275917406179947,1.689617395401001
HMDB0012103,274,0.003281729064718648,0.1,51,0.12372884255088468,1.304516077041626,51,0.29717217435708604,1.2194451093673706
HMDB0012104,270,0.0037511349777396234,0.1,48,-0.05470439774614414,1.1803556680679321,49,0.4583370849863655,1.4464799165725708
HMDB0012107,270,0.0023294417916669744,0.1,49,0.2251528332084324,1.192763328552246,51,0.3231366989831666,1.4108493328094482
HMDB0013122,253,0.0030257678500291373,0.9,44,-0.13973865086894977,1.4550703763961792,43,0.06456315630675699,1.5693609714508057
HMDB0013133,242,0.0023557950252768283,0.1,40,0.2393112574059333,2.3269357681274414,44,0.26782715432827237,2.219332456588745
HMDB0013222,313,0.00027995207667731633,0.5,63,0.9367269020579161,1.3818997144699097,51,0.9296380583134326,1.4020960330963135
HMDB0013288,149,0.004902495998639857,0.5,28,0.41289269772373605,2.3805692195892334,20,0.33924314101641484,2.270052671432495
HMDB0013325,224,0.0022856847226930066,0.1,42,0.4149096023785887,2.35138201713562,41,0.4894344823439449,2.077526569366455
HMDB0013326,133,0.008983415541893086,0.9,30,0.30541164484777,2.225893974304199,17,0.5816922479749058,2.024611234664917
HMDB0013331,164,0.002760791246909392,0.1,33,0.28289081550488177,2.112600803375244,19,0.46228738858782537,1.9557462930679321
HMDB0013337,152,0.0023408912797286017,0.1,33,0.35717777543743096,0.8007932901382446,16,0.21448080682625675,1.1190645694732666
HMDB0013339,200,0.0023054709800070395,0.1,43,0.10250051623972634,1.2687067985534668,23,-0.05450673919697241,1.4871373176574707
HMDB0013622,577,0.004069353026873615,0.9,106,0.9327847133685258,1.4701865911483765,103,0.9474730714787167,1.4547477960586548
HMDB0013716,437,0.0006770083080440146,0.5,84,0.9483063915460237,1.1678553819656372,85,0.9561175928302935,1.1096549034118652
HMDB0013733,409,0.0012361234557657775,0.5,70,0.9376737489441105,0.49899765849113464,67,0.9089532525243268,0.6202418804168701
HMDB0014420,278,0.02069798105102898,0.5,51,0.04334322962638722,1.2072054147720337,51,0.18923853773902335,0.994210958480835
HMDB0014611,173,0.005469302886632941,0.1,25,-0.10089131195634116,2.457918643951416,31,-0.013759361192440096,2.732705593109131
HMDB0015052,264,0.0056916699264988714,0.1,49,0.28460570461290724,1.0663264989852905,50,0.5101529719024208,1.3739111423492432
HMDB0015070,242,0.018065050665979684,0.1,46,0.3733277812655748,1.9811820983886719,42,0.32764279623041187,1.902679443359375
HMDB0015371,243,0.12208297080675727,0.1,47,-0.02929070381196762,1.121362566947937,42,0.16559530824871727,1.2985517978668213
HMDB0029416,474,0.0005167722098435027,0.1,89,0.6574733641689359,0.9389525651931763,78,0.5209820742791647,0.9240303039550781
HMDB0029757,335,0.0004756196115387591,0.9,61,0.7390666426910797,1.539536714553833,61,0.4814310918377279,2.1476690769195557
HMDB0030180,223,0.004849377899600643,0.9,33,0.19541592889768006,2.391423225402832,40,0.08870910464808471,2.025076389312744
HMDB0031106,246,0.08054189673391891,0.9,42,,1.7205979824066162,42,,2.3133411407470703
HMDB0037397,577,0.007054242479885346,0.9,106,0.9113288314342649,1.4438177347183228,103,0.9226433855841875,1.401031732559204
HMDB0042063,260,0.18266429677057983,0.1,46,-0.216344501810913,1.9735679626464844,46,0.32543355584295447,2.3360953330993652
HMDB0042093,260,0.02214201051766689,0.1,45,-0.0799119917598545,1.0241601467132568,45,0.2598549504148661,1.1246421337127686
HMDB0042104,197,0.019293223857318246,0.9,37,-0.19102275101646826,2.144280195236206,33,-0.021817112983593494,3.047452926635742
HMDB0042226,218,0.08128436660391931,0.1,40,0.11772537703742575,1.5613418817520142,37,0.29673355222051556,2.1356565952301025
HMDB0042466,222,0.010139890619226401,0.1,45,0.14531359103493402,2.059352397918701,38,0.4479157305013171,2.043757677078247
HMDB0043058,280,0.008987938736855895,0.1,51,0.047534693725468924,1.272374153137207,51,0.21476731875494742,1.2954505681991577
HMDB0060038,409,9.802417974675345e-05,0.9,70,0.6089365210359075,0.8758020401000977,67,0.4608050630746744,1.0031484365463257
HMDB0011170,321,0.29637916065822134,0.1,71,,0.6469609141349792,69,,0.6328057646751404
HMDB0000532,289,0.0009639725140634295,0.1,63,0.47994217743223416,0.17186099290847778,63,0.5843520490574632,0.14709104597568512
HMDB0000114,168,0.00384043065654096,0.1,36,0.31636312768595304,0.12745420634746552,36,0.008730726558664487,0.13869935274124146
HMDB0000163,211,0.01543363754715718,0.9,50,0.9217698856090177,0.9426656365394592,54,0.9635510231196183,0.8460368514060974
HMDB0000169,302,0.02615428500893203,0.9,70,0.8826411815230819,1.2349568605422974,74,0.9052259530769896,1.0661524534225464
HMDB0000176,211,0.004551990020896586,0.1,50,0.9420385174668725,0.635636031627655,54,0.9852530684134653,0.339992493391037
HMDB0000227,297,0.0006123715681482066,0.9,55,0.9104037616737584,2.5899922847747803,52,0.9346124450627167,2.4320740699768066
HMDB0000308,168,0.0016282104957977166,0.5,36,0.3822762778730478,0.10798344016075134,36,0.30221984397279866,0.13738031685352325
HMDB0000357,239,0.0010943861446620032,0.5,57,0.9505075797064083,1.4567897319793701,47,0.935638629381593,1.2555899620056152
HMDB0000375,168,0.004084135022898981,0.1,36,0.5167338641967737,0.2717336118221283,36,0.5621557449026106,0.23970238864421844
HMDB0000387,168,0.007877540190890632,0.1,36,-0.28573912175093413,0.12272361665964127,36,-0.08062937233814413,0.11900660395622253
HMDB0000446,259,0.0028362205106086647,0.9,56,0.2160237834911014,0.12393695116043091,56,0.2333841823262992,0.11529897153377533
HMDB0000451,168,0.0010603480141529074,0.1,36,0.019259483307887036,0.09188707917928696,36,-0.13640284715477377,0.08780231326818466
HMDB0000453,259,0.00449975577693139,0.1,56,0.1736530882891245,0.28462085127830505,56,0.42905179167144086,0.26660701632499695
HMDB0000489,168,0.0017197130327622188,0.5,36,0.2743549357511874,0.13456474244594574,36,0.1506834310485119,0.09357922524213791
HMDB0000491,259,0.02810196714875597,0.1,56,0.2609932736168032,0.1977911740541458,56,-0.2273553029536055,0.21644936501979828
HMDB0000564,168,0.001208643858692326,0.1,36,0.3312300197931367,0.1257355809211731,36,0.5833851865467046,0.15739329159259796
HMDB0000577,211,0.0061071405290363204,0.5,50,0.9634703475257691,0.6691232919692993,54,0.9665489889934714,0.7144075036048889
HMDB0000594,259,0.019710460866727203,0.1,56,0.3521065795339883,0.16860713064670563,56,0.228215660627227,0.17072251439094543
HMDB0000622,168,0.016768307160112694,0.1,36,0.15528105073155726,0.1038598120212555,36,-0.01580465659042946,0.09387388825416565
HMDB0000624,259,0.003970795451580297,0.1,56,0.05482242187957591,0.22328917682170868,56,0.40459852405038016,0.2582525908946991
HMDB0000660,302,0.019558269397813275,0.9,70,0.9273552237772236,0.6585540771484375,74,0.914393345122096,0.7045893669128418
HMDB0000678,259,0.001823074916750435,0.1,56,-0.003671925381335452,0.11671788990497589,56,0.07307710256969392,0.12470909208059311
HMDB0000686,168,0.0008945607294932642,0.9,36,0.5340462875875707,0.205251544713974,36,0.46819490603927394,0.1968386173248291
HMDB0000689,259,0.002775876802840342,0.1,56,0.38865434683836064,0.2388804852962494,56,0.13698076481656607,0.25268593430519104
HMDB0000717,388,0.0010313578951945965,0.9,75,0.8958381435755666,2.399740219116211,72,0.916608524353923,2.2909653186798096
HMDB0000754,259,0.0027101106880970238,0.9,56,,0.09159792959690094,56,,0.11439467966556549
HMDB0000760,168,0.0026355704965896564,0.1,36,0.548068344551618,0.13474029302597046,36,0.5263160330456031,0.1300535947084427
HMDB0000782,168,0.0012806019833037938,0.9,36,0.6167804443878452,0.11095581203699112,36,0.5422577626870378,0.10452435910701752
HMDB0000854,168,0.027467746819768633,0.1,36,,0.17607206106185913,36,,0.1988135427236557
HMDB0000855,168,0.04503515149865831,0.1,36,,0.08564445376396179,36,,0.08744651824235916
HMDB0000856,168,0.02119222921984536,0.1,36,,0.10011107474565506,36,,0.10729809105396271
HMDB0000917,168,0.0011566679218682804,0.9,36,0.4986556930497792,0.29887232184410095,36,0.5281483664987743,0.2613147795200348
HMDB0000946,555,0.016635095435322454,0.9,111,0.8805388769033364,2.031923770904541,119,0.8014371055344898,1.863354206085205
HMDB0001251,259,0.006576803660300705,0.1,56,0.11861349862047896,0.13281306624412537,56,0.2360774348507341,0.13205605745315552
HMDB0001353,168,0.008245566061564855,0.5,36,,0.1445237249135971,36,,0.15595309436321259
HMDB0001429,259,0.0037245216349627566,0.1,56,0.25604701813660885,0.21696339547634125,56,0.5828524964951858,0.2588367760181427
HMDB0001480,168,0.0017945356204065988,0.1,36,0.38714820000591804,0.16184431314468384,36,0.6083309278956157,0.13211658596992493
HMDB0001857,168,0.0023519470499306127,0.9,36,,0.10779000073671341,36,,0.11776808649301529
HMDB0001890,168,0.0013649404962906555,0.5,36,0.17307740956838424,0.08460669964551926,36,0.018989466179993503,0.08500182628631592
HMDB0001893,302,0.006129199905900765,0.1,70,0.9371138205552906,1.0523838996887207,74,0.951703185350864,0.933996856212616
HMDB0002001,168,0.02648424357175827,0.1,36,,0.06180906295776367,36,,0.07194002717733383
HMDB0002032,168,0.0019973691211777325,0.1,36,0.35385659197438585,0.14283066987991333,36,0.2123512456988995,0.14419803023338318
HMDB0002201,168,0.0019642380731446393,0.1,36,0.1969267487928908,0.07255644351243973,36,0.01832136431042351,0.07817525416612625
HMDB0002545,302,0.0004775142599503024,0.9,70,0.9336095394240631,0.7077292203903198,74,0.953591161035895,0.7752183675765991
HMDB0002869,259,0.004009537287126729,0.1,56,0.3084722576781453,0.14000381529331207,56,0.3686517950674288,0.16128328442573547
HMDB0002902,302,0.019994394683574467,0.1,70,0.9257563343438777,0.8366026282310486,74,0.9725959283659513,0.5892927050590515
HMDB0002931,168,0.003615899218453301,0.9,36,,0.15181472897529602,36,,0.1069582924246788
HMDB0003148,168,0.004526669289060493,0.1,36,0.17023685531093,0.08888474106788635,36,-0.0016155792709358929,0.09207069128751755
HMDB0003219,168,0.002578707572211396,0.1,36,0.24461838754182222,0.08601442724466324,36,0.3303311289140354,0.09827445447444916
HMDB0003236,168,0.0025109589275205246,0.5,36,0.27508356389584276,0.25590091943740845,36,-0.17129943969726927,0.2899813652038574
HMDB0003320,168,0.026223039584629352,0.1,36,0.2699497045481674,0.11437132954597473,36,0.16329449956352776,0.08214092999696732
HMDB0003681,259,0.017015280691432218,0.1,56,0.31007899051958027,0.1694973260164261,56,0.32681324638749903,0.2025119960308075
HMDB0003869,168,0.0026871783177562043,0.1,36,0.1314895045279832,0.09239377081394196,36,0.35362324871497725,0.08164869993925095
HMDB0004089,168,0.007453638424118164,0.1,36,0.25339940350232126,0.10880699753761292,36,-0.1315055632922189,0.10158537328243256
HMDB0004225,168,0.001294559651074945,0.9,36,0.3186318558814192,0.16382116079330444,36,0.2360316688226586,0.15130862593650818
HMDB0004284,302,0.011669355533515014,0.9,70,0.9653327828007664,0.6771307587623596,74,0.9295783628434346,0.8663719892501831
HMDB0004989,168,0.0033198894489915435,0.5,36,0.20603809978931947,0.18640345335006714,36,-0.025462804766095738,0.18598207831382751
HMDB0005199,168,0.0018500031460600935,0.9,36,0.12591301821525838,0.13420677185058594,36,0.12809148357331504,0.15851251780986786
HMDB0006028,168,0.0036511747610001315,0.1,36,0.2386893482204029,0.14733916521072388,36,0.2120838562703024,0.13703131675720215
HMDB0006101,259,0.00626520846386962,0.5,56,0.17609579521142016,0.2022973746061325,56,0.1730912695175917,0.19686630368232727
HMDB0006409,168,0.04673609066577185,0.1,36,,0.20608514547348022,36,,0.24487937986850739
HMDB0006750,168,0.005272731639350397,0.9,36,0.05770654990822755,0.24033355712890625,36,0.5590296949084609,0.1874656081199646
HMDB0006809,259,0.017341757197109266,0.1,56,0.3513706624408498,0.28109031915664673,56,0.4596328262214194,0.257813960313797
HMDB0008928,168,0.010619216022037324,0.5,36,,0.14835913479328156,36,,0.14915741980075836
HMDB0010224,168,0.007824289656820752,0.5,36,,0.15152065455913544,36,,0.1947612166404724
HMDB0011103,168,0.0040477436213266285,0.1,36,0.24258792407030277,0.12201406061649323,36,0.10739171443302278,0.12592342495918274
HMDB0011105,168,0.0018916457353070307,0.5,36,0.31283169654303283,0.1584632843732834,36,0.16856865091029602,0.16607044637203217
HMDB0011171,259,0.007201630585391038,0.9,56,,0.15282286703586578,56,,0.16967998445034027
HMDB0011538,168,0.0011586381329430472,0.9,36,0.25960361721885544,0.1820981800556183,36,0.3943319379518656,0.15457938611507416
HMDB0011567,211,0.022191471907570155,0.9,50,0.8987720460974922,1.660913109779358,54,0.9527809330537239,0.8995754718780518
HMDB0011599,168,0.0013303953131497705,0.9,36,0.23774963070179791,0.10757934302091599,36,0.3729575871671311,0.09319807589054108
HMDB0011635,259,0.009690646913432575,0.1,56,0.30767197293209625,0.24410495162010193,56,0.21604049544824608,0.24476827681064606
HMDB0011741,168,0.009694666029469397,0.1,36,0.2678271808464756,0.11605992913246155,36,-0.14515719051418038,0.1092594563961029
HMDB0011749,369,0.0030639374831244403,0.1,79,0.39230624630676475,0.16989225149154663,79,0.6037061708290997,0.17472027242183685
HMDB0011760,168,0.0015818732605689639,0.1,36,0.21847637477520743,0.1637408435344696,36,0.34176347394876844,0.14452119171619415
HMDB0012265,168,0.030812830442474,0.1,36,,0.08627203106880188,36,,0.1190490573644638
HMDB0012958,168,0.028931709627310433,0.1,36,,0.09593737125396729,36,,0.11622010171413422
HMDB0013713,388,0.0009965638622795184,0.5,75,0.8994066177258366,1.3332252502441406,72,0.9197459449336961,1.227577567100525
HMDB0028691,259,0.008127671871406224,0.1,56,0.1736175579831489,0.22791239619255066,56,0.3981350495909231,0.19057564437389374
HMDB0028844,259,0.001947485016455533,0.1,56,0.21414919989465733,0.14680728316307068,56,0.3539573886770328,0.1360599845647812
HMDB0028854,259,0.0024455352141417373,0.1,56,0.15012078533614387,0.13383431732654572,56,0.3383694666219167,0.12175309658050537
HMDB0028907,259,0.00360439965163419,0.1,56,0.4338063363331476,0.1379586160182953,56,0.38101938618431075,0.12842445075511932
HMDB0028922,259,0.0016547597462563469,0.9,56,0.28819715167396415,0.21932819485664368,56,0.3991168014145504,0.18065376579761505
HMDB0028927,168,0.002196490069002265,0.1,36,0.4261458925439571,0.13567405939102173,36,0.19257061667033415,0.11720841377973557
HMDB0028955,259,0.006777578799420803,0.1,56,0.13878579303272853,0.1889384686946869,56,0.39040886028537797,0.20054128766059875
HMDB0028988,259,0.0014348612893835893,0.1,56,0.0896987470514688,0.2486806958913803,56,0.1270830656173096,0.16747823357582092
HMDB0028995,259,0.0011229174477713445,0.5,56,0.14773199436310183,0.22423593699932098,56,0.23013769328066486,0.16621918976306915
HMDB0029068,259,0.002579727187197261,0.1,56,0.3246546550743867,0.19448073208332062,56,0.4440272080287943,0.1714402437210083
HMDB0029083,259,0.0034808367651727712,0.1,56,0.2627364818255584,0.21214498579502106,56,0.2945406352791617,0.19952355325222015
HMDB0029105,168,0.0004853864037801348,0.9,36,0.1593897494422807,0.11405202001333237,36,-0.08875403545628117,0.13178618252277374
HMDB0029125,259,0.0006413486371066937,0.9,56,0.3072544370363756,0.20857098698616028,56,0.38540259299731766,0.17247168719768524
HMDB0029127,259,0.003085645645223896,0.1,56,0.21628355870251148,0.17230260372161865,56,0.31124259365316365,0.1597757637500763
HMDB0029131,259,0.003329780053058493,0.1,56,0.31712313900569505,0.20547856390476227,56,0.38890700465348127,0.1748645007610321
HMDB0029159,168,0.005354080053427037,0.1,36,0.1319262518144258,0.11621402204036713,36,0.013044329372841296,0.1127786636352539
HMDB0029224,259,0.002476907809473117,0.9,56,0.2315387490427474,0.23935402929782867,56,0.2727491481525729,0.19666679203510284
HMDB0031193,259,0.0029728883582314553,0.1,56,0.02968405328519086,0.1998792439699173,56,0.6203389388531871,0.22112154960632324
HMDB0033143,168,0.006098026321047828,0.1,36,0.42697165350257493,0.1676671802997589,36,0.26392854783702996,0.16307270526885986
HMDB0033844,168,0.005026056652977352,0.1,36,0.24672900970368328,0.1457722783088684,36,0.07585627612630776,0.11026138812303543
HMDB0034301,168,0.0018470968886482428,0.5,36,0.48867032933026605,0.16544786095619202,36,-0.059997771662568256,0.2389971911907196
HMDB0034367,168,0.00219119647147093,0.1,36,0.21122083278721449,0.12490802258253098,36,0.2836718438821672,0.10793492943048477
HMDB0035514,168,0.021100591002689795,0.1,36,0.2617208105037741,0.1840367466211319,36,0.11467186300054319,0.15747970342636108
HMDB0037396,168,0.00835911645775749,0.1,36,0.028608070159803965,0.1507459282875061,36,-0.1579456626382277,0.18850336968898773
HMDB0061384,168,0.0262490872825895,0.1,36,,0.1003519594669342,36,,0.11969493329524994
HMDB0061658,168,0.00518692260725869,0.1,36,0.3351111999235964,0.18327410519123077,36,0.4341372757043315,0.1415044069290161
HMDB0061684,168,0.00590612372708699,0.9,36,,0.10847688466310501,36,,0.15943880379199982
HMDB0061705,259,0.009370428254705597,0.1,56,-0.09834044121718759,0.10569622367620468,56,0.0571167783638152,0.12043415009975433
HMDB0061707,259,0.0011018404680380551,0.9,56,0.4361815396151947,0.149464413523674,56,0.4090172559711797,0.1539144366979599
HMDB0061709,259,0.0026869206815152546,0.5,56,0.33807287974725053,0.1828504353761673,56,0.4103424743692617,0.1735762506723404
HMDB0061711,259,0.007970652525029128,0.1,56,0.15212729651595852,0.24266588687896729,56,0.33947648889614024,0.2510634660720825
HMDB0061714,168,0.0007779453146749067,0.5,36,0.355607017331684,0.1399199217557907,36,0.37428524219778764,0.17896652221679688
HMDB0061715,168,0.0036904151950563706,0.1,36,0.3657495168238788,0.07585025578737259,36,0.2028361029557143,0.09634778648614883
HMDB0061717,168,0.007050202006385436,0.1,36,0.040680129828160605,0.12522463500499725,36,0.3239749794946867,0.1203494444489479
HMDB0061864,168,0.005830040645031704,0.1,36,0.3086225121058708,0.13361310958862305,36,0.37359121870040274,0.16207168996334076
HMDB0061914,259,0.002036944687596618,0.1,56,0.1207995065118488,0.18208684027194977,56,0.479370699893789,0.17072714865207672
HMDB0061918,168,0.009139340772839706,0.1,36,0.2581203003046027,0.14108115434646606,36,0.4283352185679183,0.10215166211128235
HMDB0062121,259,0.001927423165631196,0.9,56,0.3193175891422054,0.21674220263957977,56,0.3275565870135243,0.2535242736339569
HMDB0062164,168,0.026736804062411898,0.1,36,,0.10451731085777283,36,,0.12317121028900146
HMDB0062549,168,0.03158632133688245,0.1,36,,0.13737505674362183,36,,0.14643140137195587
HMDB0062558,168,0.012925666679795934,0.1,36,0.3188171024464638,0.14195142686367035,36,0.4884162618966764,0.12210603803396225
HMDB0062562,168,0.012718455623810443,0.1,36,0.03100262872228257,0.08452612906694412,36,-0.3226890318122123,0.09025342017412186
HMDB0094656,168,0.0018749112236677201,0.1,36,0.34903734050357205,0.08202707767486572,36,0.2668821030577482,0.084743432700634
HMDB0094701,259,0.003240376277323902,0.1,56,0.06851992508912655,0.21235516667366028,56,0.453340322323297,0.23519399762153625
HMDB0094704,168,0.010801698469324224,0.1,36,0.2463367246825828,0.15806500613689423,36,0.4121284437149653,0.1886395514011383
HMDB0240316,168,0.0053726745225879625,0.1,36,0.41256502614207397,0.09084562212228775,36,0.21662453797807066,0.12397702783346176
HMDB0240317,168,0.0012395717376836183,0.5,36,0.1083765379575373,0.06447485834360123,36,0.17489406041576352,0.08457371592521667
HMDB0240341,168,0.0027413976503244866,0.5,36,0.2370035552796495,0.19969886541366577,36,-0.01843669743638593,0.2015555202960968
HMDB0240343,168,0.0019209940939486777,0.1,36,0.0990490189149972,0.07988359034061432,36,0.2914988869579612,0.08062530308961868
HMDB0240347,168,0.010761251052220661,0.1,36,0.43333575490588044,0.12377911061048508,36,0.4559598415752177,0.15657828748226166
HMDB0240589,168,0.0035735354537055623,0.1,36,0.1711439640782672,0.12188495695590973,36,0.39040665381221323,0.10586631298065186
HMDB0240598,168,0.009657663750493765,0.1,36,0.28737712905157203,0.13618439435958862,36,0.24496822380696226,0.11830800026655197
HMDB0240599,168,0.01031553532396044,0.5,36,,0.13503380119800568,36,,0.12476275861263275
HMDB0240601,168,0.03472530770869482,0.1,36,,0.14111298322677612,36,,0.11802589893341064
HMDB0240602,168,0.0027680432468681964,0.9,36,0.5707875621952364,0.1644103229045868,36,0.23010396535782554,0.2003573626279831
HMDB0240653,168,0.00537587035740028,0.1,36,-0.2288088597826038,0.10088851302862167,36,0.4540246938596834,0.07697375863790512
HMDB0244966,168,0.026018470525741577,0.1,36,,0.11600783467292786,36,,0.13390228152275085
HMDB0245405,168,0.0007710952598294184,0.9,36,0.1169497074332991,0.09565772861242294,36,0.3846733460351636,0.07507970184087753
HMDB0250705,168,0.0015572344972973771,0.1,36,0.4230529103868051,0.08425039798021317,36,0.2985429694531484,0.09697207808494568
HMDB0252850,168,0.004499547183513642,0.1,36,0.5500826164247119,0.12191309034824371,36,0.3824894113779442,0.10225459188222885
HMDB0255025,168,0.005960602845464433,0.1,36,0.2929565795506173,0.11954130232334137,36,0.5982863498730359,0.11193922162055969
HMDB0303991,168,0.0058620875837696014,0.5,36,0.2916674938698673,0.14108799397945404,36,0.0647630373516558,0.12553799152374268
HMDB0304377,297,0.00041437028456037516,0.9,55,0.899121357708666,1.8216880559921265,52,0.9238399909644656,1.710221529006958
METPA0292,168,0.007113025301978703,0.1,36,0.3986912746341347,0.14920514822006226,36,0.2221890719078708,0.18152229487895966
METPA0616,168,0.004640668630599975,0.9,36,,0.12036195397377014,36,,0.10735014826059341
METPA1634,168,0.001903687176142324,0.9,36,0.556290311826532,0.18879151344299316,36,0.18643210255046253,0.1649213433265686
HMDB0000756,156,0.3549360311948336,0.1,29,,0.981155276298523,20,,1.1853538751602173
HMDB0003073,197,0.003728089957759609,0.1,40,0.7208655962538668,1.2054427862167358,27,0.7616038556559276,0.9743019938468933
HMDB0000466,194,0.0008498985251200567,0.1,35,0.2542685467765866,1.856838345527649,43,0.6395915177423515,1.896865725517273
HMDB0000738,395,0.000635129421572142,0.1,78,0.6503756488765554,0.8768580555915833,86,0.5956365174766507,0.8854404091835022
HMDB0002176,517,0.00015219727152781975,0.5,95,0.8834347203695513,0.4959281086921692,115,0.8434032119762476,0.4870804250240326
C00860,129,0.0024146755952452717,0.1,19,0.7233316292470432,0.8464417457580566,16,0.5703565862885855,0.7973711490631104
HMDB0000055,169,0.1398520475919063,0.5,33,0.6368186451190196,1.6620416641235352,34,0.6980050501918827,1.8582440614700317
HMDB0000318,289,0.0006260174872645135,0.9,55,0.9643354079017596,1.3029743432998657,53,0.9708286858277237,1.2128961086273193
HMDB0000439,199,0.007157653870891642,0.5,35,0.9895549121173105,0.7964734435081482,34,0.9830520796971927,1.0349482297897339
HMDB0000982,124,0.026792048679605805,0.9,17,0.32319773360350396,1.723563551902771,15,-0.5156350513000999,1.3086823225021362
HMDB0001182,129,0.0068838496540868,0.5,19,0.3191365688259885,0.6095935106277466,16,0.5669773133079866,0.5748620629310608
HMDB0001713,128,0.009662579228781096,0.1,19,0.11385732102943615,0.8060505390167236,16,0.446960720446963,0.7115541696548462
HMDB0002802,101,0.2842952001212847,0.1,16,,1.424771785736084,14,,1.1225996017456055
HMDB0003896,129,0.21718904953594356,0.1,19,,0.6972519755363464,16,,0.7665573358535767
HMDB0004063,129,0.0016784372854204567,0.1,19,0.7652694058034495,0.8851167559623718,15,0.5886041308799445,0.8170109391212463
HMDB0004667,129,0.11570225290781692,0.1,19,0.14456008591440084,0.775031566619873,16,0.06026959231226932,1.1904699802398682
HMDB0012884,129,0.0036348165467728006,0.1,19,0.22309791225620176,0.6855711340904236,16,0.1072409949524066,0.7699075937271118
HMDB0015168,117,0.007679557950857973,0.9,16,0.4907693501937251,0.9487966299057007,12,0.44544601236638587,1.0115875005722046
HMDB0028680,220,0.0051837432719183145,0.5,39,0.9819398297440366,0.7608890533447266,36,0.9814121536510211,0.7862178087234497
HMDB0031667,129,0.012421932733250953,0.1,19,0.5067623690441178,1.232283592224121,16,0.09708851357442548,1.0615371465682983
HMDB0060564,129,0.025514689494097204,0.1,19,-0.3882414587435884,1.4174038171768188,16,-0.07228440979721117,1.2517647743225098
HMDB0240212,105,0.00821504184118158,0.1,17,0.2869540754299246,1.474096417427063,13,0.2288449348400218,1.1773208379745483
HMDB0242141,129,0.002020707528823209,0.9,19,0.6376103148715523,0.37050557136535645,16,0.5781943515543185,0.41076090931892395
HMDB0000256,134,0.01903231834297749,0.5,34,0.9745656187068021,0.8885486721992493,38,0.9728076727360639,0.8105013370513916
HMDB0001492,134,0.008414109685050072,0.5,34,0.9710732644631159,0.8508282899856567,38,0.949043429758881,1.1373300552368164
HMDB0002019,134,0.0008363946437044918,0.9,34,0.9759672782195271,0.658417820930481,38,0.9275434720893396,1.308588981628418
HMDB0002350,292,0.004188644722716447,0.5,63,0.5957457211643336,0.09884031116962433,63,0.4470768823685444,0.09413720667362213
HMDB0002994,134,0.00823769071208897,0.1,34,0.9739913681270941,1.0213334560394287,38,0.9476203785273793,1.1696043014526367
HMDB0003424,292,0.014221186956039298,0.1,63,0.3442268714253101,0.24375514686107635,63,0.4721944422999629,0.23596157133579254
C06306,201,0.005095603978960545,0.5,43,-0.11049091004748321,0.08146769553422928,43,-0.09253138118079308,0.07833293825387955
HMDB0000474,201,0.007130994132502161,0.1,43,0.43149521239665445,0.05985793471336365,43,0.2843612041027283,0.09112030267715454
HMDB0000820,201,0.002461101351221336,0.5,43,0.21636848306373113,0.1685897409915924,43,0.15548948463273898,0.16264735162258148
HMDB0001140,201,0.0012909826354600886,0.1,43,0.14925890096693828,0.009841122664511204,43,0.356809754563367,0.009577828459441662
HMDB0001485,201,0.00018980144638920313,0.1,43,0.17627551641184344,0.0023123915307223797,43,0.28676869342834993,0.004706768784672022
HMDB0001505,201,0.0023302131920904644,0.1,43,0.18277050900646138,0.060425348579883575,43,0.19725739209857532,0.08650516718626022
HMDB0001551,201,0.004708414512970158,0.1,43,0.3358201018004871,0.0935208648443222,43,0.37051573257504455,0.1065622940659523
HMDB0001659,201,0.00036570273686017176,0.9,43,0.34645264647835405,0.09241301566362381,43,0.36937010017596433,0.12359976023435593
HMDB0001967,201,0.0014855118159227427,0.5,43,0.10113446662097544,0.045960184186697006,43,0.14359133828867823,0.057722751051187515
HMDB0003119,201,0.010640552935040152,0.1,43,-0.19860224942084312,0.04264010861515999,43,0.09385902973906513,0.04481183737516403
HMDB0003227,201,0.03481683742940722,0.1,43,,0.03850585222244263,43,,0.04092138260602951
HMDB0003407,201,0.010251142492341759,0.1,43,-0.1275525107336654,0.2138756364583969,43,0.24842723039152403,0.21237067878246307
HMDB0003551,201,0.0007348529883285066,0.1,43,,0.00579281197860837,43,,0.0038586407899856567
HMDB0003671,201,0.0018688678873250864,0.9,43,,0.0407010056078434,43,,0.03955811262130737
HMDB0004327,201,0.00246722754285958,0.9,43,0.28922417489303265,0.13683004677295685,43,0.39541313257538196,0.16126157343387604
HMDB0004366,201,0.0005944819184974652,0.1,43,,0.0011352249421179295,43,,0.0019187461584806442
HMDB0004472,201,0.029659036973222568,0.1,43,,0.03575916960835457,43,,0.044736120849847794
HMDB0004983,201,0.007641744257798836,0.1,43,0.39785013128785823,0.1668689250946045,43,0.24643552601016366,0.19803661108016968
HMDB0005806,201,0.02104738310201844,0.1,43,,0.027083909139037132,43,,0.09097607433795929
HMDB0005842,201,0.0028435943731621133,0.1,43,0.498283018589123,0.034392934292554855,43,0.2882843048677343,0.03996063396334648
HMDB0005846,201,0.0012984118466056994,0.1,43,,0.004526445176452398,43,,0.0036184194032102823
HMDB0005994,201,0.0005147005175344906,0.9,43,-0.041853125701680906,0.020324036478996277,43,0.11482386163487585,0.018872639164328575
HMDB0006006,201,0.00019835301407364168,0.9,43,0.5641318361461722,0.005302950739860535,43,0.43980590940261677,0.007080018054693937
HMDB0006007,201,0.0027114425725604766,0.1,43,0.43418696473083573,0.03571760281920433,43,0.28563371954896405,0.05037837103009224
HMDB0006115,201,0.009801464408514687,0.1,43,0.0771915033110908,0.28024598956108093,43,0.39254669166153167,0.2709422707557678
HMDB0006236,201,0.002100915966331032,0.9,43,0.23248339437180077,0.16590343415737152,43,0.15157042569975893,0.20596282184123993
HMDB0006478,201,0.003069421552541002,0.1,43,-0.04202501083902108,0.0330091267824173,43,0.3571579019851489,0.029189329594373703
HMDB0011624,201,0.004044383838402098,0.1,43,,0.004597625229507685,43,,0.010808265767991543
HMDB0011638,201,0.0004988942091539319,0.1,43,0.4988064590073755,0.023270728066563606,43,0.4656719081435126,0.016536876559257507
HMDB0012971,201,0.007314675482944473,0.1,43,0.25725064348522786,0.0835273340344429,43,0.26975312116267497,0.07377941161394119
HMDB0013299,201,0.002440977997615903,0.1,43,0.5137626272452522,0.1952238231897354,43,0.5455613332522053,0.21883147954940796
HMDB0013780,201,0.05250429632651865,0.1,43,,0.2172938883304596,43,,0.20257245004177094
HMDB0013809,201,5.354543952167712e-05,0.9,43,-0.21274405560914023,0.0023465859703719616,43,-0.10932034134196975,0.001750089111737907
HMDB0013821,201,0.0006254981109751989,0.1,43,0.18134316619105123,0.004219378344714642,43,0.4392325161342043,0.005389579106122255
HMDB0013824,201,0.002021849519597471,0.1,43,-0.14585512358324562,0.020752476528286934,43,0.3104504528349125,0.025137199088931084
HMDB0013835,201,0.0024329722930490336,0.1,43,0.21802296102340238,0.10456748306751251,43,0.2897815625907007,0.10271786898374557
HMDB0029306,201,0.010751280837311835,0.1,43,0.17827191518051125,0.1118336021900177,43,0.3814489919372446,0.13403546810150146
HMDB0029600,201,0.0030669698613396278,0.1,43,0.20295617418126602,0.007901948876678944,43,0.11564756431360786,0.019333647564053535
HMDB0029696,201,0.004940743914884121,0.1,43,,0.03340773656964302,43,,0.044731564819812775
HMDB0029980,201,0.0029891290104211263,0.1,43,,0.0025720568373799324,43,,0.004549030680209398
HMDB0030029,201,0.0028846994857882977,0.1,43,,0.0035630168858915567,43,,0.00697307800874114
HMDB0030052,201,0.0058276000286115815,0.1,43,-0.030023771834742606,0.033882711082696915,43,-0.11978509399807084,0.0382661446928978
HMDB0030058,201,0.007157343537060184,0.1,43,0.5104936732329692,0.06383343040943146,43,0.24725667748093905,0.06498855352401733
HMDB0030059,201,0.004676418517952533,0.1,43,0.5485271602532091,0.0833243802189827,43,0.41579360638812113,0.06449795514345169
HMDB0030060,201,0.0007312497318910036,0.5,43,0.3190745127588684,0.028902657330036163,43,0.29720880319068393,0.031032739207148552
HMDB0030062,201,0.0016457118540793203,0.1,43,0.5004140850478289,0.06225299462676048,43,0.4158004155522075,0.05266880989074707
HMDB0030070,201,0.0028279088252219395,0.1,43,,0.008715608157217503,43,,0.007183641195297241
HMDB0030469,201,0.000844457578565835,0.1,43,-0.05123657342605467,0.02822631411254406,43,0.1963564085841641,0.02685372158885002
HMDB0030837,201,0.006517676193447998,0.1,43,0.28939637114912375,0.06813401728868484,43,0.25302229694991457,0.08205768465995789
HMDB0030924,201,0.0010537636697112347,0.1,43,0.34804261069608483,0.018658235669136047,43,0.5203333039363282,0.016619322821497917
HMDB0031019,201,6.587204170982066e-05,0.9,43,0.5691387121042585,0.011192066594958305,43,0.40489986294861363,0.01076524332165718
HMDB0031078,201,0.04559795102279513,0.1,43,0.31219936764952955,0.034468747675418854,43,0.3698166370816497,0.047938860952854156
HMDB0031081,201,0.0014004602600734021,0.1,43,0.5842660400652029,0.05043895170092583,43,0.4870571077525731,0.05016215890645981
HMDB0031207,201,0.004341886750458142,0.1,43,0.5023931034861663,0.18866848945617676,43,0.2677849441865135,0.2078585922718048
HMDB0031213,201,0.000728312416456232,0.1,43,,0.0013999182265251875,43,,0.001204992993734777
HMDB0031217,201,0.013042068006980477,0.1,43,0.23906486860791956,0.23014840483665466,43,0.40896135740674155,0.28993719816207886
HMDB0031249,201,0.0007501649599715656,0.1,43,0.07257720597046988,0.007222865708172321,43,0.3608188648822081,0.006867051124572754
HMDB0031265,201,0.0009313871545512219,0.9,43,,0.01330130361020565,43,,0.01403754111379385
HMDB0031266,201,0.0009668503264073311,0.9,43,0.4799803837794177,0.055256400257349014,43,0.3464186176824615,0.05668856203556061
HMDB0031294,201,0.0022335287420652233,0.1,43,0.36573450328207807,0.059497762471437454,43,0.47865869613415735,0.05082715302705765
HMDB0031299,201,0.0013049711799990207,0.1,43,-0.14427701064609608,0.07976651936769485,43,-0.0002629835116004794,0.049657221883535385
HMDB0031342,201,0.007486648892320045,0.1,43,-0.01223840057899898,0.25948166847229004,43,0.293751271648219,0.2413048893213272
HMDB0031343,201,0.002936111753852808,0.1,43,-0.0880244537916436,0.05201086774468422,43,0.36672985644697376,0.038551975041627884
HMDB0031409,201,0.004018132069810705,0.1,43,0.10311889501596008,0.03972434997558594,43,-0.019989901326313158,0.02932232990860939
HMDB0031444,201,0.005439420167014033,0.1,43,0.5689695109103042,0.04454563558101654,43,0.4992064794328807,0.02983323112130165
HMDB0031475,201,0.0038063411244112456,0.1,43,,0.009954025968909264,43,,0.01011718064546585
HMDB0031492,201,0.0013382641073921278,0.1,43,0.2500561235553139,0.013927173800766468,43,0.47466186806717325,0.01287833321839571
HMDB0031523,201,0.0029031492927375593,0.1,43,0.1778745840616867,0.06955457478761673,43,0.31219623997614043,0.07185562700033188
HMDB0031526,201,0.00038998550860334187,0.9,43,0.1796093936392526,0.01397740188986063,43,0.3754936812918074,0.01325159054249525
HMDB0031598,201,0.015496975573002867,0.1,43,0.3486734030259601,0.21572041511535645,43,0.3326411866048048,0.23654814064502716
HMDB0031846,201,0.000683364248895471,0.5,43,0.27694014385702787,0.03175321966409683,43,0.5028854492194965,0.023462438955903053
HMDB0032047,201,0.008005728917335395,0.1,43,,0.010215493850409985,43,,0.015493571758270264
HMDB0032402,201,0.0008997358196410379,0.1,43,0.5255080505158991,0.011512966826558113,43,0.1609303265553166,0.010944787412881851
HMDB0032630,201,0.015933556639733004,0.1,43,,0.009903819300234318,43,,0.010012824088335037
HMDB0032912,201,0.0003312732468345272,0.1,43,,0.001019506249576807,43,,0.0016875345027074218
HMDB0033167,201,0.008491840558757712,0.1,43,-0.08079418997473395,0.01701480895280838,43,-0.09790407675094673,0.015880310907959938
HMDB0033532,201,0.007404971923401106,0.1,43,,0.04544451832771301,43,,0.03141085430979729
HMDB0033713,201,0.0011838326820016567,0.9,43,0.452495110874015,0.07364754378795624,43,0.38417832820713493,0.08609459549188614
HMDB0033721,201,0.0009206146424819566,0.9,43,0.16574475806556066,0.08125235885381699,43,0.5471791905645852,0.11763270199298859
HMDB0033731,201,0.0004725352176224444,0.9,43,0.1674160614127247,0.036359891295433044,43,0.06317012549245257,0.04758583754301071
HMDB0033792,201,0.0005508950100609322,0.5,43,0.3998904083692218,0.028435828164219856,43,0.500277085221654,0.03409074991941452
HMDB0033794,201,0.0011560711916999437,0.1,43,,0.0036469409242272377,43,,0.0037980517372488976
HMDB0033867,201,0.0036737170830294856,0.1,43,,0.011453268118202686,43,,0.01934758946299553
HMDB0033890,201,0.005687297401021504,0.1,43,0.49916201038455715,0.22969241440296173,43,0.23347374616582045,0.26086360216140747
HMDB0033916,201,0.0008021125548177805,0.9,43,0.45016019890678444,0.034736912697553635,43,0.5647238159172047,0.034103281795978546
HMDB0033944,201,0.0016120741023353073,0.5,43,0.5433862359783321,0.1722172647714615,43,0.2701182815799385,0.2229333072900772
HMDB0033962,201,0.0008854957955393621,0.1,43,0.6147089950121235,0.01903943531215191,43,0.3604824003208281,0.04693913832306862
HMDB0034148,201,0.0035577108017840796,0.1,43,0.5085636931308888,0.058811042457818985,43,0.5421981640249218,0.06411980092525482
HMDB0034161,201,0.004130191915663914,0.1,43,,0.006171943619847298,43,,0.00931215938180685
HMDB0034168,201,0.002373122008750046,0.1,43,0.3845713875081334,0.18378926813602448,43,0.24517935453759515,0.24039064347743988
HMDB0034172,201,0.011501301481869619,0.1,43,-0.0326359817287918,0.03683340549468994,43,0.16782866931222612,0.046264272183179855
HMDB0034240,201,0.003425857768623448,0.1,43,0.38806403192501543,0.15828004479408264,43,0.20148347853841286,0.17140428721904755
HMDB0034283,201,0.0031539910034095718,0.1,43,0.4983536184366206,0.034974630922079086,43,0.4751118318255265,0.029804235324263573
HMDB0034451,201,0.0008849341857320902,0.1,43,0.044366903062311266,0.005926928482949734,43,0.20081706908427951,0.005690590012818575
HMDB0034497,201,0.0032375742931091433,0.1,43,0.12954260040098475,0.0071710217744112015,43,-0.08838024215016758,0.014256340451538563
HMDB0034976,201,0.13010873130304895,0.1,43,,0.19327959418296814,43,,0.22438831627368927
HMDB0035162,201,0.12961908359432694,0.1,43,,0.3595207631587982,43,,0.36611300706863403
HMDB0035238,201,0.006601579431642787,0.1,43,0.2812190650936089,0.10156652331352234,43,0.4362990765611493,0.10410304367542267
HMDB0035289,201,0.0006561875343322756,0.1,43,0.20791055117276075,0.008151650428771973,43,0.023499355778541172,0.007908274419605732
HMDB0035915,201,0.005515244469713806,0.1,43,0.1292219832557393,0.07199632376432419,43,0.3526590765599275,0.055217571556568146
HMDB0036100,201,0.020790607181947623,0.1,43,,0.07010670006275177,43,,0.10091080516576767
HMDB0036163,201,0.005296784846936881,0.1,43,-0.07493346484905802,0.14202308654785156,43,0.03575221360526369,0.11937198787927628
HMDB0036209,201,7.142880457871043e-05,0.9,43,0.33800375729652987,0.0035477473866194487,43,0.04551606780052975,0.0033073590602725744
HMDB0036574,201,0.003694705987556642,0.1,43,0.1260681422354499,0.06162694841623306,43,0.10026190782880799,0.022591695189476013
HMDB0036994,201,0.009077688799568669,0.1,43,,0.020450599491596222,43,,0.024510450661182404
HMDB0037050,201,0.10015446155225459,0.1,43,,0.1713273674249649,43,,0.26799476146698
HMDB0038040,201,0.02006283891734792,0.1,43,,0.02176404744386673,43,,0.036331646144390106
HMDB0038169,201,0.0413376656337757,0.1,43,,0.08681248873472214,43,,0.10970722138881683
HMDB0038311,201,0.0009710393021433928,0.9,43,0.34731755579685664,0.13495519757270813,43,0.3451279879356168,0.13697466254234314
HMDB0038445,201,0.002967073515284025,0.1,43,-0.07520681577797393,0.010180049575865269,43,0.035294083034731284,0.009641350246965885
HMDB0038556,201,0.0013125651696724678,0.1,43,,0.002436259761452675,43,,0.0019499071640893817
HMDB0039216,201,0.001265134810660016,0.1,43,,0.0030515575781464577,43,,0.0056883650831878185
HMDB0039522,201,0.007871915363084894,0.1,43,-0.17934144102379412,0.019124645739793777,43,-0.10911619579937258,0.021350761875510216
HMDB0039618,201,0.024847906209103123,0.1,43,0.1352042581439494,0.14555591344833374,43,0.1394623899499087,0.1336042881011963
HMDB0039620,201,0.0539726819565047,0.1,43,,0.0724743902683258,43,,0.1151297390460968
HMDB0039843,201,0.01864774161903419,0.1,43,,0.05081196874380112,43,,0.055352844297885895
HMDB0040211,201,0.010956610316660866,0.1,43,,0.009639622643589973,43,,0.009360631927847862
HMDB0040221,201,0.006895491584616513,0.1,43,,0.014970886521041393,43,,0.019468320533633232
HMDB0040240,201,0.0012972126552714645,0.1,43,0.0845637199554848,0.03960787132382393,43,0.3335180476793096,0.036764778196811676
HMDB0041389,201,0.009136222933062273,0.1,43,,0.007160924840718508,43,,0.0070982216857373714
HMDB0041924,201,0.00013586076517943825,0.9,43,0.2681016972221821,0.008833886124193668,43,0.05702641023900328,0.014920189045369625
HMDB0059777,201,0.008339518634834099,0.1,43,,0.02892988733947277,43,,0.030134452506899834
HMDB0059835,201,0.0008857070065256378,0.1,43,0.14141620622774997,0.018716001883149147,43,0.41942269147944944,0.021671997383236885
HMDB0059838,201,0.01313859698784292,0.1,43,,0.01933494582772255,43,,0.021235046908259392
HMDB0059839,201,0.02572175344898524,0.1,43,-0.18300956575582866,0.15451642870903015,43,0.15043885962909728,0.1686694175004959
HMDB0059886,201,0.003549596215101699,0.1,43,0.2455447459894579,0.023431401699781418,43,0.20872879740940173,0.04222223162651062
HMDB0059905,201,0.0015559092324045772,0.5,43,0.20306551884758145,0.09981052577495575,43,-0.03916497146717747,0.13357262313365936
HMDB0061834,201,0.0010834374002722804,0.1,43,0.08792127455674396,0.009525533765554428,43,0.22431523003621495,0.010616959072649479
HMDB0061851,201,0.0015640447092293498,0.1,43,0.22078325963896975,0.040979303419589996,43,0.21018320311885139,0.053260136395692825
HMDB0061859,201,0.0006434641325580261,0.1,43,0.19583161693030474,0.03298603743314743,43,0.17053558433691687,0.040083419531583786
HMDB0061869,201,0.00010203102834765704,0.5,43,0.015003948928022853,0.002458873437717557,43,-0.09060209310931548,0.0025713767390698195
HMDB0061886,201,4.430096318472681e-05,0.1,43,0.2575899552743465,0.008773425593972206,43,0.13981030421768875,0.015985794365406036
HMDB0062788,201,0.008433551506755817,0.1,43,-0.06956508612832894,0.032958339899778366,43,0.30571424820877563,0.03055114857852459
HMDB0243751,201,0.0016517772232715168,0.1,43,,0.00251439749263227,43,,0.002225810894742608
HMDB0243915,201,0.004088739998898102,0.1,43,,0.01987556740641594,43,,0.028047475963830948
HMDB0259164,201,0.004634876749408779,0.1,43,0.0718210667130046,0.12548325955867767,43,-0.024161199786531164,0.08279778063297272
HMDB0302068,201,0.0024125602707934022,0.1,43,,0.002906980225816369,43,,0.010593663901090622
HMDB0302599,201,0.007065409303304567,0.1,43,,0.018094336614012718,43,,0.02817992866039276
HMDB0302638,201,0.001410582746884123,0.1,43,,0.0037144594825804234,43,,0.004981256555765867
HMDB0303831,201,0.0058298543911075125,0.1,43,0.24080316503513952,0.0736357793211937,43,0.3889018303492883,0.08639495074748993
HMDB0303903,201,0.0009689536520764354,0.9,43,0.4951742650494575,0.04208558797836304,43,0.43213421811687697,0.04588450491428375
HMDB0001206,243,0.00709839730596346,0.1,52,0.4514570317940733,1.6647802591323853,52,0.35945749489789924,1.7956403493881226
HMDB0240251,243,0.0035383346149460266,0.1,52,0.6651477071793475,0.7588118314743042,52,0.2973395469337093,0.9707463979721069
