target,n_train,n_val,n_test,pearson_val,pearson_test,mae_val,mae_test
HMDB0000002,311,66,66,0.17634878142829133,0.3692588196812877,1.533452033996582,1.4562561511993408
HMDB0000005,311,66,66,,,0.02934245578944683,0.027662862092256546
HMDB0000008,722,166,155,0.8166290487462747,0.7398438714280725,1.9430229663848877,2.0209412574768066
HMDB0000014,852,162,156,0.9741904919321346,0.9730505684633016,0.9751068949699402,0.8638169765472412
HMDB0000017,1247,260,250,0.9525317487613107,0.9335066908954589,1.2938936948776245,1.3600008487701416
HMDB0000019,908,186,186,0.9498178467939498,0.9300272803794991,0.9653828740119934,0.854420006275177
HMDB0000020,1362,285,285,0.8860302226693372,0.8319827860787103,1.7102954387664795,1.805537223815918
HMDB0000021,68,14,14,,,0.011694363318383694,0.009729096665978432
HMDB0000022,440,85,82,0.9513264559394898,0.9556838438687303,0.6137223839759827,0.5829007029533386
HMDB0000026,1145,239,225,0.9293451086496651,0.8633832082114274,1.3334881067276,1.4280728101730347
HMDB0000030,707,136,147,0.978438906490792,0.9157608859030396,1.072833776473999,1.6015422344207764
HMDB0000033,602,128,122,0.7576118664428619,0.7726507252726287,1.6429226398468018,1.4503607749938965
HMDB0000034,1176,239,240,0.957033515558432,0.920844339619252,1.143449068069458,1.4270042181015015
HMDB0000036,845,166,161,0.9152799162965675,0.8291324752904823,1.8566100597381592,2.1374924182891846
HMDB0000038,311,66,66,0.5985274293146682,0.28043978538082476,0.7747555375099182,0.8181645274162292
HMDB0000039,1453,284,300,0.9174201069609195,0.8616123349978826,1.4528127908706665,1.7758944034576416
HMDB0000043,1299,272,258,0.9386380203904892,0.8977974816254188,1.562241554260254,1.7198777198791504
HMDB0000045,354,80,84,0.5555375866018731,0.5670433671958226,1.1627957820892334,1.0046135187149048
HMDB0000050,1093,227,218,0.9668079171702113,0.9302685529785696,1.1722663640975952,1.283379077911377
HMDB0000052,311,66,66,0.34686902395965835,0.3833040853286769,1.1427102088928223,1.1730314493179321
HMDB0000056,1421,308,302,0.9271404441612277,0.8748221315203721,1.5902212858200073,1.7796525955200195
HMDB0000058,311,66,66,,,0.042466096580028534,0.038583699613809586
HMDB0000061,311,66,66,,-0.08277939696692267,0.020711036399006844,0.07387135922908783
HMDB0000062,1390,291,278,0.9413973260035292,0.9101147342264656,1.3863099813461304,1.352162480354309
HMDB0000064,1299,272,257,0.8803209569532632,0.8477971760486376,1.8072562217712402,1.7599300146102905
HMDB0000068,311,66,66,-0.14521507313613247,-0.11914605693901087,0.0775628387928009,0.0974687859416008
HMDB0000070,967,209,200,0.9188708746646376,0.9261714712643196,1.1885968446731567,1.0568299293518066
HMDB0000071,910,201,200,0.8243541400085731,0.8309206658643378,0.845410168170929,0.7650368213653564
HMDB0000072,367,83,76,0.8206787192063814,0.6904504758589171,1.6688687801361084,1.9785419702529907
HMDB0000073,311,66,66,-0.05032122895891016,0.23603164784510525,0.33193033933639526,0.35135534405708313
HMDB0000076,631,146,149,0.7734414541720699,0.638600540595777,2.3805952072143555,2.596095561981201
HMDB0000078,479,102,102,0.5772221404924316,0.44319718437650696,0.050464238971471786,0.05446731299161911
HMDB0000082,68,14,14,,,0.007642844226211309,0.008820164017379284
HMDB0000085,570,122,122,0.23210508019978748,0.25146612364283744,0.5743590593338013,0.5178382992744446
HMDB0000086,810,170,159,0.9168927127437491,0.8797348508720132,1.7532880306243896,1.7622793912887573
HMDB0000089,1148,238,230,0.9674432012490012,0.9239882862173401,1.2293765544891357,1.4599123001098633
HMDB0000092,1157,239,229,0.9090922645196138,0.8675076722063589,1.294745683670044,1.3054563999176025
HMDB0000094,988,214,217,0.8652356415013609,0.836629863434165,1.666636347770691,1.6425154209136963
HMDB0000095,311,66,66,0.38743890702901274,0.22562488854945115,1.6134740114212036,1.663473129272461
HMDB0000097,1419,299,285,0.9437630194781972,0.9276838949068115,1.2553995847702026,1.23081636428833
HMDB0000099,373,86,77,0.830287430856094,0.7581574685606262,0.7511264085769653,0.8506113886833191
HMDB0000112,641,154,147,0.8810108413156021,0.7598351292570756,1.8638349771499634,1.9133687019348145
HMDB0000118,840,178,167,0.9158003555616582,0.7964461267820296,1.716354489326477,2.201536178588867
HMDB0000119,311,66,66,,,0.008799687959253788,0.009835740551352501
HMDB0000121,68,14,14,,,0.011585825122892857,0.009899942204356194
HMDB0000123,1625,332,342,0.8842062306090792,0.9012320458686911,1.410975694656372,1.2272683382034302
HMDB0000124,463,87,95,0.966667222053617,0.8898438025864787,1.0636218786239624,1.5912102460861206
HMDB0000125,311,66,66,0.15377304897597277,0.08588475479216608,0.1848197877407074,0.25343212485313416
HMDB0000126,815,152,156,0.9356139486590264,0.8941872964982797,1.8131614923477173,1.9230093955993652
HMDB0000127,820,173,160,0.8919640470145104,0.8869494210636639,1.988419532775879,1.8495104312896729
HMDB0000128,484,102,88,0.9413549996333762,0.8995527873154339,1.8072822093963623,1.8610516786575317
HMDB0000131,672,142,138,0.9448016908372986,0.9450516725452236,1.0818464756011963,1.0483649969100952
HMDB0000132,1204,246,233,0.9380420651042938,0.90719107484076,1.1701130867004395,1.3111566305160522
HMDB0000133,1433,306,296,0.9246476191575762,0.8920598227877525,1.257657766342163,1.3531852960586548
HMDB0000138,1362,273,269,0.9185251379264463,0.8791293353100985,1.5504364967346191,1.6804108619689941
HMDB0000139,1176,239,240,0.9553096427650972,0.9309014038161624,1.194736123085022,1.321362018585205
HMDB0000148,1482,314,298,0.9362822904501102,0.9355224629008118,1.2562953233718872,1.2428557872772217
HMDB0000152,959,193,178,0.9604768696184363,0.9020014561854022,1.3353739976882935,1.736018180847168
HMDB0000156,1433,306,296,0.9261221614705066,0.9029139642410514,1.391786813735962,1.4225932359695435
HMDB0000157,1706,344,350,0.9534846185865102,0.9375767041556871,1.2319495677947998,1.3470876216888428
HMDB0000158,1841,380,388,0.9509539613679999,0.9237087722403642,1.241510272026062,1.3642783164978027
HMDB0000159,1525,328,316,0.9521345936172467,0.9198189332809866,1.3898775577545166,1.5722256898880005
HMDB0000161,1708,344,364,0.9425802831514405,0.9365852922150851,1.0602822303771973,1.0103561878204346
HMDB0000162,1525,328,316,0.9399618983566569,0.9066585456262233,1.2058736085891724,1.350655436515808
HMDB0000167,1463,313,303,0.938189604426524,0.9225079273850151,1.0554399490356445,1.126518964767456
HMDB0000168,1351,292,287,0.7947841804572962,0.7721563479158833,1.9187108278274536,1.731662392616272
HMDB0000172,1779,365,375,0.945790715479919,0.9156075782047074,1.449069619178772,1.5463385581970215
HMDB0000175,311,66,66,,-0.0037844010822333262,0.15676259994506836,0.256022185087204
HMDB0000177,1461,311,303,0.9220897106500549,0.9039221729448725,1.3294838666915894,1.2981648445129395
HMDB0000181,435,85,81,0.9721711212711425,0.9650391311862629,0.5382614135742188,0.5709730982780457
HMDB0000182,1778,364,375,0.9393243767277366,0.9309644195460665,1.2063487768173218,1.1905102729797363
HMDB0000187,1463,313,303,0.9102769754039047,0.8901153541795344,1.129290223121643,1.1092275381088257
HMDB0000189,68,14,14,,,0.010165135376155376,0.010259184055030346
HMDB0000190,1779,365,375,0.9212803276041263,0.9100154342402643,1.2489216327667236,1.2330358028411865
HMDB0000191,1459,313,303,0.9341693366422257,0.919302848427154,1.2343629598617554,1.3032164573669434
HMDB0000193,425,101,95,0.8511330597147251,0.7983743182358441,1.918028712272644,1.9910671710968018
HMDB0000194,1052,212,206,0.9124798417536047,0.8701290455809667,1.6756200790405273,1.621379017829895
HMDB0000195,1206,266,256,0.9206902036609853,0.8882154437841351,1.275638461112976,1.3682193756103516
HMDB0000197,1234,251,259,0.8904457813384349,0.8604339502645512,1.4014184474945068,1.5990949869155884
HMDB0000201,1127,234,222,0.9043639260838559,0.8237224189024637,1.5037964582443237,1.8391646146774292
HMDB0000205,311,66,66,,0.15612546558992116,0.09191806614398956,0.15351727604866028
HMDB0000208,1323,285,274,0.9376541176656938,0.8861814229336007,1.5121721029281616,1.7034764289855957
HMDB0000210,1204,246,233,0.9588843331699697,0.9380849198905848,1.42705237865448,1.524451732635498
HMDB0000214,1420,302,296,0.8920914430497671,0.864849516267062,1.2202595472335815,1.2135450839996338
HMDB0000215,588,132,131,0.6604099857647214,0.7392942372911913,1.2753536701202393,1.0595600605010986
HMDB0000216,711,135,132,0.9823028915581397,0.927764613813661,0.7716317772865295,1.2599413394927979
HMDB0000218,68,14,14,,,0.007320174016058445,0.008858821354806423
HMDB0000221,68,14,14,,,0.007603911217302084,0.010051301680505276
HMDB0000224,354,80,84,0.8079724637394095,0.7988026515371469,1.226464033126831,1.1836656332015991
HMDB0000225,311,66,66,-0.03383448800594031,,0.22141103446483612,0.15574860572814941
HMDB0000226,1118,241,235,0.941052887331915,0.9183864532788028,1.2533882856369019,1.3135123252868652
HMDB0000229,68,14,14,,,0.23851926624774933,0.20528127253055573
HMDB0000232,463,96,86,0.9822822390107104,0.9620718032788304,0.7151241302490234,0.8562098741531372
HMDB0000235,833,175,162,0.9052179002517371,0.9022596170975381,1.924493432044983,1.6842783689498901
HMDB0000237,1515,301,319,0.8243796771541901,0.8145016878533791,1.7398345470428467,1.778404712677002
HMDB0000238,311,66,66,0.09441709715615461,-0.09025647093700641,0.4457986652851105,0.42019546031951904
HMDB0000239,590,117,117,0.9821611727786222,0.9013533379282661,1.263654351234436,1.9714056253433228
HMDB0000243,1028,228,219,0.9342874993621388,0.9317349545383135,1.089105486869812,1.0170364379882812
HMDB0000244,1038,204,202,0.9363699529844586,0.8996285121185997,1.351325511932373,1.4611430168151855
HMDB0000245,706,129,128,0.9524060297909781,0.8619887510180966,1.487929344177246,2.243945598602295
HMDB0000251,1525,328,316,0.8836829329009447,0.8577536916888886,1.8772779703140259,1.9330463409423828
HMDB0000254,1779,365,375,0.9317991020139794,0.9054655413648853,1.4630842208862305,1.4383755922317505
HMDB0000259,1110,221,214,0.942055957775742,0.8897415078565138,0.9755135774612427,1.1004505157470703
HMDB0000262,1463,313,303,0.9222998272763705,0.877091959899815,1.4091882705688477,1.660414695739746
HMDB0000263,311,66,66,0.16385121791584434,0.08381409954146124,0.9128594994544983,0.8352599740028381
HMDB0000265,311,66,66,0.1851405775976194,,0.16942386329174042,0.10850382596254349
HMDB0000267,1172,256,240,0.8727822049980377,0.8569878590998636,1.709707260131836,1.7015461921691895
HMDB0000271,626,131,127,0.8918473258079512,0.8703624221704965,1.3765733242034912,1.3645174503326416
HMDB0000272,311,66,66,0.11050317774119481,0.06336060150318676,1.4902467727661133,1.3915189504623413
HMDB0000273,999,222,212,0.8581946209525337,0.8048259102984189,1.8819923400878906,1.8446012735366821
HMDB0000279,570,122,122,0.7309532080150307,0.7509584542229826,0.8448362350463867,0.7281817197799683
HMDB0000280,68,14,14,,,0.006975583732128143,0.0068821716122329235
HMDB0000285,311,66,66,,,0.05918944627046585,0.05859439820051193
HMDB0000286,311,66,66,0.4130895744399767,0.2832087745764055,1.3583166599273682,1.3808380365371704
HMDB0000288,359,70,73,0.4143115297395636,0.37406514110098615,1.389966607093811,1.5156326293945312
HMDB0000289,1247,260,251,0.9244432675359141,0.8918871666879626,1.9117000102996826,2.091362237930298
HMDB0000290,311,66,66,0.24807868917024292,0.25940406827125484,1.6451771259307861,1.7676035165786743
HMDB0000291,382,87,77,0.9243586131904291,0.8650120234457936,1.0795207023620605,1.4110280275344849
HMDB0000292,1339,282,271,0.9339990972788346,0.8977333074876569,1.6678534746170044,1.9038022756576538
HMDB0000293,68,14,14,,,0.00630519213154912,0.008652455173432827
HMDB0000294,661,153,156,0.856083090378054,0.7515922482182779,1.551948070526123,2.1273162364959717
HMDB0000295,311,66,66,0.1643018594634593,0.24259196691324758,1.352156639099121,1.531378984451294
HMDB0000296,1433,306,296,0.9227066828885905,0.897700669600463,1.6586586236953735,1.6934561729431152
HMDB0000299,651,135,136,0.9561370399171433,0.9530769577280048,0.7766780257225037,0.6856731176376343
HMDB0000300,1779,365,375,0.9380149170598242,0.9062844083140559,1.507326602935791,1.7309215068817139
HMDB0000301,823,178,178,0.8612188744374809,0.8548531104316066,1.5779966115951538,1.6016972064971924
HMDB0000303,672,137,145,0.5180937458424797,0.5928720241798486,0.9382382035255432,0.8019899725914001
HMDB0000306,958,208,208,0.8975482482461704,0.882023734583751,1.4133188724517822,1.2846858501434326
HMDB0000355,802,167,171,0.9403744396604435,0.904432614981364,1.496008276939392,1.5837455987930298
HMDB0000370,68,14,14,,,0.008730241097509861,0.014358545653522015
HMDB0000402,479,102,102,0.3168670158297616,0.5463925218246894,1.0558940172195435,0.9653831124305725
HMDB0000426,354,80,84,0.516535259210485,0.5175900424519894,1.3446176052093506,1.3029944896697998
HMDB0000448,1093,227,218,0.9383475417028034,0.9160588147134126,1.6072132587432861,1.7311599254608154
HMDB0000450,479,102,102,0.8089987500704996,0.8910209538826261,0.8267942667007446,0.6564196944236755
HMDB0000452,1052,223,222,0.9013315467295122,0.8565872879437989,1.279464840888977,1.4300919771194458
HMDB0000462,497,112,111,0.31814263145228744,0.3316391476541984,2.4027469158172607,2.5859334468841553
HMDB0000472,780,156,142,0.9563338548400782,0.9265652192366461,1.1299266815185547,1.0721739530563354
HMDB0000479,1036,203,202,0.9181102340711583,0.8860694471750132,1.2740544080734253,1.2617701292037964
HMDB0000500,588,132,131,0.05272246329800813,0.15983661063403115,0.6971924304962158,0.7648191452026367
HMDB0000511,793,157,158,0.9433830200417794,0.8676256409020225,1.1212633848190308,1.6038326025009155
HMDB0000512,699,141,138,0.9498200846380742,0.9583719924345757,0.7452273368835449,0.7131361961364746
HMDB0000517,1482,314,298,0.9437319455797445,0.9098169217856251,1.2650576829910278,1.3542218208312988
HMDB0000528,311,66,66,0.29213612648716253,,0.21719153225421906,0.03446986526250839
HMDB0000535,1243,248,245,0.8910209947534925,0.8879627986501111,1.8752305507659912,1.778084397315979
HMDB0000536,68,14,14,,,0.009000844322144985,0.009833878837525845
HMDB0000538,311,66,66,,0.246391804634903,0.09453213959932327,0.1902797669172287
HMDB0000562,1433,306,296,0.9182959081142563,0.8750661665600876,1.6867121458053589,1.7178453207015991
HMDB0000574,613,136,140,0.9561243695165362,0.9591321377246321,0.3770875930786133,0.4052869379520416
HMDB0000575,354,80,84,0.9860031118017281,0.9656626809729717,0.31981009244918823,0.44162237644195557
HMDB0000607,68,14,14,,,0.011331039480865002,0.013181678019464016
HMDB0000617,68,14,14,,,0.006081064697355032,0.007062677759677172
HMDB0000618,311,66,66,-0.07826717419498239,0.25613045762548503,0.408393919467926,0.4732211232185364
HMDB0000619,1534,309,316,0.9177070549879747,0.8812335105076009,1.578749179840088,1.7109885215759277
HMDB0000623,1131,225,222,0.9590085348081482,0.9148137858006455,1.120544672012329,1.4071099758148193
HMDB0000625,522,116,120,0.8805817436109984,0.8499416547432657,0.7447646856307983,0.9061863422393799
HMDB0000626,1206,227,242,0.92702930058145,0.9329521019298826,1.5871708393096924,1.536733627319336
HMDB0000630,1431,306,296,0.9345015804236423,0.8762965520670497,1.3225947618484497,1.49772310256958
HMDB0000634,311,66,66,0.28059079996284203,0.29877656547607123,1.4297943115234375,1.4956375360488892
HMDB0000638,763,150,151,0.9076436528089769,0.8512940501921372,1.6538376808166504,1.884814977645874
HMDB0000639,354,80,84,0.8166219301597117,0.833121489013653,1.3710830211639404,1.446761965751648
HMDB0000641,1462,313,303,0.9085075452699434,0.8815452849879055,1.4731355905532837,1.477827548980713
HMDB0000661,540,126,129,0.7287198206619507,0.8123624904773749,1.5889334678649902,1.5167399644851685
HMDB0000663,354,80,84,0.9139695470311553,0.8992023684679784,0.90074223279953,1.0893813371658325
HMDB0000665,311,66,66,0.49504923403957785,0.41512252419333906,2.1598572731018066,1.8296343088150024
HMDB0000669,382,87,77,0.9423863799013733,0.888854610016392,0.7588581442832947,0.9000085592269897
HMDB0000671,635,150,142,0.8754075158587699,0.8455331659051989,1.6899181604385376,1.6159237623214722
HMDB0000682,363,76,73,0.9412955680371902,0.7982944131977433,1.011090874671936,1.533812165260315
HMDB0000684,505,101,109,-0.018492475440951745,0.20930843652707987,0.29099759459495544,0.2447996735572815
HMDB0000687,1841,380,388,0.9424063215637326,0.9140620670363079,1.522882342338562,1.5933947563171387
HMDB0000691,1115,226,227,0.9003991697968844,0.8754079605263266,1.7090861797332764,1.6584198474884033
HMDB0000695,613,136,140,0.868229828066922,0.879236434079412,0.7562813758850098,0.7908036112785339
HMDB0000696,1463,313,303,0.9257458369002637,0.8992466815840618,1.416214108467102,1.4565601348876953
HMDB0000699,1085,218,213,0.9061744545468768,0.8626333260208842,1.6748064756393433,1.6728858947753906
HMDB0000700,445,100,104,0.9736169207911229,0.9619619757134078,0.41778579354286194,0.5099862217903137
HMDB0000711,620,117,112,0.9491955796192278,0.9059665392670784,1.4173638820648193,1.695294737815857
HMDB0000714,581,116,117,0.9111677278085806,0.8343830994761928,1.288377046585083,1.6648144721984863
HMDB0000718,1432,289,305,0.8871260293638797,0.8468072603961125,1.6140562295913696,1.6489572525024414
HMDB0000719,574,119,120,0.9132224354279217,0.9337327492708252,0.733140766620636,0.6164929866790771
HMDB0000720,440,85,82,0.9795379118252621,0.9739008846173445,0.41529253125190735,0.4337620139122009
HMDB0000725,820,163,168,0.930075577940617,0.8882736282084651,1.1417226791381836,1.2271267175674438
HMDB0000731,311,66,66,0.0932222152418179,0.18560471323119856,0.7831337451934814,0.6499168276786804
HMDB0000732,433,84,81,0.9937605814873552,0.9891317282259042,0.488589882850647,0.5718780159950256
HMDB0000742,159,34,34,0.4060109166107387,0.5602266049194959,0.12356717139482498,0.13561077415943146
HMDB0000745,311,66,66,0.11708242114925214,0.10060032693992176,0.7127319574356079,0.9310020208358765
HMDB0000759,570,122,122,0.9150375681667783,0.889696118522809,0.6240959167480469,0.6703723073005676
HMDB0000763,687,138,130,0.9015863407564543,0.8656114997301002,1.2040199041366577,1.3474642038345337
HMDB0000764,995,196,193,0.8768417651743534,0.8584057958557771,1.9548107385635376,2.006164789199829
HMDB0000779,1271,265,265,0.9269199462731164,0.8792168960025672,1.714763879776001,1.9858983755111694
HMDB0000784,1147,234,233,0.9465526149157315,0.9134741918466608,1.108535647392273,1.2391451597213745
HMDB0000792,945,190,177,0.965846041351439,0.9192376545224,1.0665985345840454,1.2422430515289307
HMDB0000802,979,192,189,0.9812654270258584,0.9349139143607272,0.9616260528564453,1.1210851669311523
HMDB0000807,311,66,66,-0.04697399396565633,0.5441298742478711,0.5232009887695312,0.3161032795906067
HMDB0000812,677,140,152,0.8897576546055191,0.9069700547509304,1.1808984279632568,0.9809231162071228
HMDB0000821,311,66,66,0.29971370263693,0.019306303767860827,1.5020694732666016,1.6101161241531372
HMDB0000822,354,80,84,0.5126955423013465,0.5774673162393886,2.162661075592041,2.16493821144104
HMDB0000828,311,66,66,0.205812402662397,0.31664448668103035,1.7056587934494019,1.703967571258545
HMDB0000840,685,138,135,0.9139086429047757,0.9225367552638895,0.8470343351364136,0.8276345729827881
HMDB0000842,311,66,66,,0.18486627741397385,0.1043955609202385,0.26475614309310913
HMDB0000847,311,66,66,0.1363660617990633,0.07755066430008055,1.802281141281128,1.7976489067077637
HMDB0000857,479,102,102,0.6854288491363799,0.6577889066293943,1.2914528846740723,1.357372760772705
HMDB0000870,1034,210,197,0.9176771532094886,0.8971907399387825,1.4549516439437866,1.5019484758377075
HMDB0000875,911,186,186,0.9467310768467729,0.8968168205666582,1.2932674884796143,1.46649968624115
HMDB0000881,585,127,107,0.9860305841307475,0.9457098954358535,0.9372285604476929,1.0858577489852905
HMDB0000883,1841,380,388,0.954015935060564,0.9263197286619524,1.3589006662368774,1.5247985124588013
HMDB0000892,1066,226,225,0.9376280336230667,0.9429652266451342,1.4851101636886597,1.4287747144699097
HMDB0000895,945,190,177,0.9351713597254254,0.9246732075549746,1.8178892135620117,1.9387794733047485
HMDB0000897,1047,220,224,0.9569432792226096,0.9249864970120829,1.1777065992355347,1.2970994710922241
HMDB0000898,771,151,143,0.9222621950412851,0.8815593856774183,1.2530241012573242,1.496509313583374
HMDB0000902,311,66,66,0.22483373200069773,0.3509280829748697,1.9472066164016724,2.109983205795288
HMDB0000904,1389,292,278,0.9405460266011529,0.9040211773963027,1.447668433189392,1.6528717279434204
HMDB0000905,479,102,102,0.04353653852673353,0.10074664235519937,0.11269345134496689,0.15857067704200745
HMDB0000906,485,110,109,0.7714050415953534,0.7635176400908129,0.8337920904159546,0.8350003361701965
HMDB0000925,939,191,173,0.9448337783337699,0.9180374036102398,1.1788352727890015,1.2337626218795776
HMDB0000929,1719,363,359,0.9465960537618128,0.9148266459088558,1.227423906326294,1.3372974395751953
HMDB0000935,354,80,84,0.9632016868637057,0.9692773471007963,0.5455513000488281,0.5617713928222656
HMDB0000939,311,66,66,0.0038363486794010825,0.0867720793168462,0.24251100420951843,0.24911612272262573
HMDB0000943,613,136,140,0.7437829167108698,0.7296003439703959,1.6933273077011108,1.789864420890808
HMDB0000947,311,66,66,0.28538037104589675,0.1886953153559658,0.19400885701179504,0.2517547607421875
HMDB0000954,570,122,122,0.041415601531659095,0.11106338379007694,0.2020486295223236,0.18172843754291534
HMDB0000956,726,163,158,0.9401713350206269,0.8825725719572777,1.422853946685791,1.5752198696136475
HMDB0000958,311,66,66,0.35627787093084545,0.2510929234066204,0.646216869354248,0.8174349665641785
HMDB0000965,311,66,66,0.2338347269388902,0.4963596986278122,0.4597843587398529,0.5874518752098083
HMDB0000996,479,102,102,0.13667864843698047,0.23767470931985668,0.5839263796806335,0.306673139333725
HMDB0000998,68,14,14,,,0.01437591202557087,0.012247741222381592
HMDB0001000,311,66,66,,,0.008571378886699677,0.009288175962865353
HMDB0001003,311,66,66,,,0.012931641191244125,0.01231860090047121
HMDB0001015,699,141,138,0.966414354478301,0.9793739061360639,0.3897015154361725,0.3253183364868164
HMDB0001022,68,14,14,,,0.006036960985511541,0.007386825047433376
HMDB0001049,68,14,14,,,0.01412233803421259,0.01169420126825571
HMDB0001058,311,66,66,0.34644628164577723,,0.16877184808254242,0.07668065279722214
HMDB0001065,465,99,99,0.6482503718345798,0.6145075280353598,1.765001893043518,1.7120387554168701
HMDB0001066,311,66,66,0.3870449312599884,-0.09546030738832097,0.14601346850395203,0.2415979653596878
HMDB0001068,311,66,66,-0.049275872951386385,0.05630843456827947,1.1663143634796143,1.2439390420913696
HMDB0001096,68,14,14,,,0.011283774860203266,0.01004653237760067
HMDB0001104,479,102,102,0.2414842278703415,0.41930435755757783,0.24999290704727173,0.227240189909935
HMDB0001123,777,155,155,0.9636804527674183,0.9512322306019044,0.5672182440757751,0.6012734770774841
HMDB0001124,311,66,66,0.17734290658114524,-0.030280023300222423,0.29279470443725586,0.30506670475006104
HMDB0001126,311,66,66,0.3483895612926419,-0.14872431601931974,1.803719401359558,2.296602725982666
HMDB0001138,1109,235,237,0.9423031389372061,0.9273867730745162,1.1603730916976929,1.1082911491394043
HMDB0001139,311,66,66,,0.05257413225628947,0.016582150012254715,0.10465764254331589
HMDB0001149,642,126,123,0.9511296402451547,0.8845616020341754,1.4790233373641968,1.7411260604858398
HMDB0001161,1204,246,233,0.9488209025858994,0.9421247562816965,1.5224446058273315,1.40602707862854
HMDB0001163,68,14,14,,,0.008113779127597809,0.008506950922310352
HMDB0001173,440,85,82,0.9473729258059654,0.9284162053602304,0.6932057738304138,0.748038113117218
HMDB0001175,311,66,66,-0.10884625070327121,0.04681189291796842,0.33392205834388733,0.3201479911804199
HMDB0001176,311,66,66,0.3322269312435586,,0.28872355818748474,0.07636740803718567
HMDB0001178,311,66,66,-0.12544773962587985,-0.11043438714870356,0.38848209381103516,0.5755674839019775
HMDB0001179,68,14,14,,,0.0068183462135493755,0.00717420456930995
HMDB0001185,612,117,113,0.9696521761179316,0.9376161457025286,0.9771981239318848,1.1469275951385498
HMDB0001186,644,123,114,0.9768829167798735,0.9353663286012172,1.296386480331421,1.5857486724853516
HMDB0001190,311,66,66,0.11552721374195397,-0.1087554409897705,3.076756238937378,3.2328758239746094
HMDB0001191,68,14,14,,,0.008653903380036354,0.007696573156863451
HMDB0001201,311,66,66,,,0.016329266130924225,0.019779376685619354
HMDB0001202,395,76,83,0.9664943095066766,0.909215596987305,0.822129487991333,1.079237461090088
HMDB0001209,354,80,84,0.9417286236613828,0.9808222626451201,0.49072760343551636,0.3820945620536804
HMDB0001220,382,87,77,0.9941815207628586,0.9777368638383979,0.3766683340072632,0.4847566783428192
HMDB0001227,484,97,99,0.8241402204640734,0.7023614324917653,1.6286344528198242,1.7716783285140991
HMDB0001243,311,66,66,0.16610969924700777,0.38269843095088035,1.4533640146255493,1.4230461120605469
HMDB0001245,68,14,14,,,0.01905500330030918,0.014696380123496056
HMDB0001248,311,66,66,0.061117821917576205,0.11495292476140788,0.3759455382823944,0.43884095549583435
HMDB0001252,311,66,66,0.31245632404415763,0.34455627546358514,2.4299442768096924,2.529503107070923
HMDB0001254,311,66,66,0.009324685642454074,-0.03545325869084599,0.24289067089557648,0.24613282084465027
HMDB0001256,311,66,66,0.19922862968503177,0.40002936923806265,0.5185695290565491,0.42135706543922424
HMDB0001257,1020,208,193,0.9571720143088738,0.9319274906360584,1.5965933799743652,1.6047437191009521
HMDB0001273,311,66,66,0.2395946797127278,0.34714804530867077,1.4851757287979126,1.0425236225128174
HMDB0001274,311,66,66,-0.07733494582731217,0.1656463581380401,0.10444944351911545,0.15314696729183197
HMDB0001276,1041,205,202,0.9529771671986532,0.9321555392590272,1.2268043756484985,1.1401084661483765
HMDB0001294,68,14,14,,,0.004725719336420298,0.005458219442516565
HMDB0001314,311,66,66,0.2333905788107162,0.3619676759855058,1.2692279815673828,0.8781439065933228
HMDB0001316,68,14,14,,,0.0052800350822508335,0.006129864137619734
HMDB0001325,832,169,170,0.9439869449981415,0.9032414971523605,1.3556911945343018,1.2859123945236206
HMDB0001328,68,14,14,,,0.017799012362957,0.017139805480837822
HMDB0001341,311,66,66,0.23742982276838479,0.3763019154314224,1.7217823266983032,1.6976627111434937
HMDB0001342,68,14,14,,,0.0097260233014822,0.012328805401921272
HMDB0001351,68,14,14,,,0.015165719203650951,0.014851595275104046
HMDB0001366,68,14,14,,0.39587780467071626,0.059206489473581314,0.179817795753479
HMDB0001367,311,66,66,0.0024338009508749372,0.3557800287634876,1.616713285446167,1.2422313690185547
HMDB0001389,505,101,109,0.41013625195625464,0.18974192263990827,0.43726980686187744,0.5532272458076477
HMDB0001392,311,66,66,0.5137736762269098,0.6457010997884249,0.9282965064048767,1.0518872737884521
HMDB0001396,311,66,66,0.1964299728850452,0.3166595814545976,1.5756535530090332,1.6668498516082764
HMDB0001397,311,66,66,0.04817266244982675,,0.2724475562572479,0.18230414390563965
HMDB0001401,354,80,84,0.5559364157522293,0.7029385550488593,1.8520772457122803,1.6854597330093384
HMDB0001406,1093,227,218,0.9555545635583192,0.9178534074404585,1.1581151485443115,1.2840769290924072
HMDB0001409,68,14,14,,,0.0057773166336119175,0.0063875294290483
HMDB0001413,311,66,66,,,0.047888804227113724,0.05399805307388306
HMDB0001414,1258,270,260,0.8866655982772357,0.8147300196578433,1.4145835638046265,1.481850028038025
HMDB0001423,68,14,14,,,0.011461413465440273,0.008924653753638268
HMDB0001431,762,154,151,0.9274849317744257,0.9370925360264308,0.9007707238197327,0.8044630885124207
HMDB0001432,577,116,117,0.9776208690514357,0.8959992122014334,1.1399470567703247,1.7524114847183228
HMDB0001440,311,66,66,,,0.016318291425704956,0.018927007913589478
HMDB0001470,68,14,14,,,0.013128413818776608,0.012506796047091484
HMDB0001473,68,14,14,,,0.011993943713605404,0.014455417171120644
HMDB0001476,508,106,93,0.972811873218614,0.9372854595432993,0.6577555537223816,0.7788297533988953
HMDB0001487,68,14,14,,,0.004512568470090628,0.008301342837512493
HMDB0001488,1463,313,303,0.9250863819988975,0.8914033387648791,1.5947667360305786,1.6777008771896362
HMDB0001508,68,14,14,,,0.008733556605875492,0.0062711201608181
HMDB0001514,311,66,66,0.2551157315138839,0.20433607414362942,1.366984248161316,1.4259170293807983
HMDB0001517,311,66,66,0.12657468392187463,0.012765393155331616,1.0157374143600464,1.1620047092437744
HMDB0001522,479,102,102,0.14839759905580016,0.13395027311666868,0.1086253747344017,0.3033914566040039
HMDB0001532,68,14,14,,,0.00951812881976366,0.009700288996100426
HMDB0001539,1032,210,196,0.9672221693884994,0.9198128854875786,1.4248247146606445,1.674819827079773
HMDB0001545,570,122,122,0.4789022497177411,0.4403178513589293,0.6500945091247559,0.6277521252632141
HMDB0001546,311,66,66,,-0.007910078513354587,0.03599121421575546,0.13503995537757874
HMDB0001548,68,14,14,,,0.016153205186128616,0.016318107023835182
HMDB0001553,311,66,66,,,0.016542352735996246,0.017269255593419075
HMDB0001554,311,66,66,0.012449574823291103,-0.044927038772847615,0.06332937628030777,0.06524904817342758
HMDB0001555,311,66,66,0.2646613359587685,0.254070954615554,1.1734983921051025,1.221380352973938
HMDB0001565,635,128,125,0.8729826660173979,0.8897813366825613,1.5374573469161987,1.4884071350097656
HMDB0001566,311,66,66,0.1754624753615555,0.10375826624905628,1.4918756484985352,1.5916352272033691
HMDB0001586,311,66,66,0.07091942908059524,-0.07280084365282052,0.6868613958358765,0.6800240874290466
HMDB0001587,311,66,66,,,0.024044888094067574,0.02118729054927826
HMDB0001863,354,80,84,0.7140388350305513,0.7460015168838694,2.197988748550415,2.1777231693267822
HMDB0001895,591,117,117,0.9629061351796602,0.9094878608455342,0.9537960886955261,1.192732810974121
HMDB0001901,311,66,66,0.38107360934778245,0.20536836814772708,1.3632020950317383,1.5336679220199585
HMDB0001921,589,117,117,0.9375393322806179,0.8698136593825841,1.0900200605392456,1.3384931087493896
HMDB0001934,311,66,66,,,0.01641049049794674,0.014874042011797428
HMDB0001983,311,66,66,0.10453522075416813,0.13951778131975245,0.6107651591300964,0.5883148312568665
HMDB0002004,68,14,14,,,0.004303231369704008,0.0057981242425739765
HMDB0002005,1241,259,251,0.9422045162652862,0.9256216545807654,1.1473907232284546,1.1422145366668701
HMDB0002006,311,66,66,0.5197851680943896,0.24601274142503374,0.1528739631175995,0.20187608897686005
HMDB0002017,311,66,66,0.03457613877642715,,0.03972012922167778,0.016811180859804153
HMDB0002024,885,172,169,0.9701686599107345,0.9199342943496709,1.3495022058486938,1.630279779434204
HMDB0002035,402,86,86,0.16239902295804873,0.17500801086803372,0.18672312796115875,0.18870018422603607
HMDB0002039,354,80,84,0.6436085017480555,0.6490660919895476,2.843632698059082,2.28412127494812
HMDB0002064,1175,239,240,0.9330473493755386,0.9009454338308679,1.5551643371582031,1.4690910577774048
HMDB0002085,354,80,84,0.9145029402271416,0.9416970261473153,0.9856483340263367,0.9748350977897644
HMDB0002092,311,66,66,0.2969992033757384,0.2270530528606824,0.3904796838760376,0.3558967411518097
HMDB0002096,311,66,66,0.15233565177303526,-0.0772451754155229,3.109877109527588,3.1963846683502197
HMDB0002099,311,66,66,,,0.030225444585084915,0.025975937023758888
HMDB0002107,311,66,66,0.26976877587602455,-0.0019869598627844484,1.2432119846343994,1.0248212814331055
HMDB0002172,740,147,148,0.9523344342397946,0.8924144630768576,1.8012219667434692,1.9461175203323364
HMDB0002189,311,66,66,0.20163049383505896,0.09057203151063953,0.8741815090179443,0.9307534694671631
HMDB0002199,665,148,147,0.5470310337985544,0.6385773547747335,1.9452085494995117,1.8676248788833618
HMDB0002224,311,66,66,0.32403774565427523,0.06034794534306077,1.0088169574737549,1.1358226537704468
HMDB0002275,311,66,66,,-0.0007813982193615749,0.05812397971749306,0.20457720756530762
HMDB0002322,993,202,198,0.9177435530788041,0.8972187729331994,1.7648605108261108,1.8714630603790283
HMDB0002362,311,66,66,0.47372664250228835,0.3441573772704092,1.1232093572616577,1.2748364210128784
HMDB0002428,311,66,66,0.06601828320826408,0.17520117410493466,1.0482279062271118,1.3327739238739014
HMDB0002466,402,86,86,0.14812409515822952,0.16912731310585716,0.5878674387931824,0.7423214316368103
HMDB0002641,311,66,66,,-0.07914531929533236,0.05363220348954201,0.0932958573102951
HMDB0002658,613,136,140,0.8078437473636442,0.8424808685272915,0.8238053917884827,0.9039687514305115
HMDB0002666,311,66,66,0.17918348085022892,0.010336133877196825,1.1190835237503052,1.1778258085250854
HMDB0002706,68,14,14,,,0.006864261347800493,0.00826113298535347
HMDB0002757,311,66,66,-0.12373373373098583,0.024298641168389198,1.0428575277328491,1.3633428812026978
HMDB0002817,311,66,66,0.23535258858385857,0.22329016938402715,1.9484604597091675,1.8840034008026123
HMDB0002894,440,85,82,0.9268518650371735,0.9260762887247784,0.6711928248405457,0.6483624577522278
HMDB0002991,68,14,14,,,0.0057829394936561584,0.008678500540554523
HMDB0003011,354,80,84,0.8953258381285687,0.9202257638726583,0.9148974418640137,0.7163420915603638
HMDB0003012,68,14,14,,,0.01047804020345211,0.01059060450643301
HMDB0003070,788,164,168,0.8328786349259043,0.775530890482908,1.8350111246109009,2.1739232540130615
HMDB0003072,665,137,134,0.8756345353981771,0.8865192394285389,1.6600651741027832,1.63083016872406
HMDB0003157,311,66,66,0.22369098100216192,0.2125137412252925,0.9371476173400879,1.0640764236450195
HMDB0003254,311,66,66,0.384280035354517,-0.08056470392366666,0.16289803385734558,0.0735369622707367
HMDB0003331,531,105,102,0.9387525896022039,0.8962708809963587,0.6977223753929138,0.7847932577133179
HMDB0003334,511,106,93,0.9807820417341478,0.9770618969795104,1.1564652919769287,1.2019622325897217
HMDB0003335,311,66,66,-0.0610701448152665,,0.0989609956741333,0.022218020632863045
HMDB0003337,311,66,66,0.20884210831928687,-0.031992602461956066,0.9063254594802856,0.9199079275131226
HMDB0003355,799,182,185,0.895633912854196,0.8667424879622465,1.183280348777771,1.2841660976409912
HMDB0003357,982,198,198,0.9520668142641615,0.9340152140889338,0.7591524124145508,0.8234550952911377
HMDB0003391,311,66,66,0.18141773142484163,0.20341874421178088,0.29227057099342346,0.3073907792568207
HMDB0003447,311,66,66,-0.018852486382306338,-0.16002747244464288,0.5700783729553223,0.504055380821228
HMDB0003459,589,117,117,0.971361995954062,0.9136388166820124,0.980258584022522,1.2481626272201538
HMDB0003464,1130,225,222,0.9513722232453534,0.9011318604371269,1.0668383836746216,1.1743054389953613
HMDB0003502,68,14,14,,,0.006528762634843588,0.006681469269096851
HMDB0003537,68,14,14,,,0.006327498704195023,0.004994064569473267
HMDB0003540,311,66,66,,,0.011922270059585571,0.011406045407056808
HMDB0003581,311,66,66,,,0.015177542343735695,0.013691287487745285
HMDB0003584,311,66,66,0.24636092073953986,-0.030231284451277717,1.5713239908218384,1.3366438150405884
HMDB0003640,68,14,14,,,0.028672533109784126,0.027655290439724922
HMDB0003701,311,66,66,0.06767961197801127,-0.07708966684389633,0.04874739423394203,0.04323500394821167
HMDB0003903,311,66,66,0.3561825965331261,0.36870574988398097,1.827660083770752,2.2826807498931885
HMDB0003911,522,116,120,0.7546549980942187,0.7750887063199343,1.0949409008026123,1.005821704864502
HMDB0004095,311,66,66,-0.04712508740817737,0.01964408912748042,0.9292598962783813,1.0731714963912964
HMDB0004096,311,66,66,0.1915004072256775,-0.269393211522676,2.325133800506592,2.4793856143951416
HMDB0004101,68,14,14,,,0.007297200616449118,0.008697420358657837
HMDB0004110,311,66,66,,,0.03822636976838112,0.03463270515203476
HMDB0004230,111,28,32,0.9662052992250804,0.9591368354523406,0.5827822685241699,0.6840114593505859
HMDB0004370,311,66,66,0.06892480112913525,-0.12371688185895006,0.11355896294116974,0.09643464535474777
HMDB0004437,311,66,66,0.4928820486765333,-0.04283987901255744,0.5660848617553711,0.618698239326477
HMDB0004461,311,66,66,0.2687797926874504,0.07323959348720263,2.1281278133392334,2.4278247356414795
HMDB0004826,311,66,66,0.15084368698604725,0.34378634786922474,0.46619337797164917,0.5422391891479492
HMDB0004827,1133,225,222,0.9430096360985358,0.9296717736680442,1.371251106262207,1.2832938432693481
HMDB0005765,311,66,66,0.4511877859664813,0.4093081768720317,1.1928681135177612,1.226461410522461
HMDB0005831,311,66,66,0.08454787110848268,0.226934361091459,0.6215395331382751,0.7200205326080322
HMDB0006557,311,66,66,,,0.042079370468854904,0.045465417206287384
HMDB0010720,311,66,66,,,0.07831107825040817,0.09116632491350174
HMDB0011600,311,66,66,-0.04930523224021634,-0.21423716152295422,0.15082183480262756,0.17833176255226135
HMDB0011634,311,66,66,0.40336619461155393,-0.06845474865929298,0.1824260652065277,0.13718728721141815
HMDB0011691,311,66,66,,,0.018370341509580612,0.016916101798415184
HMDB0011733,402,86,86,0.5480760984777711,0.4334939616201061,1.165521264076233,1.2092182636260986
HMDB0011745,570,122,122,0.3747457845657499,0.08605057275244728,0.7001156210899353,0.7323560118675232
HMDB0011747,311,66,66,0.3026266825545144,0.1447917527751731,0.4930347204208374,0.6376104354858398
HMDB0011756,699,141,138,0.914632368249798,0.9183599383233371,1.0763459205627441,0.9977661371231079
HMDB0011757,570,122,122,0.46672022323955925,0.6117721316961482,0.98004549741745,0.9032818078994751
HMDB0012136,311,66,66,0.3916408241101516,0.6997505360717288,1.0207135677337646,0.769890546798706
HMDB0012204,311,66,66,0.0342805753182167,0.24863205144325753,0.6305122971534729,0.6240264773368835
HMDB0012275,584,131,133,0.8893363193102777,0.8140441437079353,1.179872751235962,1.1381406784057617
HMDB0012295,311,66,66,0.14843178070920857,0.008286931164324973,1.643513560295105,1.671351432800293
HMDB0012843,311,66,66,0.4968183568590131,0.6136380022414433,1.6445562839508057,1.7861214876174927
HMDB0013211,311,66,66,,,0.009932611137628555,0.010922601446509361
HMDB0013253,751,153,153,0.9699052151547758,0.9360354961731773,1.642702341079712,1.836077332496643
HMDB0013302,402,86,86,-0.014061842376008358,0.2545121642685724,0.36789777874946594,0.2748493254184723
HMDB0014378,68,14,14,,,0.00657577533274889,0.005863885395228863
HMDB0015051,311,66,66,,,0.021478429436683655,0.01818758249282837
HMDB0015140,311,66,66,0.34853045166123064,0.19929485409209427,1.577111840248108,1.4188677072525024
HMDB0015251,311,66,66,0.13077148889308554,-0.06654969852455565,1.605794906616211,1.8380556106567383
HMDB0015673,311,66,66,0.08160909504598755,0.141348508606914,0.1428356021642685,0.22223033010959625
HMDB0028818,402,86,86,0.6028985429329826,0.5639557594277578,1.1155837774276733,0.9846004247665405
HMDB0029217,68,14,14,,,0.004557813983410597,0.008950655348598957
HMDB0029412,311,66,66,-0.15280652638824582,-0.15810712083607564,0.3276587128639221,0.6918354630470276
HMDB0029430,68,14,14,,,0.01099441945552826,0.009324466809630394
HMDB0029718,311,66,66,,,0.05170612037181854,0.0729164332151413
HMDB0029739,311,66,66,0.03766333408682515,-0.08663665568226785,2.467160224914551,2.608747959136963
HMDB0029956,311,66,66,0.38172419978301714,0.17503511896763,0.9656282067298889,1.0953203439712524
HMDB0031404,440,85,82,0.9873398113520206,0.9798178219723286,0.5392953157424927,0.6532081365585327
HMDB0031659,311,66,66,0.21079922077068045,0.020504125864062535,0.09791222959756851,0.18276652693748474
HMDB0032055,1002,204,205,0.9562946963000571,0.9434103617846191,0.958698034286499,0.9759881496429443
HMDB0032323,311,66,66,-0.004180487781636492,0.19739923500076625,0.2530214488506317,0.2614821493625641
HMDB0032562,68,14,14,,,0.009840430691838264,0.01055976003408432
HMDB0032616,311,66,66,0.206183516933955,0.0683416901948025,1.7465084791183472,1.5357033014297485
HMDB0032985,479,102,102,0.08532656603047438,0.030237618500069077,0.24353726208209991,0.2576247751712799
HMDB0033376,311,66,66,,,0.04080615192651749,0.0461759977042675
HMDB0033752,311,66,66,0.5596302638377372,0.04811894799384907,0.9622305631637573,0.9638842940330505
HMDB0034198,311,66,66,0.3630127006235287,0.05202892826157415,0.9621456265449524,0.8919356465339661
HMDB0034365,479,102,102,0.6040863471995827,0.5696529691487193,1.0762276649475098,1.0444364547729492
HMDB0034580,311,66,66,,,0.013295135460793972,0.014996039681136608
HMDB0035196,479,102,102,0.12004275764973575,-0.0018700115457330726,0.2736666798591614,0.37529847025871277
HMDB0035646,311,66,66,,0.2662832412250594,0.15231294929981232,0.29432547092437744
HMDB0035762,311,66,66,0.007618698030205127,0.14409649152980522,0.053952693939208984,0.06988413631916046
HMDB0036458,311,66,66,0.1459306027715962,0.2792869609542287,0.9342383146286011,0.7798874378204346
HMDB0038670,311,66,66,0.26199781882380263,0.2922144619994574,0.46210747957229614,0.7416287660598755
HMDB0039721,354,80,84,0.8665308759242216,0.9565180488896681,0.7152136564254761,0.5596051812171936
HMDB0041833,68,14,14,,,0.012565018609166145,0.013242841698229313
HMDB0041922,311,66,66,-0.0626578393838124,,0.04537547752261162,0.01419102307409048
HMDB0041947,311,66,66,0.3343681511911969,0.49777690572790073,0.903583288192749,0.7796176075935364
HMDB0059655,1433,306,296,0.9004617459009416,0.8680619466266074,1.613763451576233,1.7177186012268066
HMDB0060080,311,66,66,0.06215208902807923,0.19497524462038968,0.8624570369720459,0.9704757332801819
HMDB0060245,68,14,14,,,0.006381217855960131,0.0061797224916517735
HMDB0060442,311,66,66,0.3252287713743729,0.06983293222021202,1.7446082830429077,1.7047908306121826
HMDB0060461,68,14,14,,,0.011298888362944126,0.011208952404558659
HMDB0060493,570,122,122,0.37808044318495765,0.2841512766961484,0.934762716293335,1.0064327716827393
HMDB0060495,311,66,66,,0.06663558039149231,0.16773173213005066,0.2787303626537323
HMDB0061877,311,66,66,0.1554967759578374,-0.08417830905932983,0.5625545382499695,0.506665825843811
HMDB0061880,311,66,66,0.19431320441323385,0.3351265774634428,1.5815321207046509,1.6109578609466553
HMDB0061881,311,66,66,0.23625957071437287,0.5108860116007007,0.31379634141921997,0.2972888946533203
HMDB0062225,311,66,66,,0.1955730790508517,0.010282010771334171,0.05662357807159424
HMDB0062660,479,102,102,0.6613362990104665,0.6143275085127085,0.7898232936859131,0.8509480953216553
HMDB0094692,522,116,120,0.9232040851787265,0.9082784075259954,0.9421343207359314,0.8945901393890381
HMDB0240280,311,66,66,,,0.11176559329032898,0.143100306391716
HMDB0240650,608,121,118,0.9465494946061365,0.9574751254804387,0.5288481116294861,0.4608568847179413
HMDB0242161,527,119,118,0.5595000842770136,0.42930627535260857,1.5775617361068726,1.3757550716400146
HMDB0243713,68,14,14,,,0.007357979658991098,0.008857126347720623
HMDB0244272,311,66,66,0.1371749728400879,0.5716011983283161,0.2959952652454376,0.3685055077075958
HMDB0245008,311,66,66,,-0.043463727364533064,0.008744493126869202,0.02570335753262043
HMDB0245101,311,66,66,0.05640676074602909,-0.048001076019725385,0.5354719161987305,0.5205861926078796
HMDB0247130,68,14,14,,,0.004892428405582905,0.005070526618510485
HMDB0247926,68,14,14,0.2252683719135758,0.5158697914499316,1.8431646823883057,1.6663731336593628
HMDB0248970,68,14,14,,,0.00843136291950941,0.010569021105766296
HMDB0248993,68,14,14,,,0.005446577910333872,0.008960009552538395
HMDB0249700,311,66,66,0.4308710155735721,0.13248475686674238,0.7408292293548584,0.9081301093101501
HMDB0250707,68,14,14,0.7123400968919772,-0.11457138394707884,0.29285240173339844,0.5768917798995972
HMDB0250712,222,47,47,0.6068845308915003,0.6820302512917885,1.1073018312454224,1.0998215675354004
HMDB0253185,68,14,14,0.7594481013514003,0.730924255928643,0.6938483119010925,0.5065309405326843
HMDB0253330,68,14,14,,,0.01496899127960205,0.01109103113412857
HMDB0253663,311,66,66,,,0.012635692954063416,0.013900923542678356
HMDB0254614,311,66,66,0.17780901205641242,-0.14709732985923488,1.3570830821990967,1.2905381917953491
HMDB0254955,311,66,66,,-0.0426631758028732,0.06221709027886391,0.09024084359407425
HMDB0255185,311,66,66,-0.014370129377373293,-0.010147685918362735,0.07396461069583893,0.07611674815416336
HMDB0255300,311,66,66,0.04662520781428163,0.11949822642599232,1.557639718055725,1.4348039627075195
HMDB0255912,311,66,66,0.07956995489370747,0.17557336624875342,1.7924909591674805,2.0815601348876953
HMDB0255916,68,14,14,,,0.009525133296847343,0.008037852123379707
HMDB0256533,68,14,14,,,0.007795579265803099,0.00796519871801138
HMDB0256947,68,14,14,,,0.007978413254022598,0.008973813615739346
HMDB0259196,68,14,14,,,0.017718445509672165,0.021161917597055435
HMDB0259297,311,66,66,-0.04060501510456512,-0.1113700403471784,0.15471889078617096,0.13746438920497894
HMDB0259923,311,66,66,-0.07523962156758401,-0.12769095518167992,0.1390610933303833,0.2726493179798126
HMDB0301759,311,66,66,,,0.017989901825785637,0.017950350418686867
HMDB0302754,311,66,66,0.30948241367494805,0.22829249775511848,0.7776374816894531,0.6715662479400635
HMDB0304270,395,81,81,0.967360093333833,0.9859610898712343,0.585719883441925,0.4809610843658447
HMDB0304376,184,32,28,0.8966033720238843,0.7900232707645118,1.7383153438568115,1.9377342462539673
HMDB0304435,311,66,66,0.11089879690438373,0.11455185518680212,0.47443386912345886,0.6983919143676758
HMDB0304443,311,66,66,0.14806413297663418,0.030137120084580766,1.689889907836914,1.8983856439590454
HMDB0304521,311,66,66,0.039740945264618605,0.1780223550862016,0.07109375298023224,0.08730137348175049
HMDB0304804,311,66,66,0.4565295630856393,0.023577797294668256,0.22049365937709808,0.16547782719135284
METPA0236,479,102,102,-0.09438206763687297,-0.0035621267478962285,0.14970985054969788,0.14361760020256042
METPA0433,311,66,66,0.25466461941838053,0.357550805240316,0.5337492227554321,0.3639537990093231
HMDB0000044,746,149,145,0.9603716097883115,0.9220615255734107,1.4619377851486206,1.788100242614746
HMDB0000054,719,142,135,0.9271603059716672,0.9257276693064044,1.5107221603393555,1.4926104545593262
HMDB0000067,736,154,158,0.955777151151237,0.9415498382638777,1.2678823471069336,1.303999662399292
HMDB0000098,1050,219,219,0.9387928517004384,0.901038740816517,1.4236873388290405,1.6198310852050781
HMDB0000101,786,156,146,0.9483119537541644,0.8746437340198381,1.618941307067871,2.0343704223632812
HMDB0000174,831,180,183,0.9252753732039762,0.8826733829870929,1.4318746328353882,1.3859275579452515
HMDB0000186,691,151,140,0.9490323334170457,0.8821766017792445,1.6348072290420532,1.9749581813812256
HMDB0000207,677,138,129,0.9087519510396962,0.8001402060035531,1.0068585872650146,1.4043656587600708
HMDB0000209,1067,225,226,0.9436701153657305,0.9029950933171575,1.1217293739318848,1.4065924882888794
HMDB0000220,677,138,129,0.9234626232107827,0.8520707051715583,1.0185469388961792,1.253395915031433
HMDB0000222,622,123,109,0.9092461419132454,0.7837334023791493,1.7024433612823486,1.8729188442230225
HMDB0000247,634,124,111,0.9367894248888398,0.8584675973901327,1.2089399099349976,1.4730931520462036
HMDB0000252,822,159,156,0.9601322045399115,0.9301733934301113,1.4027990102767944,1.6748580932617188
HMDB0000269,822,159,156,0.9614503015182059,0.9482976601471804,1.1188178062438965,1.278406023979187
HMDB0000391,664,135,133,0.9481280413502716,0.9094874090561856,1.4868299961090088,1.497520089149475
HMDB0000422,154,33,33,0.6968563819219618,0.5991607152683479,0.7500012516975403,0.9897642135620117
HMDB0000482,524,96,93,0.8778309074729237,0.8394313456071119,1.512468695640564,1.67644464969635
HMDB0000506,562,103,100,0.8777761383470594,0.76342361429268,1.9029734134674072,2.019707679748535
HMDB0000508,154,33,33,0.6583226964057297,0.41607054799860244,0.5638903379440308,0.7422494888305664
HMDB0000518,922,171,190,0.9349059737675022,0.8530581565095481,1.4733649492263794,1.7789926528930664
HMDB0000555,602,120,120,0.931413862521842,0.9042493161187171,1.2572499513626099,1.6064990758895874
HMDB0000613,597,114,113,0.9639949482812739,0.8999772420895169,1.027876377105713,1.4110562801361084
HMDB0000631,937,181,180,0.8966107427605339,0.8917850279083714,1.6193335056304932,1.4138106107711792
HMDB0000640,197,47,51,0.6914708076518367,0.6543340807068344,0.9426993727684021,1.255306363105774
HMDB0000672,434,84,84,0.9356713599459949,0.7876362604558877,0.7903152704238892,1.1956926584243774
HMDB0000673,677,138,129,0.9139597133535726,0.7971222408856637,1.0229911804199219,1.5027323961257935
HMDB0000698,505,105,95,0.8726517638668492,0.768500436012375,1.6346508264541626,1.9647095203399658
HMDB0000708,620,121,110,0.886441271355047,0.8003628509377979,1.6178046464920044,2.0349483489990234
HMDB0000715,1086,215,210,0.9526303025030215,0.9046354091708426,1.343025803565979,1.421761155128479
HMDB0000722,578,113,104,0.8788944687601306,0.8071963528651185,1.894248366355896,1.9847813844680786
HMDB0000748,154,33,33,0.5823185673619675,0.4284768618104422,1.2410032749176025,1.0633291006088257
HMDB0000761,821,159,167,0.83844391429278,0.8431498865867137,1.8906397819519043,1.8275433778762817
HMDB0000766,822,159,156,0.9649481246222279,0.9346062758010639,0.7625134587287903,0.8670274019241333
HMDB0000767,1008,205,201,0.9514045732432513,0.9149293334326088,1.0311493873596191,1.2418819665908813
HMDB0000806,677,138,129,0.9026836229444389,0.8655664940278144,1.4444119930267334,1.5498157739639282
HMDB0000826,606,117,118,0.9294942982431978,0.8619459642426168,0.9825660586357117,1.3544321060180664
HMDB0000827,677,138,129,0.9148592063631011,0.854618601980793,1.0564833879470825,1.3262193202972412
HMDB0000852,413,89,89,0.8925915109119327,0.9149839665175515,0.7010909914970398,0.6057904958724976
HMDB0000866,654,123,120,0.9537428683201226,0.8646067987129444,0.8431576490402222,1.269828200340271
HMDB0000872,654,123,120,0.9791797389176917,0.9345076573177715,0.5040578246116638,0.7854740023612976
HMDB0000873,434,84,84,0.8892806009297174,0.7888143899383891,1.5188502073287964,1.8103246688842773
HMDB0000888,822,159,156,0.9618538186437215,0.9369612856214802,0.7902742028236389,0.9709713459014893
HMDB0000893,634,124,111,0.9412431325051627,0.8355132621382246,1.2088581323623657,1.6256091594696045
HMDB0000896,703,133,128,0.8511897539530726,0.787634843471146,1.9311268329620361,2.094637870788574
HMDB0000908,154,33,33,0.6445256703610975,0.68063712961252,1.6677216291427612,1.5286478996276855
HMDB0000921,322,69,69,0.9342513477441616,0.9343788349540734,0.8408509492874146,0.7828876376152039
HMDB0000951,756,153,140,0.9207843002659541,0.8112602132223445,1.672825574874878,2.021965742111206
HMDB0000957,434,84,84,0.9295220163564369,0.8133663213778201,1.1843109130859375,1.644447922706604
HMDB0001043,677,138,129,0.9110756465778329,0.8138017699760227,1.1450684070587158,1.4167557954788208
HMDB0001232,417,82,79,0.8554007722653568,0.6675632685697721,1.7740999460220337,1.8466260433197021
HMDB0001388,563,103,100,0.9258419725035665,0.8179122207994813,1.2970900535583496,1.7502837181091309
HMDB0001847,736,154,158,0.9519259709623937,0.9190626846576183,1.0859087705612183,1.4517086744308472
HMDB0001886,433,84,84,0.8928633197270796,0.8177032104330821,1.6632108688354492,2.2285327911376953
HMDB0001924,559,103,100,0.8529086590144446,0.7213495244070677,2.225031614303589,2.4537084102630615
HMDB0001976,725,144,131,0.9451306639537959,0.8663360140437768,1.3158504962921143,1.8953346014022827
HMDB0001999,725,144,131,0.9378400997411349,0.8737484665175654,1.2452373504638672,1.6504805088043213
HMDB0002068,563,103,100,0.9262046601973584,0.8271165311226699,1.3710548877716064,1.7343003749847412
HMDB0002088,451,88,85,0.9371640619359984,0.9183580811065447,0.8436312079429626,0.9487389326095581
HMDB0002100,822,159,156,0.9530988565532807,0.9180885063566184,1.0095746517181396,1.1747831106185913
HMDB0002121,536,103,97,0.7990643940644406,0.7580203154375178,2.0324161052703857,2.226849317550659
HMDB0002123,681,138,140,0.9448104949418109,0.9238845280039533,1.0037438869476318,1.3692432641983032
HMDB0002183,768,158,149,0.94893687761592,0.8804887461075976,1.1744863986968994,1.5122181177139282
HMDB0002226,696,139,124,0.912070509275074,0.824603837805383,1.4896756410598755,1.9216994047164917
HMDB0002231,563,103,100,0.92518141471272,0.8354822437089909,1.0089960098266602,1.5088282823562622
HMDB0002259,606,117,118,0.9258154001441509,0.8356954757942112,0.8060041666030884,1.2005155086517334
HMDB0002261,525,104,104,0.947634973929687,0.9038841864167969,0.9057166576385498,1.4131510257720947
HMDB0002271,693,140,140,0.956432382104542,0.9245918057745858,1.4139423370361328,1.5237640142440796
HMDB0002320,430,83,84,0.8759490498680744,0.7025945782972506,1.2205924987792969,1.5455766916275024
HMDB0002329,606,117,118,0.9324482557978436,0.8304140727533269,1.4451096057891846,1.8897298574447632
HMDB0002364,563,103,100,0.9136288060946544,0.7931428448623968,1.5246479511260986,2.055065393447876
HMDB0002368,434,84,84,0.9247893747541963,0.8098566130082407,1.445045828819275,2.0457966327667236
HMDB0002392,563,103,100,0.8789807311235768,0.7846516854063462,1.6324149370193481,1.9038141965866089
HMDB0002925,634,124,111,0.911122126112484,0.8102224309314842,1.4650849103927612,1.7295962572097778
HMDB0003229,634,124,111,0.910994779864143,0.8215896644655506,1.4737998247146606,1.7046775817871094
HMDB0003282,434,84,84,0.8731199798704801,0.756702068505958,1.5044984817504883,1.8236933946609497
HMDB0003333,434,84,84,0.8956714634665826,0.8010097134230454,1.2689040899276733,1.793186902999878
HMDB0004072,563,103,100,0.8427532217072685,0.6992052373962707,2.0208547115325928,2.409548044204712
HMDB0004160,731,139,136,0.9073898061396971,0.8705823319806957,2.3073413372039795,2.795003890991211
HMDB0004400,601,117,120,0.9307704853642638,0.8921508008565492,1.2463308572769165,1.645666480064392
HMDB0004610,731,139,136,0.9566849660228316,0.9109906435539601,1.486713171005249,1.5878108739852905
HMDB0004620,822,159,156,0.963510590458884,0.9280628835285255,1.0369454622268677,1.1693392992019653
HMDB0004704,731,139,136,0.9598919543925444,0.9129534511761394,1.0724116563796997,1.2528109550476074
HMDB0004705,731,139,136,0.9648040085319872,0.924227308871112,1.0101970434188843,1.2102488279342651
HMDB0005066,508,102,89,0.8930070656570133,0.7699806361630968,1.90908682346344,2.045318365097046
HMDB0006469,556,114,94,0.9098442802610958,0.7760982180824716,1.8510314226150513,2.021196126937866
HMDB0010325,620,130,129,0.9307715089343916,0.8458185471081494,1.5782121419906616,2.115034818649292
HMDB0011564,197,47,51,0.855089649641953,0.8975166036686323,1.1355373859405518,0.9088349938392639
HMDB0011718,926,187,174,0.9599786969197391,0.9213306277348253,1.2634433507919312,1.4315204620361328
HMDB0012252,731,139,136,0.9453587533085414,0.9179401477392718,1.391734004020691,1.5573785305023193
HMDB0013078,413,89,89,0.8835367994460743,0.8863741157157675,0.6327683925628662,0.6918155550956726
HMDB0013287,424,83,83,0.8869624422090305,0.7514924490839415,1.1981195211410522,1.6161038875579834
HMDB0029377,693,140,140,0.9497330651902554,0.9279061025461373,1.3608886003494263,1.4569315910339355
HMDB0029723,560,101,98,0.7185434977326339,0.6451422520488043,1.9012095928192139,2.569338798522949
HMDB0031057,731,139,136,0.9504831527082925,0.929527524913584,1.3103833198547363,1.5515263080596924
HMDB0032102,154,33,33,0.32715637378446116,0.5204055024983076,1.5462828874588013,1.1232750415802002
HMDB0032538,154,33,33,0.5422592708942884,0.30706271484194053,0.8578357696533203,0.7746006846427917
HMDB0033585,281,55,64,0.7450616729847686,0.759487682950068,3.305424690246582,2.9942798614501953
HMDB0035665,412,76,81,0.8551225685055098,0.7658760860857018,1.3963505029678345,1.6165986061096191
HMDB0037942,534,97,100,0.9242129962384896,0.8341637742041345,1.1999424695968628,1.4256799221038818
HMDB0038256,154,33,33,0.5188337927897066,0.47234684588652415,0.5358669757843018,0.5714865922927856
HMDB0059824,434,84,84,0.9024707115358458,0.7776729862208822,0.9771971702575684,1.2495099306106567
HMDB0059871,154,33,33,0.36983581992117964,-0.00707853880443999,0.9468526840209961,1.03534996509552
HMDB0061858,154,33,33,0.010964078324278178,0.029614839993143717,0.4931042492389679,0.4197175204753876
HMDB0094696,322,69,69,0.9218665740370989,0.8915449835042888,1.0204484462738037,0.9901437163352966
HMDB0000011,472,112,115,0.6976822382461989,0.6803957162554823,1.921744704246521,2.205544948577881
HMDB0000012,445,102,101,0.5782800965536321,0.6150274347834438,1.1095678806304932,1.0746062994003296
HMDB0000042,733,148,167,0.9690910624063824,0.9649996843902104,1.0133774280548096,0.9450380206108093
HMDB0000087,186,46,45,0.1789277747794944,0.4750081335879569,1.5269936323165894,1.3275495767593384
HMDB0000108,417,96,95,0.9567515695109795,0.9528166673043293,1.0855354070663452,1.0531505346298218
HMDB0000122,1114,226,249,0.959014963255496,0.9471702636027624,1.3041564226150513,1.2618845701217651
HMDB0000134,1041,226,229,0.9364508469518023,0.890206250044055,1.2550127506256104,1.3246830701828003
HMDB0000143,277,66,65,0.7871488674483602,0.8494920470077552,1.6062513589859009,1.516832709312439
HMDB0000149,320,80,83,0.8645945305909348,0.8157295604692238,1.6547924280166626,2.0001730918884277
HMDB0000164,216,53,52,0.5035243196839388,0.5618083040188099,1.4911220073699951,1.583303451538086
HMDB0000211,554,119,114,0.9380395092110253,0.9325663646470035,1.3965994119644165,1.4759743213653564
HMDB0000228,430,103,106,0.9442510189086901,0.8864221442450272,0.5624449849128723,0.8383254408836365
HMDB0000230,277,66,65,0.4472073937202833,0.5358849796015533,2.1023342609405518,2.374680995941162
HMDB0000283,320,80,83,0.7782819748240988,0.7151689287597663,2.0641727447509766,2.0815834999084473
HMDB0000407,634,133,132,0.9523612438029806,0.9198590888779578,1.3357762098312378,1.2943904399871826
HMDB0000646,670,134,153,0.4725615947434746,0.47644438004132716,0.9568976759910583,0.8399919271469116
HMDB0000755,354,82,81,0.7680045661370621,0.8552317152289991,0.9770093560218811,0.9461098313331604
HMDB0000825,186,46,45,-0.022922118756028946,0.2717658500946787,0.521243155002594,0.6970459222793579
HMDB0000863,417,96,95,0.8552666976034202,0.7889576822104223,0.8062146306037903,0.9079245328903198
HMDB0001844,445,102,101,0.789385903699919,0.6488990242209852,1.0695005655288696,1.0107994079589844
HMDB0001858,585,132,131,0.6704321967049705,0.418199956248517,1.2075766324996948,1.2072479724884033
HMDB0001859,686,136,132,0.9643238921252458,0.9462790190755316,0.849743664264679,1.1019201278686523
HMDB0001873,417,96,95,0.9658142954139671,0.9284756690128845,0.7566161155700684,0.8319810628890991
HMDB0001875,417,96,95,0.8743068194745692,0.8712154653466462,0.6995860934257507,0.702349841594696
HMDB0001881,277,66,65,0.7627493253686284,0.7702839543876931,0.9455581307411194,1.2848877906799316
HMDB0001882,229,60,63,0.8570395983760907,0.8437642708537483,1.2829625606536865,1.5671675205230713
HMDB0002094,186,46,45,0.15954979949240544,0.2709832859219698,0.9605076909065247,1.2886210680007935
HMDB0002098,186,46,45,,0.33530237875523344,0.4408188760280609,0.9398462772369385
HMDB0003243,387,89,88,0.6852346777616508,0.7117282232307266,1.2074964046478271,1.3708683252334595
HMDB0003646,387,89,88,0.6456880673321481,0.6506300105060838,1.0105499029159546,0.9632031917572021
HMDB0006569,186,46,45,,0.3575280648711236,0.5841845273971558,0.9836835861206055
HMDB0006576,186,46,45,0.1573784335927747,0.3302175325483013,0.7849515676498413,1.1462583541870117
HMDB0006587,186,46,45,,0.33707489409466623,0.4793646037578583,0.8695230484008789
HMDB0006705,186,46,45,,0.23861818016132008,0.4537486732006073,0.7241477370262146
HMDB0304356,216,53,52,0.6849730728269364,0.5668268762633529,1.1490510702133179,1.648110032081604
HMDB0000063,398,69,64,0.8343114448143504,0.7741713612444521,0.7583535313606262,0.7129311561584473
HMDB0000192,394,90,91,0.860856587740276,0.863781154787484,1.719275712966919,1.429111361503601
HMDB0000206,908,176,174,0.9774460725105119,0.9424985240621092,0.9417930841445923,1.1138827800750732
HMDB0000212,307,63,66,0.4392830050661684,-0.1376110715520574,1.0932544469833374,1.1438528299331665
HMDB0000317,448,87,87,0.9709185386995245,0.9327561757084032,1.0550518035888672,1.2100791931152344
HMDB0000365,93,12,17,0.06999991197596887,0.20548977550439532,2.2017953395843506,1.9274897575378418
HMDB0000510,644,123,121,0.9807113452700044,0.9665935749707018,0.7815066576004028,1.0132927894592285
HMDB0000522,447,87,87,0.9714087279138479,0.9681474716261973,1.0634912252426147,0.8989832997322083
HMDB0000529,431,87,84,0.9664379428814498,0.9560614243048342,0.7698106169700623,0.8711647987365723
HMDB0000557,280,51,51,-0.16002573611889415,-0.13619230383843542,1.1143488883972168,1.7454545497894287
HMDB0000610,280,51,51,0.03757371695188442,0.23954375238400036,0.9753382205963135,0.9905310273170471
HMDB0000637,648,127,114,0.9573213893030167,0.956501237309126,1.2555395364761353,1.2214505672454834
HMDB0000651,149,31,17,0.11501786956051364,0.5833652436838397,3.17276668548584,1.9109642505645752
HMDB0000658,255,46,44,-0.16068360934239959,0.037921948913208436,1.6038602590560913,1.3211145401000977
HMDB0000666,570,108,121,0.8012411625266367,0.7512447593224405,1.0321502685546875,1.4395555257797241
HMDB0000670,272,49,51,0.2949874857011735,0.3700491563500812,0.9918160438537598,0.9054276943206787
HMDB0000679,516,102,106,0.9693245218175324,0.933701332835627,0.8147540092468262,1.159216284751892
HMDB0000688,193,36,30,0.19820962304003462,0.3632852379191365,2.8046300411224365,2.2126832008361816
HMDB0000703,498,90,87,0.9906482228166451,0.9357230448611249,0.472743958234787,0.8751770257949829
HMDB0000716,280,51,51,0.21685881635481977,0.47233155209328775,0.5847444534301758,0.6917296648025513
HMDB0000733,331,66,59,0.5960812720801663,0.3498746994961398,0.9771599173545837,0.8080251812934875
HMDB0000772,620,120,121,0.963078707554274,0.9411950980253971,0.8673372864723206,0.9710828065872192
HMDB0000786,406,70,67,0.6989069805232972,0.7770548668305509,0.8953239321708679,0.7543748021125793
HMDB0000791,45,13,3,0.41040360999133896,0.7317777507542017,2.120229482650757,1.9466114044189453
HMDB0000801,409,70,67,0.2341240153283572,0.2403817239810443,0.8075558543205261,0.9016143083572388
HMDB0000824,252,48,47,0.21704359088293795,0.3156187530749475,1.535347580909729,1.4367153644561768
HMDB0000848,278,51,51,0.2901905449133052,0.20046990071518628,0.6788517236709595,1.1537890434265137
HMDB0000874,280,51,51,0.2159645148189097,0.4047113997066678,1.1791281700134277,1.4008145332336426
HMDB0000884,280,51,51,-0.12932817554338516,-0.014471136555333983,0.7635655403137207,0.7776790857315063
HMDB0000885,279,51,51,0.06567214811570049,0.01275065661258316,0.9185764789581299,1.1131024360656738
HMDB0000918,280,51,51,-0.0479363437945247,0.24178506678459327,0.863814651966095,0.8626028299331665
HMDB0000932,266,50,48,0.39199918622398455,0.3981827613217908,2.159923791885376,2.393394708633423
HMDB0001008,536,107,107,0.9745981294317658,0.9374431222235237,1.0745527744293213,1.357789397239685
HMDB0001046,364,65,56,0.48902033761788927,0.548982009113787,1.3779025077819824,1.8515665531158447
HMDB0001169,276,50,50,-0.1855957355466762,0.2696774298056635,0.8714091777801514,0.6352514624595642
HMDB0001348,278,51,51,-0.07250675173529428,0.4253356100542942,1.325950264930725,1.1117380857467651
HMDB0001370,389,81,74,0.9776165500523336,0.9452651886264996,0.9975407123565674,1.2048094272613525
HMDB0001390,253,48,51,0.07638727431377915,0.29955898453691054,1.0372611284255981,1.0255721807479858
HMDB0001518,368,66,60,0.4161076675600669,0.7870335142211263,1.0235565900802612,1.0496073961257935
HMDB0001547,273,48,48,0.2584596054870462,0.4998424996269656,2.4212124347686768,1.540077805519104
HMDB0001563,245,47,47,-0.08874850876913869,-0.16076938802922805,1.3011428117752075,0.9777242541313171
HMDB0001889,361,48,61,0.23514746452655944,0.33807030794047865,2.077350378036499,1.7322490215301514
HMDB0001906,279,51,51,0.39119403633267424,0.26735305549922583,1.0339850187301636,0.8862161636352539
HMDB0001928,6,0,6,,0.0542365651470527,,5.356502532958984
HMDB0001933,1,2,1,,,,
HMDB0001954,371,71,71,0.9847925139814623,0.9581724249790459,0.5628359317779541,0.7524996995925903
HMDB0001991,254,49,41,0.2496131489232682,0.09476717632427689,0.6024844646453857,0.9749563336372375
HMDB0002000,429,82,68,0.6937120895929505,0.26316001859984955,0.856781542301178,1.1024301052093506
HMDB0002013,139,28,19,0.08227814720614895,0.5867131300131475,2.035078287124634,1.0696992874145508
HMDB0002014,221,44,29,0.3666393337498802,0.6215887419493692,2.1469805240631104,1.6529617309570312
HMDB0002203,655,126,123,0.9816490643595369,0.965861696188365,0.7234508395195007,0.8155730366706848
HMDB0002212,620,120,121,0.964904210895373,0.9450034830336043,0.9696979522705078,1.121767520904541
HMDB0002250,213,45,25,0.3239810263151133,0.16800091593962094,2.2430691719055176,2.3887553215026855
HMDB0002302,924,182,176,0.9646000074665014,0.9358662202920218,1.0545196533203125,1.2269811630249023
HMDB0002815,371,71,71,0.9769871562106455,0.92212527562216,1.1337385177612305,1.8866441249847412
HMDB0002820,280,51,51,0.24262763573824292,0.1408939362048206,1.51487398147583,1.1021008491516113
HMDB0003269,86,20,15,-0.24066778180262907,0.42055574490937303,0.5536277890205383,0.35925954580307007
HMDB0003339,280,51,51,0.0028336919973044696,-0.19770227899689738,0.6059732437133789,0.7220911979675293
HMDB0003349,102,12,27,0.41529645323586645,0.36836412617020164,1.3915473222732544,2.0016188621520996
HMDB0003431,497,98,96,0.976665438248327,0.9213478838829389,1.185038685798645,1.4762468338012695
HMDB0004030,272,51,51,0.010079567597850827,0.011159418441642388,0.6401668787002563,0.7698825001716614
HMDB0004193,280,51,51,0.20740211705308256,0.20595095264889943,1.0542778968811035,0.7867900133132935
HMDB0004326,280,51,51,0.2744203645582584,0.08318795894338804,0.7598353624343872,0.8705283999443054
HMDB0004824,244,42,51,0.23515180703542543,0.3386831738227756,1.7801034450531006,1.2780991792678833
HMDB0004949,280,51,51,-0.032222061615029475,0.209410266969996,0.7791163921356201,0.9650056958198547
HMDB0004952,279,51,51,0.027285720027620655,0.42493010763798994,0.982276439666748,1.3464901447296143
HMDB0004953,279,51,51,-0.03108929200524302,0.3832607672737277,1.1308172941207886,1.243199110031128
HMDB0004956,280,51,51,-0.00976986533077131,0.3887482587847957,0.9880257248878479,1.187127709388733
HMDB0005015,277,51,51,0.23396642573352114,-0.1925248382337698,0.5469741821289062,1.5473865270614624
HMDB0005032,139,10,23,-0.07666156576663781,-0.0873452557762792,1.6688289642333984,2.014657974243164
HMDB0005060,409,70,67,0.7100959055313919,0.5896410221150824,0.6298953890800476,0.7574905753135681
HMDB0005065,271,51,50,0.44903755797398165,0.5038886655614846,1.178059697151184,1.2232732772827148
HMDB0005356,278,51,49,-0.08768211502040495,-0.028397230850727633,1.4025274515151978,1.3028490543365479
HMDB0005357,279,51,49,-0.002033728250118797,-0.04479879320313696,1.087529182434082,1.2343335151672363
HMDB0005359,243,48,49,0.08134487819900382,0.21716907755867426,1.6608270406723022,1.8100358247756958
HMDB0005360,280,51,51,0.15476529593986355,0.3796427694225824,0.8843069672584534,0.7539017796516418
HMDB0005362,224,44,43,0.019678550713012118,0.39167048139666016,1.7339688539505005,1.7890903949737549
HMDB0005363,280,51,51,0.23859334071815955,0.2521005682017385,0.9769604206085205,0.9693832397460938
HMDB0005365,280,51,51,0.1233832042234271,0.1726243612611817,1.4212613105773926,1.4354650974273682
HMDB0005367,280,51,51,0.11354620850215327,0.3488065154330333,1.5008684396743774,1.6667381525039673
HMDB0005369,280,51,51,0.1897186003511215,0.3261186320517907,1.6552735567092896,1.8278805017471313
HMDB0005370,280,51,51,0.20808489973594993,0.31368054247761945,1.6826651096343994,1.8179789781570435
HMDB0005376,245,48,45,0.049203103348856206,0.2173144840647948,1.938410758972168,2.0955841541290283
HMDB0005377,280,51,51,0.07276210517598927,0.3210296869120611,1.6579596996307373,1.6634384393692017
HMDB0005380,270,49,50,0.13417237292562909,0.3157891219757827,2.186555862426758,2.2005553245544434
HMDB0005384,280,51,51,0.17435776461032987,0.3090401309221874,1.6927337646484375,1.7552155256271362
HMDB0005385,280,51,51,0.20382892616607856,0.29348080467824283,1.7771079540252686,1.8595538139343262
HMDB0005391,280,51,51,0.16386679983511224,0.27481115683216956,1.9332163333892822,1.9693232774734497
HMDB0005395,280,51,51,0.09934649116549955,0.33929329891543014,1.2157381772994995,1.4329981803894043
HMDB0005396,280,51,51,0.10846942228870453,0.15938038371984226,1.3545608520507812,1.8543447256088257
HMDB0005398,280,51,51,0.05609321946525514,0.35573408347867713,1.227369785308838,1.2136458158493042
HMDB0005403,280,51,51,0.2092928332725719,0.2953277244055075,1.8678171634674072,2.184966564178467
HMDB0005404,280,51,51,0.09412834933217014,0.23013336208134574,0.7712528705596924,1.0048470497131348
HMDB0005405,280,51,51,0.22276462286791424,0.3054512552035409,1.6799757480621338,1.9438081979751587
HMDB0005410,280,51,51,0.11742611855673045,0.305908018867757,1.3062442541122437,1.508283019065857
HMDB0005432,219,42,37,-0.07615884403478022,0.3547271670144848,2.2643520832061768,1.9549626111984253
HMDB0005433,270,50,51,0.049349375465072724,0.35013191031084595,1.866664171218872,1.9503685235977173
HMDB0005435,239,44,45,0.06965134124051763,0.3591143506159984,2.0560410022735596,2.1446166038513184
HMDB0005436,227,46,42,0.03317273439275202,0.2244941510560687,3.102748394012451,2.8736190795898438
HMDB0005456,280,51,49,0.028934895138711877,0.20578467635560369,1.6873308420181274,1.3145009279251099
HMDB0005462,225,42,35,-0.3230368740754285,0.2265359092466077,2.319364547729492,1.6204086542129517
HMDB0005476,123,33,24,-0.13990808839290128,0.012953602550520166,2.653491973876953,2.6648569107055664
HMDB0006023,265,47,47,0.2575519796152801,0.09825652850077983,0.5909595489501953,0.5824581980705261
HMDB0006029,637,120,121,0.9805168907442587,0.9497827801695646,0.8774169683456421,1.0534454584121704
HMDB0006219,204,36,37,0.29298438628823575,-0.24627549731258166,0.9549164175987244,1.1125797033309937
HMDB0006344,257,47,48,0.14632060121377713,0.3911861799604241,1.8497925996780396,1.6140084266662598
HMDB0006460,444,86,84,0.9690479565582315,0.955233515907764,1.1464223861694336,1.275800108909607
HMDB0006725,217,38,35,0.16222116936604225,0.005250469429173312,1.2688850164413452,1.8743951320648193
HMDB0006726,279,51,51,-0.01724325825976373,0.1428451898009179,1.2680301666259766,1.2818762063980103
HMDB0006729,257,47,44,0.19398103330842606,0.05870432776518794,1.257778286933899,1.5580066442489624
HMDB0006731,253,43,48,-0.112734337948196,0.1020890830511843,1.5402206182479858,1.5024055242538452
HMDB0006733,270,47,48,-0.0193459773614841,0.015338404510203872,1.487418293952942,1.811227798461914
HMDB0006736,280,51,51,0.04421547048759814,0.13530718914489143,0.8559306859970093,0.8808585405349731
HMDB0007011,273,50,51,-0.11270514077428256,-0.07850507598901764,1.8034237623214722,1.4707770347595215
HMDB0007098,280,51,51,-0.24928042740230544,-0.014365328350216498,1.366407036781311,1.2593326568603516
HMDB0007099,277,49,51,-0.09212423817952504,0.2733548496699756,1.5703155994415283,1.6383577585220337
HMDB0007100,280,51,51,-0.05873867429021835,0.0611915155086102,0.8419396877288818,1.0130871534347534
HMDB0007102,280,51,51,0.10632304612496085,0.2066985898410857,1.4617681503295898,1.52000093460083
HMDB0007103,280,51,51,0.1350766124288696,0.19704759473819958,1.5412685871124268,1.5642472505569458
HMDB0007128,276,49,51,-0.09749315368856024,0.1062339634885681,2.700408697128296,2.617612600326538
HMDB0007132,279,51,51,0.05104792595372597,0.1810120188730414,1.6954903602600098,1.8983227014541626
HMDB0007158,280,51,51,-0.10346475267190128,-0.018244374971849178,0.5924690961837769,0.7329913973808289
HMDB0007199,268,46,50,-0.16475593135482705,0.1372054002534884,1.577378273010254,2.0423312187194824
HMDB0007216,280,51,51,0.11904370321986435,0.15204514097036134,1.3554621934890747,1.5893409252166748
HMDB0007218,280,51,51,0.19909503713569468,0.288477981797129,1.4095290899276733,1.47640061378479
HMDB0007219,280,51,51,0.18406586136836203,0.2408565394472552,1.469215989112854,1.4443143606185913
HMDB0007248,280,51,51,0.18522235906214132,0.16454615977374398,1.5653177499771118,1.558670163154602
HMDB0007869,278,51,51,-0.06837487175898518,0.35653404831106145,1.6663769483566284,1.108650803565979
HMDB0007871,279,51,51,0.04303838689189442,0.1884093925257954,1.4159369468688965,1.5533517599105835
HMDB0007873,248,46,39,0.11642804996149721,0.18251353952942123,2.5035312175750732,2.432417869567871
HMDB0007970,270,49,49,-0.14174680667371953,0.17677087662186133,1.3924543857574463,2.0204501152038574
HMDB0007972,447,87,87,0.9700017029820261,0.9364758384178863,0.9939517378807068,1.3420237302780151
HMDB0007973,445,86,87,0.9503505837718443,0.9245579537314507,1.1874053478240967,1.3729937076568604
HMDB0007983,259,51,50,-0.0125386875072908,0.28424290838867466,1.0100935697555542,1.4785269498825073
HMDB0007991,126,13,15,0.13269282926984685,0.283487040713879,1.3610115051269531,2.538774013519287
HMDB0008006,216,44,36,0.25132551025600686,0.17052340571014424,1.2398780584335327,1.54062020778656
HMDB0008038,448,87,87,0.9689384418972867,0.923617725321631,0.9184801578521729,1.3071320056915283
HMDB0008039,280,51,51,0.2127696222113146,0.13878664792117956,1.4465978145599365,1.6700551509857178
HMDB0008047,107,13,10,-0.030429899409544048,0.32760316034142045,1.75717294216156,2.490227222442627
HMDB0008048,182,36,18,-0.01418324509135083,0.14937519648852637,1.255906581878662,2.190384864807129
HMDB0008105,448,86,87,0.9583058109776057,0.9269520682260084,1.1357797384262085,1.3316733837127686
HMDB0008138,386,73,77,0.9396733071608855,0.9120865846186068,1.1608797311782837,1.2392525672912598
HMDB0008270,222,41,38,0.003947916333583192,0.06967518722816676,2.1798763275146484,2.4866795539855957
HMDB0008923,277,51,51,0.07103316836644713,0.23379580510835407,0.9872822761535645,0.877865195274353
HMDB0008925,267,48,50,0.035107388263823563,-0.25215573326305324,1.4744065999984741,1.4481250047683716
HMDB0010169,448,87,87,0.9750246696004973,0.9507278095016471,1.278648018836975,1.2305203676223755
HMDB0010368,280,51,51,0.07326434593202792,0.059818746034932396,0.6617143154144287,0.6540676355361938
HMDB0010370,277,51,51,-0.04851149687936388,0.08374213000937444,1.2326465845108032,1.1816309690475464
HMDB0010375,246,43,43,0.0862620152508424,0.22414855679027457,1.510575771331787,1.6945234537124634
HMDB0010379,280,51,51,0.2286426215458709,0.12549800250982865,0.8224889039993286,1.0510722398757935
HMDB0010382,448,87,87,0.9775487893799142,0.9487720841074111,1.2220232486724854,1.4568214416503906
HMDB0010383,280,51,51,0.3366103614235212,0.13868645030006305,1.0307559967041016,1.0116922855377197
HMDB0010384,448,87,87,0.9751577935652257,0.9510383849734617,1.174881100654602,1.3233866691589355
HMDB0010386,280,51,51,0.1900333131840484,0.18072287383512745,1.1330689191818237,1.3645683526992798
HMDB0010387,260,46,47,0.2512397954137767,0.19998424262973208,1.2200939655303955,1.1467838287353516
HMDB0010391,234,40,43,0.1533600507548567,0.28947922881734617,1.3477566242218018,1.4337466955184937
HMDB0010393,280,51,51,0.044928939051046,0.08824193901729711,0.8988451957702637,1.0574123859405518
HMDB0010395,204,34,34,0.18045694305104765,0.23620539419746509,1.5778684616088867,1.5502097606658936
HMDB0010397,279,51,51,0.0018931105584246491,0.18876075824819655,1.1046711206436157,1.3855096101760864
HMDB0010404,130,16,17,-0.0294944440303785,0.13214462573252095,2.322134494781494,1.8992493152618408
HMDB0010407,276,50,51,0.17477283982309016,0.22157403902622572,1.0027714967727661,1.0287355184555054
HMDB0010411,276,49,50,-0.03455128653111916,0.10487956468601499,1.3335574865341187,1.3617503643035889
HMDB0010412,214,42,43,0.09765099843790627,0.2479187901866655,1.8288012742996216,2.2120039463043213
HMDB0010419,190,36,47,0.266125914494836,0.10207645285169697,1.9847265481948853,1.9088256359100342
HMDB0010471,150,25,30,-0.3355419895026026,0.366804610931276,3.3655130863189697,2.8110077381134033
HMDB0010517,89,21,17,0.09949675183515373,0.11553188209349537,3.154871940612793,3.0338828563690186
HMDB0011130,448,87,87,0.975529278446344,0.9467459209435423,1.127555251121521,1.4071823358535767
HMDB0011131,323,65,69,0.8963355671736173,0.9155322148239049,0.7446443438529968,0.708899736404419
HMDB0011208,274,51,51,-0.22048484018267192,0.2891931970515866,1.6294026374816895,0.8973042368888855
HMDB0011210,256,42,47,0.111404093114722,0.11879885933914866,1.4223400354385376,1.3511991500854492
HMDB0011212,269,48,48,-0.13966801604645254,0.0953280686836776,1.698304533958435,1.9030241966247559
HMDB0011220,241,42,45,-0.011859585519378693,0.22879759708922975,2.0578501224517822,1.5239322185516357
HMDB0011241,236,45,39,-0.23733202174673212,0.5570133378450346,1.6469550132751465,1.337050199508667
HMDB0011243,238,41,48,-0.11100487505430935,0.15079502510587298,1.855394721031189,1.6501598358154297
HMDB0011252,168,31,23,-0.03352347994713508,0.1797841461496236,2.2770283222198486,2.1201019287109375
HMDB0011310,254,39,42,-0.2188038406905847,0.4120834294740709,2.300044536590576,1.368065595626831
HMDB0011503,448,87,87,0.9752841961837492,0.9612171343447418,1.2732744216918945,1.3344972133636475
HMDB0011504,264,49,51,-0.14014455633585204,0.5582156249538408,1.2968369722366333,1.2386034727096558
HMDB0011506,448,87,87,0.9788154294954259,0.9622922493642958,0.9174558520317078,1.2037853002548218
HMDB0011507,445,87,87,0.9614727864662048,0.9361851051877107,1.1770133972167969,1.3105639219284058
HMDB0011511,280,51,51,-0.052947159787116865,0.3210526858870288,0.3459067940711975,0.34513193368911743
HMDB0011517,143,25,22,0.1364942457190847,-0.10834319866768742,1.0175220966339111,1.9079097509384155
HMDB0011520,240,43,45,0.11143291151013995,0.16632025537183628,1.5572400093078613,1.4489191770553589
HMDB0011526,277,51,51,-0.1442505268451101,-0.11075586457089721,1.0002729892730713,1.1739630699157715
HMDB0011565,280,51,51,0.17047863680294223,0.3123546477415324,0.6904460787773132,0.8401926159858704
HMDB0011582,255,42,48,-0.1884559256597209,0.12533393262949813,1.425108790397644,1.507832646369934
HMDB0011621,200,31,44,-0.15698145499089988,-0.030892849760335843,1.903640627861023,1.6796985864639282
HMDB0011697,268,51,51,0.05883694371090365,0.4619459241956825,1.2945045232772827,1.123708724975586
HMDB0011701,244,46,44,0.09710395213577715,0.3492275122022262,1.7364230155944824,1.5614603757858276
HMDB0012097,154,36,18,-0.08865855678147096,0.473095830524842,1.5869017839431763,1.4603686332702637
HMDB0012101,253,48,48,-0.11035022563671604,0.2540769796831785,1.484946608543396,1.4626086950302124
HMDB0012102,250,48,47,0.01116009862454604,0.23186733686091604,1.628735899925232,1.6570568084716797
HMDB0012103,274,51,51,0.049410900811575335,0.37849462178460624,1.4905989170074463,1.246711254119873
HMDB0012104,270,48,49,-0.06237325743135708,0.347645823542666,1.375573754310608,1.552302360534668
HMDB0012107,270,49,51,-0.09702666514647137,0.4959969175773496,1.5855896472930908,1.3104482889175415
HMDB0013122,253,44,43,0.07748200847540351,0.20273459565364577,1.5724759101867676,1.4005579948425293
HMDB0013133,242,40,44,0.24170709233872523,0.17940576629147215,2.4978697299957275,2.3520987033843994
HMDB0013222,313,63,51,0.9410348822460738,0.9505309453215228,1.4028829336166382,1.4263324737548828
HMDB0013288,149,28,20,0.14967022495118543,0.20719861544325813,3.1995718479156494,2.351949453353882
HMDB0013325,224,42,41,0.2637339003062716,0.45840982772452415,2.777313470840454,2.2319161891937256
HMDB0013326,133,30,17,0.03530163283354381,0.5258685966592228,3.211221218109131,2.0590035915374756
HMDB0013331,164,33,19,0.14055548992234235,0.6904446473113411,2.8096041679382324,1.3402951955795288
HMDB0013337,152,33,16,0.15251845929512944,0.4311429539266191,1.028398036956787,1.0477123260498047
HMDB0013339,200,43,23,0.19277382426178682,0.4567979128657614,1.3298170566558838,1.2290961742401123
HMDB0013622,577,106,103,0.9720735912476972,0.9669847454245474,0.7926003932952881,0.9286767244338989
HMDB0013716,437,84,85,0.9691558049050988,0.9391257151482014,0.8246175050735474,1.1012920141220093
HMDB0013733,409,70,67,0.9411249554173085,0.9256906611745539,0.45179736614227295,0.523253858089447
HMDB0014420,278,51,51,0.12885993203999446,0.12620733498249895,1.2219598293304443,1.0008251667022705
HMDB0014611,173,25,31,-0.17294527784043662,-0.10080246780708081,2.3602678775787354,2.2252683639526367
HMDB0015028,4,1,2,,,,
HMDB0015052,264,49,50,0.24135039303561265,0.4370209939722816,1.0425134897232056,1.4013893604278564
HMDB0015070,242,46,42,0.30264884656272506,0.37882280409316477,1.9490137100219727,1.8016221523284912
HMDB0015371,243,47,42,-0.056034380886487524,-0.10506404152836625,1.1395370960235596,1.3522253036499023
HMDB0029416,474,89,78,0.7201075606466845,0.5814514988079138,0.9551160335540771,0.9790350198745728
HMDB0029757,335,61,61,0.7753316510951068,0.6027679222047221,1.4584028720855713,1.8922542333602905
HMDB0030180,223,33,40,0.28584109809094654,0.4271046397540964,2.322421073913574,1.798059105873108
HMDB0031106,246,42,42,-0.07984218070133108,-0.09162161266481976,1.8084543943405151,2.343249797821045
HMDB0037397,577,106,103,0.9628969984971163,0.9487562940367844,0.8395224809646606,0.9041457772254944
HMDB0042063,260,46,46,0.033653079903495066,0.08667923566371265,2.0050816535949707,2.4092774391174316
HMDB0042093,260,45,45,-0.1935688020422015,0.12189485705200201,1.0096434354782104,1.1495498418807983
HMDB0042104,197,37,33,-0.1781036312126178,0.23783016308954946,2.6128623485565186,3.176774740219116
HMDB0042226,218,40,37,-0.000989521452261703,0.17691741848670847,1.7385854721069336,2.333904266357422
HMDB0042466,222,45,38,0.188373043442637,0.29637134210660976,2.1048295497894287,2.7263875007629395
HMDB0043058,280,51,51,0.16469816157736342,0.3237254032624314,1.2716069221496582,1.413641095161438
HMDB0060038,409,70,67,0.6620276650925129,0.5950866732192059,0.7657763361930847,0.9262866377830505
HMDB0000053,62,15,13,0.7119813473010683,0.4272020574898251,0.7219159007072449,0.7745867967605591
HMDB0000151,62,15,13,0.51952360375281,0.15284577560133253,1.1820712089538574,1.1477570533752441
HMDB0000476,62,15,13,0.460982175703764,0.6716126667922554,0.8109766244888306,0.6929875612258911
HMDB0001898,62,15,13,0.42341019524753437,0.12977560819399128,1.808546781539917,1.75095534324646
HMDB0002284,62,15,13,0.6895045495197224,0.22257929124549808,0.9651349782943726,1.703359842300415
HMDB0002421,62,15,13,0.754428179162287,0.8093144924953918,1.2506376504898071,0.9882484078407288
HMDB0002504,62,15,13,0.44457472641651585,0.7918434188910561,1.3178565502166748,0.8422626256942749
HMDB0002522,62,15,13,0.7456358323821188,0.4928850766810543,1.543653964996338,2.0939207077026367
HMDB0003422,62,15,13,0.5809928811184303,0.9007554826472894,1.2715222835540771,0.8902313709259033
HMDB0010338,62,15,13,-0.026787782836235226,0.025051254302445525,1.4808592796325684,1.8839244842529297
HMDB0010730,62,15,13,0.5156625791537224,-0.025966526303261545,0.5537087321281433,0.35652458667755127
HMDB0011170,321,71,69,0.6003962890266495,0.7101315974718952,0.5092257261276245,0.4137027859687805
HMDB0014389,62,15,13,-0.01728215739175555,0.20503751067943593,0.894027590751648,1.834127426147461
HMDB0029050,62,15,13,0.4290771191715107,0.29087532821807727,1.0371345281600952,0.504070520401001
HMDB0240259,62,15,13,0.43433892314347067,0.549245553215276,2.408743143081665,1.5566202402114868
HMDB0000532,289,63,63,0.31103851376293457,0.4295613964250557,0.18965724110603333,0.1614449918270111
HMDB0002055,30,7,7,-0.0042226427289480195,0.8290205826665866,0.09671015292406082,0.08672194182872772
HMDB0000114,168,36,36,0.4526951428779596,0.01150812738545309,0.1348242312669754,0.15143893659114838
HMDB0000163,211,50,54,0.948730922743446,0.9545677402154121,0.7661923766136169,0.8790074586868286
HMDB0000169,302,70,74,0.9507781142774825,0.9157665428114687,0.6903626918792725,0.8190079927444458
HMDB0000176,211,50,54,0.9644769268675094,0.962625105140259,0.4925585985183716,0.4668988585472107
HMDB0000227,297,55,52,0.9692980397424606,0.9857209608901201,1.1406359672546387,0.7478751540184021
HMDB0000308,168,36,36,-0.0252072742190466,0.2809893096980976,0.12129688262939453,0.1390836536884308
HMDB0000357,239,57,47,0.9625777816080388,0.9787763578997764,1.0207327604293823,0.6721245050430298
HMDB0000375,168,36,36,0.48072746675010236,0.4553512657568373,0.2795373201370239,0.29248878359794617
HMDB0000387,168,36,36,0.0057017243947675485,0.409649075330695,0.11831251531839371,0.11463150382041931
HMDB0000446,259,56,56,0.011733452765139468,0.18172848589299262,0.12604889273643494,0.11953061074018478
HMDB0000451,168,36,36,-0.07129576275377571,0.08925896296216138,0.0889127179980278,0.07793198525905609
HMDB0000453,259,56,56,0.344523927104187,0.36224350047444936,0.2461071014404297,0.27944356203079224
HMDB0000489,168,36,36,0.3238262461720327,0.2638537647935141,0.13651852309703827,0.09751728922128677
HMDB0000491,259,56,56,0.23741796096928217,0.046667646348694865,0.19163073599338531,0.20965994894504547
HMDB0000564,168,36,36,0.4407884155725808,0.47635012615347616,0.11411918699741364,0.16710114479064941
HMDB0000577,211,50,54,0.9713891769510183,0.9696697915572348,0.6078318953514099,0.5117557048797607
HMDB0000594,259,56,56,0.17772532508613606,0.029723594796602464,0.17191770672798157,0.1755145639181137
HMDB0000622,168,36,36,0.21906238843499187,-0.16211726340265553,0.09509436041116714,0.09469105303287506
HMDB0000624,259,56,56,0.26111147293203946,0.2987374336386433,0.2252504825592041,0.26772359013557434
HMDB0000660,302,70,74,0.9537299221259232,0.9266323462588201,0.5206207036972046,0.636850118637085
HMDB0000678,259,56,56,0.06359753377174683,-0.11146308339758,0.10722678154706955,0.12448374181985855
HMDB0000686,168,36,36,0.48204789903302286,0.5162900675474205,0.216299906373024,0.20137259364128113
HMDB0000689,259,56,56,0.23228879127505916,0.10878109142484298,0.24865518510341644,0.24738921225070953
HMDB0000717,388,75,72,0.9675802822437144,0.9857276450336833,1.0215438604354858,0.6773179769515991
HMDB0000754,259,56,56,0.31955535605123075,0.2741696183748115,0.08813808858394623,0.11134868860244751
HMDB0000760,168,36,36,0.3357538225478966,0.44586629764803615,0.15176264941692352,0.1452178657054901
HMDB0000782,168,36,36,0.610299183212014,0.40198831293743936,0.1075114905834198,0.11496448516845703
HMDB0000854,168,36,36,-0.07028004184913395,0.04307901119932952,0.1752806007862091,0.19688934087753296
HMDB0000855,168,36,36,0.3983759187109797,0.13841119114291453,0.08270791918039322,0.09063317626714706
HMDB0000856,168,36,36,0.06195530570150425,0.1857363903025641,0.09833090007305145,0.10595914721488953
HMDB0000917,168,36,36,0.5208534659338331,0.5453108414283918,0.2849915623664856,0.25427860021591187
HMDB0000946,555,111,119,0.9334578580204654,0.9596119396866349,1.4209808111190796,1.0828839540481567
HMDB0001251,259,56,56,0.18415325569857233,0.0011830291747357937,0.12942111492156982,0.13414911925792694
HMDB0001353,168,36,36,0.13648232301918647,0.14512445689905532,0.14380411803722382,0.15385164320468903
HMDB0001429,259,56,56,0.0008870906439908698,0.21520288926554004,0.2271548956632614,0.2964937090873718
HMDB0001480,168,36,36,0.21711850442523778,0.3187056887986442,0.18578334152698517,0.17256692051887512
HMDB0001857,168,36,36,0.19181156336883723,-0.3685227090447807,0.10022090375423431,0.12268112599849701
HMDB0001890,168,36,36,0.2204741707036568,0.20470871019804104,0.08491793274879456,0.08404377102851868
HMDB0001893,302,70,74,0.9487902970829701,0.9560219374791029,0.8770961165428162,0.7873873114585876
HMDB0002001,168,36,36,0.31158340339484875,0.16494406515008603,0.058927103877067566,0.06920625269412994
HMDB0002032,168,36,36,-0.024870180910222122,0.02796006212414425,0.16547788679599762,0.15330128371715546
HMDB0002201,168,36,36,-0.09610363131768491,0.03535457882625554,0.07777991145849228,0.07959935069084167
HMDB0002545,302,70,74,0.9680184375805727,0.9278877792336708,0.4665703773498535,0.8305947184562683
HMDB0002869,259,56,56,0.14973860115324614,0.29114838153073114,0.15491770207881927,0.17668019235134125
HMDB0002902,302,70,74,0.9611105858606837,0.9505502668244389,0.5337191224098206,0.5868031978607178
HMDB0002931,168,36,36,0.5290223984404783,-0.035904447515382035,0.14517782628536224,0.10417856276035309
HMDB0003148,168,36,36,0.1431515215961889,0.19348598851951632,0.09714234620332718,0.09711328148841858
HMDB0003219,168,36,36,0.1004357083147274,0.3222726620703639,0.08785547316074371,0.10403178632259369
HMDB0003236,168,36,36,-0.003258948249175513,0.3268731022206392,0.26853054761886597,0.2862981855869293
HMDB0003320,168,36,36,0.22808762604793065,0.024551263516356846,0.11399698257446289,0.0888066291809082
HMDB0003681,259,56,56,0.3671894670864907,0.4254868555791505,0.17142309248447418,0.19163258373737335
HMDB0003869,168,36,36,0.4340531232433729,0.3055028430551617,0.08877047896385193,0.08749938011169434
HMDB0004089,168,36,36,0.45684398940153303,0.04085522039264692,0.11455079913139343,0.10676366090774536
HMDB0004225,168,36,36,0.1469477003628983,-0.10147346674261748,0.16286706924438477,0.1584862917661667
HMDB0004284,302,70,74,0.9636041217302377,0.9267453272039913,0.5753559470176697,0.8578915596008301
HMDB0004989,168,36,36,0.2614934124740973,0.17076275060629414,0.17421911656856537,0.17246712744235992
HMDB0005199,168,36,36,0.09465587915390468,0.0061938424171480025,0.1316283941268921,0.15761812031269073
HMDB0006028,168,36,36,0.5493776784662822,0.419132560829024,0.14622530341148376,0.1340503990650177
HMDB0006101,259,56,56,0.20287345244651522,-0.10997369240868278,0.20415686070919037,0.2137589156627655
HMDB0006409,168,36,36,-0.14353530563976793,0.06541178133459669,0.19006754457950592,0.23148322105407715
HMDB0006750,168,36,36,0.4761874199359129,0.3342615845849755,0.2128254771232605,0.1867753267288208
HMDB0006809,259,56,56,0.31412475017630537,0.45860558516282907,0.2799636125564575,0.25587520003318787
HMDB0008928,168,36,36,0.13418011007783465,0.01591904277983202,0.146925151348114,0.1484510600566864
HMDB0010224,168,36,36,0.16382957451787827,0.04596656880708827,0.1524370163679123,0.20315395295619965
HMDB0011103,168,36,36,0.0849309464672253,0.3225625121193971,0.1328996866941452,0.1297723948955536
HMDB0011105,168,36,36,0.13481953326642138,0.4085999587473561,0.16914692521095276,0.1614920049905777
HMDB0011171,259,56,56,0.29064589807091656,0.2603490603305289,0.1419476866722107,0.16084472835063934
HMDB0011538,168,36,36,0.44537396174352273,0.10290236326925614,0.19589366018772125,0.19788102805614471
HMDB0011567,211,50,54,0.9553396434375374,0.9346868226665117,1.0946942567825317,0.9488338828086853
HMDB0011599,168,36,36,-0.1258182424837333,-0.11444744182890675,0.11741302907466888,0.1020762100815773
HMDB0011635,259,56,56,0.4466035996256047,0.36175397907049833,0.24366463720798492,0.2523120045661926
HMDB0011741,168,36,36,0.05215664589318226,-0.1530697477305695,0.11594133824110031,0.10873257368803024
HMDB0011749,369,79,79,0.46167997589722004,0.2223634802380665,0.16262127459049225,0.20428042113780975
HMDB0011760,168,36,36,0.5211177868124521,0.01594766303661545,0.15478648245334625,0.16560345888137817
HMDB0012265,168,36,36,0.3666437449151813,0.3640815752829317,0.08314882218837738,0.11073032021522522
HMDB0012958,168,36,36,-0.02341177571617717,0.21541254932293358,0.1029486283659935,0.12070061266422272
HMDB0013713,388,75,72,0.9611290466433104,0.9814951134326148,0.5888242125511169,0.45215123891830444
HMDB0028691,259,56,56,0.15613148341187272,0.2822539556940155,0.21754884719848633,0.20150478184223175
HMDB0028844,259,56,56,0.19786527704250134,0.4143514868784876,0.1478578746318817,0.13687226176261902
HMDB0028854,259,56,56,0.23895186309296873,0.5147781893045799,0.1314542591571808,0.11114948242902756
HMDB0028907,259,56,56,0.12340950083816876,0.2371231322958185,0.1476248800754547,0.132383793592453
HMDB0028922,259,56,56,0.13978154675622279,0.31281622408560666,0.22137056291103363,0.19032461941242218
HMDB0028927,168,36,36,0.43361598126245054,0.24090810761901846,0.1391441524028778,0.1291227787733078
HMDB0028955,259,56,56,0.033811444527394326,0.23034703925448136,0.2035110741853714,0.21943652629852295
HMDB0028988,259,56,56,0.17579988286115494,0.1605691475954363,0.23789681494235992,0.17168855667114258
HMDB0028995,259,56,56,0.16569853907912951,0.2361849052602693,0.21641135215759277,0.1800447702407837
HMDB0029068,259,56,56,0.1981740259988027,0.25113199754360654,0.19590380787849426,0.18672463297843933
HMDB0029083,259,56,56,0.26263507584426293,0.29487035066922357,0.2154950350522995,0.1971103996038437
HMDB0029105,168,36,36,0.08640354467842515,0.03282082966522596,0.13112971186637878,0.1360313594341278
HMDB0029125,259,56,56,0.2186388926803335,0.24160236486482498,0.21175023913383484,0.18607349693775177
HMDB0029127,259,56,56,0.12583759251807766,0.25754380345591593,0.173325777053833,0.16493959724903107
HMDB0029131,259,56,56,0.1701004802531635,0.23564028936123757,0.20333229005336761,0.18807227909564972
HMDB0029159,168,36,36,-0.0718104456042558,-0.02709337477043838,0.11642544716596603,0.11202844977378845
HMDB0029224,259,56,56,0.24352108019736227,0.13640589196084688,0.2345869392156601,0.2065574824810028
HMDB0031193,259,56,56,0.08129289678563027,0.18354857263023458,0.19765813648700714,0.25931745767593384
HMDB0033143,168,36,36,0.3942212329249022,0.34356067843937604,0.19152584671974182,0.18075498938560486
HMDB0033844,168,36,36,0.2915432490690835,0.018495954180329035,0.13589686155319214,0.08814781159162521
HMDB0034301,168,36,36,0.16624301071482,-0.01420834165680374,0.1806531399488449,0.2397148609161377
HMDB0034367,168,36,36,0.09212331052463543,0.17907283263531615,0.1275741457939148,0.11445455998182297
HMDB0035514,168,36,36,0.07697601759830601,0.08474212415091259,0.1837429404258728,0.15883664786815643
HMDB0037396,168,36,36,0.18243084136748025,0.11269893953246693,0.1452951431274414,0.1895008385181427
HMDB0061384,168,36,36,-0.14234061501901124,0.21023675371984776,0.09815683960914612,0.1115008294582367
HMDB0061658,168,36,36,0.31610699508428375,0.32995855769113447,0.17521493136882782,0.1565140336751938
HMDB0061684,168,36,36,-0.024429729263984942,0.2616376578211827,0.12164358049631119,0.15732531249523163
HMDB0061705,259,56,56,0.3050868275005816,0.08028311021237843,0.09059275686740875,0.1197374016046524
HMDB0061707,259,56,56,0.010847901706928209,0.20038669111571344,0.15764372050762177,0.16446875035762787
HMDB0061709,259,56,56,0.13519171656314474,0.30730619800110204,0.18035542964935303,0.1800062209367752
HMDB0061711,259,56,56,0.30395353910567013,0.23547931463644806,0.23807767033576965,0.2653018832206726
HMDB0061714,168,36,36,0.285169241325823,0.5397689020799545,0.14711177349090576,0.1752348095178604
HMDB0061715,168,36,36,0.2153652834928437,0.00184023077278134,0.08489354699850082,0.0972767099738121
HMDB0061717,168,36,36,0.36565436887504843,0.12399707025802739,0.11982952058315277,0.13414810597896576
HMDB0061864,168,36,36,0.5632349939978838,0.22063227632950316,0.1284312754869461,0.17019343376159668
HMDB0061914,259,56,56,0.19436529565129154,0.3390425636659182,0.16637977957725525,0.18812906742095947
HMDB0061918,168,36,36,0.306819685227092,0.42407779519747163,0.13366355001926422,0.09947650134563446
HMDB0062121,259,56,56,0.1852507129531685,0.3367362533208914,0.22387579083442688,0.2636345326900482
HMDB0062164,168,36,36,0.3110181683138021,0.34190373413132047,0.09348486363887787,0.11753193289041519
HMDB0062549,168,36,36,0.1762105303568054,0.3937480561238958,0.13517513871192932,0.1408134251832962
HMDB0062558,168,36,36,0.4588594761939182,0.4102161468358157,0.1282801628112793,0.11555197834968567
HMDB0062562,168,36,36,0.18454877072770595,-0.3012280204664095,0.08220423012971878,0.08495250344276428
HMDB0094656,168,36,36,-0.04618292980851112,0.12997378593630038,0.09491416811943054,0.09615318477153778
HMDB0094701,259,56,56,0.04260513182793639,0.11958677134292761,0.22489561140537262,0.2569439709186554
HMDB0094704,168,36,36,0.23613379033387785,0.43645851539025593,0.17002570629119873,0.18427634239196777
HMDB0240316,168,36,36,0.09754789275487989,-0.011660464929103652,0.10419538617134094,0.12912970781326294
HMDB0240317,168,36,36,-0.24567888752295783,0.04383823757739901,0.06487884372472763,0.08341939747333527
HMDB0240341,168,36,36,0.04762352972179194,0.24041804125792676,0.20984899997711182,0.20236143469810486
HMDB0240343,168,36,36,-0.011796016734910764,0.31342552374965227,0.08357147127389908,0.08091741800308228
HMDB0240347,168,36,36,0.5305766585449849,0.4424947650067341,0.11759825795888901,0.1624690294265747
HMDB0240589,168,36,36,0.17484925888227423,0.23642293677019874,0.11797673255205154,0.11701031774282455
HMDB0240598,168,36,36,0.29036013959621765,0.22153339724400317,0.1393577754497528,0.12131442129611969
HMDB0240599,168,36,36,0.309064125084586,0.11424725807314134,0.13122327625751495,0.12375929951667786
HMDB0240601,168,36,36,-0.1604449745191337,0.31237120257378004,0.15209853649139404,0.11995317041873932
HMDB0240602,168,36,36,0.4066467267361281,0.38001554061289805,0.17958375811576843,0.19565358757972717
HMDB0240653,168,36,36,-0.05546868012167888,0.292176933878976,0.0977279469370842,0.08017104119062424
HMDB0244966,168,36,36,-0.00250278491807584,0.2591222530403094,0.12147033214569092,0.12945538759231567
HMDB0245405,168,36,36,0.07707225909581523,0.10675699327530253,0.09086653590202332,0.08033265918493271
HMDB0250705,168,36,36,0.4413104539419658,0.5766437082570472,0.08611750602722168,0.08895492553710938
HMDB0252850,168,36,36,0.39768243836276945,0.29705691291740016,0.12313161790370941,0.11358123272657394
HMDB0255025,168,36,36,0.3550093882426674,0.5727123523063558,0.12314832210540771,0.11180542409420013
HMDB0303991,168,36,36,0.14824179774996438,0.27542921462172626,0.1430007964372635,0.1269381195306778
HMDB0304377,297,55,52,0.9651338993298416,0.985463287549799,0.7337385416030884,0.5071982145309448
METPA0292,168,36,36,0.3144727465554658,-0.04542147504181677,0.1528933346271515,0.19403420388698578
METPA0616,168,36,36,0.38898300304105227,0.08282282395728005,0.11061158776283264,0.10253465175628662
METPA1634,168,36,36,0.20015377330261097,0.4651296170731278,0.20432645082473755,0.16497838497161865
HMDB0000130,71,21,11,-0.04267490700152292,0.5511829246784606,0.35837164521217346,1.0275429487228394
HMDB0000277,67,21,11,0.26941305557285683,0.07691641629750642,0.5581297874450684,0.6971717476844788
HMDB0000756,156,29,20,0.5465616557128031,0.4397127881364174,0.923168957233429,1.1333997249603271
HMDB0003073,197,40,27,0.6677517829008044,0.7866067630345225,1.3032822608947754,0.9044463634490967
HMDB0003876,71,21,11,-0.7755066488876261,-0.7043579360876943,0.8659583330154419,0.928061842918396
HMDB0006111,70,20,11,-0.43202606186694675,-0.5658672474495129,0.8803739547729492,1.0002355575561523
HMDB0010222,70,21,11,-0.2639892871650066,-0.7960020720800886,0.7059273719787598,0.9105513095855713
HMDB0011134,71,21,11,-0.5050099946226647,-0.7227813562862758,0.8889437913894653,0.989332914352417
HMDB0000466,194,35,43,0.23068728499111377,0.6979690681370676,1.9656291007995605,2.0078940391540527
HMDB0000738,395,78,86,0.7003120238604076,0.46145759303516076,0.8972615003585815,0.9644977450370789
HMDB0002176,517,95,115,0.9578871812786327,0.9163860610699307,0.34344589710235596,0.320548951625824
C00860,129,19,16,0.28749016529301696,0.2331189395103504,0.8038376569747925,0.9180924892425537
HMDB0000055,169,33,34,0.7786930311200377,0.8092806063176254,1.3745644092559814,1.5759477615356445
HMDB0000318,289,55,53,0.986954554499912,0.9949240107531053,0.731778085231781,0.5446794033050537
HMDB0000439,199,35,34,0.9939851263576507,0.9966165752547356,0.5233079195022583,0.4524119198322296
HMDB0000774,98,13,9,0.6969345453577533,0.7447815742257743,2.3361992835998535,1.9531440734863281
HMDB0000982,124,17,15,-0.22283247369056514,-0.30523515342051377,1.823249340057373,1.3580822944641113
HMDB0001182,129,19,16,0.274935351643417,0.3746143983618983,0.6512874960899353,0.6122213006019592
HMDB0001713,128,19,16,0.06880472042151216,0.26994997710008134,0.7856094241142273,0.8033699989318848
HMDB0002802,101,16,14,-0.0037091202515945614,-0.20040134878975727,1.4075981378555298,1.1847169399261475
HMDB0003896,129,19,16,0.6738654861355017,0.2003555119994734,0.6448468565940857,0.7342031002044678
HMDB0004063,129,19,15,0.8684030410134644,0.7789544054318376,0.9052674174308777,0.6387718915939331
HMDB0004667,129,19,16,-0.01963025294899017,0.5703597687581888,0.8461610078811646,1.112841248512268
HMDB0005794,53,9,4,0.8932697576076571,0.9597253417481322,0.8590990304946899,0.8944789171218872
HMDB0012153,83,11,10,0.4253442279822493,-0.24097421100096109,0.7578993439674377,0.3571375012397766
HMDB0012884,129,19,16,0.1979393493267499,-0.2597510942253466,0.7105098366737366,0.8128365278244019
HMDB0015168,117,16,12,0.3933850750980012,0.19589559793242006,1.1641355752944946,1.1534830331802368
HMDB0028680,220,39,36,0.9915321333597675,0.9946937419510008,0.47720298171043396,0.43184027075767517
HMDB0031667,129,19,16,0.60721025746202,0.35114977304110934,1.2374876737594604,1.050099492073059
HMDB0060564,129,19,16,-0.15873890135626254,0.08737892110037652,1.383833885192871,1.2317426204681396
HMDB0060920,20,4,3,0.022748698223898425,0.04869069179756604,2.3484647274017334,2.58115291595459
HMDB0240212,105,17,13,0.24716999745622253,0.11452508939468631,1.466253638267517,1.188145637512207
HMDB0242141,129,19,16,0.5098929042730995,0.7946298479247403,0.3856681287288666,0.3775586485862732
C19615,91,20,20,0.28343617609020977,-0.5512159407809595,0.1795521229505539,0.18653716146945953
HMDB0000023,91,20,20,0.18284444218442195,0.2975781241987317,0.1437404900789261,0.16699664294719696
HMDB0000060,91,20,20,0.21441203763904973,0.10426693184578584,0.18311718106269836,0.2416221797466278
HMDB0000256,134,34,38,0.9912458068458642,0.9634111128945808,0.45075535774230957,0.5981600880622864
HMDB0000539,91,20,20,0.4235305663000805,0.2021842269666845,0.26282399892807007,0.34234189987182617
HMDB0000706,91,20,20,0.17943884297944268,0.41244660214597983,0.4043489992618561,0.23736950755119324
HMDB0000721,91,20,20,0.13049211127003654,0.23885536943007527,0.2503540515899658,0.19848750531673431
HMDB0000729,91,20,20,-0.2830968267835104,0.3313024423295536,0.22058406472206116,0.24225249886512756
HMDB0000849,91,20,20,0.12014237308367616,0.07137822850845266,0.19378377497196198,0.25687873363494873
HMDB0001032,91,20,20,0.26007725791620884,0.39758154545135416,0.5429047346115112,0.45477205514907837
HMDB0001170,91,20,20,0.06263898990650282,0.0728001357353959,0.1929619163274765,0.23170824348926544
HMDB0001492,134,34,38,0.9708462451953679,0.9475336495587218,0.6684022545814514,0.9457328915596008
HMDB0001856,91,20,20,0.021751241392040908,0.15246312248684957,0.1826535314321518,0.20313413441181183
HMDB0001982,91,20,20,-0.09177905835906813,0.3605066436050764,0.3861829340457916,0.2490997314453125
HMDB0002019,134,34,38,0.9828621770828951,0.9369188450202199,0.49278444051742554,0.8824247121810913
HMDB0002327,91,20,20,0.3108056076913677,-0.4277722963662643,0.1627051830291748,0.16765502095222473
HMDB0002350,292,63,63,0.5752781216171433,0.360378513556064,0.0970926508307457,0.10179276764392853
HMDB0002823,91,20,20,-0.3455035934470664,0.34243498973634556,0.3091121315956116,0.2779536843299866
HMDB0002994,134,34,38,0.9895700765193013,0.9508553859212652,0.48223215341567993,0.8952878713607788
HMDB0003312,91,20,20,-0.07421815012175324,0.05290163770479923,0.4026510715484619,0.3863146901130676
HMDB0003424,292,63,63,0.33612706380759527,0.2772363596580515,0.2271556258201599,0.23507815599441528
HMDB0004041,91,20,20,0.3839583205666032,0.2911014488424261,0.24959464371204376,0.22571954131126404
HMDB0006119,91,20,20,0.23305073192588122,0.23853637828810642,0.3103995621204376,0.24538297951221466
HMDB0010203,91,20,20,-0.13217662803319605,0.20842464136073405,0.37960711121559143,0.3339613378047943
HMDB0010738,91,20,20,0.03459170951239566,0.2529459561634527,0.4784846305847168,0.3841877579689026
HMDB0011133,91,20,20,0.15266557349468354,0.31205201247397824,0.28992730379104614,0.2635311484336853
HMDB0011172,91,20,20,0.23252210543922533,-0.22811471311353534,0.2707686126232147,0.29171013832092285
HMDB0011179,91,20,20,0.1639575426629283,0.0812335145085797,0.3859407901763916,0.32395121455192566
HMDB0011724,91,20,20,0.018900745240117756,0.16269619302181948,0.1998853236436844,0.18310658633708954
HMDB0011737,91,20,20,-0.25947185007839396,0.09517396021203159,0.24353531002998352,0.358085572719574
HMDB0012154,91,20,20,0.13621493416729624,0.1686777189368198,0.12177123874425888,0.18374666571617126
HMDB0012273,91,20,20,0.03132253440006376,-0.15352641277327483,0.2554907202720642,0.29563072323799133
HMDB0013209,91,20,20,-0.12289410777936141,0.25019015655617516,0.3958841860294342,0.2696545422077179
HMDB0013243,91,20,20,-0.32183467812056366,0.19887707406263694,0.38659754395484924,0.25432562828063965
HMDB0014426,91,20,20,-0.05228008172704021,-0.3345629983082614,0.2126978635787964,0.19862738251686096
HMDB0028686,91,20,20,-0.429248573163777,0.44247344586466186,0.21661260724067688,0.18315362930297852
HMDB0028690,91,20,20,-0.5817823905402135,0.05505123023623813,0.22524650394916534,0.19241562485694885
HMDB0028694,91,20,20,-0.34630340176782554,0.23281202758262692,0.3748437166213989,0.26618000864982605
HMDB0028695,91,20,20,0.02477327293900115,0.46491556344214346,0.2665708065032959,0.16640707850456238
HMDB0028699,91,20,20,-0.4088122573957015,0.1294247863047106,0.33586832880973816,0.22534894943237305
HMDB0028700,91,20,20,-0.5142045924006464,0.08509883803068938,0.19941729307174683,0.16358761489391327
HMDB0028712,91,20,20,-0.27825276347676936,0.13030692307833552,0.28221407532691956,0.2525269091129303
HMDB0028713,91,20,20,-0.3733529149598539,0.11514642182715734,0.339788556098938,0.3080075979232788
HMDB0028716,91,20,20,-0.3892246976615552,0.14868060037688166,0.32759225368499756,0.2702624201774597
HMDB0028722,91,20,20,-0.5373641251830155,0.11607635163943487,0.23396852612495422,0.23233024775981903
HMDB0028735,91,20,20,-0.1416026710264879,0.2583308045976062,0.3302971422672272,0.2918327748775482
HMDB0028744,91,20,20,-0.25697525250075925,0.17360584100606305,0.25113657116889954,0.17732882499694824
HMDB0028757,91,20,20,0.07551618230277646,0.4188675175820537,0.3031679093837738,0.21822449564933777
HMDB0028795,91,20,20,-0.30013531684543765,0.1914415238352596,0.29558485746383667,0.20268996059894562
HMDB0028800,91,20,20,-0.28379674870171523,0.4462299920293901,0.17318078875541687,0.1449514627456665
HMDB0028830,91,20,20,0.044963708825143035,0.48780910719784654,0.3193703293800354,0.2729280889034271
HMDB0028831,91,20,20,-0.2900369018564449,0.35591300554148436,0.2863152027130127,0.2575317919254303
HMDB0028832,91,20,20,-0.057997060146620705,0.22772618286188212,0.1586087942123413,0.17439088225364685
HMDB0028848,91,20,20,-0.5016744652830513,0.36741194745105343,0.2651849687099457,0.23271283507347107
HMDB0028851,91,20,20,0.11006169989634296,0.33235123740279754,0.250119149684906,0.19606676697731018
HMDB0028852,91,20,20,-0.15028426286213034,0.3261083698267251,0.2887951731681824,0.24529018998146057
HMDB0028853,91,20,20,-0.563038724952711,0.3438898456556185,0.3074563145637512,0.22821517288684845
HMDB0028888,91,20,20,-0.2549638854264186,0.347008032209542,0.3496641516685486,0.20807592570781708
HMDB0028889,91,20,20,-0.33344815911665776,0.3059973470315256,0.38575464487075806,0.2997010052204132
HMDB0028892,91,20,20,-0.2518098471564346,0.19773467445138027,0.4171465039253235,0.3006027638912201
HMDB0028893,91,20,20,0.06056833873742394,0.46755661717558533,0.3746691048145294,0.22297582030296326
HMDB0028898,91,20,20,-0.19520068721441478,0.3107432931575466,0.354021281003952,0.2099185734987259
HMDB0028900,91,20,20,-0.3957702514573673,0.09585813696707725,0.3622106611728668,0.22919714450836182
HMDB0028902,91,20,20,-0.3260717525892125,0.21000986810801467,0.3645303547382355,0.27619668841362
HMDB0028903,91,20,20,0.2607264669305281,-0.036629039295027345,0.16963467001914978,0.22803764045238495
HMDB0028906,91,20,20,0.04371629811393229,0.21671116799336826,0.14481206238269806,0.17014001309871674
HMDB0028910,91,20,20,-0.3430177977161402,0.33265136659058797,0.26108020544052124,0.24381323158740997
HMDB0028911,91,20,20,-0.376423624397978,0.1322210150398283,0.3375023305416107,0.2576189935207367
HMDB0028914,91,20,20,-0.2946661382740735,0.2550568710433621,0.4160013794898987,0.26875701546669006
HMDB0028916,91,20,20,-0.40696653519864584,0.07596838955983179,0.28204989433288574,0.20304803550243378
HMDB0028917,91,20,20,-0.139470660824586,0.09396250280070917,0.2476741075515747,0.23200997710227966
HMDB0028918,91,20,20,0.07714240784992474,0.18264462835205272,0.4069889485836029,0.3027087152004242
HMDB0028920,91,20,20,-0.2736867884058573,0.10515215329354045,0.1834777593612671,0.17123740911483765
HMDB0028924,91,20,20,-0.4922447478469108,0.17942901796480623,0.34314289689064026,0.20511850714683533
HMDB0028928,91,20,20,-0.2208276242402298,0.24920810563628126,0.2242034673690796,0.2457648515701294
HMDB0028929,91,20,20,-0.48903814427034403,0.1579755236618227,0.2978735566139221,0.2629092037677765
HMDB0028933,91,20,20,-0.44966049447933026,0.30469184588601783,0.3423953652381897,0.316675066947937
HMDB0028938,91,20,20,-0.43010203769910765,0.1519037578167649,0.29152125120162964,0.24258077144622803
HMDB0028939,91,20,20,-0.6902176934533434,0.10947126629696774,0.24501857161521912,0.19591927528381348
HMDB0028940,91,20,20,-0.05172104625082868,0.18950239988060621,0.3216666579246521,0.2758975923061371
HMDB0028941,91,20,20,-0.3355540733911769,0.059481429308505036,0.3801459074020386,0.237789586186409
HMDB0028942,91,20,20,0.36163655980437576,-0.18102484913127972,0.32992440462112427,0.2916305959224701
HMDB0028954,91,20,20,-0.35097463240054505,0.08159171503340744,0.18956205248832703,0.19991478323936462
HMDB0028958,91,20,20,-0.39610999999180885,0.2155774193624547,0.3767741024494171,0.27296537160873413
HMDB0028959,91,20,20,-0.003285905516820226,0.2983681133247389,0.3479229807853699,0.2143627107143402
HMDB0028963,91,20,20,-0.27214749498016666,0.1169825935880573,0.3583759367465973,0.2538530230522156
HMDB0028964,91,20,20,-0.36603402397299467,0.017158004350564325,0.19259800016880035,0.15856996178627014
HMDB0028991,91,20,20,-0.34652161251388097,0.09646655943425338,0.2726774513721466,0.2474118173122406
HMDB0028998,91,20,20,-0.4061823460569729,0.13605585764419653,0.3915676772594452,0.2799534797668457
HMDB0029004,91,20,20,-0.3445971477521477,0.20886655096357998,0.36804506182670593,0.21789219975471497
HMDB0029007,91,20,20,-0.271362424434129,0.09490902931577555,0.43211284279823303,0.2354971170425415
HMDB0029008,91,20,20,-0.410560569362752,0.09841992932976802,0.3792007863521576,0.24297353625297546
HMDB0029010,91,20,20,0.07448382626878519,0.1870453825057412,0.4028993248939514,0.27310022711753845
HMDB0029042,91,20,20,-0.15935960548822495,0.27408482336075923,0.2557028532028198,0.16173934936523438
HMDB0029043,91,20,20,-0.39728372203203743,0.2669749090785757,0.26656007766723633,0.29076266288757324
HMDB0029046,91,20,20,-0.3152317613010961,0.20431556339038318,0.3887365460395813,0.2617172598838806
HMDB0029047,91,20,20,0.10213164813194016,0.3831702911154496,0.2680049538612366,0.16499517858028412
HMDB0029052,91,20,20,-0.1652529410722836,0.3072719812795167,0.23560674488544464,0.12923093140125275
HMDB0029054,91,20,20,-0.3881954159389635,0.0787541631371945,0.33119288086891174,0.2350897341966629
HMDB0029060,91,20,20,-0.35469324247301326,0.12184739013253953,0.22576367855072021,0.21297712624073029
HMDB0029064,91,20,20,-0.07562078344122525,0.0985167054695372,0.1773192286491394,0.16681529581546783
HMDB0029065,91,20,20,-0.37951605583387044,0.18967852599708399,0.2677692472934723,0.24016813933849335
HMDB0029070,91,20,20,-0.46391533317921496,-0.013473911466148238,0.2551620900630951,0.1919894516468048
HMDB0029074,91,20,20,-0.18969117969827204,0.11325166787691215,0.1825859248638153,0.14695394039154053
HMDB0029076,91,20,20,-0.31103399952859206,0.2999557408952302,0.46439847350120544,0.2245539128780365
HMDB0029082,91,20,20,-0.21106649701949226,0.35742628137510246,0.29789799451828003,0.26837706565856934
HMDB0029086,91,20,20,-0.261526578396039,0.31976050052990024,0.35447007417678833,0.24351339042186737
HMDB0029091,91,20,20,0.18199791802843623,0.605055597523966,0.42745357751846313,0.2973600924015045
HMDB0029096,91,20,20,-0.37509784603827334,0.21368082526364443,0.3455943465232849,0.26243603229522705
HMDB0029098,91,20,20,-0.1676171437133712,0.08596142368354959,0.32990413904190063,0.20007066428661346
HMDB0029103,91,20,20,-0.09093464927159756,0.16826386689532988,0.4606243968009949,0.18918412923812866
HMDB0029104,91,20,20,-0.29475006479468907,0.1539816271879166,0.30287453532218933,0.27412596344947815
HMDB0029108,91,20,20,-0.32658508303393624,0.09753066152578506,0.42084255814552307,0.24601960182189941
HMDB0029109,91,20,20,-0.48412631627447045,0.2040491151609945,0.412825345993042,0.26538926362991333
HMDB0029112,91,20,20,-0.16208986779443574,0.16934945773962415,0.4018850326538086,0.2084428071975708
HMDB0029117,91,20,20,-0.23560825001133778,0.023579322041029617,0.4217548370361328,0.22505107522010803
HMDB0029118,91,20,20,-0.32701247238929826,0.1334811754778889,0.39485985040664673,0.23475965857505798
HMDB0029120,91,20,20,-0.29748093861826663,0.16254608718354793,0.3895370066165924,0.24628791213035583
HMDB0029123,91,20,20,-0.2248058452137751,-0.17859098838046203,0.20238924026489258,0.2239229679107666
HMDB0029126,91,20,20,-0.08035352793263721,0.09073955644597792,0.21151471138000488,0.23043331503868103
HMDB0029130,91,20,20,-0.4485127567602173,0.24200079422671034,0.23263096809387207,0.20552745461463928
HMDB0029132,91,20,20,-0.23242390212820194,0.13813223220169046,0.3725526034832001,0.22735778987407684
HMDB0029133,91,20,20,-0.2774900308866354,0.1492663901651375,0.39560434222221375,0.28368720412254333
HMDB0029134,91,20,20,-0.25730575101557523,0.17090660505256128,0.38193097710609436,0.23698051273822784
HMDB0029136,91,20,20,-0.061842651763254985,0.353049042690171,0.3172595202922821,0.22440114617347717
HMDB0029138,91,20,20,-0.0013901523944082033,0.11655704442636791,0.3628086447715759,0.2998630702495575
HMDB0029139,91,20,20,-0.38018282214225707,0.020008365118988763,0.4467037320137024,0.3209433853626251
HMDB0029140,91,20,20,-0.30198785937130274,0.13035295650692919,0.18398799002170563,0.16910555958747864
HMDB0030021,91,20,20,0.019167127007488915,0.5775984598482405,0.23100468516349792,0.19087739288806915
HMDB0031068,91,20,20,-0.34114249257195645,0.10995579242212326,0.29179173707962036,0.28175097703933716
HMDB0031072,91,20,20,-0.2296372459235547,0.3357104989052184,0.3221531808376312,0.20059625804424286
HMDB0031074,91,20,20,0.3171985567092695,0.4646971949249496,0.24085485935211182,0.22196388244628906
HMDB0031230,91,20,20,-0.024492130350692778,-0.033112710046581784,0.2663561999797821,0.3311311602592468
HMDB0032572,91,20,20,0.10096401548299339,0.3565847397981074,0.18858425319194794,0.11672937870025635
HMDB0033433,91,20,20,-0.05289663215083945,-0.07059837740512598,0.3586464822292328,0.34007740020751953
HMDB0034146,91,20,20,-0.08444763457410102,-0.11734346860807496,0.2860780954360962,0.2743469774723053
HMDB0061712,91,20,20,-0.12697408672228602,0.3230875730252405,0.25446853041648865,0.2897058427333832
HMDB0061822,91,20,20,-0.2345064297824781,-0.18597793117838046,0.45930609107017517,0.3644840121269226
HMDB0061835,91,20,20,-0.2693966172442917,-0.273211179704784,0.5109973549842834,0.3697544038295746
HMDB0094651,91,20,20,0.28497237871131553,0.26796291524623017,0.3348570168018341,0.2806094288825989
HMDB0094657,91,20,20,-0.10829910583541823,0.045077339704365116,0.2819475829601288,0.2643994092941284
HMDB0094676,91,20,20,-0.0879360474514979,0.14701653108810503,0.3008231222629547,0.23866216838359833
HMDB0094680,91,20,20,-0.3904906376516104,-0.2990487832064113,0.5018138289451599,0.3439164161682129
HMDB0253025,91,20,20,-0.363350628306992,0.28861149331534625,0.41690200567245483,0.2691674828529358
HMDB0258317,91,20,20,0.40469401137319755,0.3703031909200252,0.14266611635684967,0.18983086943626404
HMDB0000107,43,14,18,0.43972116618453316,-0.013909777310927155,0.7019227147102356,0.6566441655158997
HMDB0000115,43,14,18,0.1842757692666946,-0.21323419398674767,1.027791976928711,0.660083532333374
HMDB0000150,43,14,18,0.6429556905518109,0.15944391751643774,1.4197463989257812,1.7893003225326538
HMDB0000250,43,14,18,0.013278754510315745,0.0734501003416793,0.6115689873695374,0.8558810353279114
HMDB0000337,43,14,18,0.10219128913696776,-0.3207559430809356,0.5280385613441467,0.7352226972579956
HMDB0000573,43,14,18,0.4893417445647021,0.1949107522891948,0.9121373295783997,0.7864170670509338
HMDB0000751,43,14,18,0.26836573489093374,-0.049203991834143056,0.837749183177948,0.7097740173339844
HMDB0000765,43,14,18,0.4243887313509831,0.37942192681307835,1.594984769821167,1.454150676727295
HMDB0000867,43,14,18,-0.25360511930128593,-0.3846793506960996,0.7591415047645569,1.5854203701019287
HMDB0000937,43,14,18,-0.1429185541834837,-0.5794998409510436,1.3510774374008179,1.2097176313400269
HMDB0000944,43,14,18,0.22080982052997122,0.00403522454007853,0.6808255314826965,0.6387103796005249
HMDB0000975,43,14,18,0.16390391791554607,0.08595673947210886,1.0651731491088867,1.931761384010315
HMDB0001129,43,14,18,0.3309861137674859,0.4382294892796793,1.5594903230667114,2.0842440128326416
HMDB0001147,43,14,18,0.21572667876342577,0.15142873916136484,0.6028781533241272,0.9685748219490051
HMDB0001262,43,14,18,-0.04646885047236653,-0.1589252733830595,1.6342933177947998,1.4584755897521973
HMDB0001313,43,14,18,0.16797152810475086,0.34815098211547,1.2595261335372925,0.8363628387451172
HMDB0001336,43,14,18,-0.7013999644377961,-0.17948979301498547,1.0744647979736328,0.8027794361114502
HMDB0001448,43,14,18,0.296180332089232,0.1609083998991384,3.259140729904175,3.9322590827941895
HMDB0001624,43,14,18,0.3229735595189238,-0.3549888686065184,1.2798823118209839,1.0220922231674194
HMDB0001851,43,14,18,0.011180831113680314,0.37295371763669305,0.734964907169342,1.2714970111846924
HMDB0001870,43,14,18,-0.06010805909514218,0.09744445136234146,0.6223997473716736,0.828150749206543
HMDB0002003,43,14,18,0.3250265290167287,0.24238869596932233,0.7390876412391663,0.6726589798927307
HMDB0002243,43,14,18,-0.0022264893169154374,0.028555560404523977,0.6203611493110657,0.840202271938324
HMDB0002356,43,14,18,-0.13701391634891383,-0.12848707778071972,0.7494099736213684,0.49441665410995483
HMDB0002432,43,14,18,0.664020235585646,0.2037934537038474,1.1046085357666016,1.359795331954956
HMDB0002649,43,14,18,0.36814356598911463,-0.09498265018036917,0.5658838748931885,0.6337231993675232
HMDB0003213,43,14,18,-0.26740933246377546,0.10520524451105773,1.696553349494934,1.2450487613677979
HMDB0003338,43,14,18,0.2375460848245581,-0.0880393408334301,0.589821457862854,0.8339235782623291
HMDB0003402,43,14,18,0.5085449039746587,0.19537375514532274,1.1335809230804443,0.7483417987823486
HMDB0003418,43,14,18,-0.0680643228599505,-0.07411850571359692,0.6317935585975647,1.1963986158370972
HMDB0005826,43,14,18,-0.03246637418918486,-0.21178606744104211,0.8764244318008423,0.9607889652252197
HMDB0006271,43,14,18,0.6358892443667408,0.06204763724449339,0.4927532970905304,0.9685229063034058
HMDB0006335,43,14,18,0.025995314342192124,-0.4913871866621614,0.6517700552940369,0.7936330437660217
HMDB0006790,43,14,18,0.4370238114181808,0.26721415554848227,1.289663553237915,1.4084935188293457
HMDB0011533,43,14,18,0.2035474814897768,0.42791275945182605,1.9597827196121216,1.633658528327942
HMDB0011537,43,14,18,0.2859032858006516,0.31255104199936545,1.1616023778915405,1.2257529497146606
HMDB0011626,43,14,18,0.2961922195370879,-0.13276162753874549,0.4585229456424713,0.3249809145927429
HMDB0011676,43,14,18,0.04844869746889741,-0.2731194610902879,1.3276748657226562,1.264773964881897
HMDB0012152,43,14,18,0.3435628158773569,-0.21299537269058588,0.9099518060684204,0.970148503780365
HMDB0033910,43,14,18,0.20687219634772008,0.6095588634918898,0.7827134132385254,0.5192301273345947
HMDB0040937,43,14,18,0.2940144996338259,0.17297780278431427,0.95805823802948,0.9277470111846924
HMDB0060256,43,14,18,-0.27863028253071637,-0.5035965811070764,0.6584157347679138,1.1982187032699585
HMDB0062769,43,14,18,-0.39010808241003514,-0.2728811852388027,0.7985756993293762,1.2538466453552246
HMDB0062802,43,14,18,0.3250594850455984,0.03440233595904872,0.6132275462150574,0.5632225871086121
HMDB0242149,43,14,18,0.6991361395142794,0.3408829313846037,0.9388793706893921,0.8844335079193115
HMDB0247281,43,14,18,0.40481799912988314,0.0779814262932847,0.8237022757530212,1.1903427839279175
HMDB0247961,43,14,18,0.1165302492516944,0.24414407635313293,1.1165515184402466,1.1918481588363647
HMDB0253945,43,14,18,0.013638413659007005,-0.051286298332870725,1.0325829982757568,1.4158854484558105
HMDB0254312,43,14,18,-0.25582585212866166,-0.25066836707645956,0.6372240781784058,1.3266164064407349
HMDB0304180,43,14,18,-0.006363043682914317,0.39268642460121406,0.7035664319992065,0.8499146103858948
HMDB0304951,43,14,18,0.22447652332110532,0.21585050399813335,2.635657548904419,1.8913822174072266
HMDB0341292,43,14,18,0.4505581410493432,0.20876710246245717,1.0136375427246094,1.2137898206710815
HMDB0341410,43,14,18,0.0888061404340244,0.08612957923557038,0.8159667253494263,1.107850193977356
C06306,201,43,43,-0.14115151705898374,0.05848591535408677,0.06205122917890549,0.060505639761686325
HMDB0000474,201,43,43,0.40990372011529946,0.39667498217819835,0.045928746461868286,0.0845479890704155
HMDB0000820,201,43,43,0.11846699479996345,0.31230235747180424,0.17152537405490875,0.15039151906967163
HMDB0001140,201,43,43,0.1896647734384103,0.01974841583902881,0.00644150422886014,0.007765629794448614
HMDB0001485,201,43,43,0.11555640591400876,-0.14748380193921715,0.0019449825631454587,0.00447459053248167
HMDB0001505,201,43,43,0.10194495282003499,-0.2673990297022271,0.05096578598022461,0.08557385951280594
HMDB0001551,201,43,43,0.3686449338172209,0.2710068429346835,0.08667652308940887,0.10572878271341324
HMDB0001659,201,43,43,0.17953512233765218,0.41811397532957717,0.07382504642009735,0.12115146964788437
HMDB0001967,201,43,43,-0.12582055726344046,0.06948998400573535,0.0451701283454895,0.05683476850390434
HMDB0003119,201,43,43,0.129959172879267,0.025408658436594882,0.036641646176576614,0.040489353239536285
HMDB0003227,201,43,43,0.2859304746100232,0.3154873103683773,0.02422977052628994,0.031520992517471313
HMDB0003407,201,43,43,0.0786001893744674,0.33378989458645275,0.20018671452999115,0.20903654396533966
HMDB0003551,201,43,43,-0.1575376095043335,0.19026519441743497,0.006035316735506058,0.004081373102962971
HMDB0003671,201,43,43,-0.06186313960219974,0.030758162148949122,0.03812069073319435,0.03823886066675186
HMDB0004327,201,43,43,0.06837746753106132,0.004492224324977252,0.13924603164196014,0.167790487408638
HMDB0004366,201,43,43,0.13207667384200095,0.08264856906288272,0.0012752946931868792,0.0020896114874631166
HMDB0004472,201,43,43,0.028064498358726497,0.17898974708081286,0.025366613641381264,0.0431082546710968
HMDB0004983,201,43,43,0.3657071913923098,0.4090132231856154,0.13158860802650452,0.1767638772726059
HMDB0005806,201,43,43,0.0030255712413293223,0.2135865841007948,0.03940875083208084,0.10089574009180069
HMDB0005842,201,43,43,0.36779410367579746,0.3227065324306199,0.03952205553650856,0.03764691948890686
HMDB0005846,201,43,43,0.04830244663038802,0.10683134030857613,0.003685875330120325,0.0027975195553153753
HMDB0005994,201,43,43,0.42120850650532676,-0.12739583696313025,0.018383892253041267,0.017609184607863426
HMDB0006006,201,43,43,0.5781183987738551,0.4948592131095582,0.004371561110019684,0.006379790138453245
HMDB0006007,201,43,43,0.3424369998883065,0.21890108266421107,0.034468576312065125,0.04541058465838432
HMDB0006115,201,43,43,0.21087410878820237,0.470069199257844,0.2463383823633194,0.266592413187027
HMDB0006236,201,43,43,0.09243991220966837,0.11908045543370299,0.1783924102783203,0.1959495097398758
HMDB0006478,201,43,43,-0.1552312050826865,0.18731604675677604,0.03193555027246475,0.025737803429365158
HMDB0011624,201,43,43,0.20129509685552696,-0.007378880307148649,0.003565100720152259,0.010384651832282543
HMDB0011638,201,43,43,0.4064620448680592,0.38993550403366684,0.019523009657859802,0.018389036878943443
HMDB0012971,201,43,43,0.13116319696044984,0.24723798044149736,0.06859726458787918,0.058479562401771545
HMDB0013299,201,43,43,0.45923224318526734,0.45668189833578454,0.20863623917102814,0.23471887409687042
HMDB0013780,201,43,43,0.2682086443203082,0.31905278000525333,0.1640392392873764,0.16417498886585236
HMDB0013809,201,43,43,0.20923582060675974,-0.03512156345357924,0.0020898825023323298,0.0016703797737136483
HMDB0013821,201,43,43,0.2884751142125348,0.54605547193012,0.004043335560709238,0.004962532315403223
HMDB0013824,201,43,43,0.2921142355227489,-0.03546063333181837,0.016412481665611267,0.022261787205934525
HMDB0013835,201,43,43,0.19168490932249144,0.14272883465357328,0.09957795590162277,0.10666963458061218
HMDB0029306,201,43,43,0.15074665666036696,0.27365119996358866,0.1258969008922577,0.1427588313817978
HMDB0029600,201,43,43,-0.004002871952811875,0.10451087943143463,0.005429672077298164,0.017949676141142845
HMDB0029696,201,43,43,0.23726955365773814,-0.009767725039204941,0.03076510690152645,0.04369156435132027
HMDB0029980,201,43,43,0.050336460127122715,-0.16453892078294985,0.0015701453667134047,0.003385327523574233
HMDB0030029,201,43,43,-0.029063929566444748,0.38730291632423786,0.002492006868124008,0.005760742351412773
HMDB0030052,201,43,43,-0.0027645664328893624,-0.006331864750994418,0.030784528702497482,0.037901490926742554
HMDB0030058,201,43,43,0.21275155880494737,0.34434829053933597,0.06732460111379623,0.05519229918718338
HMDB0030059,201,43,43,0.2623853110588303,0.4270932593112885,0.0910361111164093,0.056232668459415436
HMDB0030060,201,43,43,0.17958190437032417,0.18441166541691117,0.033224914222955704,0.03495989739894867
HMDB0030062,201,43,43,0.26377875431400755,0.25041613641443455,0.06802939623594284,0.05340120941400528
HMDB0030070,201,43,43,0.1995432443533239,0.007868145047129158,0.008577094413340092,0.00722145289182663
HMDB0030469,201,43,43,0.11519969244401766,0.07262231064350731,0.02392319217324257,0.02753317542374134
HMDB0030837,201,43,43,0.12811045658098594,0.12742110605464446,0.05391371622681618,0.07552821189165115
HMDB0030924,201,43,43,0.4657182872690572,0.29483899875252,0.015041234903037548,0.01832696981728077
HMDB0031019,201,43,43,0.3724301466557508,0.16729346589598584,0.011400928720831871,0.01193529274314642
HMDB0031078,201,43,43,0.23574404381191638,0.02918506846471967,0.03336617723107338,0.04896656423807144
HMDB0031081,201,43,43,0.46637727357962266,0.35671668994044003,0.04706761986017227,0.05167354643344879
HMDB0031207,201,43,43,0.2075706127511838,-0.059277942163140744,0.21614085137844086,0.22728466987609863
HMDB0031213,201,43,43,0.12235539804163352,-0.17398677396320106,0.0011024893028661609,0.001055973581969738
HMDB0031217,201,43,43,0.026829884958249325,0.5781966825183378,0.23533561825752258,0.2397354245185852
HMDB0031249,201,43,43,-0.014594371898717274,0.20508961759784552,0.006479097530245781,0.007001874968409538
HMDB0031265,201,43,43,0.46517694153888495,0.09123266458271057,0.008731812238693237,0.01327040046453476
HMDB0031266,201,43,43,0.37145987687897797,0.20182652875638293,0.05592027306556702,0.05900182947516441
HMDB0031294,201,43,43,0.24090246544757,0.12526136047973252,0.0553666315972805,0.052505966275930405
HMDB0031299,201,43,43,0.09294607179546804,0.022255535528164127,0.07087739557027817,0.04879701882600784
HMDB0031342,201,43,43,0.10745859031885036,0.14549072908633545,0.2849685549736023,0.2728165090084076
HMDB0031343,201,43,43,0.06323181057648002,0.3367643427709676,0.053972575813531876,0.04095799848437309
HMDB0031409,201,43,43,0.03154464302576681,0.014057952375694708,0.03984490782022476,0.026088232174515724
HMDB0031444,201,43,43,0.44416090270729935,0.05226011515773652,0.03926072269678116,0.03304271772503853
HMDB0031475,201,43,43,0.21920508996316462,-0.19569042647756762,0.007801940198987722,0.00960058718919754
HMDB0031492,201,43,43,0.2345050739664604,0.4313468328131314,0.01359131745994091,0.011923011392354965
HMDB0031523,201,43,43,0.11595501039196332,-0.007552245226398988,0.06636224687099457,0.07150020450353622
HMDB0031526,201,43,43,0.028140073841002016,0.3099759608321813,0.013740473426878452,0.00997763779014349
HMDB0031598,201,43,43,0.25714341539186175,0.41180707233897146,0.2129921317100525,0.23458793759346008
HMDB0031846,201,43,43,0.23068368859464128,0.44377774626636773,0.027168551459908485,0.019984139129519463
HMDB0032047,201,43,43,0.24649003757637328,0.07895896376704414,0.010554326698184013,0.016810527071356773
HMDB0032402,201,43,43,0.1954937557293405,-3.855332842324172e-05,0.011903593316674232,0.008400763384997845
HMDB0032630,201,43,43,0.11714245444144944,-0.2163170636681451,0.00985364243388176,0.0138899777084589
HMDB0032912,201,43,43,-0.239560357489878,0.14894883739655101,0.000911874754820019,0.0015648556873202324
HMDB0033167,201,43,43,-0.004568659112423986,0.20304879215968727,0.016861500218510628,0.012164420448243618
HMDB0033532,201,43,43,-0.0885945570498363,0.08114059830508003,0.04748436063528061,0.03359140828251839
HMDB0033713,201,43,43,0.44131028768440034,0.2922280143039115,0.06494878232479095,0.08556584268808365
HMDB0033721,201,43,43,0.09415941800537196,0.4348528005267465,0.068395234644413,0.12533371150493622
HMDB0033731,201,43,43,-0.03165153475619621,0.12154035447087842,0.0413491353392601,0.0515565387904644
HMDB0033792,201,43,43,0.45278055650506566,0.5427520977295072,0.018605912104249,0.031903017312288284
HMDB0033794,201,43,43,0.06831606812492402,0.04957394452333622,0.0033554937690496445,0.003132094396278262
HMDB0033867,201,43,43,-0.09386861941281235,-0.17326800077229007,0.0089518241584301,0.016724957153201103
HMDB0033890,201,43,43,0.2804308043574562,0.016297188643156,0.26027143001556396,0.2571324408054352
HMDB0033916,201,43,43,0.3826991939933147,0.5439053486710733,0.03518035635352135,0.030840301886200905
HMDB0033944,201,43,43,0.24179869840000218,0.24307046591054324,0.1948058307170868,0.1990184187889099
HMDB0033962,201,43,43,0.27692508142427025,0.29940553203003767,0.0237729474902153,0.04937688633799553
HMDB0034148,201,43,43,0.48476365023701157,0.45535977242561326,0.04957989230751991,0.057370614260435104
HMDB0034161,201,43,43,0.1269542359005154,0.1140849818947282,0.006228002719581127,0.009050454013049603
HMDB0034168,201,43,43,0.07291074414071572,-0.2218473649891951,0.1831880360841751,0.2463647425174713
HMDB0034172,201,43,43,0.19820449857843422,0.2510647703264308,0.032747555524110794,0.043654441833496094
HMDB0034240,201,43,43,0.2690302811184669,0.06267358059817296,0.1577569544315338,0.16404062509536743
HMDB0034283,201,43,43,0.4417350969275995,0.3147255432618541,0.03157263621687889,0.03018791228532791
HMDB0034451,201,43,43,0.34617751506194383,0.2692970988405649,0.004544914234429598,0.00530044874176383
HMDB0034497,201,43,43,-0.05616411389012332,0.1445638586896895,0.008837622590363026,0.01602029800415039
HMDB0034976,201,43,43,0.24676778865426094,-0.03168134085744444,0.23378440737724304,0.2587277293205261
HMDB0035162,201,43,43,0.10987684153732952,-0.2024741860467834,0.39632678031921387,0.39604324102401733
HMDB0035238,201,43,43,0.08662023145508055,0.16506054610976784,0.09067945182323456,0.09721006453037262
HMDB0035289,201,43,43,0.1868706268713989,-0.09427296978953933,0.005980948451906443,0.007298624608665705
HMDB0035915,201,43,43,0.2924786924479054,0.33028621109155454,0.05203505605459213,0.04126545041799545
HMDB0036100,201,43,43,-0.20792949844293898,0.15599860560874482,0.06817816197872162,0.09805726259946823
HMDB0036163,201,43,43,-0.06379917615663123,0.17310671166731462,0.12347062677145004,0.10171207040548325
HMDB0036209,201,43,43,0.1955331098731851,0.25754278467518926,0.0036071836948394775,0.002984075341373682
HMDB0036574,201,43,43,0.16508295386972152,0.46607168606456234,0.060088347643613815,0.013676227070391178
HMDB0036994,201,43,43,0.16227648852119875,0.06014754432955432,0.014382705092430115,0.021069485694169998
HMDB0037050,201,43,43,0.2028354503438184,0.039169497061001875,0.15317492187023163,0.27838486433029175
HMDB0038040,201,43,43,0.21356032465751687,0.04892039654067312,0.021614734083414078,0.034970201551914215
HMDB0038169,201,43,43,0.03336189538041043,0.029518904803614264,0.07528837025165558,0.10473696142435074
HMDB0038311,201,43,43,0.1585727210084819,0.37214057514468873,0.14822103083133698,0.13176104426383972
HMDB0038445,201,43,43,-0.079469336197915,-0.05488655104885675,0.009109964594244957,0.008352575823664665
HMDB0038556,201,43,43,0.08300609277385392,0.23868813567575742,0.002206312958151102,0.0013120019575580955
HMDB0039216,201,43,43,-0.06918756110681955,0.1140640050083524,0.0027015921659767628,0.005111128557473421
HMDB0039522,201,43,43,-0.16582374060890837,0.04774076790858727,0.015831561759114265,0.017837466672062874
HMDB0039618,201,43,43,0.23603703707578066,0.21962793184211338,0.14153167605400085,0.11526048928499222
HMDB0039620,201,43,43,0.24996175916207883,0.11459658453652721,0.07431107014417648,0.11028070002794266
HMDB0039843,201,43,43,0.1905027954015804,0.0520944166920627,0.05288338288664818,0.05786367505788803
HMDB0040211,201,43,43,-0.020761113639224702,0.038405890272859615,0.006464744918048382,0.006594816688448191
HMDB0040221,201,43,43,0.1711144008400031,0.14383559333366602,0.013543951325118542,0.017587490379810333
HMDB0040240,201,43,43,0.07705612009230242,0.052766554611971314,0.03581990301609039,0.03406589478254318
HMDB0041389,201,43,43,-0.16547643166154083,-0.09573600141854094,0.005339175928384066,0.005732090678066015
HMDB0041924,201,43,43,0.09386683800145537,-0.13197329819000284,0.008260061964392662,0.01518571749329567
HMDB0059777,201,43,43,0.2619103505153924,-0.20430275156093208,0.026884833350777626,0.029561424627900124
HMDB0059835,201,43,43,0.31831488496734583,-0.023485092945053247,0.016682352870702744,0.02035048045217991
HMDB0059838,201,43,43,0.07935836627782414,0.13078483515117548,0.022361736744642258,0.02189655229449272
HMDB0059839,201,43,43,-0.11327418257245067,-0.05281087790004046,0.14036767184734344,0.1467462033033371
HMDB0059886,201,43,43,0.1735124513214461,0.19054384510210354,0.022472448647022247,0.041520990431308746
HMDB0059905,201,43,43,0.1475011670519333,-0.2373809718289507,0.08884533494710922,0.12678182125091553
HMDB0061834,201,43,43,0.15759613777107084,0.07775168287497097,0.008422409184277058,0.00991794653236866
HMDB0061851,201,43,43,0.004015924306206406,0.10783895073109433,0.0418570414185524,0.05249999463558197
HMDB0061859,201,43,43,0.22681637410811378,-0.18431089951528626,0.030263394117355347,0.04076136648654938
HMDB0061869,201,43,43,0.13800021700624757,0.11242847420858668,0.00223107123747468,0.0019040459301322699
HMDB0061886,201,43,43,0.2377381873331041,0.2607757674182331,0.0041503882966935635,0.011472156271338463
HMDB0062788,201,43,43,0.03793021494259921,0.24264845935948295,0.032439734786748886,0.0270717553794384
HMDB0243751,201,43,43,0.25523819720685376,-0.05253951824744397,0.002036958932876587,0.00196706666611135
HMDB0243915,201,43,43,0.25385669772998065,-0.15755029569815326,0.016784215345978737,0.02833491936326027
HMDB0259164,201,43,43,0.044944560324769865,0.19787648555835802,0.12434294074773788,0.0740421712398529
HMDB0302068,201,43,43,0.07362865791691296,0.23449999802351826,0.0018086065538227558,0.009854871779680252
HMDB0302599,201,43,43,0.008620184430647916,-0.09356004266353003,0.014839722774922848,0.02415148913860321
HMDB0302638,201,43,43,-0.02417453571861539,0.26161098475601746,0.00373691669665277,0.004904802422970533
HMDB0303831,201,43,43,0.25119167059395847,0.48914941049357236,0.08330147713422775,0.08110053092241287
HMDB0303903,201,43,43,0.31008890635207154,0.4971734282200473,0.05900838226079941,0.043657682836055756
HMDB0001206,243,52,52,0.0872000042494636,0.1790615186443961,1.8920811414718628,1.890794277191162
HMDB0240251,243,52,52,0.4740413517910089,0.3334717122776141,0.9255914688110352,1.0243874788284302
