kegg_id,kegg_name,kegg_synonyms,formula,pathways,n_pathways,brite_classes,kegg_diseases
C00002,ATP,Adenosine 5'-triphosphate,C10H16N5O13P3,Oxidative phosphorylation; Photosynthesis; Purine metabolism; One carbon pool by folate; Zeatin biosynthesis; Biosynthesis of various antibiotics; Metabolic pathways; Biosynthesis of secondary metabolites; Nucleotide metabolism; Biosynthesis of cofactors; Bacterial secretion system; Calcium signaling pathway; HIF-1 signaling pathway; Neuroactive ligand-receptor interaction; Neuroactive ligand signaling; Lysosome biogenesis; Efferocytosis; Necroptosis; Platelet activation; NOD-like receptor signaling pathway; Thermogenesis; Synaptic vesicle cycle; Taste transduction; Inflammatory mediator regulation of TRP channels; Insulin secretion; Prolactin signaling pathway; Renin secretion; Type II diabetes mellitus; Parkinson disease; Pathways of neurodegeneration - multiple diseases; Pertussis; Hypertrophic cardiomyopathy; Diabetic cardiomyopathy,33,Compounds with biological roles; Glycosides; Anatomical Therapeutic Chemical (ATC) classification; Risk category of Japanese OTC drugs; Target-based classification of drugs,
C00003,NAD+,NAD; Nicotinamide adenine dinucleotide; DPN; Diphosphopyridine nucleotide; Nadide; beta-NAD+,C21H28N7O14P2,Oxidative phosphorylation; Thiamine metabolism; Nicotinate and nicotinamide metabolism; Drug metabolism - other enzymes; Metabolic pathways; Biosynthesis of cofactors; Efferocytosis; AMPK signaling pathway; Longevity regulating pathway; Longevity regulating pathway - worm; Aldosterone synthesis and secretion; Alcoholic liver disease; Vitamin digestion and absorption; Chemical carcinogenesis - reactive oxygen species,14,Compounds with biological roles; Anatomical Therapeutic Chemical (ATC) classification,
C00004,NADH,DPNH; Reduced nicotinamide adenine dinucleotide,C21H29N7O14P2,Oxidative phosphorylation; Metabolic pathways; Calcium signaling pathway; Thermogenesis; Aldosterone synthesis and secretion,5,,
C00005,NADPH,TPNH; Reduced nicotinamide adenine dinucleotide phosphate,C21H30N7O17P3,Photosynthesis; Glutathione metabolism; Metabolic pathways; Thyroid hormone synthesis; Aldosterone synthesis and secretion; Alcoholic liver disease; Chemical carcinogenesis - reactive oxygen species; Diabetic cardiomyopathy,8,,
C00006,NADP+,NADP; Nicotinamide adenine dinucleotide phosphate; beta-Nicotinamide adenine dinucleotide phosphate; TPN; Triphosphopyridine nucleotide; beta-NADP+,C21H29N7O17P3,Photosynthesis; Glutathione metabolism; Nicotinate and nicotinamide metabolism; Drug metabolism - other enzymes; Metabolic pathways; Biosynthesis of cofactors; Thyroid hormone synthesis; Aldosterone synthesis and secretion; Alcoholic liver disease; Chemical carcinogenesis - reactive oxygen species; Diabetic cardiomyopathy,11,Compounds with biological roles,
C00008,ADP,Adenosine 5'-diphosphate,C10H15N5O10P2,Oxidative phosphorylation; Photosynthesis; Purine metabolism; Zeatin biosynthesis; Metabolic pathways; Biosynthesis of secondary metabolites; Nucleotide metabolism; Biosynthesis of cofactors; FoxO signaling pathway; Neuroactive ligand-receptor interaction; Neuroactive ligand signaling; Lysosome biogenesis; AMPK signaling pathway; Platelet activation; Thermogenesis; Taste transduction; Renin secretion; Parkinson disease; Amyotrophic lateral sclerosis; Pathways of neurodegeneration - multiple diseases,20,Compounds with biological roles; Glycosides,
C00009,Orthophosphate,Phosphate; Phosphoric acid; Orthophosphoric acid,H3PO4,"Oxidative phosphorylation; Photosynthesis; ABC transporters; Two-component system; Quorum sensing; Cell cycle - yeast; Parathyroid hormone synthesis, secretion and action; Mineral absorption; Parkinson disease; Pathways of neurodegeneration - multiple diseases",10,,
C00010,CoA,Coenzyme A; CoA-SH,C21H36N7O16P3S,Fatty acid degradation; Carbapenem biosynthesis; Pantothenate and CoA biosynthesis; Metabolic pathways; Biosynthesis of secondary metabolites; Biosynthesis of cofactors; Ferroptosis; Thermogenesis; Cholinergic synapse; Fat digestion and absorption; Vitamin digestion and absorption,11,Compounds with biological roles,
C00011,CO2,Carbon dioxide,CO2,"Arginine biosynthesis; Purine metabolism; Glycine, serine and threonine metabolism; Chlorocyclohexane and chlorobenzene degradation; Chloroalkane and chloroalkene degradation; Glyoxylate and dicarboxylate metabolism; Methane metabolism; Carbon fixation by Calvin cycle; Other carbon fixation pathways; Lipoic acid metabolism; Atrazine degradation; Nitrogen metabolism; Metabolic pathways; Biosynthesis of secondary metabolites; Microbial metabolism in diverse environments; Carbon metabolism; Biosynthesis of amino acids; Proximal tubule bicarbonate reclamation; Collecting duct acid secretion; Salivary secretion; Gastric acid secretion; Pancreatic secretion; Carbohydrate digestion and absorption; Protein digestion and absorption; Bile secretion",25,Anatomical Therapeutic Chemical (ATC) classification; Therapeutic category of drugs in Japan; Drugs listed in the Japanese Pharmacopoeia,
C00013,Diphosphate,Diphosphoric acid; Pyrophosphate; Pyrophosphoric acid; PPi,H4P2O7,Oxidative phosphorylation; Parkinson disease; Pathways of neurodegeneration - multiple diseases,3,,
C00015,UDP,Uridine 5'-diphosphate,C9H14N2O12P2,Pyrimidine metabolism; Zeatin biosynthesis; Metabolic pathways; Nucleotide metabolism; Biosynthesis of cofactors; Neuroactive ligand-receptor interaction; Neuroactive ligand signaling,7,Compounds with biological roles,
C00016,FAD,Flavin adenine dinucleotide,C27H33N9O15P2,Riboflavin metabolism; Metabolic pathways; Biosynthesis of secondary metabolites; Biosynthesis of cofactors; Vitamin digestion and absorption,5,Compounds with biological roles; Risk category of Japanese OTC drugs,
C00019,S-Adenosyl-L-methionine,S-Adenosylmethionine; AdoMet; SAM,C15H22N6O5S,Monobactam biosynthesis; Cysteine and methionine metabolism; Arginine and proline metabolism; One carbon pool by folate; Zeatin biosynthesis; Biosynthesis of various plant secondary metabolites; Biosynthesis of plant secondary metabolites; Biosynthesis of plant hormones; Metabolic pathways; Biosynthesis of secondary metabolites; Biosynthesis of amino acids; Biosynthesis of cofactors; Sulfur relay system; Efferocytosis; Folate transport and metabolism; Chemical carcinogenesis - reactive oxygen species,16,Compounds with biological roles,
C00020,AMP,Adenosine 5'-monophosphate; Adenylic acid; Adenylate; 5'-AMP; 5'-Adenylic acid; 5'-Adenosine monophosphate; Adenosine 5'-phosphate,C10H14N5O7P,"Purine metabolism; Zeatin biosynthesis; Biosynthesis of plant secondary metabolites; Biosynthesis of alkaloids derived from histidine and purine; Biosynthesis of plant hormones; Metabolic pathways; Biosynthesis of secondary metabolites; Nucleotide metabolism; Biosynthesis of cofactors; Antifolate resistance; cGMP-PKG signaling pathway; cAMP signaling pathway; FoxO signaling pathway; mTOR signaling pathway; PI3K-Akt signaling pathway; AMPK signaling pathway; Longevity regulating pathway; Olfactory transduction; Taste transduction; Regulation of lipolysis in adipocytes; Renin secretion; Aldosterone synthesis and secretion; Cortisol synthesis and secretion; Parathyroid hormone synthesis, secretion and action; Cushing syndrome; Parkinson disease; Pathways of neurodegeneration - multiple diseases; Morphine addiction",28,Compounds with biological roles; Glycosides; Anatomical Therapeutic Chemical (ATC) classification; Target-based classification of drugs,
C00021,S-Adenosyl-L-homocysteine,S-Adenosylhomocysteine,C14H20N6O5S,Cysteine and methionine metabolism; One carbon pool by folate; Metabolic pathways; Biosynthesis of amino acids; Biosynthesis of cofactors; Folate transport and metabolism; Chemical carcinogenesis - reactive oxygen species,7,,
C00022,Pyruvate,Pyruvic acid; 2-Oxopropanoate; 2-Oxopropanoic acid; Pyroracemic acid,C3H4O3,"Glycolysis / Gluconeogenesis; Citrate cycle (TCA cycle); Pentose phosphate pathway; Pentose and glucuronate interconversions; Ascorbate and aldarate metabolism; Alanine, aspartate and glutamate metabolism; Glycine, serine and threonine metabolism; Monobactam biosynthesis; Cysteine and methionine metabolism; Valine, leucine and isoleucine biosynthesis; Arginine and proline metabolism; Tyrosine metabolism; Phenylalanine metabolism; Benzoate degradation; Taurine and hypotaurine metabolism; Phosphonate and phosphinate metabolism; D-Amino acid metabolism; Sulfoquinovose metabolism; Pyruvate metabolism; Dioxin degradation; Xylene degradation; Glyoxylate and dicarboxylate metabolism; Butanoate metabolism; C5-Branched dibasic acid metabolism; Methane metabolism; Carbon fixation by Calvin cycle; Other carbon fixation pathways; Thiamine metabolism; Nicotinate and nicotinamide metabolism; Pantothenate and CoA biosynthesis; Lipoic acid metabolism; Terpenoid backbone biosynthesis; Steroid degradation; Biosynthesis of various other secondary metabolites; Biosynthesis of various antibiotics; Biosynthesis of plant secondary metabolites; Biosynthesis of phenylpropanoids; Biosynthesis of terpenoids and steroids; Biosynthesis of alkaloids derived from shikimate pathway; Biosynthesis of alkaloids derived from ornithine, lysine and nicotinic acid; Biosynthesis of alkaloids derived from histidine and purine; Biosynthesis of alkaloids derived from terpenoid and polyketide; Biosynthesis of plant hormones; Metabolic pathways; Biosynthesis of secondary metabolites; Microbial metabolism in diverse environments; Carbon metabolism; 2-Oxocarboxylic acid metabolism; Degradation of aromatic compounds; Biosynthesis of amino acids; Biosynthesis of cofactors; Vancomycin resistance; Two-component system; Phosphotransferase system (PTS); HIF-1 signaling pathway; AMPK signaling pathway; Insulin secretion; Glucagon signaling pathway; Type II diabetes mellitus; Insulin resistance; Central carbon metabolism in cancer; Diabetic cardiomyopathy",62,Compounds with biological roles; Lipids,
C00024,Acetyl-CoA,Acetyl coenzyme A,C23H38N7O17P3S,"Glycolysis / Gluconeogenesis; Citrate cycle (TCA cycle); Fatty acid biosynthesis; Fatty acid elongation; Fatty acid degradation; Mycolic acid biosynthesis; Aflatoxin biosynthesis; Valine, leucine and isoleucine degradation; Valine, leucine and isoleucine biosynthesis; Lysine biosynthesis; Lysine degradation; Phenylalanine metabolism; Benzoate degradation; Tryptophan metabolism; beta-Alanine metabolism; Taurine and hypotaurine metabolism; Glutathione metabolism; Inositol phosphate metabolism; Pyruvate metabolism; Dioxin degradation; Xylene degradation; Chloroalkane and chloroalkene degradation; Glyoxylate and dicarboxylate metabolism; Propanoate metabolism; Ethylbenzene degradation; Butanoate metabolism; C5-Branched dibasic acid metabolism; Methane metabolism; Other carbon fixation pathways; Lipoic acid metabolism; Terpenoid backbone biosynthesis; Pinene, camphor and geraniol degradation; Steroid degradation; Biosynthesis of various alkaloids; Biosynthesis of various other secondary metabolites; Biosynthesis of various antibiotics; Biosynthesis of various plant secondary metabolites; Biosynthesis of type II polyketide backbone; Biosynthesis of plant secondary metabolites; Biosynthesis of phenylpropanoids; Biosynthesis of terpenoids and steroids; Biosynthesis of alkaloids derived from shikimate pathway; Biosynthesis of alkaloids derived from ornithine, lysine and nicotinic acid; Biosynthesis of alkaloids derived from histidine and purine; Biosynthesis of alkaloids derived from terpenoid and polyketide; Biosynthesis of plant hormones; Metabolic pathways; Biosynthesis of secondary metabolites; Microbial metabolism in diverse environments; Carbon metabolism; 2-Oxocarboxylic acid metabolism; Fatty acid metabolism; Degradation of aromatic compounds; Biosynthesis of cofactors; HIF-1 signaling pathway; AMPK signaling pathway; Ferroptosis; Thermogenesis; Cholinergic synapse; Glucagon signaling pathway; Insulin resistance; Alcoholic liver disease; Bile secretion; Central carbon metabolism in cancer; Diabetic cardiomyopathy",65,Lipids,
C00026,2-Oxoglutarate,Oxoglutaric acid; 2-Ketoglutaric acid; alpha-Ketoglutaric acid,C5H6O5,"Citrate cycle (TCA cycle); Pentose and glucuronate interconversions; Ascorbate and aldarate metabolism; Arginine biosynthesis; Alanine, aspartate and glutamate metabolism; Lysine biosynthesis; Lysine degradation; Histidine metabolism; Furfural degradation; Taurine and hypotaurine metabolism; D-Amino acid metabolism; Glyoxylate and dicarboxylate metabolism; Butanoate metabolism; C5-Branched dibasic acid metabolism; Other carbon fixation pathways; Lipoic acid metabolism; Biosynthesis of various other secondary metabolites; Biosynthesis of various antibiotics; Biosynthesis of plant secondary metabolites; Biosynthesis of phenylpropanoids; Biosynthesis of terpenoids and steroids; Biosynthesis of alkaloids derived from shikimate pathway; Biosynthesis of alkaloids derived from ornithine, lysine and nicotinic acid; Biosynthesis of alkaloids derived from histidine and purine; Biosynthesis of alkaloids derived from terpenoid and polyketide; Biosynthesis of plant hormones; Metabolic pathways; Biosynthesis of secondary metabolites; Microbial metabolism in diverse environments; Carbon metabolism; 2-Oxocarboxylic acid metabolism; Biosynthesis of amino acids; Biosynthesis of cofactors; HIF-1 signaling pathway; GABAergic synapse; Glucagon signaling pathway; Proximal tubule bicarbonate reclamation; Bile secretion; Central carbon metabolism in cancer",39,Compounds with biological roles,
C00029,UDP-glucose,UDPglucose; UDP-D-glucose; Uridine diphosphate glucose; UDP-alpha-D-glucose,C15H24N2O17P2,"Pentose and glucuronate interconversions; Galactose metabolism; Ascorbate and aldarate metabolism; Starch and sucrose metabolism; Amino sugar and nucleotide sugar metabolism; Neomycin, kanamycin and gentamicin biosynthesis; Biosynthesis of various nucleotide sugars; Teichoic acid biosynthesis; Glycerolipid metabolism; Sulfoquinovose metabolism; Zeatin biosynthesis; Biosynthesis of ansamycins; Biosynthesis of plant secondary metabolites; Metabolic pathways; Biosynthesis of secondary metabolites; Microbial metabolism in diverse environments; Biosynthesis of cofactors; Biosynthesis of nucleotide sugars; Neuroactive ligand signaling",19,Compounds with biological roles,
C00031,D-Glucose,Grape sugar; Dextrose; Glucose; D-Glucopyranose,C6H12O6,"Glycolysis / Gluconeogenesis; Pentose phosphate pathway; Galactose metabolism; Mycolic acid biosynthesis; Starch and sucrose metabolism; Amino sugar and nucleotide sugar metabolism; Streptomycin biosynthesis; Neomycin, kanamycin and gentamicin biosynthesis; Sulfoquinovose metabolism; Indole alkaloid biosynthesis; Metabolic pathways; Biosynthesis of secondary metabolites; ABC transporters; Two-component system; Phosphotransferase system (PTS); HIF-1 signaling pathway; FoxO signaling pathway; Meiosis - yeast; Efferocytosis; AMPK signaling pathway; Taste transduction; Insulin signaling pathway; Insulin secretion; Prolactin signaling pathway; Glucagon signaling pathway; Type II diabetes mellitus; Insulin resistance; Non-alcoholic fatty liver disease; AGE-RAGE signaling pathway in diabetic complications; Carbohydrate digestion and absorption; Bile secretion; Mineral absorption; Biofilm formation - Vibrio cholerae; Central carbon metabolism in cancer; Diabetic cardiomyopathy",35,Compounds with biological roles; Anatomical Therapeutic Chemical (ATC) classification; Therapeutic category of drugs in Japan; Risk category of Japanese OTC drugs; Drugs listed in the Japanese Pharmacopoeia,
C00033,Acetate,Acetic acid; Ethanoic acid,C2H4O2,Glycolysis / Gluconeogenesis; Taurine and hypotaurine metabolism; Phosphonate and phosphinate metabolism; Glycosaminoglycan biosynthesis - heparan sulfate / heparin; Pyruvate metabolism; Glyoxylate and dicarboxylate metabolism; C5-Branched dibasic acid metabolism; Methane metabolism; Other carbon fixation pathways; Zeatin biosynthesis; Sulfur metabolism; Metabolic pathways; Biosynthesis of secondary metabolites; Microbial metabolism in diverse environments; Carbon metabolism; Degradation of aromatic compounds; Cholinergic synapse; Alcoholic liver disease; Carbohydrate digestion and absorption; Protein digestion and absorption,20,Compounds with biological roles; Lipids; Anatomical Therapeutic Chemical (ATC) classification; USP drug classification; Therapeutic category of drugs in Japan; Risk category of Japanese OTC drugs; Drugs listed in the Japanese Pharmacopoeia,
C00035,GDP,Guanosine 5'-diphosphate; Guanosine diphosphate,C10H15N5O11P2,Purine metabolism; Metabolic pathways; Nucleotide metabolism; Ras signaling pathway; Rap1 signaling pathway; Mitophagy - animal; Autophagy - animal; Endocytosis; Integrated stress response (ISR) signaling pathway,9,Compounds with biological roles,
C00037,Glycine,Aminoacetic acid; Gly,C2H5NO2,"Primary bile acid biosynthesis; Purine metabolism; Glycine, serine and threonine metabolism; Lysine degradation; Phosphonate and phosphinate metabolism; Cyanoamino acid metabolism; D-Amino acid metabolism; Glutathione metabolism; Glyoxylate and dicarboxylate metabolism; One carbon pool by folate; Methane metabolism; Thiamine metabolism; Lipoic acid metabolism; Porphyrin metabolism; Aminoacyl-tRNA biosynthesis; Biosynthesis of plant secondary metabolites; Metabolic pathways; Biosynthesis of secondary metabolites; Microbial metabolism in diverse environments; Carbon metabolism; Biosynthesis of amino acids; Biosynthesis of cofactors; Vancomycin resistance; ABC transporters; Biofilm formation - Escherichia coli; Neuroactive ligand-receptor interaction; Neuroactive ligand signaling; Synaptic vesicle cycle; Protein digestion and absorption; Mineral absorption; Central carbon metabolism in cancer",31,Compounds with biological roles; Anatomical Therapeutic Chemical (ATC) classification; Risk category of Japanese OTC drugs; Drugs listed in the Japanese Pharmacopoeia,
C00042,Succinate,Succinic acid; Butanedionic acid; Ethylenesuccinic acid,C4H6O4,"Citrate cycle (TCA cycle); Oxidative phosphorylation; Alanine, aspartate and glutamate metabolism; Lysine degradation; Tyrosine metabolism; Phenylalanine metabolism; Chlorocyclohexane and chlorobenzene degradation; Pyruvate metabolism; Glyoxylate and dicarboxylate metabolism; Propanoate metabolism; Butanoate metabolism; Other carbon fixation pathways; Nicotinate and nicotinamide metabolism; Sulfur metabolism; Biosynthesis of plant secondary metabolites; Biosynthesis of phenylpropanoids; Biosynthesis of terpenoids and steroids; Biosynthesis of alkaloids derived from shikimate pathway; Biosynthesis of alkaloids derived from ornithine, lysine and nicotinic acid; Biosynthesis of alkaloids derived from histidine and purine; Biosynthesis of alkaloids derived from terpenoid and polyketide; Biosynthesis of plant hormones; Metabolic pathways; Biosynthesis of secondary metabolites; Microbial metabolism in diverse environments; Carbon metabolism; Degradation of aromatic compounds; Two-component system; cAMP signaling pathway; GABAergic synapse; Glucagon signaling pathway; Central carbon metabolism in cancer",32,Compounds with biological roles; Lipids,
C00043,UDP-N-acetyl-alpha-D-glucosamine,UDP-N-acetyl-D-glucosamine; UDP-N-acetylglucosamine,C17H27N3O17P2,"Amino sugar and nucleotide sugar metabolism; Neomycin, kanamycin and gentamicin biosynthesis; Lipopolysaccharide biosynthesis; Biosynthesis of various nucleotide sugars; Peptidoglycan biosynthesis; Teichoic acid biosynthesis; Teichoic acid biosynthesis; Glycosylphosphatidylinositol (GPI)-anchor biosynthesis; Arabinogalactan biosynthesis - Mycobacterium; Metabolic pathways; Biosynthesis of nucleotide sugars; Vancomycin resistance; Insulin resistance; Diabetic cardiomyopathy",14,Lipids,
C00044,GTP,Guanosine 5'-triphosphate,C10H16N5O14P3,Purine metabolism; Riboflavin metabolism; Folate biosynthesis; Metabolic pathways; Biosynthesis of secondary metabolites; Nucleotide metabolism; Biosynthesis of cofactors; Biofilm formation - Pseudomonas aeruginosa; Ras signaling pathway; Rap1 signaling pathway; Sulfur relay system; Mitophagy - animal; Autophagy - animal; Endocytosis; Integrated stress response (ISR) signaling pathway; Biofilm formation - Vibrio cholerae,16,Compounds with biological roles,
C00047,L-Lysine,"Lysine acid; 2,6-Diaminohexanoic acid",C6H14N2O2,"Lysine biosynthesis; Lysine degradation; D-Amino acid metabolism; Biotin metabolism; Tropane, piperidine and pyridine alkaloid biosynthesis; Aminoacyl-tRNA biosynthesis; Biosynthesis of various siderophores; Biosynthesis of various other secondary metabolites; Biosynthesis of plant secondary metabolites; Biosynthesis of alkaloids derived from ornithine, lysine and nicotinic acid; Metabolic pathways; Biosynthesis of secondary metabolites; Microbial metabolism in diverse environments; 2-Oxocarboxylic acid metabolism; Biosynthesis of amino acids; ABC transporters; Protein digestion and absorption",17,Compounds with biological roles; Anatomical Therapeutic Chemical (ATC) classification; Risk category of Japanese OTC drugs,
C00048,Glyoxylate,Glyoxalate; Glyoxylic acid,C2H2O3,"Purine metabolism; Caffeine metabolism; Glycine, serine and threonine metabolism; Arginine and proline metabolism; Chloroalkane and chloroalkene degradation; Glyoxylate and dicarboxylate metabolism; C5-Branched dibasic acid metabolism; Methane metabolism; Other carbon fixation pathways; Metabolic pathways; Biosynthesis of secondary metabolites; Microbial metabolism in diverse environments; Carbon metabolism",13,Compounds with biological roles,
C00049,L-Aspartate,L-Aspartic acid; 2-Aminosuccinic acid; L-Asp,C4H7NO4,"Arginine biosynthesis; Alanine, aspartate and glutamate metabolism; Glycine, serine and threonine metabolism; Monobactam biosynthesis; Cysteine and methionine metabolism; Lysine biosynthesis; Histidine metabolism; beta-Alanine metabolism; Cyanoamino acid metabolism; D-Amino acid metabolism; Glyoxylate and dicarboxylate metabolism; Carbon fixation by Calvin cycle; Nicotinate and nicotinamide metabolism; Pantothenate and CoA biosynthesis; Aminoacyl-tRNA biosynthesis; Biosynthesis of various other secondary metabolites; Biosynthesis of various antibiotics; Biosynthesis of various plant secondary metabolites; Biosynthesis of plant secondary metabolites; Biosynthesis of alkaloids derived from ornithine, lysine and nicotinic acid; Biosynthesis of plant hormones; Metabolic pathways; Biosynthesis of secondary metabolites; Microbial metabolism in diverse environments; Carbon metabolism; 2-Oxocarboxylic acid metabolism; Biosynthesis of amino acids; Biosynthesis of cofactors; ABC transporters; Two-component system; Bacterial chemotaxis; Neuroactive ligand-receptor interaction; Protein digestion and absorption; Central carbon metabolism in cancer",34,Compounds with biological roles; Risk category of Japanese OTC drugs; Drugs listed in the Japanese Pharmacopoeia,
C00051,Glutathione,5-L-Glutamyl-L-cysteinylglycine; N-(N-gamma-L-Glutamyl-L-cysteinyl)glycine; gamma-L-Glutamyl-L-cysteinyl-glycine; GSH; Reduced glutathione,C10H17N3O6S,Cysteine and methionine metabolism; Glutathione metabolism; Metabolic pathways; Biosynthesis of cofactors; ABC transporters; Ferroptosis; Thyroid hormone synthesis; Bile secretion; Chemical carcinogenesis - reactive oxygen species; Diabetic cardiomyopathy,10,Compounds with biological roles; Anatomical Therapeutic Chemical (ATC) classification; Therapeutic category of drugs in Japan; Drugs listed in the Japanese Pharmacopoeia,
C00054,"Adenosine 3',5'-bisphosphate",PAP; 3'-Phosphoadenylate; Phosphoadenosine phosphate,C10H15N5O10P2,Purine metabolism; Glycosaminoglycan biosynthesis - chondroitin sulfate / dermatan sulfate; Glycosaminoglycan biosynthesis - heparan sulfate / heparin; Pantothenate and CoA biosynthesis; Sulfur metabolism; Metabolic pathways,6,,
C00055,CMP,Cytidine-5'-monophosphate; Cytidylic acid,C9H14N3O8P,Pyrimidine metabolism; Metabolic pathways; Nucleotide metabolism,3,Compounds with biological roles; Glycosides,
C00058,Formate,Methanoic acid; Formic acid,CH2O2,Phosphonate and phosphinate metabolism; Pyruvate metabolism; Chloroalkane and chloroalkene degradation; Glyoxylate and dicarboxylate metabolism; Methane metabolism; Other carbon fixation pathways; Nitrogen metabolism; Metabolic pathways; Microbial metabolism in diverse environments; Carbon metabolism; Degradation of aromatic compounds,11,Compounds with biological roles; Lipids,
C00059,Sulfate,Sulfuric acid,H2SO4,Purine metabolism; Monobactam biosynthesis; Cysteine and methionine metabolism; Sulfur metabolism; Metabolic pathways; Biosynthesis of secondary metabolites; Microbial metabolism in diverse environments; Sulfur cycle; ABC transporters; Quorum sensing,10,,
C00062,L-Arginine,(S)-2-Amino-5-guanidinovaleric acid; L-Arg,C6H14N4O2,"Arginine biosynthesis; Monobactam biosynthesis; Arginine and proline metabolism; Clavulanic acid biosynthesis; D-Amino acid metabolism; Aminoacyl-tRNA biosynthesis; Biosynthesis of various other secondary metabolites; Biosynthesis of various antibiotics; Biosynthesis of plant secondary metabolites; Biosynthesis of alkaloids derived from ornithine, lysine and nicotinic acid; Metabolic pathways; Biosynthesis of secondary metabolites; Biosynthesis of amino acids; ABC transporters; Efferocytosis; mTOR signaling pathway; Protein digestion and absorption; Amyotrophic lateral sclerosis; Pathways of neurodegeneration - multiple diseases; Chagas disease; Amoebiasis; Central carbon metabolism in cancer",22,Compounds with biological roles; Risk category of Japanese OTC drugs; Drugs listed in the Japanese Pharmacopoeia,
C00063,CTP,Cytidine 5'-triphosphate; Cytidine triphosphate,C9H16N3O14P3,Pyrimidine metabolism; Mannose type O-glycan biosynthesis; Metabolic pathways; Nucleotide metabolism; Biosynthesis of cofactors,5,Compounds with biological roles; Glycosides,
C00064,L-Glutamine,L-2-Aminoglutaramic acid,C5H10N2O3,"Arginine biosynthesis; Purine metabolism; Pyrimidine metabolism; Alanine, aspartate and glutamate metabolism; D-Amino acid metabolism; Glyoxylate and dicarboxylate metabolism; Vitamin B6 metabolism; Nitrogen metabolism; Aminoacyl-tRNA biosynthesis; Biosynthesis of plant secondary metabolites; Metabolic pathways; Biosynthesis of secondary metabolites; Microbial metabolism in diverse environments; Biosynthesis of amino acids; Nucleotide metabolism; Biosynthesis of cofactors; ABC transporters; Two-component system; Cornified envelope formation; Glutamatergic synapse; GABAergic synapse; Proximal tubule bicarbonate reclamation; Protein digestion and absorption; Mineral absorption; Central carbon metabolism in cancer",25,Compounds with biological roles; Anatomical Therapeutic Chemical (ATC) classification; USP drug classification; Risk category of Japanese OTC drugs; Drug groups; Drugs listed in the Japanese Pharmacopoeia,
C00065,L-Serine,L-2-Amino-3-hydroxypropionic acid; L-3-Hydroxy-alanine; Serine,C3H7NO3,"Glycine, serine and threonine metabolism; Monobactam biosynthesis; Cysteine and methionine metabolism; Cyanoamino acid metabolism; D-Amino acid metabolism; Glycerophospholipid metabolism; Sphingolipid metabolism; Glyoxylate and dicarboxylate metabolism; One carbon pool by folate; Methane metabolism; Sulfur metabolism; Aminoacyl-tRNA biosynthesis; Biosynthesis of various siderophores; Biosynthesis of various antibiotics; Nonribosomal peptide structures; Biosynthesis of plant secondary metabolites; Metabolic pathways; Biosynthesis of secondary metabolites; Microbial metabolism in diverse environments; Carbon metabolism; Biosynthesis of amino acids; Biosynthesis of cofactors; Vancomycin resistance; ABC transporters; Sphingolipid signaling pathway; Protein digestion and absorption; Mineral absorption; Central carbon metabolism in cancer",28,Compounds with biological roles; Drugs listed in the Japanese Pharmacopoeia,
C00072,Ascorbate,Ascorbic acid; L-Ascorbate; L-Ascorbic acid; Vitamin C,C6H8O6,Ascorbate and aldarate metabolism; Glutathione metabolism; Metabolic pathways; Biosynthesis of secondary metabolites; Microbial metabolism in diverse environments; Biosynthesis of cofactors; Phosphotransferase system (PTS); HIF-1 signaling pathway; Vitamin digestion and absorption,9,Compounds with biological roles; Anatomical Therapeutic Chemical (ATC) classification; USP drug classification; Therapeutic category of drugs in Japan; Classification of Japanese OTC drugs; Risk category of Japanese OTC drugs; Drugs listed in the Japanese Pharmacopoeia,
C00073,L-Methionine,Methionine; L-2-Amino-4methylthiobutyric acid,C5H11NO2S,Cysteine and methionine metabolism; D-Amino acid metabolism; One carbon pool by folate; Sulfur metabolism; Glucosinolate biosynthesis; Aminoacyl-tRNA biosynthesis; Biosynthesis of various plant secondary metabolites; Biosynthesis of plant secondary metabolites; Biosynthesis of plant hormones; Metabolic pathways; Biosynthesis of secondary metabolites; Microbial metabolism in diverse environments; 2-Oxocarboxylic acid metabolism; Biosynthesis of amino acids; Biosynthesis of cofactors; Sulfur cycle; Antifolate resistance; Efferocytosis; Protein digestion and absorption; Mineral absorption; Cobalamin transport and metabolism; Folate transport and metabolism; Central carbon metabolism in cancer,23,Compounds with biological roles; Anatomical Therapeutic Chemical (ATC) classification; Risk category of Japanese OTC drugs; Drugs listed in the Japanese Pharmacopoeia,
C00074,Phosphoenolpyruvate,Phosphoenolpyruvic acid; PEP,C3H5O6P,"Glycolysis / Gluconeogenesis; Citrate cycle (TCA cycle); Phenylalanine, tyrosine and tryptophan biosynthesis; Phosphonate and phosphinate metabolism; Pyruvate metabolism; Methane metabolism; Carbon fixation by Calvin cycle; Other carbon fixation pathways; Biosynthesis of various alkaloids; Biosynthesis of various antibiotics; Biosynthesis of various plant secondary metabolites; Biosynthesis of plant secondary metabolites; Biosynthesis of phenylpropanoids; Biosynthesis of terpenoids and steroids; Biosynthesis of alkaloids derived from shikimate pathway; Biosynthesis of plant hormones; Metabolic pathways; Biosynthesis of secondary metabolites; Microbial metabolism in diverse environments; Carbon metabolism; Biosynthesis of amino acids; Biosynthesis of cofactors; Phosphotransferase system (PTS); Glucagon signaling pathway; Proximal tubule bicarbonate reclamation; Central carbon metabolism in cancer",26,,
C00075,UTP,Uridine 5'-triphosphate; Uridine triphosphate,C9H15N2O15P3,Pyrimidine metabolism; Metabolic pathways; Nucleotide metabolism; Biosynthesis of cofactors; Neuroactive ligand-receptor interaction; Neuroactive ligand signaling; Efferocytosis,7,Compounds with biological roles,
C00077,L-Ornithine,"(S)-2,5-Diaminovaleric acid; (S)-2,5-Diaminopentanoic acid; (S)-2,5-Diaminopentanoate",C5H12N2O2,"Arginine biosynthesis; Arginine and proline metabolism; D-Amino acid metabolism; Glutathione metabolism; Biosynthesis of various siderophores; Biosynthesis of various other secondary metabolites; Biosynthesis of various antibiotics; Biosynthesis of plant secondary metabolites; Biosynthesis of alkaloids derived from ornithine, lysine and nicotinic acid; Metabolic pathways; Biosynthesis of secondary metabolites; 2-Oxocarboxylic acid metabolism; Biosynthesis of amino acids; ABC transporters; Efferocytosis",15,Compounds with biological roles,
C00078,L-Tryptophan,Tryptophan; (S)-alpha-Amino-beta-(3-indolyl)-propionic acid,C11H12N2O2,"Glycine, serine and threonine metabolism; Tryptophan metabolism; Phenylalanine, tyrosine and tryptophan biosynthesis; Staurosporine biosynthesis; Indole alkaloid biosynthesis; Glucosinolate biosynthesis; Aminoacyl-tRNA biosynthesis; Biosynthesis of various alkaloids; Biosynthesis of various other secondary metabolites; Biosynthesis of various plant secondary metabolites; Biosynthesis of plant secondary metabolites; Biosynthesis of phenylpropanoids; Biosynthesis of alkaloids derived from shikimate pathway; Biosynthesis of plant hormones; Metabolic pathways; Biosynthesis of secondary metabolites; 2-Oxocarboxylic acid metabolism; Biosynthesis of amino acids; Biosynthesis of cofactors; Axon regeneration; Serotonergic synapse; Protein digestion and absorption; Mineral absorption; African trypanosomiasis; Central carbon metabolism in cancer",25,Compounds with biological roles; Anatomical Therapeutic Chemical (ATC) classification; Risk category of Japanese OTC drugs; Drugs listed in the Japanese Pharmacopoeia,
C00079,L-Phenylalanine,(S)-alpha-Amino-beta-phenylpropionic acid,C9H11NO2,"Phenylalanine metabolism; Phenylalanine, tyrosine and tryptophan biosynthesis; Cyanoamino acid metabolism; D-Amino acid metabolism; Diterpenoid biosynthesis; Phenylpropanoid biosynthesis; Tropane, piperidine and pyridine alkaloid biosynthesis; Glucosinolate biosynthesis; Aminoacyl-tRNA biosynthesis; Biosynthesis of various alkaloids; Biosynthesis of various other secondary metabolites; Biosynthesis of various plant secondary metabolites; Biosynthesis of plant secondary metabolites; Biosynthesis of phenylpropanoids; Biosynthesis of alkaloids derived from shikimate pathway; Biosynthesis of alkaloids derived from ornithine, lysine and nicotinic acid; Biosynthesis of plant hormones; Metabolic pathways; Biosynthesis of secondary metabolites; 2-Oxocarboxylic acid metabolism; Biosynthesis of amino acids; ABC transporters; Protein digestion and absorption; Mineral absorption; Central carbon metabolism in cancer",25,Compounds with biological roles; Risk category of Japanese OTC drugs; Drugs listed in the Japanese Pharmacopoeia,
C00081,ITP,Inosine 5'-triphosphate; Inosine triphosphate; Inosine tripolyphosphate,C10H15N4O14P3,Purine metabolism; Metabolic pathways; Nucleotide metabolism,3,Glycosides,
C00082,L-Tyrosine,(S)-3-(p-Hydroxyphenyl)alanine; (S)-2-Amino-3-(p-hydroxyphenyl)propionic acid; Tyrosine,C9H11NO3,"Ubiquinone and other terpenoid-quinone biosynthesis; Monobactam biosynthesis; Tyrosine metabolism; Phenylalanine metabolism; Phenylalanine, tyrosine and tryptophan biosynthesis; Novobiocin biosynthesis; Cyanoamino acid metabolism; Methane metabolism; Thiamine metabolism; Phenylpropanoid biosynthesis; Isoquinoline alkaloid biosynthesis; Betalain biosynthesis; Glucosinolate biosynthesis; Aminoacyl-tRNA biosynthesis; Biosynthesis of various other secondary metabolites; Biosynthesis of various antibiotics; Biosynthesis of various plant secondary metabolites; Biosynthesis of vancomycin group antibiotics; Biosynthesis of enediyne antibiotics; Biosynthesis of plant secondary metabolites; Biosynthesis of alkaloids derived from shikimate pathway; Metabolic pathways; Biosynthesis of secondary metabolites; 2-Oxocarboxylic acid metabolism; Biosynthesis of amino acids; Biosynthesis of cofactors; Dopaminergic synapse; Melanogenesis; Prolactin signaling pathway; Protein digestion and absorption; Parkinson disease; Cocaine addiction; Amphetamine addiction; Alcoholism; Central carbon metabolism in cancer",35,Compounds with biological roles; Drugs listed in the Japanese Pharmacopoeia,
C00083,Malonyl-CoA,Malonyl coenzyme A,C24H38N7O19P3S,"Fatty acid biosynthesis; Fatty acid elongation; Mycolic acid biosynthesis; Tetracycline biosynthesis; Aflatoxin biosynthesis; Carbapenem biosynthesis; Prodigiosin biosynthesis; beta-Alanine metabolism; Biosynthesis of 12-, 14- and 16-membered macrolides; Pyruvate metabolism; Propanoate metabolism; Other carbon fixation pathways; Tropane, piperidine and pyridine alkaloid biosynthesis; Biosynthesis of various alkaloids; Biosynthesis of various other secondary metabolites; Biosynthesis of various antibiotics; Biosynthesis of various plant secondary metabolites; Biosynthesis of vancomycin group antibiotics; Biosynthesis of type II polyketide backbone; Biosynthesis of enediyne antibiotics; Biosynthesis of plant secondary metabolites; Biosynthesis of alkaloids derived from terpenoid and polyketide; Biosynthesis of plant hormones; Metabolic pathways; Biosynthesis of secondary metabolites; Microbial metabolism in diverse environments; Carbon metabolism; Fatty acid metabolism; Biosynthesis of cofactors; AMPK signaling pathway; Adipocytokine signaling pathway; Glucagon signaling pathway; Insulin resistance; Alcoholic liver disease",34,Lipids,
C00085,D-Fructose 6-phosphate,D-Fructose 6-phosphoric acid; Neuberg ester,C6H13O9P,"Glycolysis / Gluconeogenesis; Pentose phosphate pathway; Fructose and mannose metabolism; Galactose metabolism; Starch and sucrose metabolism; Amino sugar and nucleotide sugar metabolism; Methane metabolism; Carbon fixation by Calvin cycle; Biosynthesis of various other secondary metabolites; Biosynthesis of various antibiotics; Biosynthesis of plant secondary metabolites; Biosynthesis of phenylpropanoids; Biosynthesis of terpenoids and steroids; Biosynthesis of alkaloids derived from shikimate pathway; Biosynthesis of alkaloids derived from ornithine, lysine and nicotinic acid; Biosynthesis of alkaloids derived from histidine and purine; Biosynthesis of alkaloids derived from terpenoid and polyketide; Biosynthesis of plant hormones; Metabolic pathways; Biosynthesis of secondary metabolites; Microbial metabolism in diverse environments; Carbon metabolism; Biosynthesis of amino acids; Biosynthesis of cofactors; Biosynthesis of nucleotide sugars; AMPK signaling pathway; Glucagon signaling pathway; Insulin resistance; Central carbon metabolism in cancer; Diabetic cardiomyopathy",30,,
C00086,Urea,Carbamide,CH4N2O,Arginine biosynthesis; Purine metabolism; Pyrimidine metabolism; Arginine and proline metabolism; Biotin metabolism; Atrazine degradation; Metabolic pathways; Biosynthesis of secondary metabolites; Microbial metabolism in diverse environments; ABC transporters; Epithelial cell signaling in Helicobacter pylori infection,11,Anatomical Therapeutic Chemical (ATC) classification; Therapeutic category of drugs in Japan; Classification of Japanese OTC drugs; Risk category of Japanese OTC drugs; Drug groups; Drugs listed in the Japanese Pharmacopoeia,
C00090,Catechol,"1,2-Benzenediol; o-Benzenediol; 1,2-Dihydroxybenzene; Brenzcatechin; Pyrocatechol",C6H6O2,Chlorocyclohexane and chlorobenzene degradation; Benzoate degradation; Fluorobenzoate degradation; Dioxin degradation; Polycyclic aromatic hydrocarbon degradation; Naphthalene degradation; Aminobenzoate degradation; Metabolic pathways; Microbial metabolism in diverse environments; Degradation of aromatic compounds,10,,
C00091,Succinyl-CoA,Succinyl coenzyme A,C25H40N7O19P3S,"Citrate cycle (TCA cycle); Valine, leucine and isoleucine degradation; Phenylalanine metabolism; Benzoate degradation; Toluene degradation; Naphthalene degradation; Glyoxylate and dicarboxylate metabolism; Propanoate metabolism; Butanoate metabolism; Other carbon fixation pathways; Lipoic acid metabolism; Steroid degradation; Biosynthesis of plant secondary metabolites; Biosynthesis of phenylpropanoids; Biosynthesis of alkaloids derived from shikimate pathway; Biosynthesis of alkaloids derived from ornithine, lysine and nicotinic acid; Biosynthesis of alkaloids derived from histidine and purine; Biosynthesis of alkaloids derived from terpenoid and polyketide; Biosynthesis of plant hormones; Metabolic pathways; Biosynthesis of secondary metabolites; Microbial metabolism in diverse environments; Carbon metabolism; 2-Oxocarboxylic acid metabolism; Degradation of aromatic compounds; Cobalamin transport and metabolism",26,Lipids,
C00092,D-Glucose 6-phosphate,Glucose 6-phosphate; Robison ester,C6H13O9P,"Starch and sucrose metabolism; Streptomycin biosynthesis; Neomycin, kanamycin and gentamicin biosynthesis; Inositol phosphate metabolism; Biosynthesis of various antibiotics; Biosynthesis of terpenoids and steroids; Metabolic pathways; Biosynthesis of secondary metabolites; Two-component system; Phosphotransferase system (PTS); Insulin secretion; Prolactin signaling pathway; Thyroid hormone synthesis; Insulin resistance; Carbohydrate digestion and absorption; Biofilm formation - Vibrio cholerae; Central carbon metabolism in cancer; Diabetic cardiomyopathy",18,,
C00093,sn-Glycerol 3-phosphate,Glycerophosphoric acid; D-Glycerol 1-phosphate,C3H9O6P,Glycerolipid metabolism; Glycerophospholipid metabolism; Metabolic pathways; Biosynthesis of secondary metabolites; ABC transporters; Choline metabolism in cancer,6,Risk category of Japanese OTC drugs,
C00095,D-Fructose,Levulose; Fruit sugar; D-arabino-Hexulose,C6H12O6,Fructose and mannose metabolism; Galactose metabolism; Starch and sucrose metabolism; Amino sugar and nucleotide sugar metabolism; Metabolic pathways; Biosynthesis of secondary metabolites; Microbial metabolism in diverse environments; Biosynthesis of nucleotide sugars; ABC transporters; Phosphotransferase system (PTS); Taste transduction; Insulin resistance; Carbohydrate digestion and absorption; Diabetic cardiomyopathy,14,Compounds with biological roles,
C00096,GDP-mannose,GDP-D-mannose; GDP-alpha-D-mannose,C16H25N5O16P2,Fructose and mannose metabolism; Ascorbate and aldarate metabolism; N-Glycan biosynthesis; Amino sugar and nucleotide sugar metabolism; Biosynthesis of various nucleotide sugars; Lipoarabinomannan (LAM) biosynthesis; Metabolic pathways; Biosynthesis of secondary metabolites; Biosynthesis of cofactors; Biosynthesis of nucleotide sugars,10,,
C00097,L-Cysteine,L-2-Amino-3-mercaptopropionic acid,C3H7NO2S,"Glycine, serine and threonine metabolism; Cysteine and methionine metabolism; Penicillin and cephalosporin biosynthesis; Histidine metabolism; Taurine and hypotaurine metabolism; Cyanoamino acid metabolism; D-Amino acid metabolism; Glutathione metabolism; One carbon pool by folate; Thiamine metabolism; Pantothenate and CoA biosynthesis; Sulfur metabolism; Aminoacyl-tRNA biosynthesis; Biosynthesis of plant secondary metabolites; Metabolic pathways; Biosynthesis of secondary metabolites; Microbial metabolism in diverse environments; Carbon metabolism; Biosynthesis of amino acids; Biosynthesis of cofactors; Sulfur cycle; Sulfur relay system; Ferroptosis; Protein digestion and absorption; Central carbon metabolism in cancer",25,Compounds with biological roles; Therapeutic category of drugs in Japan; Classification of Japanese OTC drugs; Risk category of Japanese OTC drugs; Drugs listed in the Japanese Pharmacopoeia,
C00099,beta-Alanine,3-Aminopropionic acid; 3-Aminopropanoate,C3H7NO2,Pyrimidine metabolism; beta-Alanine metabolism; Propanoate metabolism; Pantothenate and CoA biosynthesis; Metabolic pathways; Biosynthesis of secondary metabolites; Biosynthesis of cofactors; Neuroactive ligand-receptor interaction; Protein digestion and absorption,9,Compounds with biological roles,
C00103,D-Glucose 1-phosphate,alpha-D-Glucose 1-phosphate; Cori ester; D-Glucose alpha-1-phosphate,C6H13O9P,Glycolysis / Gluconeogenesis; Pentose and glucuronate interconversions; Galactose metabolism; Starch and sucrose metabolism; Amino sugar and nucleotide sugar metabolism; Streptomycin biosynthesis; Polyketide sugar unit biosynthesis; Acarbose and validamycin biosynthesis; Biosynthesis of various nucleotide sugars; Glycerolipid metabolism; Sulfoquinovose metabolism; Biosynthesis of plant secondary metabolites; Metabolic pathways; Biosynthesis of secondary metabolites; Microbial metabolism in diverse environments; Biosynthesis of cofactors; Biosynthesis of nucleotide sugars; Glucagon signaling pathway,18,,
C00104,IDP,Inosine 5'-diphosphate; Inosine diphosphate,C10H14N4O11P2,Purine metabolism; Metabolic pathways; Nucleotide metabolism,3,Glycosides,
C00105,UMP,Uridylic acid; Uridine monophosphate; Uridine 5'-monophosphate; 5'Uridylic acid; Uridylate,C9H13N2O9P,Pyrimidine metabolism; Metabolic pathways; Nucleotide metabolism; Biosynthesis of cofactors,4,Compounds with biological roles,
C00106,Uracil,,C4H4N2O2,Pyrimidine metabolism; beta-Alanine metabolism; Pantothenate and CoA biosynthesis; Metabolic pathways; Nucleotide metabolism,5,Compounds with biological roles,
C00108,Anthranilate,Anthranilic acid; o-Aminobenzoic acid; Vitamin L1; 2-Aminobenzoate,C7H7NO2,"Tryptophan metabolism; Phenylalanine, tyrosine and tryptophan biosynthesis; Phenazine biosynthesis; Dioxin degradation; Aminobenzoate degradation; Biosynthesis of various alkaloids; Biosynthesis of various other secondary metabolites; Biosynthesis of various antibiotics; Biosynthesis of various plant secondary metabolites; Biosynthesis of plant secondary metabolites; Biosynthesis of phenylpropanoids; Biosynthesis of alkaloids derived from shikimate pathway; Biosynthesis of plant hormones; Metabolic pathways; Biosynthesis of secondary metabolites; Microbial metabolism in diverse environments; Degradation of aromatic compounds; Biosynthesis of amino acids; Benzoic acid family",19,,
C00109,2-Oxobutanoate,2-Ketobutyric acid; 2-Oxobutyric acid; 2-Oxobutyrate; 2-Oxobutanoic acid; alpha-Ketobutyric acid; alpha-Ketobutyrate,C4H6O3,"Glycine, serine and threonine metabolism; Cysteine and methionine metabolism; Valine, leucine and isoleucine biosynthesis; Propanoate metabolism; C5-Branched dibasic acid metabolism; Metabolic pathways; Biosynthesis of secondary metabolites; 2-Oxocarboxylic acid metabolism; Biosynthesis of amino acids",9,Compounds with biological roles; Lipids,
C00111,Glycerone phosphate,Dihydroxyacetone phosphate; 3-Hydroxy-2-oxopropyl phosphate,C3H7O6P,Glycolysis / Gluconeogenesis; Pentose and glucuronate interconversions; Fructose and mannose metabolism; Galactose metabolism; Glycerolipid metabolism; Inositol phosphate metabolism; Glycerophospholipid metabolism; Glyoxylate and dicarboxylate metabolism; Propanoate metabolism; Methane metabolism; Carbon fixation by Calvin cycle; Nicotinate and nicotinamide metabolism; Metabolic pathways; Biosynthesis of secondary metabolites; Microbial metabolism in diverse environments; Carbon metabolism; Biosynthesis of amino acids,17,,
C00112,CDP,Cytidine 5'-diphosphate; Cytidine diphosphate,C9H15N3O11P2,Pyrimidine metabolism; Metabolic pathways; Nucleotide metabolism; Biosynthesis of cofactors,4,Compounds with biological roles,
C00114,Choline,Bilineurine,C5H14NO,"Glycine, serine and threonine metabolism; Teichoic acid biosynthesis; Glycerophospholipid metabolism; One carbon pool by folate; Metabolic pathways; ABC transporters; Neuroactive ligand signaling; Cholinergic synapse; Bile secretion; Folate transport and metabolism; Choline metabolism in cancer",11,Pesticides; Risk category of Japanese OTC drugs,
C00116,Glycerol,"Glycerin; 1,2,3-Trihydroxypropane; 1,2,3-Propanetriol",C3H8O3,Pentose and glucuronate interconversions; Galactose metabolism; Glycerolipid metabolism; Metabolic pathways; Biosynthesis of secondary metabolites; Microbial metabolism in diverse environments; ABC transporters; Thermogenesis; Retrograde endocannabinoid signaling; Regulation of lipolysis in adipocytes,10,Compounds with biological roles; Anatomical Therapeutic Chemical (ATC) classification; Therapeutic category of drugs in Japan; Classification of Japanese OTC drugs; Risk category of Japanese OTC drugs; Drug groups; Drugs listed in the Japanese Pharmacopoeia,
C00117,D-Ribose 5-phosphate,Ribose 5-phosphate,C5H11O8P,Pentose phosphate pathway; Purine metabolism; Phosphonate and phosphinate metabolism; Carbon fixation by Calvin cycle; Vitamin B6 metabolism; Metabolic pathways; Biosynthesis of secondary metabolites; Microbial metabolism in diverse environments; Carbon metabolism; Biosynthesis of amino acids; Biosynthesis of cofactors; Thyroid hormone synthesis,12,,
C00119,5-Phospho-alpha-D-ribose 1-diphosphate,5-Phosphoribosyl diphosphate; 5-Phosphoribosyl 1-pyrophosphate; PRPP,C5H13O14P3,"Pentose phosphate pathway; Purine metabolism; Pyrimidine metabolism; Histidine metabolism; Phenylalanine, tyrosine and tryptophan biosynthesis; Folate biosynthesis; Biosynthesis of plant secondary metabolites; Biosynthesis of alkaloids derived from histidine and purine; Biosynthesis of plant hormones; Metabolic pathways; Biosynthesis of secondary metabolites; Microbial metabolism in diverse environments; Carbon metabolism; Biosynthesis of amino acids; Nucleotide metabolism; Biosynthesis of cofactors; Antifolate resistance",17,,
C00120,Biotin,D-Biotin; Vitamin H; Coenzyme R,C10H16N2O3S,Biotin metabolism; Metabolic pathways; Biosynthesis of cofactors; ABC transporters; Vitamin digestion and absorption,5,Compounds with biological roles; Anatomical Therapeutic Chemical (ATC) classification; Therapeutic category of drugs in Japan; Risk category of Japanese OTC drugs; Drugs listed in the Japanese Pharmacopoeia,
C00121,D-Ribose,,C5H10O5,Pentose phosphate pathway; Metabolic pathways; ABC transporters; Bacterial chemotaxis,4,Compounds with biological roles,
C00122,Fumarate,Fumaric acid; trans-Butenedioic acid,C4H4O4,"Citrate cycle (TCA cycle); Oxidative phosphorylation; Arginine biosynthesis; Alanine, aspartate and glutamate metabolism; Tyrosine metabolism; Phenylalanine metabolism; Pyruvate metabolism; Styrene degradation; Butanoate metabolism; Other carbon fixation pathways; Nicotinate and nicotinamide metabolism; Biosynthesis of plant secondary metabolites; Biosynthesis of phenylpropanoids; Biosynthesis of terpenoids and steroids; Biosynthesis of alkaloids derived from shikimate pathway; Biosynthesis of alkaloids derived from ornithine, lysine and nicotinic acid; Biosynthesis of alkaloids derived from histidine and purine; Biosynthesis of alkaloids derived from terpenoid and polyketide; Biosynthesis of plant hormones; Metabolic pathways; Biosynthesis of secondary metabolites; Microbial metabolism in diverse environments; Carbon metabolism; Degradation of aromatic compounds; Two-component system; Glucagon signaling pathway; Pathways in cancer; Renal cell carcinoma; Central carbon metabolism in cancer",29,Anatomical Therapeutic Chemical (ATC) classification,
C00123,L-Leucine,2-Amino-4-methylvaleric acid; (2S)-alpha-2-Amino-4-methylvaleric acid; (2S)-alpha-Leucine,C6H13NO2,"Valine, leucine and isoleucine degradation; Valine, leucine and isoleucine biosynthesis; Glucosinolate biosynthesis; Aminoacyl-tRNA biosynthesis; Biosynthesis of plant secondary metabolites; Biosynthesis of alkaloids derived from histidine and purine; Metabolic pathways; Biosynthesis of secondary metabolites; 2-Oxocarboxylic acid metabolism; Biosynthesis of amino acids; ABC transporters; mTOR signaling pathway; Protein digestion and absorption; Mineral absorption; Shigellosis; Central carbon metabolism in cancer",16,Compounds with biological roles; Risk category of Japanese OTC drugs; Drugs listed in the Japanese Pharmacopoeia,
C00124,D-Galactose,D-Galactopyranose,C6H12O6,Galactose metabolism; Metabolic pathways; Bacterial chemotaxis; Phosphotransferase system (PTS); Carbohydrate digestion and absorption; Mineral absorption,6,Compounds with biological roles,
C00127,Glutathione disulfide,GSSG; Oxiglutatione; Oxidized glutathione,C20H32N6O12S2,Glutathione metabolism; Metabolic pathways; Biosynthesis of cofactors; Ferroptosis; Thyroid hormone synthesis; Chemical carcinogenesis - reactive oxygen species; Diabetic cardiomyopathy,7,Therapeutic category of drugs in Japan,
C00128,CMP-N-acetylneuraminate,CMP-N-acetyl-beta-neuraminate,C20H31N4O16P,Biosynthesis of various nucleotide sugars; Metabolic pathways; Biosynthesis of nucleotide sugars,3,,
C00130,IMP,Inosinic acid; Inosine monophosphate; Inosine 5'-monophosphate; Inosine 5'-phosphate; 5'-Inosinate; 5'-Inosinic acid; 5'-Inosine monophosphate; 5'-IMP,C10H13N4O8P,Purine metabolism; Biosynthesis of plant secondary metabolites; Biosynthesis of alkaloids derived from histidine and purine; Biosynthesis of plant hormones; Metabolic pathways; Biosynthesis of secondary metabolites; Nucleotide metabolism; Biosynthesis of cofactors; Antifolate resistance; Taste transduction,10,Glycosides,
C00131,dATP,2'-Deoxyadenosine 5'-triphosphate; Deoxyadenosine 5'-triphosphate; Deoxyadenosine triphosphate,C10H16N5O12P3,Purine metabolism; Metabolic pathways; Nucleotide metabolism,3,Compounds with biological roles,
C00132,Methanol,Methyl alcohol; CH3OH,CH4O,Butanoate metabolism; Methane metabolism; Metabolic pathways; Microbial metabolism in diverse environments; Carbon metabolism; Degradation of aromatic compounds,6,,
C00134,Putrescine,"1,4-Butanediamine; 1,4-Diaminobutane; Tetramethylenediamine; Butane-1,4-diamine",C4H12N2,"Arginine and proline metabolism; D-Amino acid metabolism; Glutathione metabolism; Tropane, piperidine and pyridine alkaloid biosynthesis; Biosynthesis of various siderophores; Biosynthesis of plant secondary metabolites; Biosynthesis of alkaloids derived from ornithine, lysine and nicotinic acid; Metabolic pathways; Biosynthesis of secondary metabolites; ABC transporters; Efferocytosis; Protein digestion and absorption",12,Compounds with biological roles,
C00135,L-Histidine,(S)-alpha-Amino-1H-imidazole-4-propionic acid,C6H9N3O2,Histidine metabolism; Staurosporine biosynthesis; beta-Alanine metabolism; D-Amino acid metabolism; Aminoacyl-tRNA biosynthesis; Biosynthesis of plant secondary metabolites; Biosynthesis of alkaloids derived from histidine and purine; Metabolic pathways; Biosynthesis of secondary metabolites; Biosynthesis of amino acids; ABC transporters; Cornified envelope formation; Protein digestion and absorption; Central carbon metabolism in cancer,14,Compounds with biological roles; Risk category of Japanese OTC drugs; Drugs listed in the Japanese Pharmacopoeia,
C00137,myo-Inositol,D-myo-Inositol; 1D-myo-Inositol; L-myo-Inositol; 1L-myo-Inositol; meso-Inositol; Inositol; Dambose; Cyclohexitol; Meat sugar; Bios I,C6H12O6,Galactose metabolism; Ascorbate and aldarate metabolism; Streptomycin biosynthesis; Inositol phosphate metabolism; Metabolic pathways; Biosynthesis of secondary metabolites; Microbial metabolism in diverse environments; Biosynthesis of nucleotide sugars; ABC transporters; Phosphatidylinositol signaling system,10,Compounds with biological roles; Anatomical Therapeutic Chemical (ATC) classification; Risk category of Japanese OTC drugs,
C00140,N-Acetyl-D-glucosamine,N-Acetylchitosamine; 2-Acetamido-2-deoxy-D-glucose; GlcNAc,C8H15NO6,Amino sugar and nucleotide sugar metabolism; Metabolic pathways; Biosynthesis of nucleotide sugars; ABC transporters; Phosphotransferase system (PTS),5,Compounds with biological roles,
C00141,3-Methyl-2-oxobutanoic acid,3-Methyl-2-oxobutyric acid; 3-Methyl-2-oxobutanoate; 2-Oxo-3-methylbutanoate; 2-Oxoisovalerate; 2-Oxoisopentanoate; alpha-Ketovaline; 2-Ketovaline; 2-Keto-3-methylbutyric acid; alpha-Ketoisovalerate,C5H8O3,"Valine, leucine and isoleucine degradation; Valine, leucine and isoleucine biosynthesis; Pantothenate and CoA biosynthesis; Lipoic acid metabolism; Glucosinolate biosynthesis; Metabolic pathways; Biosynthesis of secondary metabolites; 2-Oxocarboxylic acid metabolism; Biosynthesis of amino acids; Biosynthesis of cofactors",10,Compounds with biological roles; Lipids,
C00144,GMP,Guanosine 5'-phosphate; Guanosine monophosphate; Guanosine 5'-monophosphate; Guanylic acid,C10H14N5O8P,Purine metabolism; Biosynthesis of plant secondary metabolites; Biosynthesis of alkaloids derived from histidine and purine; Metabolic pathways; Nucleotide metabolism; Antifolate resistance; cGMP-PKG signaling pathway; Olfactory transduction; Taste transduction; Phototransduction,10,Compounds with biological roles,
C00146,Phenol,Benzenol; Hydroxybenzene; Phenic acid; Phenylic acid,C6H6O,Tyrosine metabolism; Chlorocyclohexane and chlorobenzene degradation; Benzoate degradation; Aminobenzoate degradation; Metabolic pathways; Microbial metabolism in diverse environments; Degradation of aromatic compounds; Protein digestion and absorption; Chemical carcinogenesis - reactive oxygen species,9,Anatomical Therapeutic Chemical (ATC) classification; Therapeutic category of drugs in Japan; Classification of Japanese OTC drugs; Risk category of Japanese OTC drugs; Drug groups; Drugs listed in the Japanese Pharmacopoeia,
C00147,Adenine,6-Aminopurine,C5H5N5,Purine metabolism; Zeatin biosynthesis; Metabolic pathways; Biosynthesis of secondary metabolites; Nucleotide metabolism,5,Compounds with biological roles; Therapeutic category of drugs in Japan,
C00148,L-Proline,2-Pyrrolidinecarboxylic acid,C5H9NO2,Arginine and proline metabolism; Carbapenem biosynthesis; Prodigiosin biosynthesis; Novobiocin biosynthesis; Staurosporine biosynthesis; D-Amino acid metabolism; Aminoacyl-tRNA biosynthesis; Metabolic pathways; Biosynthesis of secondary metabolites; Biosynthesis of amino acids; ABC transporters; Protein digestion and absorption; Mineral absorption; Central carbon metabolism in cancer,14,Compounds with biological roles; Drugs listed in the Japanese Pharmacopoeia,
C00149,(S)-Malate,L-Malate; L-Apple acid; L-Malic acid; L-2-Hydroxybutanedioic acid; Malate; Malic acid,C4H6O5,"Citrate cycle (TCA cycle); Pyruvate metabolism; Glyoxylate and dicarboxylate metabolism; Methane metabolism; Carbon fixation by Calvin cycle; Other carbon fixation pathways; Biosynthesis of plant secondary metabolites; Biosynthesis of phenylpropanoids; Biosynthesis of terpenoids and steroids; Biosynthesis of alkaloids derived from shikimate pathway; Biosynthesis of alkaloids derived from ornithine, lysine and nicotinic acid; Biosynthesis of alkaloids derived from histidine and purine; Biosynthesis of alkaloids derived from terpenoid and polyketide; Biosynthesis of plant hormones; Metabolic pathways; Biosynthesis of secondary metabolites; Microbial metabolism in diverse environments; Carbon metabolism; Two-component system; Taste transduction; Glucagon signaling pathway; Proximal tubule bicarbonate reclamation; Pathways in cancer; Renal cell carcinoma; Central carbon metabolism in cancer",25,Compounds with biological roles,
C00152,L-Asparagine,2-Aminosuccinamic acid,C4H8N2O3,"Alanine, aspartate and glutamate metabolism; Cyanoamino acid metabolism; Aminoacyl-tRNA biosynthesis; Biosynthesis of plant secondary metabolites; Metabolic pathways; Biosynthesis of secondary metabolites; Biosynthesis of amino acids; Protein digestion and absorption; Mineral absorption; Central carbon metabolism in cancer",10,Compounds with biological roles,
C00153,Nicotinamide,Nicotinic acid amide; Niacinamide; Vitamin PP,C6H6N2O,Nicotinate and nicotinamide metabolism; Metabolic pathways; Biosynthesis of cofactors; Longevity regulating pathway - worm; Vitamin digestion and absorption,5,Compounds with biological roles; Phytochemical compounds; Anatomical Therapeutic Chemical (ATC) classification; Therapeutic category of drugs in Japan; Classification of Japanese OTC drugs; Risk category of Japanese OTC drugs; Drugs listed in the Japanese Pharmacopoeia,
C00155,L-Homocysteine,L-2-Amino-4-mercaptobutyric acid; Homocysteine,C4H9NO2S,Cysteine and methionine metabolism; One carbon pool by folate; Sulfur metabolism; Metabolic pathways; Biosynthesis of secondary metabolites; Microbial metabolism in diverse environments; Biosynthesis of amino acids; Antifolate resistance; NOD-like receptor signaling pathway; Cobalamin transport and metabolism; Folate transport and metabolism,11,Compounds with biological roles,
C00156,4-Hydroxybenzoate,Hydroxybenzoic acid; 4-Hydroxybenzoic acid; Hydroxybenzenecarboxylic acid,C7H6O3,Ubiquinone and other terpenoid-quinone biosynthesis; Benzoate degradation; Bisphenol degradation; Toluene degradation; Aminobenzoate degradation; Folate biosynthesis; Biosynthesis of phenylpropanoids; Metabolic pathways; Biosynthesis of secondary metabolites; Microbial metabolism in diverse environments; Degradation of aromatic compounds; Biosynthesis of cofactors; Benzoic acid family,13,,
C00157,Phosphatidylcholine,"Lecithin; Phosphatidyl-N-trimethylethanolamine; 1,2-Diacyl-sn-glycero-3-phosphocholine; Choline phosphatide; 3-sn-Phosphatidylcholine",C10H18NO8PR2,Glycerophospholipid metabolism; Arachidonic acid metabolism; Linoleic acid metabolism; alpha-Linolenic acid metabolism; Metabolic pathways; Biosynthesis of secondary metabolites; Retrograde endocannabinoid signaling; Folate transport and metabolism; Choline metabolism in cancer,9,Compounds with biological roles; Lipids; Anatomical Therapeutic Chemical (ATC) classification,
C00158,Citrate,"Citric acid; 2-Hydroxy-1,2,3-propanetricarboxylic acid; 2-Hydroxytricarballylic acid",C6H8O7,"Citrate cycle (TCA cycle); Alanine, aspartate and glutamate metabolism; Glyoxylate and dicarboxylate metabolism; Other carbon fixation pathways; Biosynthesis of various siderophores; Biosynthesis of plant secondary metabolites; Biosynthesis of phenylpropanoids; Biosynthesis of terpenoids and steroids; Biosynthesis of alkaloids derived from shikimate pathway; Biosynthesis of alkaloids derived from ornithine, lysine and nicotinic acid; Biosynthesis of alkaloids derived from histidine and purine; Biosynthesis of alkaloids derived from terpenoid and polyketide; Biosynthesis of plant hormones; Metabolic pathways; Biosynthesis of secondary metabolites; Microbial metabolism in diverse environments; Carbon metabolism; 2-Oxocarboxylic acid metabolism; Biosynthesis of amino acids; Biosynthesis of cofactors; Two-component system; Taste transduction; Glucagon signaling pathway; Central carbon metabolism in cancer",24,Compounds with biological roles; Anatomical Therapeutic Chemical (ATC) classification; Risk category of Japanese OTC drugs; Drugs listed in the Japanese Pharmacopoeia,
C00159,D-Mannose,Mannose; Seminose; Carubinose; D-Mannopyranose,C6H12O6,Fructose and mannose metabolism; Galactose metabolism; Amino sugar and nucleotide sugar metabolism; Metabolic pathways; Biosynthesis of nucleotide sugars; ABC transporters; Phosphotransferase system (PTS); C-type lectin receptor signaling pathway,8,Compounds with biological roles,
C00160,Glycolate,Glycolic acid; Hydroxyacetic acid,C2H4O3,Chlorocyclohexane and chlorobenzene degradation; Chloroalkane and chloroalkene degradation; Glyoxylate and dicarboxylate metabolism; Metabolic pathways; Biosynthesis of secondary metabolites; Microbial metabolism in diverse environments; Carbon metabolism,7,,
C00163,Propanoate,Propionate; Propanoic acid; Propionic acid,C3H6O2,Propanoate metabolism; Ethylbenzene degradation; Nicotinate and nicotinamide metabolism; Sulfur metabolism; Metabolic pathways; Microbial metabolism in diverse environments; Degradation of aromatic compounds; Carbohydrate digestion and absorption; Protein digestion and absorption,9,Compounds with biological roles; Lipids,
C00164,Acetoacetate,3-Oxobutanoic acid; beta-Ketobutyric acid; Acetoacetic acid,C4H6O3,"Valine, leucine and isoleucine degradation; Lysine degradation; Tyrosine metabolism; Styrene degradation; Butanoate metabolism; Metabolic pathways; Microbial metabolism in diverse environments; Two-component system",8,Compounds with biological roles; Lipids,
C00165,Diacylglycerol,Diglyceride,C5H6O5R2,"EGFR tyrosine kinase inhibitor resistance; MAPK signaling pathway; ErbB signaling pathway; Ras signaling pathway; Rap1 signaling pathway; Calcium signaling pathway; cAMP signaling pathway; Chemokine signaling pathway; NF-kappa B signaling pathway; HIF-1 signaling pathway; Sphingolipid signaling pathway; Phospholipase D signaling pathway; Neuroactive ligand signaling; Adrenergic signaling in cardiomyocytes; Vascular smooth muscle contraction; Axon regeneration; VEGF signaling pathway; Apelin signaling pathway; Gap junction; Platelet activation; Neutrophil extracellular trap formation; C-type lectin receptor signaling pathway; Natural killer cell mediated cytotoxicity; Th1 and Th2 cell differentiation; Th17 cell differentiation; T cell receptor signaling pathway; B cell receptor signaling pathway; Fc epsilon RI signaling pathway; Fc gamma R-mediated phagosome formation; Circadian entrainment; Thermogenesis; Long-term potentiation; Neurotrophin signaling pathway; Retrograde endocannabinoid signaling; Glutamatergic synapse; Cholinergic synapse; Serotonergic synapse; Dopaminergic synapse; Long-term depression; Phototransduction - fly; Inflammatory mediator regulation of TRP channels; Insulin secretion; GnRH signaling pathway; Estrogen signaling pathway; Melanogenesis; Thyroid hormone synthesis; Thyroid hormone signaling pathway; Adipocytokine signaling pathway; Oxytocin signaling pathway; Regulation of lipolysis in adipocytes; Aldosterone synthesis and secretion; Relaxin signaling pathway; Parathyroid hormone synthesis, secretion and action; GnRH secretion; Insulin resistance; AGE-RAGE signaling pathway in diabetic complications; Growth hormone synthesis, secretion and action; Endocrine and other factor-regulated calcium reabsorption; Salivary secretion; Gastric acid secretion; Pancreatic secretion; Carbohydrate digestion and absorption; Fat digestion and absorption; Parkinson disease; Spinocerebellar ataxia; Pathways of neurodegeneration - multiple diseases; Vibrio cholerae infection; Shigellosis; African trypanosomiasis; Amoebiasis; Human cytomegalovirus infection; Kaposi sarcoma-associated herpesvirus infection; Human immunodeficiency virus 1 infection; Coronavirus disease; Pathways in cancer; Glioma; Non-small cell lung cancer; Hepatocellular carcinoma; Choline metabolism in cancer; PD-L1 expression and PD-1 checkpoint pathway in cancer; Diabetic cardiomyopathy",81,Lipids,
C00166,Phenylpyruvate,Phenylpyruvic acid; alpha-Ketohydrocinnamic acid; keto-Phenylpyruvate; 3-Phenyl-2-oxopropanoate; 2-Oxo-3-phenylpropanoate,C9H8O3,"Phenylalanine metabolism; Phenylalanine, tyrosine and tryptophan biosynthesis; D-Amino acid metabolism; Tropane, piperidine and pyridine alkaloid biosynthesis; Biosynthesis of plant secondary metabolites; Metabolic pathways; Biosynthesis of secondary metabolites; 2-Oxocarboxylic acid metabolism; Biosynthesis of amino acids",9,,
C00167,UDP-glucuronate,UDPglucuronate; UDP-D-glucuronate; UDP-alpha-D-glucuronate,C15H22N2O18P2,Pentose and glucuronate interconversions; Ascorbate and aldarate metabolism; Amino sugar and nucleotide sugar metabolism; Biosynthesis of various nucleotide sugars; Metabolic pathways; Microbial metabolism in diverse environments; Biosynthesis of cofactors; Biosynthesis of nucleotide sugars,8,,
C00169,Carbamoyl phosphate,,CH4NO5P,"Arginine biosynthesis; Purine metabolism; Pyrimidine metabolism; Alanine, aspartate and glutamate metabolism; Nitrogen metabolism; Metabolic pathways; Biosynthesis of secondary metabolites; Microbial metabolism in diverse environments; Carbon metabolism; Biosynthesis of amino acids; Biosynthesis of cofactors",11,,
C00170,5'-Methylthioadenosine,Methylthioadenosine; S-Methyl-5'-thioadenosine; 5-Methylthioadenosine; 5'-Deoxy-5'-(methylthio)adenosine; Thiomethyladenosine; MTA; 5'-Deoxy-5'-(methylsulfanyl)adenosine,C11H15N5O3S,Cysteine and methionine metabolism; Zeatin biosynthesis; Biosynthesis of plant secondary metabolites; Metabolic pathways,4,,
C00174,Acid,,,,0,,
C00178,Thymine,5-Methyluracil,C5H6N2O2,Pyrimidine metabolism; Metabolic pathways; Nucleotide metabolism,3,Compounds with biological roles,
C00179,Agmatine,(4-Aminobutyl) guanidine,C5H14N4,Arginine and proline metabolism; Biosynthesis of various plant secondary metabolites; Metabolic pathways; Biosynthesis of secondary metabolites,4,Phytochemical compounds,
C00180,Benzoate,Benzoic acid; Benzenecarboxylic acid; Phenylformic acid; Dracylic acid,C7H6O2,Benzoate degradation; Dioxin degradation; Toluene degradation; Aminobenzoate degradation; Biosynthesis of various alkaloids; Biosynthesis of alkaloids derived from shikimate pathway; Metabolic pathways; Biosynthesis of secondary metabolites; Microbial metabolism in diverse environments; Degradation of aromatic compounds,10,Therapeutic category of drugs in Japan; Risk category of Japanese OTC drugs; Drugs listed in the Japanese Pharmacopoeia,
C00181,D-Xylose,Wood sugar,C5H10O5,Pentose and glucuronate interconversions; Amino sugar and nucleotide sugar metabolism; Metabolic pathways; ABC transporters,4,Compounds with biological roles,
C00183,L-Valine,2-Amino-3-methylbutyric acid,C5H11NO2,"Valine, leucine and isoleucine degradation; Valine, leucine and isoleucine biosynthesis; Penicillin and cephalosporin biosynthesis; Cyanoamino acid metabolism; Pantothenate and CoA biosynthesis; Glucosinolate biosynthesis; Aminoacyl-tRNA biosynthesis; Biosynthesis of plant secondary metabolites; Biosynthesis of alkaloids derived from shikimate pathway; Metabolic pathways; Biosynthesis of secondary metabolites; 2-Oxocarboxylic acid metabolism; Biosynthesis of amino acids; Biosynthesis of cofactors; ABC transporters; Protein digestion and absorption; Mineral absorption; Central carbon metabolism in cancer",18,Compounds with biological roles; Risk category of Japanese OTC drugs; Drugs listed in the Japanese Pharmacopoeia,
C00184,Glycerone,"Dihydroxyacetone; 1,3-Dihydroxyacetone; 1,3-Dihydroxy-2-propanone; 1,3-Dihydroxypropan-2-one",C3H6O3,Glycerolipid metabolism; Methane metabolism; Metabolic pathways; Biosynthesis of secondary metabolites; Microbial metabolism in diverse environments; Carbon metabolism,6,Compounds with biological roles,
C00185,Cellobiose,1-beta-D-Glucopyranosyl-4-D-glucopyranose,C12H22O11,Starch and sucrose metabolism; Metabolic pathways; ABC transporters; Phosphotransferase system (PTS),4,Compounds with biological roles,
C00186,(S)-Lactate,L-Lactate; L-Lactic acid,C3H6O3,Glycolysis / Gluconeogenesis; Fructose and mannose metabolism; Pyruvate metabolism; Propanoate metabolism; Styrene degradation; Metabolic pathways; Biosynthesis of secondary metabolites; Microbial metabolism in diverse environments; cAMP signaling pathway; HIF-1 signaling pathway; Efferocytosis; Glucagon signaling pathway; Central carbon metabolism in cancer,13,Compounds with biological roles,
C00187,Cholesterol,Cholest-5-en-3beta-ol,C27H46O,Steroid biosynthesis; Primary bile acid biosynthesis; Steroid hormone biosynthesis; Insect hormone biosynthesis; Steroid degradation; Biosynthesis of various alkaloids; Biosynthesis of alkaloids derived from terpenoid and polyketide; Metabolic pathways; Microbial metabolism in diverse environments; Efferocytosis; Cornified envelope formation; Ovarian steroidogenesis; Aldosterone synthesis and secretion; Cortisol synthesis and secretion; Cushing syndrome; Fat digestion and absorption; Bile secretion; Vitamin digestion and absorption; Cholesterol metabolism; Pathways in cancer; Basal cell carcinoma; Lipid and atherosclerosis,22,Compounds with biological roles; Lipids; Phytochemical compounds; Drugs listed in the Japanese Pharmacopoeia,
C00188,L-Threonine,2-Amino-3-hydroxybutyric acid,C4H9NO3,"Glycine, serine and threonine metabolism; Monobactam biosynthesis; Valine, leucine and isoleucine biosynthesis; D-Amino acid metabolism; Porphyrin metabolism; Aminoacyl-tRNA biosynthesis; Biosynthesis of plant secondary metabolites; Metabolic pathways; Biosynthesis of secondary metabolites; Microbial metabolism in diverse environments; Biosynthesis of amino acids; ABC transporters; Protein digestion and absorption; Mineral absorption",14,Compounds with biological roles; Risk category of Japanese OTC drugs; Drugs listed in the Japanese Pharmacopoeia,
C00189,Ethanolamine,Aminoethanol; 2-Hydroxyethylamine,C2H7NO,Glycerophospholipid metabolism; Metabolic pathways; Retrograde endocannabinoid signaling,3,Compounds with biological roles,
C00191,D-Glucuronate,Glucuronic acid; Glucuronate,C6H10O7,Pentose and glucuronate interconversions; Ascorbate and aldarate metabolism; Amino sugar and nucleotide sugar metabolism; Inositol phosphate metabolism; Metabolic pathways; Microbial metabolism in diverse environments; Biosynthesis of cofactors; Biosynthesis of nucleotide sugars,8,Compounds with biological roles; Risk category of Japanese OTC drugs,
C00192,Hydroxylamine,NH2OH,NH3O,Nitrogen metabolism; Metabolic pathways; Microbial metabolism in diverse environments; Nitrogen cycle,4,,
C00195,N-Acylsphingosine,Ceramide; N-Acylsphing-4-enine; (4E)-Sphing-4-enine ceramide,C19H36NO3R,Sphingolipid metabolism; Metabolic pathways; Sphingolipid signaling pathway; Necroptosis; Neurotrophin signaling pathway; Adipocytokine signaling pathway; Insulin resistance; AGE-RAGE signaling pathway in diabetic complications; Leishmaniasis; Diabetic cardiomyopathy,10,Lipids,
C00198,"D-Glucono-1,5-lactone","Gluconic lactone; Gluconic acid lactone; 1,5-Gluconolactone; delta-Gluconolactone; D-Gluconolactone; Gluconolactone",C6H10O6,Pentose phosphate pathway; Metabolic pathways; Biosynthesis of secondary metabolites; Microbial metabolism in diverse environments; Carbon metabolism,5,,
C00199,D-Ribulose 5-phosphate,,C5H11O8P,Pentose phosphate pathway; Pentose and glucuronate interconversions; Biosynthesis of various nucleotide sugars; Methane metabolism; Carbon fixation by Calvin cycle; Riboflavin metabolism; Metabolic pathways; Biosynthesis of secondary metabolites; Microbial metabolism in diverse environments; Carbon metabolism; Biosynthesis of amino acids; Biosynthesis of cofactors; Biosynthesis of nucleotide sugars,13,,
C00206,dADP,2'-Deoxyadenosine 5'-diphosphate,C10H15N5O9P2,Purine metabolism; Metabolic pathways; Nucleotide metabolism,3,Compounds with biological roles,
C00207,Acetone,Dimethyl ketone; 2-Propanone; Propan-2-one,C3H6O,Butanoate metabolism; Metabolic pathways,2,Lipids; Drug groups,
C00208,Maltose,Malt sugar; alpha-D-Glucopyranosyl-(1->4)-D-glucopyranose,C12H22O11,Starch and sucrose metabolism; Metabolic pathways; Biosynthesis of secondary metabolites; ABC transporters; Bacterial chemotaxis; Phosphotransferase system (PTS); Taste transduction; Carbohydrate digestion and absorption,8,Compounds with biological roles,
C00209,Oxalate,Oxalic acid; Ethanedioic acid,C2H2O4,Purine metabolism; Chloroalkane and chloroalkene degradation; Glyoxylate and dicarboxylate metabolism; Metabolic pathways; Microbial metabolism in diverse environments,5,Compounds with biological roles,
C00212,Adenosine,,C10H13N5O4,Purine metabolism; One carbon pool by folate; Metabolic pathways; Nucleotide metabolism; ABC transporters; cGMP-PKG signaling pathway; cAMP signaling pathway; Sphingolipid signaling pathway; Neuroactive ligand-receptor interaction; Neuroactive ligand signaling; Vascular smooth muscle contraction; Regulation of lipolysis in adipocytes; Renin secretion; Parkinson disease; Morphine addiction; Alcoholism,16,Compounds with biological roles; Glycosides; Anatomical Therapeutic Chemical (ATC) classification; Therapeutic category of drugs in Japan; Target-based classification of drugs,
C00213,Sarcosine,N-Methylglycine,C3H7NO2,"Glycine, serine and threonine metabolism; Arginine and proline metabolism; One carbon pool by folate; Metabolic pathways",4,,
C00214,Thymidine,Deoxythymidine,C10H14N2O5,Pyrimidine metabolism; Metabolic pathways; Nucleotide metabolism,3,Compounds with biological roles; Target-based classification of drugs,
C00217,D-Glutamate,D-Glutamic acid; D-Glutaminic acid; D-2-Aminoglutaric acid,C5H9NO4,D-Amino acid metabolism; Metabolic pathways,2,Compounds with biological roles,
C00218,Methylamine,Methanamine,CH5N,Methane metabolism; Metabolic pathways; Microbial metabolism in diverse environments; Carbon metabolism,4,,
C00219,Arachidonate,"Arachidonic acid; (5Z,8Z,11Z,14Z)-Icosatetraenoic acid; cis-5,8,11,14-Eicosatetraenoic acid; 5Z,8Z,11Z,14Z-Eicosatetraenoic acid; (5Z,8Z,11Z,14Z)-Icosa-5,8,11,14-tetraenoic acid",C20H32O2,Arachidonic acid metabolism; Linoleic acid metabolism; Biosynthesis of unsaturated fatty acids; Metabolic pathways; Ferroptosis; Necroptosis; Vascular smooth muscle contraction; Platelet activation; Fc epsilon RI signaling pathway; Fc gamma R-mediated phagosome formation; Retrograde endocannabinoid signaling; Serotonergic synapse; Long-term depression; Phototransduction - fly; Inflammatory mediator regulation of TRP channels; GnRH signaling pathway; Ovarian steroidogenesis; Oxytocin signaling pathway; Regulation of lipolysis in adipocytes; Aldosterone synthesis and secretion; Leishmaniasis; Amoebiasis; Eicosanoids,23,Compounds with biological roles; Lipids,
C00224,Adenylyl sulfate,Adenosine 5'-phosphosulfate; APS; 5'-Adenylyl sulfate,C10H14N5O10PS,Purine metabolism; Monobactam biosynthesis; Sulfur metabolism; Metabolic pathways; Biosynthesis of secondary metabolites; Microbial metabolism in diverse environments; Sulfur cycle,7,,
C00230,"3,4-Dihydroxybenzoate","3,4-Dihydroxybenzoic acid; Protocatechuate; Protocatechuic acid",C7H6O4,"Benzoate degradation; Phenylalanine, tyrosine and tryptophan biosynthesis; Toluene degradation; Polycyclic aromatic hydrocarbon degradation; Aminobenzoate degradation; Biosynthesis of various siderophores; Biosynthesis of phenylpropanoids; Metabolic pathways; Biosynthesis of secondary metabolites; Microbial metabolism in diverse environments; Degradation of aromatic compounds",11,,
C00233,4-Methyl-2-oxopentanoate,2-Oxoisocaproate; alpha-Ketoisocaproate,C6H10O3,"Valine, leucine and isoleucine degradation; Valine, leucine and isoleucine biosynthesis; Lipoic acid metabolism; Glucosinolate biosynthesis; Metabolic pathways; Biosynthesis of secondary metabolites; 2-Oxocarboxylic acid metabolism; Biosynthesis of amino acids",8,Compounds with biological roles,
C00239,dCMP,Deoxycytidylic acid; Deoxycytidine monophosphate; Deoxycytidylate; 2'-Deoxycytidine 5'-monophosphate,C9H14N3O7P,Pyrimidine metabolism; Metabolic pathways; Nucleotide metabolism,3,Compounds with biological roles; Glycosides,
C00242,Guanine,2-Amino-6-hydroxypurine,C5H5N5O,Purine metabolism; Metabolic pathways; Nucleotide metabolism,3,Compounds with biological roles,
C00243,Lactose,1-beta-D-Galactopyranosyl-4-D-glucopyranose; beta-D-Gal-(1->4)-D-Glc; Milk sugar,C12H22O11,Galactose metabolism; Metabolic pathways; ABC transporters; Phosphotransferase system (PTS); Carbohydrate digestion and absorption,5,Compounds with biological roles; Drugs listed in the Japanese Pharmacopoeia,
C00245,Taurine,2-Aminoethanesulfonic acid; Aminoethylsulfonic acid,C2H7NO3S,Primary bile acid biosynthesis; Taurine and hypotaurine metabolism; Sulfur metabolism; Metabolic pathways; ABC transporters; Neuroactive ligand-receptor interaction,6,Therapeutic category of drugs in Japan; Classification of Japanese OTC drugs; Risk category of Japanese OTC drugs; Drugs listed in the Japanese Pharmacopoeia,
C00246,Butanoic acid,Butanoate; Butyrate; Butyric acid,C4H8O2,Butanoate metabolism; Metabolic pathways; Carbohydrate digestion and absorption; Protein digestion and absorption,4,Compounds with biological roles; Lipids; Phytochemical compounds,
C00249,Hexadecanoic acid,Hexadecanoate; Hexadecylic acid; Palmitic acid; Palmitate; Cetylic acid,C16H32O2,"Fatty acid biosynthesis; Fatty acid elongation; Fatty acid degradation; Cutin, suberine and wax biosynthesis; Glycosylphosphatidylinositol (GPI)-anchor biosynthesis; Biosynthesis of unsaturated fatty acids; Biosynthesis of plant secondary metabolites; Metabolic pathways; Fatty acid metabolism",9,Compounds with biological roles; Lipids; Phytochemical compounds,
C00250,Pyridoxal,,C8H9NO3,Vitamin B6 metabolism; Metabolic pathways; Microbial metabolism in diverse environments; Biosynthesis of cofactors; Vitamin digestion and absorption,5,Compounds with biological roles; Risk category of Japanese OTC drugs,
C00253,Nicotinate,Nicotinic acid; Niacin; 3-Pyridinecarboxylic acid,C6H5NO2,"Nicotinate and nicotinamide metabolism; Tropane, piperidine and pyridine alkaloid biosynthesis; Biosynthesis of plant secondary metabolites; Biosynthesis of alkaloids derived from ornithine, lysine and nicotinic acid; Metabolic pathways; Biosynthesis of secondary metabolites; Microbial metabolism in diverse environments; Biosynthesis of cofactors; Pertussis",9,Compounds with biological roles; Phytochemical compounds; Anatomical Therapeutic Chemical (ATC) classification; USP drug classification; Risk category of Japanese OTC drugs; Drugs listed in the Japanese Pharmacopoeia,
C00255,Riboflavin,"Lactoflavin; 7,8-Dimethyl-10-ribitylisoalloxazine; Vitamin B2",C17H20N4O6,Riboflavin metabolism; Metabolic pathways; Biosynthesis of secondary metabolites; Biosynthesis of cofactors; ABC transporters; Vitamin digestion and absorption,6,Compounds with biological roles; Anatomical Therapeutic Chemical (ATC) classification; Classification of Japanese OTC drugs; Risk category of Japanese OTC drugs; Drugs listed in the Japanese Pharmacopoeia,
C00257,D-Gluconic acid,D-Gluconate; D-gluco-Hexonic acid,C6H12O7,Pentose phosphate pathway; Metabolic pathways; Biosynthesis of secondary metabolites; Microbial metabolism in diverse environments; Carbon metabolism,5,Compounds with biological roles; Risk category of Japanese OTC drugs,
C00258,D-Glycerate,Glycerate; (R)-Glycerate; Glyceric acid,C3H6O4,"Pentose phosphate pathway; Glycine, serine and threonine metabolism; Glycerolipid metabolism; Glyoxylate and dicarboxylate metabolism; Methane metabolism; Metabolic pathways; Biosynthesis of secondary metabolites; Microbial metabolism in diverse environments; Carbon metabolism",9,,
C00259,L-Arabinose,L-Arabinopyranose,C5H10O5,Pentose and glucuronate interconversions; Ascorbate and aldarate metabolism; Amino sugar and nucleotide sugar metabolism; Metabolic pathways; Biosynthesis of nucleotide sugars; ABC transporters,6,Compounds with biological roles,
C00261,Benzaldehyde,Benzoic aldehyde,C7H6O,Toluene degradation; Aminobenzoate degradation; Metabolic pathways; Microbial metabolism in diverse environments; Degradation of aromatic compounds,5,,
C00262,Hypoxanthine,Purine-6-ol,C5H4N4O,Purine metabolism; Metabolic pathways; Nucleotide metabolism,3,Phytochemical compounds,
C00263,L-Homoserine,2-Amino-4-hydroxybutyric acid,C4H9NO3,"Glycine, serine and threonine metabolism; Cysteine and methionine metabolism; Lysine biosynthesis; Sulfur metabolism; Metabolic pathways; Biosynthesis of secondary metabolites; Microbial metabolism in diverse environments; Biosynthesis of amino acids",8,Compounds with biological roles,
C00270,N-Acetylneuraminate,"N-Acetylneuraminic acid; 5-Acetamido-3,5-dideoxy-D-glycero-D-galacto-2-nonulosonic acid; Neu5Ac",C11H19NO9,Biosynthesis of various nucleotide sugars; Metabolic pathways; Biosynthesis of nucleotide sugars,3,Compounds with biological roles; Anatomical Therapeutic Chemical (ATC) classification; Therapeutic category of drugs in Japan; Drug groups,
C00280,Androstenedione,"Androst-4-ene-3,17-dione; 4-Androstene-3,17-dione",C19H26O2,Steroid hormone biosynthesis; Steroid degradation; Metabolic pathways; Microbial metabolism in diverse environments; Endocrine resistance; Ovarian steroidogenesis; Prolactin signaling pathway; Pathways in cancer; Prostate cancer,9,Compounds with biological roles; Lipids; Phytochemical compounds,
C00286,dGTP,2'-Deoxyguanosine 5'-triphosphate; Deoxyguanosine 5'-triphosphate; Deoxyguanosine triphosphate,C10H16N5O13P3,Purine metabolism; Metabolic pathways; Nucleotide metabolism,3,Compounds with biological roles,
C00292,Aniline,Phenylamine; Benzenamine; Arylamine,C6H7N,Aminobenzoate degradation; Microbial metabolism in diverse environments,2,,
C00294,Inosine,,C10H12N4O5,Purine metabolism; Metabolic pathways; Nucleotide metabolism; ABC transporters,4,Glycosides; Anatomical Therapeutic Chemical (ATC) classification,
C00295,Orotate,Orotic acid; Uracil-6-carboxylic acid,C5H4N2O4,Pyrimidine metabolism; Metabolic pathways; Biosynthesis of cofactors,3,Risk category of Japanese OTC drugs,
C00296,Quinate,Quinic acid; Kinic acid; Chinic acid; L-Quinic acid; L-Quinate; (-)-Quinic acid,C7H12O6,"Phenylalanine, tyrosine and tryptophan biosynthesis; Metabolic pathways",2,,
C00299,Uridine,,C9H12N2O6,Pyrimidine metabolism; Metabolic pathways; Nucleotide metabolism; ABC transporters,4,Compounds with biological roles,
C00300,Creatine,alpha-Methylguanidino acetic acid; Methylglycocyamine,C4H9N3O2,"Glycine, serine and threonine metabolism; Arginine and proline metabolism; Metabolic pathways",3,,
C00301,ADP-ribose,ADP-D-ribose; Adenosine diphosphate ribose,C15H23N5O14P2,Purine metabolism; Metabolic pathways,2,,
C00302,Glutamate,Glutaminic acid; 2-Aminoglutaric acid,C5H9NO4,Cyanoamino acid metabolism; Metabolic pathways,2,Risk category of Japanese OTC drugs,
C00307,CDP-choline,Cytidine 5'-diphosphocholine; Citicoline,C14H26N4O11P2,Teichoic acid biosynthesis; Glycerophospholipid metabolism; Metabolic pathways; Choline metabolism in cancer,4,Anatomical Therapeutic Chemical (ATC) classification; Therapeutic category of drugs in Japan; Drugs listed in the Japanese Pharmacopoeia,
C00308,Canavanine,L-Canavanine; 2-Amino-4-(guanidinooxy)butyric acid,C5H12N4O3,,0,,
C00311,Isocitrate,"Isocitric acid; 1-Hydroxytricarballylic acid; 1-Hydroxypropane-1,2,3-tricarboxylic acid",C6H8O7,"Citrate cycle (TCA cycle); Glyoxylate and dicarboxylate metabolism; Other carbon fixation pathways; Biosynthesis of plant secondary metabolites; Biosynthesis of phenylpropanoids; Biosynthesis of terpenoids and steroids; Biosynthesis of alkaloids derived from shikimate pathway; Biosynthesis of alkaloids derived from ornithine, lysine and nicotinic acid; Biosynthesis of alkaloids derived from histidine and purine; Biosynthesis of alkaloids derived from terpenoid and polyketide; Biosynthesis of plant hormones; Metabolic pathways; Biosynthesis of secondary metabolites; Microbial metabolism in diverse environments; Carbon metabolism; 2-Oxocarboxylic acid metabolism; Biosynthesis of amino acids; Biosynthesis of cofactors; Glucagon signaling pathway; Central carbon metabolism in cancer",20,Compounds with biological roles,
C00312,L-Xylulose,L-threo-Pentulose; L-Lyxulose,C5H10O5,Pentose and glucuronate interconversions; Metabolic pathways,2,Compounds with biological roles,
C00314,Pyridoxine,Pyridoxol,C8H11NO3,Vitamin B6 metabolism; Metabolic pathways; Microbial metabolism in diverse environments; Biosynthesis of cofactors,4,Compounds with biological roles; Anatomical Therapeutic Chemical (ATC) classification; Risk category of Japanese OTC drugs,
C00315,Spermidine,"N-(3-Aminopropyl)-1,4-butane-diamine",C7H19N3,Arginine and proline metabolism; beta-Alanine metabolism; Glutathione metabolism; Phenylpropanoid biosynthesis; Biosynthesis of various siderophores; Metabolic pathways; Biosynthesis of secondary metabolites; ABC transporters; Bile secretion,9,,
C00318,L-Carnitine,"L-gamma-Trimethyl-beta-hydroxybutyrobetaine; Vitamin BT; 3-Carboxy-2-hydroxy-N,N,N-trimethyl-1-propanaminium hydroxide, inner salt; Levocarnitine; (R)-Carnitine",C7H15NO3,Thermogenesis; Bile secretion; Diabetic cardiomyopathy,3,Anatomical Therapeutic Chemical (ATC) classification; Therapeutic category of drugs in Japan; Risk category of Japanese OTC drugs,
C00319,Sphingosine,Sphingenine; Sphingoid; Sphing-4-enine,C18H37NO2,Sphingolipid metabolism; Metabolic pathways; Sphingolipid signaling pathway; Apoptosis; Necroptosis,5,Lipids,
C00322,2-Oxoadipate,2-Oxoadipic acid; 2-Oxohexanedioic acid,C6H8O5,Lysine biosynthesis; Lysine degradation; Tryptophan metabolism; Methane metabolism; Lipoic acid metabolism; Metabolic pathways; Biosynthesis of secondary metabolites; Microbial metabolism in diverse environments; 2-Oxocarboxylic acid metabolism; Biosynthesis of amino acids; Biosynthesis of cofactors,11,Compounds with biological roles; Lipids,
C00327,L-Citrulline,2-Amino-5-ureidovaleric acid; Citrulline,C6H13N3O3,Arginine biosynthesis; Metabolic pathways; Biosynthesis of secondary metabolites; Biosynthesis of amino acids,4,Compounds with biological roles,
C00328,L-Kynurenine,3-Anthraniloyl-L-alanine,C10H12N2O3,Tryptophan metabolism; Metabolic pathways; Biosynthesis of cofactors; African trypanosomiasis,4,,
C00329,D-Glucosamine,Chitosamine; 2-Amino-2-deoxy-D-glucose,C6H13NO5,Amino sugar and nucleotide sugar metabolism; Metabolic pathways; Biosynthesis of nucleotide sugars; Phosphotransferase system (PTS),4,Compounds with biological roles; Anatomical Therapeutic Chemical (ATC) classification,
C00330,Deoxyguanosine,2'-Deoxyguanosine,C10H13N5O4,Purine metabolism; Metabolic pathways; Nucleotide metabolism; ABC transporters,4,Compounds with biological roles,
C00334,4-Aminobutanoate,4-Aminobutanoic acid; 4-Aminobutyrate; 4-Aminobutyric acid; gamma-Aminobutyric acid; GABA,C4H9NO2,"Alanine, aspartate and glutamate metabolism; Arginine and proline metabolism; beta-Alanine metabolism; Butanoate metabolism; Nicotinate and nicotinamide metabolism; Metabolic pathways; Microbial metabolism in diverse environments; Quorum sensing; cAMP signaling pathway; Neuroactive ligand-receptor interaction; Neuroactive ligand signaling; Synaptic vesicle cycle; Retrograde endocannabinoid signaling; GABAergic synapse; Taste transduction; Estrogen signaling pathway; GnRH secretion; Morphine addiction; Nicotine addiction",19,Compounds with biological roles; Lipids; Anatomical Therapeutic Chemical (ATC) classification; Therapeutic category of drugs in Japan; Drug groups; Target-based classification of drugs,
C00337,(S)-Dihydroorotate,"(S)-4,5-Dihydroorotate; L-Dihydroorotate; L-Dihydroorotic acid; Dihydro-L-orotic acid",C5H6N2O4,Pyrimidine metabolism; Metabolic pathways; Biosynthesis of cofactors,3,,
C00345,6-Phospho-D-gluconate,,C6H13O10P,Pentose phosphate pathway; Metabolic pathways; Biosynthesis of secondary metabolites; Microbial metabolism in diverse environments; Carbon metabolism,5,,
C00346,Ethanolamine phosphate,O-Phosphorylethanolamine; Phosphoethanolamine; O-Phosphoethanolamine,C2H8NO4P,Glycosylphosphatidylinositol (GPI)-anchor biosynthesis; Glycerophospholipid metabolism; Sphingolipid metabolism; Metabolic pathways; Cationic antimicrobial peptide (CAMP) resistance; Sphingolipid signaling pathway,6,,
C00350,Phosphatidylethanolamine,(3-Phosphatidyl)ethanolamine; (3-Phosphatidyl)-ethanolamine; Cephalin; O-(1-beta-Acyl-2-acyl-sn-glycero-3-phospho)ethanolamine; 1-Acyl-2-acyl-sn-glycero-3-phosphoethanolamine; L-1-Phosphatidylethanolamine,C7H12NO8PR2,Glycosylphosphatidylinositol (GPI)-anchor biosynthesis; Glycerophospholipid metabolism; Metabolic pathways; Biosynthesis of secondary metabolites; Autophagy - other; Autophagy - yeast; Autophagy - animal; Retrograde endocannabinoid signaling; Pathogenic Escherichia coli infection; Kaposi sarcoma-associated herpesvirus infection,10,Compounds with biological roles; Lipids; Anatomical Therapeutic Chemical (ATC) classification,
C00352,D-Glucosamine 6-phosphate,D-Glucosamine phosphate,C6H14NO8P,"Alanine, aspartate and glutamate metabolism; Amino sugar and nucleotide sugar metabolism; Metabolic pathways; Biosynthesis of nucleotide sugars; Phosphotransferase system (PTS); Insulin resistance; Diabetic cardiomyopathy",7,,
C00354,"D-Fructose 1,6-bisphosphate",,C6H14O12P2,"Glycolysis / Gluconeogenesis; Pentose phosphate pathway; Fructose and mannose metabolism; Phenylalanine, tyrosine and tryptophan biosynthesis; Methane metabolism; Carbon fixation by Calvin cycle; Biosynthesis of plant secondary metabolites; Biosynthesis of phenylpropanoids; Biosynthesis of terpenoids and steroids; Biosynthesis of alkaloids derived from shikimate pathway; Metabolic pathways; Biosynthesis of secondary metabolites; Microbial metabolism in diverse environments; Carbon metabolism; Biosynthesis of amino acids; Phosphotransferase system (PTS); AMPK signaling pathway; Glucagon signaling pathway; Central carbon metabolism in cancer",19,,
C00355,"3,4-Dihydroxy-L-phenylalanine","L-Dopa; 3-Hydroxy-L-tyrosine; L-beta-(3,4-Dihydroxyphenyl)alanine; Levodopa; Dihydroxy-L-phenylalanine",C9H11NO4,Tyrosine metabolism; Isoquinoline alkaloid biosynthesis; Betalain biosynthesis; Biosynthesis of plant secondary metabolites; Biosynthesis of alkaloids derived from shikimate pathway; Metabolic pathways; Biosynthesis of secondary metabolites; Dopaminergic synapse; Prolactin signaling pathway; Parkinson disease; Cocaine addiction; Amphetamine addiction; Alcoholism,13,Compounds with biological roles; Anatomical Therapeutic Chemical (ATC) classification; USP drug classification; Therapeutic category of drugs in Japan; Drug groups; Target-based classification of drugs; Drugs listed in the Japanese Pharmacopoeia,
C00357,N-Acetyl-D-glucosamine 6-phosphate,,C8H16NO9P,Amino sugar and nucleotide sugar metabolism; Metabolic pathways; Biosynthesis of nucleotide sugars; Phosphotransferase system (PTS),4,,
C00360,dAMP,2'-Deoxyadenosine 5'-phosphate; 2'-Deoxyadenosine 5'-monophosphate; Deoxyadenylic acid; Deoxyadenosine monophosphate,C10H14N5O6P,Purine metabolism; Metabolic pathways; Nucleotide metabolism,3,Compounds with biological roles,
C00363,dTDP,Deoxythymidine 5'-diphosphate,C10H16N2O11P2,Pyrimidine metabolism; Metabolic pathways; Nucleotide metabolism,3,Compounds with biological roles,
C00364,dTMP,Thymidine 5'-phosphate; Deoxythymidine 5'-phosphate; Thymidylic acid; 5'-Thymidylic acid; Thymidine monophosphate; Deoxythymidylic acid; Thymidylate,C10H15N2O8P,Pyrimidine metabolism; One carbon pool by folate; Metabolic pathways; Nucleotide metabolism; Antifolate resistance; Folate transport and metabolism,6,Compounds with biological roles,
C00365,dUMP,Deoxyuridylic acid; Deoxyuridine monophosphate; Deoxyuridine 5'-phosphate; 2'-Deoxyuridine 5'-phosphate,C9H13N2O8P,Pyrimidine metabolism; One carbon pool by folate; Metabolic pathways; Nucleotide metabolism; Antifolate resistance; Folate transport and metabolism,6,Compounds with biological roles,
C00366,Urate,Uric acid,C5H4N4O3,Purine metabolism; Metabolic pathways; Microbial metabolism in diverse environments; Bile secretion,4,,
C00371,Zeatin,N6-(4-Hydroxyisopentenyl)adenine; (E)-2-Methyl-4-(1H-purin-6-ylamino)but-2-en-1-ol; trans-Zeatin,C10H13N5O,Zeatin biosynthesis; Biosynthesis of plant secondary metabolites; Biosynthesis of plant hormones; Metabolic pathways; Biosynthesis of secondary metabolites; Plant hormone signal transduction,6,,
C00378,Thiamine,Thiamin; Vitamin B1; Aneurin; Antiberiberi factor,C12H17N4OS,Thiamine metabolism; Metabolic pathways; Biosynthesis of cofactors; ABC transporters; Sulfur relay system; Vitamin digestion and absorption,6,Compounds with biological roles,
C00379,Xylitol,,C5H12O5,Pentose and glucuronate interconversions; Metabolic pathways; ABC transporters,3,Compounds with biological roles; Therapeutic category of drugs in Japan; Drugs listed in the Japanese Pharmacopoeia,
C00380,Cytosine,,C4H5N3O,Pyrimidine metabolism; Metabolic pathways; Nucleotide metabolism,3,Compounds with biological roles,
C00383,Malonate,Malonic acid; Propanedioic acid,C3H4O4,Fatty acid biosynthesis; Pyrimidine metabolism; beta-Alanine metabolism; Metabolic pathways; Fatty acid metabolism,5,Compounds with biological roles; Lipids,
C00385,Xanthine,,C5H4N4O2,Purine metabolism; Caffeine metabolism; Biosynthesis of plant secondary metabolites; Biosynthesis of alkaloids derived from histidine and purine; Metabolic pathways; Biosynthesis of secondary metabolites; Microbial metabolism in diverse environments; Nucleotide metabolism,8,Phytochemical compounds,
C00386,Carnosine,Nalpha-(beta-alanyl)-L-histidine,C9H14N4O3,Histidine metabolism; beta-Alanine metabolism; Metabolic pathways,3,Compounds with biological roles,
C00387,Guanosine,,C10H13N5O5,Purine metabolism; Metabolic pathways; Nucleotide metabolism; ABC transporters,4,Compounds with biological roles,
C00388,Histamine,1H-Imidazole-4-ethanamine; 2-(4-Imidazolyl)ethylamine,C5H9N3,Histidine metabolism; Biosynthesis of alkaloids derived from histidine and purine; Metabolic pathways; Biosynthesis of secondary metabolites; Neuroactive ligand-receptor interaction; Neuroactive ligand signaling; Fc epsilon RI signaling pathway; Synaptic vesicle cycle; Inflammatory mediator regulation of TRP channels; Gastric acid secretion; Protein digestion and absorption; Asthma; Histamine H2/H3 receptor agonists/antagonists,13,Compounds with biological roles; Target-based classification of drugs,
C00389,Quercetin,"3,3',4,5,7-Pentahydroxyflavone; 3,5,7,3',4'-Pentahydroxyflavone",C15H10O7,Flavonoid biosynthesis; Flavone and flavonol biosynthesis; Degradation of flavonoids; Metabolic pathways; Biosynthesis of secondary metabolites; AMPK signaling pathway,6,Lipids; Phytochemical compounds,
C00392,Mannitol,D-Mannitol,C6H14O6,Fructose and mannose metabolism; Metabolic pathways; ABC transporters; Phosphotransferase system (PTS),4,Compounds with biological roles; Anatomical Therapeutic Chemical (ATC) classification; USP drug classification; Therapeutic category of drugs in Japan; Drugs listed in the Japanese Pharmacopoeia,
C00398,Tryptamine,3-(2-Aminoethyl)indole,C10H12N2,Tryptophan metabolism; Indole alkaloid biosynthesis; Biosynthesis of plant secondary metabolites; Biosynthesis of alkaloids derived from shikimate pathway; Metabolic pathways; Biosynthesis of secondary metabolites; Neuroactive ligand-receptor interaction,7,Phytochemical compounds,
C00407,L-Isoleucine,2-Amino-3-methylvaleric acid,C6H13NO2,"Valine, leucine and isoleucine degradation; Valine, leucine and isoleucine biosynthesis; Cyanoamino acid metabolism; Tropane, piperidine and pyridine alkaloid biosynthesis; Glucosinolate biosynthesis; Aminoacyl-tRNA biosynthesis; Biosynthesis of plant secondary metabolites; Biosynthesis of alkaloids derived from ornithine, lysine and nicotinic acid; Metabolic pathways; Biosynthesis of secondary metabolites; 2-Oxocarboxylic acid metabolism; Biosynthesis of amino acids; ABC transporters; Protein digestion and absorption; Mineral absorption; Shigellosis; Central carbon metabolism in cancer",17,Compounds with biological roles; Risk category of Japanese OTC drugs; Drugs listed in the Japanese Pharmacopoeia,
C00408,L-Pipecolate,Pipecolinic acid; Pipecolic acid; 2-Piperidinecarboxylic acid; (S)-Piperidine-2-carboxylic acid,C6H11NO2,"Lysine degradation; Tropane, piperidine and pyridine alkaloid biosynthesis; Biosynthesis of plant secondary metabolites; Biosynthesis of alkaloids derived from ornithine, lysine and nicotinic acid; Metabolic pathways; Biosynthesis of secondary metabolites; Microbial metabolism in diverse environments",7,Phytochemical compounds,
C00409,Methanethiol,Methylmercaptan,CH4S,Cysteine and methionine metabolism; Sulfur metabolism; Metabolic pathways; Microbial metabolism in diverse environments,4,,
C00417,cis-Aconitate,cis-Aconitic acid,C6H6O6,"Citrate cycle (TCA cycle); Glyoxylate and dicarboxylate metabolism; C5-Branched dibasic acid metabolism; Other carbon fixation pathways; Biosynthesis of plant secondary metabolites; Biosynthesis of phenylpropanoids; Biosynthesis of terpenoids and steroids; Biosynthesis of alkaloids derived from shikimate pathway; Biosynthesis of alkaloids derived from ornithine, lysine and nicotinic acid; Biosynthesis of alkaloids derived from histidine and purine; Biosynthesis of alkaloids derived from terpenoid and polyketide; Biosynthesis of plant hormones; Metabolic pathways; Biosynthesis of secondary metabolites; Microbial metabolism in diverse environments; 2-Oxocarboxylic acid metabolism",16,Compounds with biological roles,
C00418,(R)-Mevalonate,"Mevalonic acid; 3,5-Dihydroxy-3-methylvaleric acid; (3R)-3,5-Dihydroxy-3-methylpentanoic acid; (R)-Mevalonic acid",C6H12O4,Terpenoid backbone biosynthesis; Biosynthesis of plant secondary metabolites; Biosynthesis of terpenoids and steroids; Biosynthesis of plant hormones; Metabolic pathways; Biosynthesis of secondary metabolites; Ferroptosis,7,Lipids,
C00422,Triacylglycerol,Triglyceride,C6H5O6R3,Glycerolipid metabolism; Metabolic pathways; Biosynthesis of secondary metabolites; Thermogenesis; Regulation of lipolysis in adipocytes; Insulin resistance; Fat digestion and absorption; Vitamin digestion and absorption; Cholesterol metabolism; Lipid and atherosclerosis,10,Compounds with biological roles; Lipids,
C00429,"5,6-Dihydrouracil","Dihydro-2,4(1H,3H)-pyrimidinedione; Dihydrouracile; Dihydrouracil; 5,6-Dihydro-2,4-dihydroxypyrimidine; Hydrouracil; 2,4-Dioxotetrahydropyrimidine",C4H6N2O2,Pyrimidine metabolism; beta-Alanine metabolism; Pantothenate and CoA biosynthesis; Metabolic pathways,4,,
C00430,5-Aminolevulinate,5-Amino-4-oxopentanoate; 5-Amino-4-oxovaleric acid; 5-Amino-4-oxopentanoic acid,C5H9NO3,"Glycine, serine and threonine metabolism; Porphyrin metabolism; Biosynthesis of plant secondary metabolites; Metabolic pathways; Biosynthesis of secondary metabolites; Microbial metabolism in diverse environments; Biosynthesis of cofactors; ABC transporters",8,Lipids; Anatomical Therapeutic Chemical (ATC) classification,
C00431,5-Aminopentanoate,5-Aminopentanoic acid; 5-Aminovaleric acid,C5H11NO2,Lysine degradation; Arginine and proline metabolism; D-Amino acid metabolism; Metabolic pathways; Microbial metabolism in diverse environments,5,Lipids,
C00437,N-Acetylornithine,N2-Acetyl-L-ornithine,C7H14N2O3,Arginine biosynthesis; Metabolic pathways; Biosynthesis of secondary metabolites; 2-Oxocarboxylic acid metabolism; Biosynthesis of amino acids,5,,
C00438,N-Carbamoyl-L-aspartate,,C5H8N2O5,"Pyrimidine metabolism; Alanine, aspartate and glutamate metabolism; Metabolic pathways; Biosynthesis of cofactors",4,,
C00439,N-Formimino-L-glutamate,N-Formimidoyl-L-glutamate,C6H10N2O4,Histidine metabolism; Metabolic pathways,2,,
C00440,5-Methyltetrahydrofolate,,C20H25N7O6,One carbon pool by folate; Other carbon fixation pathways; Metabolic pathways; Microbial metabolism in diverse environments; Carbon metabolism; Antifolate resistance; Cobalamin transport and metabolism; Folate transport and metabolism,8,,
C00449,"N6-(L-1,3-Dicarboxypropyl)-L-lysine",Saccharopine; L-Saccharopine; N-[(S)-5-Amino-5-carboxypentyl]-L-glutamic acid,C11H20N2O6,Lysine biosynthesis; Lysine degradation; Metabolic pathways; Biosynthesis of secondary metabolites; Biosynthesis of amino acids,5,,
C00455,Nicotinamide D-ribonucleotide,NMN; Nicotinamide mononucleotide; Nicotinamide ribonucleotide; Nicotinamide nucleotide; beta-Nicotinamide D-ribonucleotide; beta-Nicotinamide ribonucleotide; beta-Nicotinamide mononucleotide,C11H15N2O8P,Nicotinate and nicotinamide metabolism; Metabolic pathways,2,,
C00458,dCTP,Deoxycytidine 5'-triphosphate; Deoxycytidine triphosphate; 2'-Deoxycytidine 5'-triphosphate,C9H16N3O13P3,Pyrimidine metabolism; Metabolic pathways; Nucleotide metabolism,3,Compounds with biological roles,
C00459,dTTP,Deoxythymidine triphosphate; Deoxythymidine 5'-triphosphate; TTP,C10H17N2O14P3,Pyrimidine metabolism; Metabolic pathways; Nucleotide metabolism,3,Compounds with biological roles,
C00460,dUTP,2'-Deoxyuridine 5'-triphosphate,C9H15N2O14P3,Pyrimidine metabolism; Metabolic pathways; Nucleotide metabolism,3,Compounds with biological roles,
C00463,Indole,"2,3-Benzopyrrole",C8H7N,"Tryptophan metabolism; Phenylalanine, tyrosine and tryptophan biosynthesis; Benzoxazinoid biosynthesis; Biosynthesis of various plant secondary metabolites; Metabolic pathways; Biosynthesis of secondary metabolites; Protein digestion and absorption",7,,
C00466,Acetoin,2-Acetoin; 3-Hydroxybutan-2-one; 3-Hydroxy-2-butanone; Dimethylketol,C4H8O2,,0,Lipids,
C00469,Ethanol,Ethyl alcohol; Methylcarbinol,C2H6O,Glycolysis / Gluconeogenesis; Pyruvate metabolism; Metabolic pathways; Biosynthesis of secondary metabolites; Microbial metabolism in diverse environments; Inflammatory mediator regulation of TRP channels; Alcoholic liver disease; Alcoholism; Chemical carcinogenesis - reactive oxygen species,9,Anatomical Therapeutic Chemical (ATC) classification; Therapeutic category of drugs in Japan; Classification of Japanese OTC drugs; Risk category of Japanese OTC drugs; Drugs listed in the Japanese Pharmacopoeia,
C00474,Ribitol,Adonitol,C5H12O5,Pentose and glucuronate interconversions; Riboflavin metabolism; Metabolic pathways,3,,
C00475,Cytidine,,C9H13N3O5,Pyrimidine metabolism; Metabolic pathways; Nucleotide metabolism; ABC transporters,4,Compounds with biological roles,
C00476,D-Lyxose,,C5H10O5,Pentose and glucuronate interconversions,1,Compounds with biological roles,
C00481,Pyrazole,"1,2-Diazole",C3H4N2,,0,,
C00482,Sinapate,"Sinapic acid; 3,5-Dimethoxy-4-hydroxycinnamic acid",C11H12O5,Phenylpropanoid biosynthesis; Biosynthesis of phenylpropanoids; Metabolic pathways; Biosynthesis of secondary metabolites,4,Phytochemical compounds,
C00483,Tyramine,2-(p-Hydroxyphenyl)ethylamine,C8H11NO,Tyrosine metabolism; Methane metabolism; Isoquinoline alkaloid biosynthesis; Biosynthesis of plant secondary metabolites; Biosynthesis of alkaloids derived from shikimate pathway; Metabolic pathways; Biosynthesis of secondary metabolites; Biosynthesis of cofactors; Neuroactive ligand-receptor interaction; Protein digestion and absorption,10,Compounds with biological roles; Phytochemical compounds,
C00486,Bilirubin,,C33H36N4O6,Porphyrin metabolism; Metabolic pathways; Biosynthesis of secondary metabolites; Bile secretion,4,,
C00489,Glutarate,"Glutaric acid; Pentanedioic acid; 1,3-Propanedicarboxylic acid",C5H8O4,Fatty acid degradation; Lysine degradation; Metabolic pathways; Microbial metabolism in diverse environments,4,Compounds with biological roles; Lipids,
C00490,Itaconate,Itaconic acid; Methylenesuccinic acid,C5H6O4,C5-Branched dibasic acid metabolism; Metabolic pathways,2,Lipids,
C00491,L-Cystine,L-Dicysteine; L-alpha-Diamino-beta-dithiolactic acid,C6H12N2O4S2,Cysteine and methionine metabolism; Metabolic pathways; ABC transporters; Ferroptosis; Protein digestion and absorption,5,Risk category of Japanese OTC drugs; Drugs listed in the Japanese Pharmacopoeia,
C00492,Raffinose,Melitose; Melitriose; Gossypose; 6G-alpha-D-galactosylsucrose,C18H32O16,Galactose metabolism; Metabolic pathways; ABC transporters,3,,
C00493,Shikimate,"Shikimic acid; 3,4,5-Trihydroxy-1-cyclohexenecarboxylic acid",C7H10O5,"Phenylalanine, tyrosine and tryptophan biosynthesis; Biosynthesis of various alkaloids; Biosynthesis of various plant secondary metabolites; Biosynthesis of plant secondary metabolites; Biosynthesis of phenylpropanoids; Biosynthesis of alkaloids derived from shikimate pathway; Biosynthesis of plant hormones; Metabolic pathways; Biosynthesis of secondary metabolites; Biosynthesis of amino acids; Biosynthesis of cofactors",11,,
C00498,ADP-glucose,ADP-alpha-D-glucose; Adenosine diphosphoglucose,C16H25N5O15P2,Starch and sucrose metabolism; Amino sugar and nucleotide sugar metabolism; Metabolic pathways; Biosynthesis of secondary metabolites; Biosynthesis of nucleotide sugars,5,,
C00499,Allantoate,Allantoic acid,C4H8N4O4,Purine metabolism; Metabolic pathways; Microbial metabolism in diverse environments,3,,
C00500,Biliverdin,Biliverdin IX alpha,C33H34N4O6,Porphyrin metabolism; Metabolic pathways; Biosynthesis of secondary metabolites,3,,
C00503,Erythritol,Erythrol; Phycitol; Phycite; Erythrite,C4H10O4,ABC transporters,1,,
C00504,Folate,Pteroylglutamic acid; Folic acid,C19H19N7O6,One carbon pool by folate; Folate biosynthesis; Biosynthesis of phenylpropanoids; Metabolic pathways; Biosynthesis of cofactors; Antifolate resistance; Bile secretion; Vitamin digestion and absorption; Folate transport and metabolism; Prostate cancer,10,Compounds with biological roles; Anatomical Therapeutic Chemical (ATC) classification; USP drug classification; Therapeutic category of drugs in Japan; Classification of Japanese OTC drugs; Risk category of Japanese OTC drugs; Drugs listed in the Japanese Pharmacopoeia,
C00506,L-Cysteate,L-Cysteic acid; 3-Sulfo-L-alanine; (R)-2-Amino-3-sulfopropionic acid,C3H7NO5S,Cysteine and methionine metabolism; Taurine and hypotaurine metabolism; Metabolic pathways; Neuroactive ligand-receptor interaction,4,,
C00507,L-Rhamnose,6-Deoxy-L-mannose; L-Mannomethylose; L-Rhamnopyranose,C6H12O5,Fructose and mannose metabolism; Metabolic pathways; Microbial metabolism in diverse environments,3,Compounds with biological roles,
C00517,Hexadecanal,Palmitaldehyde,C16H32O,Fatty acid degradation,1,Lipids,
C00519,Hypotaurine,2-Aminoethanesulfinic acid,C2H7NO2S,Taurine and hypotaurine metabolism; Metabolic pathways,2,,
C00526,Deoxyuridine,2-Deoxyuridine; 2'-Deoxyuridine,C9H12N2O5,Pyrimidine metabolism; Metabolic pathways; Nucleotide metabolism; ABC transporters,4,Compounds with biological roles,
C00532,L-Arabitol,L-Arabinol; L-Arabinitol; L-Lyxitol,C5H12O5,Pentose and glucuronate interconversions; Metabolic pathways,2,,
C00534,Pyridoxamine,PM,C8H12N2O2,Vitamin B6 metabolism; Metabolic pathways; Microbial metabolism in diverse environments; Vitamin digestion and absorption,4,Compounds with biological roles; Risk category of Japanese OTC drugs,
C00543,Dimethylamine,(CH3)2NH,C2H7N,Methane metabolism; Metabolic pathways; Microbial metabolism in diverse environments; Carbon metabolism,4,,
C00544,Homogentisate,"Homogentisic acid; 2,5-Dihydroxyphenylacetic acid; 2,5-Dihydroxyphenylacetate",C8H8O4,Ubiquinone and other terpenoid-quinone biosynthesis; Tyrosine metabolism; Styrene degradation; Metabolic pathways; Microbial metabolism in diverse environments; Biosynthesis of cofactors,6,,
C00547,L-Noradrenaline,"Noradrenaline; Norepinephrine; Arterenol; 4-[(1R)-2-Amino-1-hydroxyethyl]-1,2-benzenediol",C8H11NO3,Tyrosine metabolism; Metabolic pathways; Two-component system; Quorum sensing; cAMP signaling pathway; Neuroactive ligand-receptor interaction; Hormone signaling; Neuroactive ligand signaling; Adrenergic signaling in cardiomyocytes; Vascular smooth muscle contraction; Gap junction; Thermogenesis; Synaptic vesicle cycle; Taste transduction; Regulation of lipolysis in adipocytes; Renin secretion; Salivary secretion; Chemical carcinogenesis - receptor activation,18,Compounds with biological roles; Anatomical Therapeutic Chemical (ATC) classification; Therapeutic category of drugs in Japan; Drug groups; Target-based classification of drugs; Drugs listed in the Japanese Pharmacopoeia,
C00550,Sphingomyelin,,C24H49N2O6PR,Sphingolipid metabolism; Metabolic pathways; Sphingolipid signaling pathway; Necroptosis,4,Compounds with biological roles; Lipids; Anatomical Therapeutic Chemical (ATC) classification,
C00556,Benzyl alcohol,alpha-Hydroxytoluene; Benzenemethanol; Phenylmethanol; Phenylcarbinol; Hydroxymethylbenzene,C7H8O,Toluene degradation; Metabolic pathways; Microbial metabolism in diverse environments; Degradation of aromatic compounds,4,Anatomical Therapeutic Chemical (ATC) classification; Risk category of Japanese OTC drugs; Drugs listed in the Japanese Pharmacopoeia,
C00559,Deoxyadenosine,2'-Deoxyadenosine,C10H13N5O3,Purine metabolism; Metabolic pathways; Nucleotide metabolism; ABC transporters,4,Compounds with biological roles,
C00565,Trimethylamine,"(CH3)3N; N,N-Dimethylmethanamine; N,N,N-Trimethylamine",C3H9N,Methane metabolism; Metabolic pathways; Microbial metabolism in diverse environments; Carbon metabolism,4,,
C00568,4-Aminobenzoate,ABEE; 4-Aminobenzoic acid; p-Aminobenzoate,C7H7NO2,Aminobenzoate degradation; Folate biosynthesis; Biosynthesis of phenylpropanoids; Metabolic pathways; Microbial metabolism in diverse environments; Biosynthesis of cofactors,6,Anatomical Therapeutic Chemical (ATC) classification; Drug groups; Target-based classification of drugs,
C00571,Cyclohexylamine,Cyclohexanamine,C6H13N,Caprolactam degradation; Microbial metabolism in diverse environments,2,,
C00575,"3',5'-Cyclic AMP","Cyclic adenylic acid; Cyclic AMP; Adenosine 3',5'-phosphate; Adenosine 3',5'-cyclic phosphate; cAMP",C10H12N5O6P,"Purine metabolism; Metabolic pathways; Endocrine resistance; Biofilm formation - Pseudomonas aeruginosa; Biofilm formation - Escherichia coli; MAPK signaling pathway; Ras signaling pathway; Rap1 signaling pathway; Calcium signaling pathway; cGMP-PKG signaling pathway; cAMP signaling pathway; Chemokine signaling pathway; Phospholipase D signaling pathway; Hormone signaling; Neuroactive ligand signaling; Cell cycle - yeast; Meiosis - yeast; Oocyte meiosis; Longevity regulating pathway; Longevity regulating pathway - multiple species; Adrenergic signaling in cardiomyocytes; Vascular smooth muscle contraction; Hedgehog signaling pathway; Axon regeneration; Apelin signaling pathway; Gap junction; Platelet activation; Leukocyte transendothelial migration; Circadian rhythm; Circadian entrainment; Thermogenesis; Long-term potentiation; Retrograde endocannabinoid signaling; Glutamatergic synapse; Cholinergic synapse; Serotonergic synapse; GABAergic synapse; Dopaminergic synapse; Olfactory transduction; Taste transduction; Inflammatory mediator regulation of TRP channels; Insulin signaling pathway; Insulin secretion; GnRH signaling pathway; Ovarian steroidogenesis; Progesterone-mediated oocyte maturation; Estrogen signaling pathway; Melanogenesis; Thyroid hormone synthesis; Thyroid hormone signaling pathway; Oxytocin signaling pathway; Glucagon signaling pathway; Regulation of lipolysis in adipocytes; Renin secretion; Aldosterone synthesis and secretion; Relaxin signaling pathway; Cortisol synthesis and secretion; Parathyroid hormone synthesis, secretion and action; Cushing syndrome; Growth hormone synthesis, secretion and action; Aldosterone-regulated sodium reabsorption; Endocrine and other factor-regulated calcium reabsorption; Vasopressin-regulated water reabsorption; Salivary secretion; Gastric acid secretion; Pancreatic secretion; Bile secretion; Parkinson disease; Prion disease; Cocaine addiction; Amphetamine addiction; Morphine addiction; Alcoholism; Vibrio cholerae infection; Biofilm formation - Vibrio cholerae; Pertussis; Chagas disease; Amoebiasis; Human papillomavirus infection; Human T-cell leukemia virus 1 infection; Pathways in cancer; Chemical carcinogenesis - receptor activation; Dilated cardiomyopathy",83,Compounds with biological roles,
C00576,Betaine aldehyde,,C5H12NO,"Glycine, serine and threonine metabolism; One carbon pool by folate; Metabolic pathways",3,,
C00581,Guanidinoacetate,Guanidinoacetic acid; Glycocyamine; N-Amidinoglycine; Guanidoacetic acid,C3H7N3O2,"Glycine, serine and threonine metabolism; Arginine and proline metabolism; Metabolic pathways",3,,
C00583,"Propane-1,2-diol","1,2-Propanediol; Propylene glycol",C3H8O2,Propanoate metabolism; Metabolic pathways,2,Therapeutic category of drugs in Japan; Drugs listed in the Japanese Pharmacopoeia,
C00584,Prostaglandin E2,"(5Z,13E)-(15S)-11alpha,15-Dihydroxy-9-oxoprosta-5,13-dienoate; Dinoprostone; PGE2",C20H32O5,Arachidonic acid metabolism; Metabolic pathways; cAMP signaling pathway; Neuroactive ligand-receptor interaction; Efferocytosis; C-type lectin receptor signaling pathway; Serotonergic synapse; Inflammatory mediator regulation of TRP channels; Oxytocin signaling pathway; Regulation of lipolysis in adipocytes; Renin secretion; Bile secretion; Leishmaniasis; African trypanosomiasis; Amoebiasis; Human cytomegalovirus infection; Human papillomavirus infection; Pathways in cancer; Rheumatoid arthritis,19,Compounds with biological roles; Lipids; Anatomical Therapeutic Chemical (ATC) classification; Therapeutic category of drugs in Japan; Drug groups; Target-based classification of drugs,
C00587,3-Hydroxybenzoate,3-Hydroxybenzoic acid; m-Hydroxybenzoic acid,C7H6O3,"Benzoate degradation; Phenylalanine, tyrosine and tryptophan biosynthesis; Toluene degradation; Polycyclic aromatic hydrocarbon degradation; Microbial metabolism in diverse environments; Degradation of aromatic compounds",6,,
C00588,Choline phosphate,Phosphorylcholine; Phosphocholine; O-Phosphocholine,C5H15NO4P,Teichoic acid biosynthesis; Glycerophospholipid metabolism; Metabolic pathways; Choline metabolism in cancer,4,Risk category of Japanese OTC drugs,
C00599,Cholest-4-en-3-one,Cholestenone; 4-Cholesten-3-one,C27H44O,Steroid degradation; Microbial metabolism in diverse environments,2,Lipids,
C00601,Phenylacetaldehyde,alpha-Tolualdehyde,C8H8O,Phenylalanine metabolism; Styrene degradation; Metabolic pathways; Microbial metabolism in diverse environments,4,,
C00606,3-Sulfino-L-alanine,L-Cysteinesulfinic acid; 3-Sulphino-L-alanine; 3-Sulfinoalanine,C3H7NO4S,Cysteine and methionine metabolism; Taurine and hypotaurine metabolism; Metabolic pathways,3,Compounds with biological roles,
C00612,N1-Acetylspermidine,,C9H21N3O,,0,,
C00624,N-Acetyl-L-glutamate,N-Acetyl-L-glutamic acid,C7H11NO5,Arginine biosynthesis; D-Amino acid metabolism; Metabolic pathways; Biosynthesis of secondary metabolites; 2-Oxocarboxylic acid metabolism; Biosynthesis of amino acids,6,,
C00628,"2,5-Dihydroxybenzoate","2,5-Dihydroxybenzoic acid; Gentisic acid; Hydroquinonecarboxylic acid; Gentisate",C7H6O4,Tyrosine metabolism; Benzoate degradation; Naphthalene degradation; Metabolic pathways; Microbial metabolism in diverse environments,5,,
C00630,2-Methylpropanoyl-CoA,2-Methylpropionyl-CoA; Isobutyryl-CoA,C25H42N7O17P3S,"Valine, leucine and isoleucine degradation; Biosynthesis of 12-, 14- and 16-membered macrolides; Lipoic acid metabolism; Pinene, camphor and geraniol degradation; Biosynthesis of various alkaloids; Biosynthesis of alkaloids derived from shikimate pathway; Metabolic pathways; Biosynthesis of secondary metabolites; 2-Oxocarboxylic acid metabolism",9,Lipids,
C00631,2-Phospho-D-glycerate,D-Glycerate 2-phosphate; 2-Phospho-(R)-glycerate,C3H7O7P,"Glycolysis / Gluconeogenesis; Pentose phosphate pathway; Glycine, serine and threonine metabolism; Glycerolipid metabolism; Glyoxylate and dicarboxylate metabolism; Methane metabolism; Biosynthesis of plant secondary metabolites; Biosynthesis of phenylpropanoids; Biosynthesis of terpenoids and steroids; Biosynthesis of alkaloids derived from shikimate pathway; Metabolic pathways; Biosynthesis of secondary metabolites; Microbial metabolism in diverse environments; Carbon metabolism; Biosynthesis of amino acids; Glucagon signaling pathway; Central carbon metabolism in cancer",17,,
C00632,3-Hydroxyanthranilate,3-Hydroxyanthranilic acid,C7H7NO3,Tryptophan metabolism; Aminobenzoate degradation; Metabolic pathways; Microbial metabolism in diverse environments; Biosynthesis of cofactors,5,,
C00633,4-Hydroxybenzaldehyde,p-Hydroxybenzaldehyde,C7H6O2,Bisphenol degradation; Toluene degradation; Aminobenzoate degradation; Biosynthesis of phenylpropanoids; Metabolic pathways; Microbial metabolism in diverse environments,6,,
C00637,Indole-3-acetaldehyde,2-(Indol-3-yl)acetaldehyde; Indoleacetaldehyde,C10H9NO,Tryptophan metabolism; Metabolic pathways,2,,
C00639,Prostaglandin F2alpha,"(5Z,13E)-(15S)-9alpha,11alpha,15-Trihydroxyprosta-5,13-dienoate; (+)-Prostaglandin F2a; 7-[3,5-Dihydroxy-2-(3-hydroxy-1-octenyl)cyclopentyl]-5-heptenoic acid; 9a,11a-PGF2; Amoglandin; Cyclosin; Dinoprost; Enzaprost; Enzaprost F; Panacelan; PGF2a; 9,11,15-Trihydroxy-(5Z,9a,11a,13E,15S)-prosta-5,13-dien-1-oic acid; Prostaglandin F2a; Prostin F 2 alpha; Protamodin; U 14583; (5Z,9alpha,11alpha,13E,15S)-9,11,15-Trihydroxyprosta-5,13-dienoate",C20H34O5,Arachidonic acid metabolism; Metabolic pathways; Phospholipase D signaling pathway; Neuroactive ligand-receptor interaction; Serotonergic synapse; Ovarian steroidogenesis; Oxytocin signaling pathway; Bile secretion,8,Compounds with biological roles; Lipids; Anatomical Therapeutic Chemical (ATC) classification; Therapeutic category of drugs in Japan; Drug groups; Target-based classification of drugs; Drugs listed in the Japanese Pharmacopoeia,
C00642,4-Hydroxyphenylacetate,4-Hydroxyphenylacetic acid,C8H8O3,Tyrosine metabolism; Phenylalanine metabolism; Degradation of flavonoids; Metabolic pathways; Microbial metabolism in diverse environments; Degradation of aromatic compounds,6,,
C00643,5-Hydroxy-L-tryptophan,Oxitriptan,C11H12N2O3,Tryptophan metabolism; Biosynthesis of alkaloids derived from shikimate pathway; Metabolic pathways; Axon regeneration; Serotonergic synapse,5,Anatomical Therapeutic Chemical (ATC) classification,
C00645,N-Acetyl-D-mannosamine,2-Acetamido-2-deoxy-D-mannose,C8H15NO6,Amino sugar and nucleotide sugar metabolism; Biosynthesis of various nucleotide sugars; Metabolic pathways; Biosynthesis of nucleotide sugars,4,Compounds with biological roles,
C00647,Pyridoxamine phosphate,Pyridoxamine 5'-phosphate; Pyridoxamine 5-phosphate,C8H13N2O5P,Vitamin B6 metabolism; Metabolic pathways; Vitamin digestion and absorption,3,,
C00655,Xanthosine 5'-phosphate,Xanthylic acid; XMP; (9-D-Ribosylxanthine)-5'-phosphate,C10H13N4O9P,Purine metabolism; Biosynthesis of plant secondary metabolites; Biosynthesis of alkaloids derived from histidine and purine; Metabolic pathways; Biosynthesis of secondary metabolites; Nucleotide metabolism,6,Phytochemical compounds,
C00661,Glyceraldehyde 3-phosphate,,C3H7O6P,,0,,
C00666,"LL-2,6-Diaminoheptanedioate","LL-2,6-Diaminopimelate; LL-2,6-Diaminopimelic acid; (2S,6S)-2,6-Diaminoheptanedioic acid",C7H14N2O4,Lysine biosynthesis; D-Amino acid metabolism; Metabolic pathways; Biosynthesis of secondary metabolites; Microbial metabolism in diverse environments; Biosynthesis of amino acids,6,Lipids,
C00669,gamma-L-Glutamyl-L-cysteine,L-gamma-Glutamylcysteine; 5-L-Glutamyl-L-cysteine; gamma-Glutamylcysteine,C8H14N2O5S,Histidine metabolism; Glutathione metabolism; Metabolic pathways; Biosynthesis of secondary metabolites; Biosynthesis of cofactors; Ferroptosis,6,,
C00670,sn-Glycero-3-phosphocholine,Glycerophosphocholine,C8H21NO6P,Glycerophospholipid metabolism; Ether lipid metabolism; Choline metabolism in cancer,3,Anatomical Therapeutic Chemical (ATC) classification; Drug groups; Target-based classification of drugs,
C00671,(S)-3-Methyl-2-oxopentanoic acid,(S)-3-Methyl-2-oxopentanoate; (3S)-3-Methyl-2-oxopentanoic acid; (3S)-3-Methyl-2-oxopentanoate,C6H10O3,"Valine, leucine and isoleucine degradation; Valine, leucine and isoleucine biosynthesis; Lipoic acid metabolism; Glucosinolate biosynthesis; Metabolic pathways; Biosynthesis of secondary metabolites; 2-Oxocarboxylic acid metabolism; Biosynthesis of amino acids",8,Compounds with biological roles; Lipids,
C00672,2-Deoxy-D-ribose 1-phosphate,2-Deoxy-alpha-D-ribose 1-phosphate,C5H11O7P,Pentose phosphate pathway; Pyrimidine metabolism; Metabolic pathways,3,,
C00689,"alpha,alpha'-Trehalose 6-phosphate",Trehalose 6-phosphate,C12H23O14P,Starch and sucrose metabolism; Metabolic pathways; Biosynthesis of secondary metabolites; Phosphotransferase system (PTS); Retrograde endocannabinoid signaling,5,,
C00695,Cholic acid,"Cholate; 3alpha,7alpha,12alpha-Trihydroxy-5beta-cholanate; 3alpha,7alpha,12alpha-Trihydroxy-5beta-cholanic acid",C24H40O5,Primary bile acid biosynthesis; Secondary bile acid biosynthesis; Metabolic pathways; Bile secretion,4,Compounds with biological roles; Lipids; Anatomical Therapeutic Chemical (ATC) classification; USP drug classification; Therapeutic category of drugs in Japan; Risk category of Japanese OTC drugs; Drug groups; Target-based classification of drugs,
C00700,XTP,Xanthosine 5'-triphosphate,C10H15N4O15P3,Purine metabolism; Metabolic pathways; Nucleotide metabolism,3,,
C00705,dCDP,2'-Deoxycytidine diphosphate; 2'-Deoxycytidine 5'-diphosphate,C9H15N3O10P2,Pyrimidine metabolism; Metabolic pathways; Nucleotide metabolism,3,Compounds with biological roles,
C00712,(9Z)-Octadecenoic acid,(Z)-Octadec-9-enoic acid; Oleate; Oleic acid,C18H34O2,"Fatty acid biosynthesis; Cutin, suberine and wax biosynthesis; Biosynthesis of unsaturated fatty acids; Biosynthesis of plant secondary metabolites; Longevity regulating pathway - worm",5,Compounds with biological roles; Lipids; Phytochemical compounds,
C00715,Pterin,2-Amino-4-oxopteridine; 2-Amino-4-hydroxypteridine,C6H5N5O,,0,,
C00719,Betaine,"Trimethylaminoacetate; Glycine betaine; N,N,N-Trimethylglycine; Trimethylammonioacetate",C5H11NO2,"Glycine, serine and threonine metabolism; One carbon pool by folate; Metabolic pathways; ABC transporters; Folate transport and metabolism",5,Anatomical Therapeutic Chemical (ATC) classification; USP drug classification; Therapeutic category of drugs in Japan; Risk category of Japanese OTC drugs,
C00729,Tropine,3alpha-Tropanol,C8H15NO,"Tropane, piperidine and pyridine alkaloid biosynthesis; Biosynthesis of alkaloids derived from ornithine, lysine and nicotinic acid; Metabolic pathways; Biosynthesis of secondary metabolites",4,Phytochemical compounds,
C00735,Cortisol,"Hydrocortisone; 11beta,17alpha,21-Trihydroxy-4-pregnene-3,20-dione; Kendall's compound F; Reichstein's substance M",C21H30O5,Steroid hormone biosynthesis; Metabolic pathways; Neuroactive ligand-receptor interaction; Cortisol synthesis and secretion; Cushing syndrome; Aldosterone-regulated sodium reabsorption; Bile secretion; Pathways in cancer; Prostate cancer; Glucocorticoid and mineralocorticoid receptor agonists/antagonists,10,Compounds with biological roles; Lipids; Anatomical Therapeutic Chemical (ATC) classification; USP drug classification; Therapeutic category of drugs in Japan; Classification of Japanese OTC drugs; Risk category of Japanese OTC drugs; Drug groups; Target-based classification of drugs; Drugs listed in the Japanese Pharmacopoeia,
C00741,Diacetyl,"Biacetyl; Dimethylglyoxal; 2,3-Butanedione",C4H6O2,Butanoate metabolism; Biosynthesis of secondary metabolites,2,Lipids,
C00745,Nicotine,(S)-3-(1-Methylpyrrolidin-2-yl)pyridine; (S)-Nicotine; 3-[(S)-1-Methylpyrrolidin-2-yl]pyridine,C10H14N2,"Nicotinate and nicotinamide metabolism; Tropane, piperidine and pyridine alkaloid biosynthesis; Metabolism of xenobiotics by cytochrome P450; Biosynthesis of alkaloids derived from ornithine, lysine and nicotinic acid; Metabolic pathways; Biosynthesis of secondary metabolites; Microbial metabolism in diverse environments; Thermogenesis; Nicotine addiction; Chemical carcinogenesis - receptor activation",10,Phytochemical compounds; Pesticides; Natural toxins; Anatomical Therapeutic Chemical (ATC) classification; USP drug classification; Therapeutic category of drugs in Japan; Classification of Japanese OTC drugs; Risk category of Japanese OTC drugs; Drug groups; Target-based classification of drugs,
C00750,Spermine,"N,N'-Bis(3-aminopropyl)-1,4-butanediamine",C10H26N4,Arginine and proline metabolism; beta-Alanine metabolism; Glutathione metabolism; Pantothenate and CoA biosynthesis; Metabolic pathways; Biosynthesis of cofactors; Bile secretion,7,,
C00751,Squalene,Spinacene; Supraene,C30H50,Steroid biosynthesis; Sesquiterpenoid and triterpenoid biosynthesis; Biosynthesis of various alkaloids; Biosynthesis of various plant secondary metabolites; Biosynthesis of plant secondary metabolites; Biosynthesis of terpenoids and steroids; Biosynthesis of alkaloids derived from terpenoid and polyketide; Biosynthesis of plant hormones; Metabolic pathways; Biosynthesis of secondary metabolites,10,Lipids; Phytochemical compounds,
C00762,Cortisone,"17alpha,21-Dihydroxy-4-pregnene-3,11,20-trione; Kendall's compound E; Reichstein's substance Fa",C21H28O5,Steroid hormone biosynthesis; Metabolic pathways; Aldosterone-regulated sodium reabsorption; Pathways in cancer; Prostate cancer; Glucocorticoid and mineralocorticoid receptor agonists/antagonists,6,Compounds with biological roles; Lipids; Anatomical Therapeutic Chemical (ATC) classification; Drug groups; Target-based classification of drugs,
C00780,Serotonin,3-(2-Aminoethyl)-1H-indol-5-ol; 5-Hydroxytryptamine; Enteramine,C10H12N2O,Tryptophan metabolism; Biosynthesis of alkaloids derived from shikimate pathway; Metabolic pathways; Biosynthesis of secondary metabolites; cAMP signaling pathway; Neuroactive ligand-receptor interaction; Neuroactive ligand signaling; Axon regeneration; Gap junction; Synaptic vesicle cycle; Serotonergic synapse; Taste transduction; Inflammatory mediator regulation of TRP channels; Bile secretion; Chemical carcinogenesis - receptor activation; Serotonin receptor agonists/antagonists,16,Compounds with biological roles; Phytochemical compounds,
C00783,Tropinone,3-Tropanone,C8H13NO,"Tropane, piperidine and pyridine alkaloid biosynthesis; Biosynthesis of alkaloids derived from ornithine, lysine and nicotinic acid; Metabolic pathways; Biosynthesis of secondary metabolites",4,Phytochemical compounds,
C00785,Urocanate,Urocanic acid,C6H6N2O2,Histidine metabolism; Metabolic pathways; Cornified envelope formation,3,,
C00788,L-Adrenaline,"(R)-(-)-Adrenaline; (R)-(-)-Epinephrine; (R)-(-)-Epirenamine; (R)-(-)-Adnephrine; 4-[(1R)-1-Hydroxy-2-(methylamino)ethyl]-1,2-benzenediol",C9H13NO3,Tyrosine metabolism; Metabolic pathways; Two-component system; Quorum sensing; cAMP signaling pathway; Neuroactive ligand-receptor interaction; Hormone signaling; Neuroactive ligand signaling; Adrenergic signaling in cardiomyocytes; Regulation of lipolysis in adipocytes; Renin secretion; Chemical carcinogenesis - receptor activation,12,Compounds with biological roles; Anatomical Therapeutic Chemical (ATC) classification; USP drug classification; Therapeutic category of drugs in Japan; Risk category of Japanese OTC drugs; Drug groups; Target-based classification of drugs; Drugs listed in the Japanese Pharmacopoeia,
C00791,Creatinine,1-Methylglycocyamidine,C4H7N3O,Arginine and proline metabolism; Metabolic pathways,2,,
C00794,D-Sorbitol,D-Glucitol; L-Gulitol; Sorbitol,C6H14O6,Fructose and mannose metabolism; Galactose metabolism; Metabolic pathways; ABC transporters; Phosphotransferase system (PTS); Diabetic cardiomyopathy,6,Compounds with biological roles; Anatomical Therapeutic Chemical (ATC) classification; Therapeutic category of drugs in Japan; Risk category of Japanese OTC drugs; Drugs listed in the Japanese Pharmacopoeia,
C00795,D-Tagatose,lyxo-Hexulose,C6H12O6,Galactose metabolism; Metabolic pathways,2,Compounds with biological roles,
C00802,Oxalureate,Oxaluric acid; Monooxalylurea; Oxalurate; N-Carbamoyl-2-oxoglycine,C3H4N2O4,Purine metabolism; Metabolic pathways; Microbial metabolism in diverse environments,3,,
C00803,Pentanoate,Valerate; Pentanoic acid; Valeric acid; Valerianic acid; n-Pentanoate; n-Valeric acid,C5H10O2,,0,Compounds with biological roles; Lipids,
C00805,Salicylate,o-Hydroxybenzoic acid; Salicylic acid,C7H6O3,Dioxin degradation; Polycyclic aromatic hydrocarbon degradation; Naphthalene degradation; Biosynthesis of various alkaloids; Biosynthesis of siderophore group nonribosomal peptides; Biosynthesis of phenylpropanoids; Biosynthesis of plant hormones; Metabolic pathways; Biosynthesis of secondary metabolites; Microbial metabolism in diverse environments; Degradation of aromatic compounds; Plant hormone signal transduction; Bile secretion,13,Anatomical Therapeutic Chemical (ATC) classification; Therapeutic category of drugs in Japan; Classification of Japanese OTC drugs; Risk category of Japanese OTC drugs; Drug groups; Drugs listed in the Japanese Pharmacopoeia,
C00806,Tryptophan,alpha-Amino-beta-(3-indolyl)-propionic acid,C11H12N2O2,,0,,
C00808,(+)-Camphor,"d-Camphor; (1R,4R)-1,7,7-Trimethylbicyclo[2.2.1]heptan-2-one",C10H16O,"Monoterpenoid biosynthesis; Pinene, camphor and geraniol degradation; Biosynthesis of secondary metabolites; Microbial metabolism in diverse environments; Inflammatory mediator regulation of TRP channels",5,Lipids; Phytochemical compounds; Anatomical Therapeutic Chemical (ATC) classification; Classification of Japanese OTC drugs; Risk category of Japanese OTC drugs; Crude drugs; Drugs listed in the Japanese Pharmacopoeia,
C00811,4-Coumarate,p-Coumaric acid; trans-4-Hydroxycinnamate; trans-p-Hydroxycinnamate; 4-Hydroxycinnamic acid; 4-Hydroxycinnamate,C9H8O3,Ubiquinone and other terpenoid-quinone biosynthesis; Tyrosine metabolism; Phenylpropanoid biosynthesis; Isoquinoline alkaloid biosynthesis; Biosynthesis of phenylpropanoids; Metabolic pathways; Biosynthesis of secondary metabolites; Degradation of aromatic compounds,8,Phytochemical compounds,
C00813,Barbiturate,Barbituric acid; Malonylurea,C4H4N2O3,Pyrimidine metabolism; Metabolic pathways,2,,
C00818,D-Glucarate,D-Glucaric acid; L-Gularic acid; D-Saccharic acid; D-Glucosaccharic acid; Glucaric acid; Glucarate,C6H10O8,Ascorbate and aldarate metabolism; Metabolic pathways,2,Lipids,
C00823,1-Hexadecanol,Hexadecanol; Cetyl alcohol; Palmityl alcohol; 16-Hexadecanol,C16H34O,Fatty acid degradation,1,Lipids; Drugs listed in the Japanese Pharmacopoeia,
C00835,Sepiapterin,,C9H11N5O3,Folate biosynthesis; Metabolic pathways,2,Anatomical Therapeutic Chemical (ATC) classification; USP drug classification; Therapeutic category of drugs in Japan,
C00836,Sphinganine,"Dihydrosphingosine; 2-Amino-1,3-dihydroxyoctadecane",C18H39NO2,Sphingolipid metabolism; Metabolic pathways; Sphingolipid signaling pathway; Cornified envelope formation,4,Lipids,
C00842,dTDP-glucose,dTDP-D-glucose; dTDP-alpha-D-glucose,C16H26N2O16P2,Amino sugar and nucleotide sugar metabolism; Streptomycin biosynthesis; Polyketide sugar unit biosynthesis; Acarbose and validamycin biosynthesis; Biosynthesis of various nucleotide sugars; Biosynthesis of vancomycin group antibiotics; Metabolic pathways; Biosynthesis of secondary metabolites; Biosynthesis of nucleotide sugars,9,,
C00843,(-)-Menthone,l-Menthone; p-Menthan-3-one,C10H18O,Monoterpenoid biosynthesis; Biosynthesis of secondary metabolites,2,Lipids; Phytochemical compounds,
C00847,4-Pyridoxate,4-Pyridoxic acid,C8H9NO4,Vitamin B6 metabolism; Metabolic pathways; Microbial metabolism in diverse environments,3,,
C00849,Ethyl acetate,,C4H8O2,,0,,
C00854,Cyclohexanol,Hexalin; Hexahydrophenol; Cyclohexan-1-ol,C6H12O,Caprolactam degradation; Microbial metabolism in diverse environments; Degradation of aromatic compounds,3,,
C00857,Deamino-NAD+,Deamido-NAD+; Deamido-NAD; Nicotinic acid adenine dinucleotide,C21H27N6O15P2,Nicotinate and nicotinamide metabolism; Metabolic pathways; Biosynthesis of cofactors,3,,
C00860,L-Histidinol,,C6H11N3O,Histidine metabolism; Metabolic pathways; Biosynthesis of secondary metabolites; Biosynthesis of amino acids,4,,
C00864,Pantothenate,Pantothenic acid; (R)-Pantothenate,C9H17NO5,beta-Alanine metabolism; Pantothenate and CoA biosynthesis; Metabolic pathways; Biosynthesis of secondary metabolites; Biosynthesis of cofactors; Vitamin digestion and absorption,6,Compounds with biological roles; Risk category of Japanese OTC drugs,
C00870,4-Nitrophenol,p-Nitrophenol; PNP; Niphen; 4-Hydroxynitrobenzene,C6H5NO3,Aminobenzoate degradation; Microbial metabolism in diverse environments,2,Risk category of Japanese OTC drugs,
C00872,Aminomalonate,Aminomalonic acid; 2-Aminomalonic acid,C3H5NO4,,0,,
C00878,D-Arabinonate,D-Arabinonic acid,C5H10O6,Ascorbate and aldarate metabolism; Metabolic pathways,2,,
C00879,D-Galactarate,D-Mucic acid; D-Galactaric acid; Galactaric acid; Galactarate; Mucic acid,C6H10O8,Ascorbate and aldarate metabolism; Metabolic pathways,2,Lipids,
C00881,Deoxycytidine,2'-Deoxycytidine,C9H13N3O4,Pyrimidine metabolism; Metabolic pathways; Nucleotide metabolism; ABC transporters,4,Compounds with biological roles; Target-based classification of drugs,
C00884,Homocarnosine,L-Homocarnosine; gamma-Aminobutyryl histidine; N-(4-Amino-1-oxobutyryl)histidine,C10H16N4O3,Arginine and proline metabolism; Metabolic pathways,2,,
C00898,"(R,R)-Tartaric acid","(R,R)-Tartrate; L-Tartaric acid; Tartaric acid; Tartrate; 2,3-Dihydroxybutanedioic acid; (2R,3R)-Tartaric acid; (+)-Tartaric acid",C4H6O6,Glyoxylate and dicarboxylate metabolism; Metabolic pathways,2,Therapeutic category of drugs in Japan; Drugs listed in the Japanese Pharmacopoeia,
C00913,3-Methyladenine,,C6H7N5,,0,,
C00931,Porphobilinogen,,C10H14N2O4,Porphyrin metabolism; Metabolic pathways; Biosynthesis of secondary metabolites; Microbial metabolism in diverse environments; Biosynthesis of cofactors,5,,
C00942,"3',5'-Cyclic GMP","Guanosine 3',5'-cyclic monophosphate; Guanosine 3',5'-cyclic phosphate; Cyclic GMP; cGMP",C10H12N5O7P,Purine metabolism; Metabolic pathways; cGMP-PKG signaling pathway; Plant hormone signal transduction; Hormone signaling; Vascular smooth muscle contraction; Gap junction; Platelet activation; Circadian entrainment; Thermogenesis; Long-term depression; Olfactory transduction; Phototransduction; Oxytocin signaling pathway; Regulation of lipolysis in adipocytes; Renin secretion; Aldosterone synthesis and secretion; Salivary secretion; Bile secretion,19,Compounds with biological roles,
C00951,Estradiol-17beta,Estradiol; beta-Estradiol,C18H24O2,"Steroid hormone biosynthesis; Metabolic pathways; Endocrine resistance; Hormone signaling; Thermogenesis; Ovarian steroidogenesis; Estrogen signaling pathway; Prolactin signaling pathway; GnRH secretion; Endocrine and other factor-regulated calcium reabsorption; Pathways in cancer; Chemical carcinogenesis - receptor activation; Chemical carcinogenesis - reactive oxygen species; Prostate cancer; Breast cancer; Progesterone, androgen and estrogen receptor agonists/antagonists",16,Compounds with biological roles; Lipids; Anatomical Therapeutic Chemical (ATC) classification; USP drug classification; Therapeutic category of drugs in Japan; Classification of Japanese OTC drugs; Risk category of Japanese OTC drugs; Drug groups; Target-based classification of drugs,
C00954,Indole-3-acetate,Indole-3-acetic acid; (Indol-3-yl)acetate; Indoleacetate; Indoleacetic acid; (1H-indol-3-yl)acetate; IAA,C10H9NO2,Tryptophan metabolism; Biosynthesis of plant hormones; Metabolic pathways; Plant hormone signal transduction,4,Phytochemical compounds; Pesticides,
C00955,Indole-3-ethanol,Tryptophol,C10H11NO,Tryptophan metabolism,1,,
C00956,L-2-Aminoadipate,L-alpha-Aminoadipate; L-alpha-Aminoadipic acid; L-2-Aminoadipic acid; L-2-Aminohexanedioate,C6H11NO4,Lysine biosynthesis; Lysine degradation; Penicillin and cephalosporin biosynthesis; Metabolic pathways; Biosynthesis of secondary metabolites; Microbial metabolism in diverse environments; 2-Oxocarboxylic acid metabolism; Biosynthesis of amino acids,8,,
C00979,O-Acetyl-L-serine,O3-Acetyl-L-serine,C5H9NO4,Cysteine and methionine metabolism; Zeatin biosynthesis; Sulfur metabolism; Biosynthesis of various antibiotics; Metabolic pathways; Biosynthesis of secondary metabolites; Microbial metabolism in diverse environments; Carbon metabolism; Biosynthesis of amino acids; Sulfur relay system,10,,
C00986,"1,3-Diaminopropane","Trimethylenediamine; 1,3-Propanediamine; Propane-1,3-diamine",C3H10N2,"Glycine, serine and threonine metabolism; Arginine and proline metabolism; beta-Alanine metabolism; Biosynthesis of various siderophores; Metabolic pathways; Biosynthesis of secondary metabolites; Microbial metabolism in diverse environments",7,,
C00993,D-Alanyl-D-alanine,D-Ala-D-Ala,C6H12N2O3,D-Amino acid metabolism; Peptidoglycan biosynthesis; Metabolic pathways; Vancomycin resistance,4,Compounds with biological roles,
C01004,N-Methylnicotinate,Trigonelline; Trigenelline; 1-Methylpyridinio-3-carboxylate; Betaine nicotinate; Caffearin; Gynesine,C7H7NO2,"Tropane, piperidine and pyridine alkaloid biosynthesis",1,Phytochemical compounds,
C01005,O-Phospho-L-serine,L-O-Phosphoserine; 3-Phosphoserine; Dexfosfoserine; 3-Phospho-L-serine,C3H8NO6P,"Glycine, serine and threonine metabolism; Cysteine and methionine metabolism; Methane metabolism; Aminoacyl-tRNA biosynthesis; Biosynthesis of various siderophores; Biosynthesis of various antibiotics; Metabolic pathways; Biosynthesis of secondary metabolites; Microbial metabolism in diverse environments; Carbon metabolism; Biosynthesis of amino acids",11,,
C01008,Trimethylsulfonium,,C3H9S,,0,,
C01013,3-Hydroxypropanoate,3-Hydroxypropanoic acid; 3-Hydroxypropionate; 3-Hydroxypropionic acid; Hydracrylic acid,C3H6O3,Pyrimidine metabolism; beta-Alanine metabolism; Propanoate metabolism; Other carbon fixation pathways; Sulfur metabolism; Metabolic pathways; Microbial metabolism in diverse environments; Carbon metabolism; Sulfur cycle,9,Compounds with biological roles,
C01015,cis-4-Hydroxy-L-proline,L-Allohydroxyproline,C5H9NO3,,0,,
C01019,L-Fucose,L-Fucopyranose; 6-Deoxy-L-galactose,C6H12O5,Fructose and mannose metabolism; Amino sugar and nucleotide sugar metabolism; Metabolic pathways; Microbial metabolism in diverse environments; Biosynthesis of nucleotide sugars; Two-component system; Quorum sensing; C-type lectin receptor signaling pathway,8,Compounds with biological roles,
C01020,6-Hydroxynicotinate,6-Hydroxynicotinic acid,C6H5NO3,Nicotinate and nicotinamide metabolism; Metabolic pathways; Microbial metabolism in diverse environments,3,Phytochemical compounds,
C01026,"N,N-Dimethylglycine",Dimethylglycine,C4H9NO2,"Glycine, serine and threonine metabolism; One carbon pool by folate; Metabolic pathways; Folate transport and metabolism",4,,
C01029,N8-Acetylspermidine,,C9H21N3O,,0,,
C01035,4-Guanidinobutanoate,4-Guanidinobutyric acid,C5H11N3O2,Arginine and proline metabolism; Metabolic pathways,2,,
C01042,N-Acetyl-L-aspartate,N-Acetyl-L-aspartic acid,C6H9NO5,"Alanine, aspartate and glutamate metabolism; Metabolic pathways; Prostate cancer",3,,
C01043,N-Carbamoylsarcosine,,C4H8N2O3,Arginine and proline metabolism; Metabolic pathways,2,,
C01044,N-Formyl-L-aspartate,,C5H7NO5,Histidine metabolism; Metabolic pathways,2,,
C01046,N-Methyl-L-glutamate,N-Methyl-L-glutamic acid,C6H11NO4,Methane metabolism; Metabolic pathways; Microbial metabolism in diverse environments,3,,
C01047,N5-Ethyl-L-glutamine,L-Theanine,C7H14N2O3,,0,,
C01073,N-Acetyl-beta-alanine,,C5H9NO3,beta-Alanine metabolism,1,,
C01074,N-Acetylgalactosamine,N-Acetylchondrosamine; 2-Acetamido-2-deoxygalactose; GalNAc,,Amoebiasis,1,,
C01081,Thiamin monophosphate,Thiamine monophosphate; Thiamin phosphate; Thiamine phosphate; TMP,C12H18N4O4PS,Thiamine metabolism; Metabolic pathways; Biosynthesis of cofactors,3,,
C01083,"alpha,alpha-Trehalose","alpha,alpha'-Trehalose; Trehalose",C12H22O11,Mycolic acid biosynthesis; Starch and sucrose metabolism; Metabolic pathways; Biosynthesis of secondary metabolites; ABC transporters; Phosphotransferase system (PTS),6,Compounds with biological roles,
C01089,(R)-3-Hydroxybutanoate,(R)-3-Hydroxybutanoic acid; (R)-3-Hydroxybutyric acid; D-beta-Hydroxybutyric acid,C4H8O3,Butanoate metabolism; Metabolic pathways; cAMP signaling pathway,3,Compounds with biological roles; Lipids,
C01096,Sorbitol 6-phosphate,D-Sorbitol 6-phosphate; D-Glucitol 6-phosphate,C6H15O9P,Fructose and mannose metabolism; Metabolic pathways; Phosphotransferase system (PTS),3,,
C01103,Orotidine 5'-phosphate,Orotidylic acid,C10H13N2O11P,Pyrimidine metabolism; Metabolic pathways; Biosynthesis of cofactors,3,,
C01104,Trimethylamine N-oxide,"N,N,N-Trimethylamine N-oxide; (CH3)3NO",C3H9NO,Methane metabolism; Metabolic pathways; Microbial metabolism in diverse environments; Two-component system,4,,
C01152,N(pi)-Methyl-L-histidine,N-pros-Methyl-L-histidine; 3-Methylhistidine; 1-Methylhistidine,C7H11N3O2,Histidine metabolism; Metabolic pathways,2,,
C01157,Hydroxyproline,L-Hydroxyproline; trans-4-Hydroxy-L-proline,C5H9NO3,Arginine and proline metabolism; D-Amino acid metabolism; Metabolic pathways; ABC transporters,4,Compounds with biological roles,
C01159,"2,3-Bisphospho-D-glycerate","2,3-Diphospho-D-glycerate; D-Greenwald ester; DPG",C3H8O10P2,Glycolysis / Gluconeogenesis; Metabolic pathways,2,,
C01161,"3,4-Dihydroxyphenylacetate","3,4-Dihydroxyphenylacetic acid; Homoprotocatechuate",C8H8O4,Tyrosine metabolism; Degradation of flavonoids; Metabolic pathways; Microbial metabolism in diverse environments; Degradation of aromatic compounds; Dopaminergic synapse; Cocaine addiction; Amphetamine addiction; Alcoholism,9,,
C01180,4-Methylthio-2-oxobutanoic acid,4-Methylthio-2-oxobutanoate; 4-(Methylsulfanyl)-2-oxobutanoate; 2-Keto-4-methylthiobutyric acid; 2-Oxo-4-methylthiobutanoate; 2-Oxo-4-methylthiobutanoic acid; MTOB,C5H8O3S,Cysteine and methionine metabolism; D-Amino acid metabolism; Sulfur metabolism; Glucosinolate biosynthesis; Biosynthesis of plant secondary metabolites; Metabolic pathways; Biosynthesis of secondary metabolites; Microbial metabolism in diverse environments; 2-Oxocarboxylic acid metabolism,9,Lipids,
C01181,4-Trimethylammoniobutanoate,Butyro-betaine; gamma-Butyrobetaine,C7H16NO2,Lysine degradation; Metabolic pathways; ABC transporters,3,,
C01189,Lathosterol,5alpha-Cholest-7-en-3beta-ol,C27H46O,Steroid biosynthesis; Metabolic pathways; Biosynthesis of secondary metabolites,3,Lipids,
C01198,3-(2-Hydroxyphenyl)propanoate,2-Hydroxyphenylpropanoate; 3-(2-Hydroxyphenyl)propionic acid; Melilotate; 3-(2-Hydroxyphenyl)propionate,C9H10O3,Phenylalanine metabolism; Polycyclic aromatic hydrocarbon degradation; Biosynthesis of various plant secondary metabolites; Metabolic pathways; Microbial metabolism in diverse environments,5,,
C01204,Phytic acid,"Phytate; myo-Inositol hexakisphosphate; 1D-myo-Inositol 1,2,3,4,5,6-hexakisphosphate; D-myo-Inositol 1,2,3,4,5,6-hexakisphosphate; myo-Inositol 1,2,3,4,5,6-hexakisphosphate; Inositol 1,2,3,4,5,6-hexakisphosphate; 1D-myo-Inositol hexakisphosphate",C6H18O24P6,Inositol phosphate metabolism; Metabolic pathways; Phosphatidylinositol signaling system,3,Risk category of Japanese OTC drugs,
C01233,sn-Glycero-3-phosphoethanolamine,Glycerophosphoethanolamine,C5H14NO6P,Glycerophospholipid metabolism; Ether lipid metabolism; Metabolic pathways,3,,
C01234,1-Aminocyclopropane-1-carboxylate,1-Aminocyclopropane-1-carboxylic acid,C4H7NO2,Cysteine and methionine metabolism; Biosynthesis of plant secondary metabolites; Biosynthesis of plant hormones; Metabolic pathways; Biosynthesis of secondary metabolites,5,,
C01235,alpha-D-Galactosyl-(1->3)-1D-myo-inositol,O-alpha-D-Galactosyl-(1->3)-1D-myo-inositol; 3-O-alpha-D-Galactosyl-1D-myo-inositol; 1-alpha-D-Galactosyl-myo-inositol; Galactinol,C12H22O11,Galactose metabolism; Metabolic pathways,2,,
C01239,N-Acetyl-beta-D-glucosaminylamine,,C8H16N2O5,,0,,
C01262,beta-Alanyl-N(pi)-methyl-L-histidine,Anserine,C10H16N4O3,Histidine metabolism; beta-Alanine metabolism; Metabolic pathways,3,Compounds with biological roles,
C01290,Lactosylceramide,"beta-D-Galactosyl-(1->4)-beta-D-glucosyl-(1<->1)-ceramide; beta-D-Galactosyl-1,4-beta-D-glucosylceramide; Gal-beta1->4Glc-beta1->1'Cer; LacCer; Lactosyl-N-acylsphingosine; D-Galactosyl-1,4-beta-D-glucosylceramide",C31H56NO13R,Sphingolipid metabolism; Glycosphingolipid biosynthesis - lacto and neolacto series; Glycosphingolipid biosynthesis - globo and isoglobo series; Glycosphingolipid biosynthesis - ganglio series; Metabolic pathways,5,Compounds with biological roles; Lipids,
C01345,dITP,2'-Deoxyinosine-5'-triphosphate; 2'-Deoxyinosine 5'-triphosphate,C10H15N4O13P3,Purine metabolism; Nucleotide metabolism,2,,
C01346,dUDP,2'-Deoxyuridine 5'-diphosphate,C9H14N2O11P2,Pyrimidine metabolism; Metabolic pathways; Nucleotide metabolism,3,Compounds with biological roles,
C01367,3'-AMP,3'-Adenylic acid; 3'-Adenosine monophosphate; Adenosine-3'-monophosphate; Adenosine 3'-phosphate; AMP 3'-phosphate,C10H14N5O7P,Purine metabolism; Metabolic pathways,2,,
C01384,Maleic acid,Maleate; cis-Butenedioic acid,C4H4O4,Tyrosine metabolism; Butanoate metabolism; Nicotinate and nicotinamide metabolism; Metabolic pathways; Microbial metabolism in diverse environments,5,,
C01387,Octane,n-Octane,C8H18,,0,Lipids,
C01389,Phytol,,C20H40O,,0,Lipids; Phytochemical compounds,
C01401,Alanine,2-Aminopropionic acid; 2-Aminopropanoic acid,C3H7NO2,Cyanoamino acid metabolism; Metabolic pathways,2,Risk category of Japanese OTC drugs,
C01407,Benzene,,C6H6,Chlorocyclohexane and chlorobenzene degradation; Benzoate degradation; Metabolic pathways; Microbial metabolism in diverse environments; Degradation of aromatic compounds; Chemical carcinogenesis - reactive oxygen species,6,,
C01411,Borneol,,C10H18O,,0,Lipids; Phytochemical compounds,
C01419,Cys-Gly,L-Cysteinylglycine,C5H10N2O3S,Glutathione metabolism; Metabolic pathways,2,,
C01425,Glutamyl-glutamic acid,L-alpha-Glutamyl-L-glutamic acid; Glu-Glu,C10H16N2O7,,0,,
C01455,Toluene,Methylbenzene; Toluol,C7H8,Toluene degradation; Metabolic pathways; Microbial metabolism in diverse environments; Degradation of aromatic compounds,4,,
C01468,4-Cresol,p-Cresol; 4-Hydroxytoluene; 4-Methylphenol,C7H8O,Toluene degradation; Nitrotoluene degradation; Metabolic pathways; Microbial metabolism in diverse environments; Degradation of aromatic compounds; Protein digestion and absorption,6,,
C01494,Ferulate,Ferulic acid; 4-Hydroxy-3-methoxycinnamic acid; 3-Methoxy-4-hydroxy-trans-cinnamate; 4-Hydroxy-3-methoxycinnamate,C10H10O4,Aminobenzoate degradation; Phenylpropanoid biosynthesis; Biosynthesis of various alkaloids; Biosynthesis of phenylpropanoids; Metabolic pathways; Biosynthesis of secondary metabolites; Microbial metabolism in diverse environments,7,Phytochemical compounds,
C01530,Octadecanoic acid,Stearate; Stearic acid,C18H36O2,Fatty acid biosynthesis; Biosynthesis of unsaturated fatty acids; Biosynthesis of plant secondary metabolites; Metabolic pathways; Phototransduction - fly,5,Compounds with biological roles; Lipids; Phytochemical compounds; Risk category of Japanese OTC drugs; Drugs listed in the Japanese Pharmacopoeia,
C01542,o-Cresol,2-Hydroxytoluene; o-Methylphenol,C7H8O,Toluene degradation; Metabolic pathways; Microbial metabolism in diverse environments; Degradation of aromatic compounds,4,,
C01545,Octanal,1-Octanal; 1-Caprylaldehyde; 1-Octylaldehyde; 1-Octaldehyde,C8H16O,,0,Lipids,
C01546,2-Furoate,2-Furoic acid; 2-Furancarboxylic acid; Pyromucic acid,C5H4O3,Furfural degradation; Metabolic pathways; Microbial metabolism in diverse environments,3,,
C01551,Allantoin,5-Ureidohydantoin; Glyoxyldiureide,C4H6N4O3,,0,Classification of Japanese OTC drugs; Risk category of Japanese OTC drugs,
C01563,Carbamate,Carbamic acid; Aminoformic acid,CH3NO2,Pyrimidine metabolism; Nitrogen metabolism; Metabolic pathways,3,,
C01571,Decanoic acid,Decanoate; Decylic acid; n-Capric acid,C10H20O2,Fatty acid biosynthesis; Metabolic pathways,2,Compounds with biological roles; Lipids; Phytochemical compounds,
C01585,Hexanoic acid,Hexanoate; Hexylic acid; n-Caproic acid,C6H12O2,,0,Compounds with biological roles; Lipids; Phytochemical compounds,
C01586,Hippurate,Hippuric acid; N-Benzoylglycine; Benzoylaminoacetic acid,C9H9NO3,,0,,
C01595,Linoleate,"Linoleic acid; (9Z,12Z)-Octadecadienoic acid; 9-cis,12-cis-Octadecadienoate; 9-cis,12-cis-Octadecadienoic acid",C18H32O2,Linoleic acid metabolism; Biosynthesis of unsaturated fatty acids; Biosynthesis of plant secondary metabolites; Metabolic pathways,4,Compounds with biological roles; Lipids; Phytochemical compounds; Risk category of Japanese OTC drugs,
C01598,Melatonin,N-Acetyl-5-methoxytryptamine,C13H16N2O2,Tryptophan metabolism; Metabolic pathways; Biosynthesis of secondary metabolites; Neuroactive ligand-receptor interaction; Circadian entrainment,5,Compounds with biological roles; Phytochemical compounds; Anatomical Therapeutic Chemical (ATC) classification; Therapeutic category of drugs in Japan; Drug groups; Target-based classification of drugs,
C01601,Nonanoic acid,Nonanoate; Pelargonic acid,C9H18O2,,0,Lipids,
C01606,Phthalate,"o-Phthalic acid; 1,2-Benzenedicarboxylic acid",C8H6O4,Polycyclic aromatic hydrocarbon degradation; Metabolic pathways; Microbial metabolism in diverse environments; Degradation of aromatic compounds; ABC transporters,5,,
C01607,Phytanate,"Phytanic acid; 3,7,11,15-Tetramethylhexadecanoic acid",C20H40O2,,0,Lipids,
C01620,Threonate,"L-Threonate; (2R,3S)-2,3,4-Trihydroxybutanoic acid",C4H8O5,Ascorbate and aldarate metabolism; Metabolic pathways,2,,
C01633,1-Decanol,n-Decanol; Decyl alcohol,C10H22O,,0,Lipids; Pesticides,
C01657,Ac-Tyr-OEt,N-Acetyl-L-tyrosine ethyl ester; Ethyl N-alpha-acetyl-tyrosinate,C13H17NO4,,0,,
C01672,Cadaverine,"1,5-Pentanediamine; 1,5-Diaminopentane; Pentamethylenediamine",C5H14N2,"Lysine degradation; D-Amino acid metabolism; Glutathione metabolism; Tropane, piperidine and pyridine alkaloid biosynthesis; Biosynthesis of various siderophores; Biosynthesis of plant secondary metabolites; Biosynthesis of alkaloids derived from ornithine, lysine and nicotinic acid; Metabolic pathways; Biosynthesis of secondary metabolites; Microbial metabolism in diverse environments; Protein digestion and absorption",11,,
C01678,Cysteamine,2-Aminoethanethiol; beta-Aminoethanethiol; beta-Mercaptoethylamine; Mercaptamine; Thioethanolamine,C2H7NS,Taurine and hypotaurine metabolism; Metabolic pathways,2,Compounds with biological roles; Anatomical Therapeutic Chemical (ATC) classification,
C01685,D-Ribonate,D-Ribonic acid,C5H10O6,,0,,
C01697,Galactitol,Dulcitol; Dulcose,C6H14O6,Galactose metabolism; Metabolic pathways; Phosphotransferase system (PTS),3,,
C01712,(9E)-Octadecenoic acid,"9-Octadecenoic acid, (E)-; (E)-Oleic acid; D9-trans-Octadecenoic acid; 9-trans-Octadecenoic acid; trans-D9-Octadecenoic acid; trans-9-Octadecenoic acid; trans-Elaidic acid; trans-Oleic acid; Elaidic acid; Acide elaidique; Elaidinsaure",C18H34O2,,0,Compounds with biological roles; Lipids,
C01717,4-Hydroxy-2-quinolinecarboxylic acid,Kynurenic acid; Kynurenate,C10H7NO3,Tryptophan metabolism; Metabolic pathways,2,,
C01724,Lanosterol,"4,4',14alpha-Trimethyl-5alpha-cholesta-8,24-dien-3beta-ol",C30H50O,Steroid biosynthesis; Metabolic pathways; Biosynthesis of secondary metabolites,3,Lipids,
C01736,Nebularine,Purine riboside; N-D-Ribosylpurine,C10H12N4O4,,0,,
C01740,Octylamine,N-Octylamine; Monoctylamine,C8H19N,,0,,
C01744,Phloretate,Phloretic acid; 3-(4-Hydroxyphenyl)propanoate; 3-(4-Hydroxyphenyl)propionic acid,C9H10O3,Degradation of flavonoids; Metabolic pathways,2,,
C01746,Piperidine,Azacyclohexane; Hexahydropyridine,C5H11N,"Tropane, piperidine and pyridine alkaloid biosynthesis; Protein digestion and absorption",2,,
C01753,beta-Sitosterol,Sitosterol,C29H50O,Steroid biosynthesis; Biosynthesis of plant secondary metabolites; Biosynthesis of terpenoids and steroids; Metabolic pathways; Biosynthesis of secondary metabolites,5,Lipids; Phytochemical compounds,
C01762,Xanthosine,,C10H12N4O6,Purine metabolism; Caffeine metabolism; Biosynthesis of alkaloids derived from histidine and purine; Metabolic pathways; Biosynthesis of secondary metabolites; Nucleotide metabolism; ABC transporters,7,Phytochemical compounds,
C01771,2-Butenoate,2-Butenoic acid; Crotonic acid; 3-Methylacrylic acid; (E)-But-2-enoic acid,C4H6O2,,0,Lipids,
C01772,trans-2-Hydroxycinnamate,trans-2-Hydroxycinnamic acid; 2-Hydroxycinnamate; 2-Coumaric acid; o-Coumaric acid; 2-Coumarate,C9H8O3,Phenylalanine metabolism; Biosynthesis of various plant secondary metabolites; Metabolic pathways; Biosynthesis of secondary metabolites; Microbial metabolism in diverse environments,5,Phytochemical compounds,
C01784,Benzamidine,Benzenecarboxamidine,C7H8N2,,0,,
C01789,Campesterol,,C28H48O,Steroid biosynthesis; Brassinosteroid biosynthesis; Biosynthesis of plant secondary metabolites; Biosynthesis of terpenoids and steroids; Biosynthesis of plant hormones; Metabolic pathways; Biosynthesis of secondary metabolites,7,Compounds with biological roles; Lipids; Phytochemical compounds,
C01796,D-Erythrose,,C4H8O4,,0,Compounds with biological roles,
C01799,D-Norvaline,D-2-Aminovaleric acid; D-2-Aminopentanoic acid,C5H11NO2,,0,,
C01817,L-Homocystine,Homocystine,C8H16N2O4S2,Cysteine and methionine metabolism,1,,
C01835,Maltotriose,Amylotriose,C18H32O16,ABC transporters; Carbohydrate digestion and absorption,2,,
C01845,Propan-2-ol,2-Propanol; Isopropanol; Isopropyl alcohol,C3H8O,Butanoate metabolism; Metabolic pathways,2,Anatomical Therapeutic Chemical (ATC) classification; Therapeutic category of drugs in Japan; Classification of Japanese OTC drugs; Risk category of Japanese OTC drugs; Drugs listed in the Japanese Pharmacopoeia,
C01875,2-Undecanone,Undecan-2-one; Methyl nonyl ketone; 2-Hendecanone,C11H22O,,0,Lipids,
C01879,5-Oxoproline,Pidolic acid; Pyroglutamic acid; 5-Pyrrolidone-2-carboxylic acid; Pyroglutamate; 5-Oxo-L-proline; L-Pyroglutamic acid; L-5-Pyrrolidone-2-carboxylic acid,C5H7NO3,Glutathione metabolism; Metabolic pathways; Cornified envelope formation,3,Compounds with biological roles,
C01880,epsilon-Caprolactone,6-Hexanolide; 1-Oxa-2-oxocycloheptane; 2-Oxepanone; Hexano-6-lactone,C6H10O2,Caprolactam degradation; Microbial metabolism in diverse environments; Degradation of aromatic compounds,3,,
C01885,1-Acylglycerol,Glyceride; Monoglyceride; Monoacylglycerol; 1-Monoacylglycerol,C4H7O4R,Glycerolipid metabolism; Metabolic pathways; Biosynthesis of secondary metabolites; Thermogenesis; Regulation of lipolysis in adipocytes; Fat digestion and absorption; Vitamin digestion and absorption,7,Compounds with biological roles; Lipids,
C01909,Dethiobiotin,Desthiobiotin,C10H18N2O3,Biotin metabolism; Metabolic pathways; Biosynthesis of cofactors,3,,
C01921,Glycocholate,"Glycocholic acid; 3alpha,7alpha,12alpha-Trihydroxy-5beta-cholan-24-oylglycine",C26H43NO6,Primary bile acid biosynthesis; Secondary bile acid biosynthesis; Metabolic pathways; Bile secretion; Cholesterol metabolism,5,Compounds with biological roles; Lipids,
C01924,Homoarginine,L-Homoarginine,C7H16N4O2,,0,,
C01948,Pentadecanal,1-Pentadecanal,C15H30O,,0,Lipids,
C01950,Picolinamide,,C6H6N2O,,0,,
C01959,Taurocyamine,,C3H9N3O3S,Taurine and hypotaurine metabolism,1,,
C01984,(S)-Mandelate,(S)-2-Hydroxy-2-phenylacetic acid; (S)-2-Hydroxy-2-phenylacetate; (S)-Mandelic acid,C8H8O3,Aminobenzoate degradation; Microbial metabolism in diverse environments,2,Anatomical Therapeutic Chemical (ATC) classification,
C01987,2-Aminophenol,2-Hydroxyaniline; 2-Aminobenzenol; o-Aminophenol,C6H7NO,Tryptophan metabolism; Aminobenzoate degradation; Metabolic pathways; Microbial metabolism in diverse environments,4,,
C01996,Acetylcholine,O-Acetylcholine,C7H16NO2,Glycerophospholipid metabolism; cAMP signaling pathway; Neuroactive ligand-receptor interaction; Neuroactive ligand signaling; Synaptic vesicle cycle; Cholinergic synapse; Taste transduction; Regulation of actin cytoskeleton; Insulin secretion; Salivary secretion; Gastric acid secretion; Pancreatic secretion; Bile secretion; Folate transport and metabolism; Pathways of neurodegeneration - multiple diseases; Nicotine addiction,16,Compounds with biological roles; Anatomical Therapeutic Chemical (ATC) classification; Drug groups,
C02009,Benzimidazole,,C7H6N2,,0,,
C02037,Glycylglycine,N-Glycylglycine,C4H8N2O3,,0,,
C02043,Indolelactate,,C11H11NO3,,0,,
C02067,Pseudouridine,,C9H12N2O6,Pyrimidine metabolism; Metabolic pathways,2,,
C02076,Sedoheptulose,D-altro-Heptulose; D-Sedoheptulose; Volemulose,C7H14O7,Pentose phosphate pathway; Metabolic pathways,2,Compounds with biological roles,
C02129,5-Oxohexanoic acid,5-Oxohexanoate; 4-Acetylbutyric acid,C6H10O3,,0,Lipids,
C02137,alpha-Oxo-benzeneacetic acid,Benzoylformate; Benzoylformic acid; Phenylglyoxylic acid; Phenylglyoxylate; 2-Oxo-2-phenylacetate,C8H6O3,Phenylalanine metabolism; Aminobenzoate degradation; Metabolic pathways; Microbial metabolism in diverse environments,4,,
C02140,Corticosterone,"11beta,21-Dihydroxy-4-pregnene-3,20-dione; Kendall's compound B; Reichstein's substance H",C21H30O4,Steroid hormone biosynthesis; Metabolic pathways; Regulation of lipolysis in adipocytes; Aldosterone synthesis and secretion; Prion disease,5,Compounds with biological roles; Lipids,
C02155,Glycyl-leucine,Glycyl-L-leucine,C8H16N2O3,,0,,
C02216,1-Methyladenine,,C6H7N5,,0,,
C02223,2-Methylbutanal,2-Methylbutyraldehyde,C5H10O,,0,,
C02226,2-Methylmaleate,Citraconate; Citraconic acid; Methylmaleic acid,C5H6O4,"Valine, leucine and isoleucine biosynthesis; C5-Branched dibasic acid metabolism; Metabolic pathways; 2-Oxocarboxylic acid metabolism",4,Lipids,
C02230,3-Methylguanine,"2-Amino-3,7-dihydro-3-methyl-6H-purin-6-one",C6H7N5O,,0,,
C02242,7-Methylguanine,,C6H7N5O,,0,,
C02256,Castanospermine,,C8H15NO4,,0,Phytochemical compounds,
C02266,D-Xylonolactone,"D-Xylono-1,5-lactone",C5H8O5,Pentose and glucuronate interconversions; Metabolic pathways,2,,
C02273,Digalacturonate,Digalacturonic acid; alpha-D-Galacturonosyl-(1->4)-D-galacturonate,C12H18O13,Pentose and glucuronate interconversions; Metabolic pathways; Microbial metabolism in diverse environments; ABC transporters,4,,
C02277,1-Dodecanol,Dodecylalcohol; Dodecyl alcohol; Lauryl alcohol,C12H26O,,0,Lipids,
C02291,L-Cystathionine,,C7H14N2O4S,"Glycine, serine and threonine metabolism; Cysteine and methionine metabolism; One carbon pool by folate; Metabolic pathways; Biosynthesis of secondary metabolites; Biosynthesis of amino acids; Biosynthesis of cofactors",7,,
C02294,Methylguanidine,,C2H7N3,,0,,
C02299,N-Methylaniline,N-Methylbenzenamine,C7H9N,,0,,
C02341,trans-Aconitate,trans-Aconitic acid,C6H6O6,C5-Branched dibasic acid metabolism; Metabolic pathways,2,Compounds with biological roles,
C02354,"2',3'-Cyclic CMP",,C9H12N3O7P,Pyrimidine metabolism; Metabolic pathways,2,Compounds with biological roles,
C02356,(S)-2-Aminobutanoate,(S)-2-Aminobutanoic acid; (S)-2-Aminobutyric acid,C4H9NO2,Cysteine and methionine metabolism; Metabolic pathways; 2-Oxocarboxylic acid metabolism,3,Lipids,
C02372,4-Hydroxyaniline,4-Aminophenol; p-Aminophenol; 4-Aminobenzenol,C6H7NO,Aminobenzoate degradation; Microbial metabolism in diverse environments,2,,
C02373,4-Methylpentanal,Isocaproaldehyde; Isohexanal,C6H12O,Steroid hormone biosynthesis,1,,
C02376,5-Methylcytosine,,C5H7N3O,Pyrimidine metabolism; Metabolic pathways,2,,
C02378,6-Aminohexanoate,6-Aminohexanoic acid; Epsilcapramine; 6-Aminocaproic acid,C6H13NO2,Caprolactam degradation; Metabolic pathways; Microbial metabolism in diverse environments,3,Lipids; Anatomical Therapeutic Chemical (ATC) classification; USP drug classification; Classification of Japanese OTC drugs; Risk category of Japanese OTC drugs; Drug groups; Target-based classification of drugs,
C02421,Isonicotineamide,Isonicotinamide,C6H6N2O,,0,,
C02427,L-Homocitrulline,,C7H15N3O3,,0,,
C02455,1-Phenylethylamine,alpha-Phenylethylamine; alpha-Methylbenzylamine,C8H11N,,0,,
C02457,"Propane-1,3-diol","1,3-Propanediol; Trimethylene glycol",C3H8O2,Glycerolipid metabolism,1,,
C02465,Triiodothyronine,"3,3',5-Triiodo-L-thyronine; L-3,5,3'-Triiodothyronine; 3,5,3'-Triiodothyronine; Liothyronine; 3,5,3'-Triiodo-L-thyronine; T3",C15H12I3NO4,Tyrosine metabolism; Metabolic pathways; Neuroactive ligand-receptor interaction; Hormone signaling; Thermogenesis; Thyroid hormone synthesis; Thyroid hormone signaling pathway; Bile secretion; Autoimmune thyroid disease,9,Compounds with biological roles; Drug groups; Target-based classification of drugs,
C02470,Xanthurenic acid,Xanthurenate,C10H7NO4,Tryptophan metabolism,1,,
C02477,alpha-Tocopherol,Vitamin E,C29H50O2,Ubiquinone and other terpenoid-quinone biosynthesis; Biosynthesis of plant secondary metabolites; Metabolic pathways; Biosynthesis of secondary metabolites; Biosynthesis of cofactors; Ferroptosis; Vitamin digestion and absorption,7,Compounds with biological roles; Lipids; Classification of Japanese OTC drugs; Risk category of Japanese OTC drugs,
C02483,gamma-Tocopherol,,C28H48O2,Ubiquinone and other terpenoid-quinone biosynthesis; Metabolic pathways; Biosynthesis of secondary metabolites; Biosynthesis of cofactors,4,Lipids,
C02486,(3R)-beta-Leucine,(3R)-3-Amino-4-methylpentanoic acid; (3R)-3-Amino-4-methylvaleric acid,C6H13NO2,,0,,
C02494,1-Methyladenosine,,C11H15N5O4,,0,,
C02504,alpha-Isopropylmalate,(2S)-2-Isopropylmalate; (2S)-2-Hydroxy-2-isopropylsuccinic acid; 2-Isopropylmalic acid; 3-Carboxy-3-hydroxy-4-methylpentanoate; 3-Carboxy-3-hydroxyisocaproate; (2S)-2-Isopropylmalic acid,C7H12O5,"Valine, leucine and isoleucine biosynthesis; Pyruvate metabolism; Metabolic pathways; Biosynthesis of secondary metabolites; 2-Oxocarboxylic acid metabolism; Biosynthesis of amino acids",6,Lipids,
C02512,3-Cyano-L-alanine,L-3-Cyanoalanine; L-beta-Cyanoalanine,C4H6N2O2,Cyanoamino acid metabolism; Metabolic pathways; Biosynthesis of secondary metabolites,3,,
C02515,3-Iodo-L-tyrosine,,C9H10INO3,Tyrosine metabolism; Metabolic pathways; Thyroid hormone synthesis,3,Compounds with biological roles,
C02518,4-Aminosalicylate,4-Aminosalicylic acid,C7H7NO3,,0,Anatomical Therapeutic Chemical (ATC) classification; USP drug classification; Drug groups; Antimicrobials,
C02528,Chenodeoxycholate,"Chenodeoxycholic acid; 3alpha,7alpha-Dihydroxy-5beta-cholanic acid; Chenodiol",C24H40O4,Primary bile acid biosynthesis; Secondary bile acid biosynthesis; Metabolic pathways; Bile secretion,4,Compounds with biological roles; Lipids; Anatomical Therapeutic Chemical (ATC) classification; USP drug classification; Therapeutic category of drugs in Japan; Drug groups; Target-based classification of drugs; Drugs listed in the Japanese Pharmacopoeia,
C02530,Cholesterol ester,,C28H45O2R,Steroid biosynthesis; Efferocytosis; Ovarian steroidogenesis; Fat digestion and absorption; Bile secretion; Vitamin digestion and absorption; Cholesterol metabolism; Lipid and atherosclerosis,8,Lipids,
C02565,N-Methylhydantoin,"N-Methylimidazolidine-2,4-dione",C4H6N2O2,Arginine and proline metabolism; Metabolic pathways,2,,
C02567,N1-Acetylspermine,,C12H28N4O,,0,,
C02571,O-Acetylcarnitine,O-Acetyl-L-carnitine,C9H18NO4,Insulin resistance,1,Lipids; Anatomical Therapeutic Chemical (ATC) classification,
C02592,Taurolithocholate,Taurolithocholic acid,C26H45NO5S,,0,Lipids,
C02595,Thien-2-ylacetate,2-Thiopheneacetic acid; 2-Thienylacetic acid,C6H6O2S,,0,,
C02614,(S)-2-Methylmalate,(S)-2-Methylmalic acid; (S)-Citramalate; (S)-Citramalic acid; (S)-alpha-Hydroxypyrotartaric acid; L-Citramalate; L-Citramalic acid; L-alpha-Hydroxypyrotartaric acid; (2S)-2-Hydroxy-2-methylbutanedioate; (S)-2-Hydroxy-2-methylsuccinic acid,C5H8O5,C5-Branched dibasic acid metabolism; Metabolic pathways,2,,
C02627,2-Deoxystreptamine,,C6H14N2O3,"Neomycin, kanamycin and gentamicin biosynthesis; Biosynthesis of secondary metabolites",2,,
C02630,2-Hydroxyglutarate,alpha-Hydroxyglutarate; 2-Hydroxyglutaric acid,C5H8O5,Butanoate metabolism; C5-Branched dibasic acid metabolism; Metabolic pathways,3,Lipids,
C02632,2-Methylpropanoate,2-Methylpropanoic acid; Isobutyric acid; Isobutanoate; Dimethylacetic acid; Isobutyrate,C4H8O2,Metabolic pathways; Microbial metabolism in diverse environments; Degradation of aromatic compounds; Protein digestion and absorption,4,Lipids,
C02633,20-Hydroxyecdysone,"Crustecdysone; Ecdysterone; (2beta,3beta,5beta,22R)-2,3,14,20,22,25-Hexahydroxycholest-7-en-6-one",C27H44O7,Insect hormone biosynthesis; Metabolic pathways,2,Lipids; Phytochemical compounds,
C02635,3-Chloro-L-alanine,,C3H6ClNO2,,0,,
C02636,3-Dehydrocarnitine,"3-Carboxy-N,N,N-trimethyl-2-oxo-1-propanaminium",C7H14NO3,,0,,
C02640,3-Methylbutanamine,Isoamylamine; Isopentylamine,C5H13N,,0,,
C02642,3-Ureidopropionate,3-Ureidopropanoate; beta-Ureidopropionic acid; N-Carbamoyl-beta-alanine,C4H8N2O3,Pyrimidine metabolism; beta-Alanine metabolism; Pantothenate and CoA biosynthesis; Metabolic pathways,4,,
C02656,Pimelate,Pimelic acid; Heptanedioic acid; 6-Carboxyhexanoate,C7H12O4,Biotin metabolism; Metabolic pathways; Biosynthesis of cofactors,3,Compounds with biological roles; Lipids,
C02678,Dodecanedioic acid,,C12H22O4,,0,Lipids,
C02679,Dodecanoic acid,Dodecanoate; Dodecylcarboxylate; Lauric acid,C12H24O2,Fatty acid biosynthesis; Prodigiosin biosynthesis; Metabolic pathways; Biosynthesis of secondary metabolites,4,Compounds with biological roles; Lipids; Phytochemical compounds,
C02693,(Indol-3-yl)acetamide,Indole-3-acetamide,C10H10N2O,Tryptophan metabolism; Metabolic pathways,2,,
C02704,Monomethyl sulfate,Methyl sulfate,CH4O4S,,0,,
C02710,N-Acetyl-L-leucine,,C8H15NO3,,0,Anatomical Therapeutic Chemical (ATC) classification; USP drug classification,
C02712,N-Acetylmethionine,N-Acetyl-L-methionine,C7H13NO3S,,0,,
C02713,N-Acetylmuramate,N-Acetylmuramic acid; N-Acetyl-D-muramoate,C11H19NO8,Amino sugar and nucleotide sugar metabolism; Metabolic pathways; Biosynthesis of nucleotide sugars; Phosphotransferase system (PTS),4,Compounds with biological roles,
C02714,N-Acetylputrescine,,C6H14N2O,Arginine and proline metabolism; Metabolic pathways,2,,
C02721,N-Methyl-L-alanine,,C4H9NO2,,0,,
C02727,N6-Acetyl-L-lysine,,C8H16N2O3,Lysine degradation; Metabolic pathways,2,,
C02735,Phenylethanolamine,2-Amino-1-phenylethanol,C8H11NO,,0,,
C02774,10-Hydroxydecanoic acid,10-Hydroxydecanoate,C10H20O3,,0,Lipids,
C02787,2-Methylpropanamine,2-Methyl-1-propanamine; 2-Methylpropan-1-amine; Isobutylamine,C4H11N,,0,,
C02794,3-Hydroxykynurenine,3-Hydroxy-DL-kynurenine,C10H12N2O4,,0,,
C02823,Cyanocobalamin,Cyanocob(III)alamin; Dicopac; Vitamin B12 complex,C63H88CoN14O14P,Porphyrin metabolism; Metabolic pathways; Vitamin digestion and absorption; Cobalamin transport and metabolism,4,Anatomical Therapeutic Chemical (ATC) classification; USP drug classification; Therapeutic category of drugs in Japan; Classification of Japanese OTC drugs; Risk category of Japanese OTC drugs; Drugs listed in the Japanese Pharmacopoeia,
C02835,Imidazole-4-acetate,Imidazoleacetic acid; 4-Imidazoleacetate,C5H6N2O2,Histidine metabolism; Metabolic pathways,2,,
C02838,L-Octanoylcarnitine,,C15H29NO4,,0,Lipids,
C02845,Methyl ethyl ketone,Ethyl methyl ketone; 2-Butanone; Butan-2-one; MEK,C4H8O,,0,Lipids,
C02862,O-Butanoylcarnitine,,C11H21NO4,,0,Lipids,
C02918,1-Methylnicotinamide,N(1)-Methylnicotinamide,C7H9N2O,Nicotinate and nicotinamide metabolism; Metabolic pathways; Bile secretion,3,,
C02930,2-Methyleneglutarate,alpha-Methylene glutarate; 2-Methylideneglutaric acid,C6H8O4,Nicotinate and nicotinamide metabolism; Microbial metabolism in diverse environments,2,Lipids,
C02934,3-Dehydrosphinganine,3-Dehydro-D-sphinganine,C18H37NO2,Sphingolipid metabolism; Metabolic pathways; Cornified envelope formation,3,Lipids,
C02946,4-Acetamidobutanoate,N4-Acetylaminobutanoate,C6H11NO3,Arginine and proline metabolism; Metabolic pathways,2,,
C02953,"7,8-Dihydrobiopterin","L-erythro-7,8-Dihydrobiopterin",C9H13N5O3,Folate biosynthesis; Metabolic pathways; Biosynthesis of cofactors,3,,
C02989,L-Methionine S-oxide,,C5H11NO3S,Cysteine and methionine metabolism; Metabolic pathways,2,,
C02990,L-Palmitoylcarnitine,,C23H45NO4,Fatty acid degradation; Fatty acid metabolism,2,Lipids,
C02997,N-Acetyl-L-histidine,,C8H11N3O3,,0,,
C03017,O-Propanoylcarnitine,O-Propionylcarnitine,C10H19NO4,,0,Lipids,
C03045,(S)-2-Hydroxystearate,(S)-2-Hydroxystearic acid; (S)-2-Hydroxyoctadecanoic acid,C18H36O3,,0,Lipids,
C03065,3-Guanidinopropanoate,Guanidinopropionic acid,C4H9N3O2,,0,Target-based classification of drugs,
C03114,Dimethylbenzimidazole,"5,6-Dimethylbenzimidazole",C9H10N2,Riboflavin metabolism; Porphyrin metabolism; Metabolic pathways; Biosynthesis of cofactors,4,,
C03139,N-Amidino-L-aspartate,N-Amidino-L-aspartic acid; Guanidinosuccinic acid,C5H9N3O4,,0,,
C03145,N-Formylmethionine,N-Formyl-L-methionine,C6H11NO3S,Cysteine and methionine metabolism,1,Compounds with biological roles,
C03150,Nicotinamide-beta-riboside,N-Ribosylnicotinamide; 1-(beta-D-Ribofuranosyl)nicotinamide,C11H15N2O5,Nicotinate and nicotinamide metabolism; Metabolic pathways; Longevity regulating pathway - worm,3,,
C03172,S-Methyl-L-methionine,,C6H14NO2S,Sulfur metabolism; Microbial metabolism in diverse environments,2,,
C03173,S-Methylthioglycolate,(Methylsulfanyl)acetic acid; (Methylthio)acetic acid; (Methylsulfanyl)acetate,C3H6O2S,,0,,
C03242,Dihomo-gamma-linolenate,"Dihomo-gamma-linolenic acid; (8Z,11Z,14Z)-Icosatrienoic acid; (Z,Z,Z)-8,11,14-Eicosatrienoic acid; (Z,Z,Z)-8,11,14-Icosatrienoic acid; (Z,Z,Z)-8,11,14-Eicosatrienoate; (Z,Z,Z)-8,11,14-Icosatrienoate; 8,11,14-Eicosatrienoate; 8,11,14-Icosatrienoate; 8Z,11Z,14Z-Eicosatrienoic acid; (8Z,11Z,14Z)-Icosa-8,11,14-trienoic acid",C20H34O2,Linoleic acid metabolism; Biosynthesis of unsaturated fatty acids; Metabolic pathways,3,Lipids,
C03264,(R)-2-Hydroxyisocaproate,D-2-Hydroxyisocaproate; (R)-2-Hydroxy-4-methylpentanoate; (2R)-2-Hydroxy-4-methylpentanoic acid; D-Leucate,C6H12O3,,0,Lipids,
C03283,"L-2,4-Diaminobutanoate","alpha,gamma-Diaminobutyrate; L-2,4-Diaminobutyrate",C4H10N2O2,"Glycine, serine and threonine metabolism; Biosynthesis of various siderophores; Metabolic pathways; Biosynthesis of secondary metabolites; Microbial metabolism in diverse environments; 2-Oxocarboxylic acid metabolism; Biosynthesis of amino acids",7,,
C03299,O-Decanoyl-L-carnitine,,C17H33NO4,,0,Lipids,
C03375,Norspermidine,"Bis(3-aminopropyl)amine; 3,3'-Iminobispropylamine",C6H17N3,Arginine and proline metabolism; Metabolic pathways,2,,
C03404,L-Tyrosine methyl ester,,C10H13NO3,,0,,
C03406,N-(L-Arginino)succinate,2-(Nomega-L-Arginino)succinate; L-Argininosuccinate; L-Argininosuccinic acid; L-Arginosuccinic acid,C10H18N4O6,"Arginine biosynthesis; Alanine, aspartate and glutamate metabolism; Metabolic pathways; Biosynthesis of secondary metabolites; Biosynthesis of amino acids",5,Compounds with biological roles,
C03413,"N1,N12-Diacetylspermine",,C14H30N4O2,,0,,
C03451,(R)-S-Lactoylglutathione,S-D-Lactoylglutathione,C13H21N3O8S,Pyruvate metabolism; Metabolic pathways,2,,
C03510,L-Methionine sulfoximine,(2S)-2-Amino-4-(S-methylsufonimidoyl)-butanoic acid,C5H12N2O3S,,0,,
C03519,N-Acetyl-L-phenylalanine,,C11H13NO3,Phenylalanine metabolism; Metabolic pathways,2,,
C03546,myo-Inositol 4-phosphate,D-myo-Inositol 4-phosphate; 1D-myo-Inositol 4-phosphate; 1D-myo-Inositol 4-monophosphate; Inositol 4-phosphate,C6H13O9P,Inositol phosphate metabolism; Metabolic pathways; Phosphatidylinositol signaling system,3,,
C03557,2-Aminoethylphosphonate,(2-Aminoethyl)phosphonate; Ciliatine,C2H8NO3P,Phosphonate and phosphinate metabolism; Metabolic pathways; Microbial metabolism in diverse environments; ABC transporters,4,,
C03592,5-Methyl-2'-deoxycytidine,,C10H15N3O4,,0,,
C03626,"NG,NG-Dimethyl-L-arginine","N,N-Dimethylarginine; Nomega,Nomega-Dimethyl-L-arginine; ADMA",C8H18N4O2,,0,,
C03665,2-Amino-2-methylpropanoate,2-Aminoisobutyric acid,C4H9NO2,,0,Lipids,
C03672,3-(4-Hydroxyphenyl)lactate,4-Hydroxyphenyllactate; p-Hydroxyphenyllactate; 2-Hydroxy-3-(4-hydroxyphenyl)propanoate,C9H10O4,,0,,
C03678,4-Amino-3-hydroxybutanoate,4-Amino-3-hydroxybutanoic acid; gamma-Amino-beta-hydroxybutyric acid; GABOB,C4H9NO3,,0,,
C03722,Quinolinate,"Pyridine-2,3-dicarboxylate; Quinolinic acid; 2,3-Pyridinedicarboxylic acid",C7H5NO4,"Tryptophan metabolism; beta-Alanine metabolism; Nicotinate and nicotinamide metabolism; Biosynthesis of plant secondary metabolites; Biosynthesis of alkaloids derived from ornithine, lysine and nicotinic acid; Metabolic pathways; Biosynthesis of cofactors",7,,
C03752,2-Amino-2-deoxy-D-gluconate,D-Glucosaminate; D-Glucosaminic acid; Glucosaminate,C6H13NO6,Pentose phosphate pathway; Metabolic pathways; Microbial metabolism in diverse environments; Phosphotransferase system (PTS),4,Compounds with biological roles,
C03758,Dopamine,"4-(2-Aminoethyl)-1,2-benzenediol; 4-(2-Aminoethyl)benzene-1,2-diol; 3,4-Dihydroxyphenethylamine; 2-(3,4-Dihydroxyphenyl)ethylamine",C8H11NO2,Tyrosine metabolism; Isoquinoline alkaloid biosynthesis; Betalain biosynthesis; Biosynthesis of plant secondary metabolites; Biosynthesis of alkaloids derived from shikimate pathway; Metabolic pathways; Biosynthesis of secondary metabolites; cAMP signaling pathway; Neuroactive ligand-receptor interaction; Hormone signaling; Neuroactive ligand signaling; Gap junction; Synaptic vesicle cycle; Dopaminergic synapse; Prolactin signaling pathway; Bile secretion; Parkinson disease; Cocaine addiction; Amphetamine addiction; Morphine addiction; Alcoholism,21,Compounds with biological roles; Phytochemical compounds; Anatomical Therapeutic Chemical (ATC) classification; Drug groups; Target-based classification of drugs,
C03761,3-Hydroxy-3-methylglutarate,3-Hydorxy-3-methylglutaric acid; beta-Hydroxy-beta-methylglutaric acid; Dicrotalic acid; 3-Hydroxy-3-methylpentanedioic acid; Meglutol,C6H10O5,,0,Anatomical Therapeutic Chemical (ATC) classification,
C03766,4-Hydroxyphenylacetonitrile,4-Hydroxybenzyl cyanide,C8H7NO,,0,,
C03771,5-Guanidino-2-oxopentanoate,5-Guanidino-2-oxo-pentanoate; 2-Oxo-5-guanidinopentanoate; 2-Oxo-5-guanidino-pentanoate; 2-Oxoarginine,C6H11N3O3,Arginine and proline metabolism; D-Amino acid metabolism; Metabolic pathways,3,,
C03782,D-(1-Aminoethyl)phosphonate,D-(1-Aminoethyl)phosphonic acid,C2H8NO3P,,0,,
C03793,"N6,N6,N6-Trimethyl-L-lysine",,C9H20N2O2,Lysine degradation; Metabolic pathways,2,,
C03794,"N6-(1,2-Dicarboxyethyl)-AMP","N6-(1,2-Dicarboxyethyl)AMP; Adenylosuccinate; Adenylosuccinic acid",C14H18N5O11P,"Purine metabolism; Alanine, aspartate and glutamate metabolism; Metabolic pathways; Nucleotide metabolism; Biosynthesis of cofactors",5,,
C03795,N6-Methyl-2'-deoxyadenosine,,C11H15N5O3,,0,,
C03805,Stearoylglycerone phosphate,,C21H41O7P,,0,,
C03882,Piperine,"N-[(E,E)-Piperoyl]-piperidine; 1-Piperoyl-piperidine",C17H19NO3,"Tropane, piperidine and pyridine alkaloid biosynthesis; Biosynthesis of alkaloids derived from ornithine, lysine and nicotinic acid",2,Phytochemical compounds,
C03884,N(omega)-Methyl-L-arginine,N(G)-Monomethyl-L-arginine,C7H16N4O2,,0,,
C03958,Thyrotropin-releasing hormone,TRH; Protirelin; Thyroliberin,C16H22N6O4,,0,Compounds with biological roles; Bioactive peptides; Anatomical Therapeutic Chemical (ATC) classification; Therapeutic category of drugs in Japan; Target-based classification of drugs; Drugs listed in the Japanese Pharmacopoeia,
C03969,1-Aminocyclopentanecarboxylate,1-Aminocyclopentanecarboxylic acid; Cycloleucine,C6H11NO2,,0,,
C03985,Linalool,"3,7-Dimethylocta-1,6-dien-3-ol; (RS)-Linalool",C10H18O,,0,Lipids; Phytochemical compounds,
C03990,Lithocholic acid,Lithocholate; 3alpha-Hydroxy-5beta-cholanate; 3alpha-Hydroxy-5beta-cholanic acid,C24H40O3,Secondary bile acid biosynthesis; Bile secretion,2,Compounds with biological roles; Lipids,
C04137,Octopine,"D-Octopine; N2-(D-1-Carboxyethyl)-L-arginine; N2-(1-Carboxyethyl)-L-arginine; Arginine, N2-(1-carboxyethyl)-, L-; D-(+)-Octopine; L-Arginine, N2-(1-carboxyethyl)-, (R)-; L-Arginine, N2-[(1R)-1-carboxyethyl]-",C9H18N4O4,Arginine and proline metabolism; Metabolic pathways; ABC transporters,3,,
C04148,Phenylacetylglutamine,alpha-N-Phenylacetyl-L-glutamine; N2-(2-Phenylacetyl)-L-glutamine,C13H16N2O4,Phenylalanine metabolism,1,,
C04152,rRNA containing N1-methylguanine,,C11H16N5O8P(C5H8O6PR)n(C5H8O6PR)n,,0,,
C04230,1-Acyl-sn-glycero-3-phosphocholine,1-Acyl-sn-glycerol-3-phosphocholine; alpha-Acylglycerophosphocholine; 2-Lysolecithin; 2-Lysophosphatidylcholine; 1-Acylglycerophosphocholine,C9H20NO7PR,Glycerophospholipid metabolism; Efferocytosis; Choline metabolism in cancer,3,Compounds with biological roles; Lipids,
C04247,D-Galactosyl-(1->4)-beta-D-glucosyl-R,"D-Galactosyl-1,4-beta-D-glucosyl-R; beta-D-Galactosyl-(1->4)-beta-D-glucosyl-R",C12H21O11R,,0,,
C04294,5-(2-Hydroxyethyl)-4-methylthiazole,4-Methyl-5-(2'-hydroxyethyl)-thiazole; 4-Methyl-5-(2-hydroxyethyl)thiazole; HET,C6H9NOS,Thiamine metabolism; Metabolic pathways; Biosynthesis of cofactors,3,Phytochemical compounds,
C04483,Deoxycholic acid,"Deoxycholate; 3alpha,12alpha-Dihydroxy-5beta-cholanate; 3alpha,12alpha-Dihydroxy-5beta-cholanic acid",C24H40O4,Secondary bile acid biosynthesis; Bile secretion,2,Compounds with biological roles; Lipids; Anatomical Therapeutic Chemical (ATC) classification; USP drug classification,
C04501,N-Acetyl-alpha-D-glucosamine 1-phosphate,,C8H16NO9P,Amino sugar and nucleotide sugar metabolism; Biosynthesis of various nucleotide sugars; Metabolic pathways; Biosynthesis of nucleotide sugars,4,,
C04540,N4-(Acetyl-beta-D-glucosaminyl)asparagine,N4-(beta-N-Acetyl-D-glucosaminyl)-L-asparagine; 1-beta-Aspartyl-N-acetyl-D-glucosaminylamine,C12H21N3O8,,0,,
C04545,tRNA containing 2'-O-methylguanosine,,C11H16N5O8P(C5H8O6PR)n(C5H8O6PR)n,,0,,
C04548,Synephrine,(+/-)-Synephrine; 1-(4-Hydroxyphenyl)-2-(methylamino)ethanol,C9H13NO2,,0,Anatomical Therapeutic Chemical (ATC) classification; Drug groups,
C04555,Dehydroepiandrosterone sulfate,3beta-Hydroxyandrost-5-en-17-one 3-sulfate; DHEA sulfate,C19H28O5S,Steroid hormone biosynthesis; Metabolic pathways; Bile secretion,3,Compounds with biological roles; Lipids,
C04643,7-Oxodeoxycholate,"7-Ketocholate; 3alpha,12alpha-Dihydroxy-7-oxo-5beta-cholanoate; 3alpha,12alpha-Dihydroxy-7-oxo-5beta-cholan-24-oate",C24H38O5,,0,Lipids,
C04677,1-(5'-Phosphoribosyl)-5-amino-4-imidazolecarboxamide,5'-Phosphoribosyl-5-amino-4-imidazolecarboxamide; 5'-Phospho-ribosyl-5-amino-4-imidazole carboxamide; AICAR; 5-Aminoimidazole-4-carboxamide ribotide; 5-Phosphoribosyl-4-carbamoyl-5-aminoimidazole; 5-Amino-1-(5-phospho-D-ribosyl)imidazole-4-carboxamide; 5-Amino-1-(5-phospho-beta-D-ribosyl)imidazole-4-carboxamide,C9H15N4O8P,Purine metabolism; Histidine metabolism; Biosynthesis of plant secondary metabolites; Biosynthesis of alkaloids derived from histidine and purine; Metabolic pathways; Biosynthesis of secondary metabolites; AMPK signaling pathway,7,,
C04742,"(15S)-15-Hydroxy-5,8,11-cis-13-trans-eicosatetraenoate","(15S)-15-Hydroxy-5,8,11-cis-13-trans-icosatetraenoate; (5Z,8Z,11Z,13E)-(15S)-15-Hydroxyicosa-5,8,11,13-tetraenoic acid; 15(S)-HETE",C20H32O3,Arachidonic acid metabolism; Metabolic pathways; Inflammatory mediator regulation of TRP channels,3,Lipids,
C04779,rRNA containing a single residue of 2'-O-methyladenosine,,C11H16N5O7P(C5H8O6PR)n(C5H8O6PR)n,,0,,
C04805,5(S)-HETE,"5-Hydroxyeicosatetraenoate; 5-HETE; (6E,8Z,11Z,14Z)-(5S)-5-Hydroxyicosa-6,8,11,14-tetraenoic acid",C20H32O3,Arachidonic acid metabolism; Metabolic pathways; Inflammatory mediator regulation of TRP channels,3,Lipids,
C04874,"7,8-Dihydroneopterin","Dihydroneopterin; 2-Amino-4-hydroxy-6-(D-erythro-1,2,3-trihydroxypropyl)-7,8-dihydropteridine",C9H13N5O4,Folate biosynthesis; Metabolic pathways; Biosynthesis of cofactors,3,,
C05010,Histidylleucine,N-L-Histidyl-L-leucin; His-Leu,C12H20N4O3,,0,,
C05107,7-Dehydrodesmosterol,"Cholesta-5,7,24-triene-3beta-ol",C27H42O,Steroid biosynthesis; Metabolic pathways,2,Lipids,
C05122,Taurocholate,Taurocholic acid; Cholyltaurine,C26H45NO7S,Primary bile acid biosynthesis; Secondary bile acid biosynthesis; Taurine and hypotaurine metabolism; Metabolic pathways; Bile secretion; Cholesterol metabolism,6,Compounds with biological roles; Lipids,
C05123,2-Hydroxyethanesulfonate,2-Hydroxyethanesulfonic acid; 2-Hydroxyethane-1-sulfonic acid; Isethionic acid; Isethionate,C2H6O4S,Taurine and hypotaurine metabolism; Sulfoquinovose metabolism; Metabolic pathways,3,,
C05127,N-Methylhistamine,1-Methylhistamine; 1-Methyl-4-(2-aminoethyl)imidazole; Ntau-Methylhistamine,C6H11N3,Histidine metabolism; Metabolic pathways,2,,
C05135,4-(beta-Acetylaminoethyl)imidazole,N-Acetylhistamine,C7H11N3O,Histidine metabolism,1,,
C05145,3-Aminoisobutyric acid,3-Aminoisobutanoate; 3-Amino-2-methylpropanoate,C4H9NO2,,0,Compounds with biological roles; Lipids,
C05198,5'-Deoxyadenosine,,C10H13N5O3,,0,,
C05282,(5-L-Glutamyl)-L-glutamate,,C10H16N2O7,,0,,
C05324,Nicotianamine,,C12H21N3O6,Cysteine and methionine metabolism; Biosynthesis of various plant secondary metabolites; Metabolic pathways; Biosynthesis of secondary metabolites,4,,
C05332,Phenethylamine,2-Phenylethylamine; beta-Phenylethylamine; Phenylethylamine,C8H11N,Phenylalanine metabolism; Metabolic pathways,2,Compounds with biological roles,
C05341,beta-Alanyl-L-lysine,,C9H19N3O3,beta-Alanine metabolism; Metabolic pathways,2,,
C05380,Nicotinurate,Nicotinuric acid; Nicotinylglycine,C8H8N2O3,Nicotinate and nicotinamide metabolism,1,,
C05382,Sedoheptulose 7-phosphate,D-Sedoheptulose 7-phosphate; D-altro-Heptulose 7-phosphate; altro-Heptulose 7-phosphate,C7H15O10P,Pentose phosphate pathway; Biosynthesis of various nucleotide sugars; Carbon fixation by Calvin cycle; Metabolic pathways; Biosynthesis of secondary metabolites; Microbial metabolism in diverse environments; Carbon metabolism; Biosynthesis of amino acids; Biosynthesis of nucleotide sugars,9,,
C05401,3-beta-D-Galactosyl-sn-glycerol,Galactosylglycerol,C9H18O8,Galactose metabolism; Glycerolipid metabolism,2,,
C05411,L-Xylonate,L-Xylonic acid,C5H10O6,Pentose and glucuronate interconversions; Ascorbate and aldarate metabolism,2,,
C05437,Zymosterol,"Delta8,24-Cholestadien-3beta-ol; 5alpha-Cholesta-8,24-dien-3beta-ol",C27H44O,Steroid biosynthesis; Metabolic pathways; Biosynthesis of secondary metabolites,3,Lipids,
C05442,Stigmasterol,,C29H48O,Steroid biosynthesis; Biosynthesis of plant secondary metabolites; Biosynthesis of terpenoids and steroids; Metabolic pathways; Biosynthesis of secondary metabolites,5,Compounds with biological roles; Lipids; Phytochemical compounds,
C05463,Taurodeoxycholate,Taurodeoxycholic acid,C26H45NO6S,,0,Lipids,
C05464,Glycodeoxycholate,"Glycodeoxycholic acid; 3alpha,12alpha-Dihydroxy-5beta-cholan-24-oylglycine",C26H43NO5,,0,Lipids,
C05465,Taurochenodeoxycholate,Taurochenodeoxycholic acid; Chenodeoxycholoyltaurine,C26H45NO6S,Primary bile acid biosynthesis; Secondary bile acid biosynthesis; Bile secretion; Cholesterol metabolism,4,Lipids,
C05466,Glycochenodeoxycholate,Glycochenodeoxycholic acid; Chenodeoxyglycocholate,C26H43NO5,Primary bile acid biosynthesis; Secondary bile acid biosynthesis; Bile secretion; Cholesterol metabolism,4,Lipids,
C05497,21-Deoxycortisol,"4-Pregnene-11beta,17alpha-diol-3,20-dione; 11beta,17alpha-Dihydroxyprogesterone",C21H30O4,Steroid hormone biosynthesis; Metabolic pathways,2,Compounds with biological roles; Lipids,
C05512,Deoxyinosine,2'-Deoxyinosine,C10H12N4O4,Purine metabolism; Metabolic pathways; Nucleotide metabolism; ABC transporters,4,,
C05519,L-Allothreonine,L-allo-Threonine,C4H9NO3,"Glycine, serine and threonine metabolism; Metabolic pathways",2,,
C05545,"Protein N6,N6-dimethyl-L-lysine",,C9H17N3O2R2,Lysine degradation; Metabolic pathways,2,,
C05568,Imidazole lactate,Imidazole lactic acid; 2-Hydroxy-3-(1H-imidazol-5-yl)-propanoic acid,C6H8N2O3,Histidine metabolism; Metabolic pathways,2,,
C05576,"3,4-Dihydroxyphenylethyleneglycol",,C8H10O4,Tyrosine metabolism; Metabolic pathways,2,,
C05582,Homovanillate,Homovanillic acid; 3-Methoxy-4-hydroxyphenylacetate,C9H10O4,Tyrosine metabolism; Metabolic pathways; Dopaminergic synapse,3,,
C05584,3-Methoxy-4-hydroxymandelate,Vanillylmandelic acid,C9H10O5,Tyrosine metabolism; Metabolic pathways,2,,
C05587,3-Methoxytyramine,,C9H13NO2,Tyrosine metabolism; Isoquinoline alkaloid biosynthesis; Betalain biosynthesis; Biosynthesis of alkaloids derived from shikimate pathway; Metabolic pathways; Dopaminergic synapse,6,,
C05588,L-Metanephrine,,C10H15NO3,Tyrosine metabolism; Metabolic pathways,2,,
C05598,Phenylacetylglycine,,C10H11NO3,Phenylalanine metabolism,1,,
C05607,Phenyllactate,(R)-Phenyllactate; (R)-3-(phenyl)lactate,C9H10O3,"Phenylalanine metabolism; Tropane, piperidine and pyridine alkaloid biosynthesis; Biosynthesis of alkaloids derived from ornithine, lysine and nicotinic acid; Metabolic pathways; Biosynthesis of secondary metabolites",5,,
C05627,4-Hydroxystyrene,4-Vinylphenol,C8H8O,,0,,
C05629,Phenylpropanoate,3-Phenylpropanoate; 3-Phenyl-propionic acid; 3-Phenylpropanoic acid; 3-Phenylpropionic acid,C9H10O2,Phenylalanine metabolism; Metabolic pathways; Microbial metabolism in diverse environments; Degradation of aromatic compounds,4,,
C05635,5-Hydroxyindoleacetate,,C10H9NO3,Tryptophan metabolism; Metabolic pathways; Serotonergic synapse,3,,
C05653,Formylanthranilate,N-Formylanthranilate; 2-(Formylamino)-benzoic acid,C8H7NO3,Tryptophan metabolism; Metabolic pathways,2,,
C05659,5-Methoxytryptamine,5-MeOT,C11H14N2O,Tryptophan metabolism,1,,
C05660,5-Methoxyindoleacetate,5-Methoxyindoleacetic acid,C11H11NO3,Tryptophan metabolism,1,,
C05670,3-Aminopropiononitrile,beta-Aminopropionitrile,C3H6N2,beta-Alanine metabolism; Cyanoamino acid metabolism,2,,
C05672,2-Amino-3-phosphonopropanoate,Phosphonoalanine,C3H8NO5P,Phosphonate and phosphinate metabolism; Metabolic pathways,2,,
C05682,Phosphonoacetate,Phosphonoacetic acid; Fosfonet,C2H5O5P,Phosphonate and phosphinate metabolism; Metabolic pathways; Microbial metabolism in diverse environments,3,Anatomical Therapeutic Chemical (ATC) classification,
C05771,1-Aminopropan-2-ol,1-Amino-2-propanol,C3H9NO,,0,,
C05790,I-Urobilinogen,Mesobilirubinogen; Urobilinogen,C33H44N4O6,Porphyrin metabolism,1,,
C05794,Urobilin,I-Urobilin,C33H42N4O6,Porphyrin metabolism,1,,
C05824,S-Sulfo-L-cysteine,,C3H7NO5S2,Cysteine and methionine metabolism; Metabolic pathways; Biosynthesis of amino acids,3,,
C05828,Methylimidazoleacetic acid,Tele-methylimidazoleacetic acid; 1-Methyl-4-imidazoleacetic acid; 1-Methylimidazole-4-acetate; Methylimidazoleacetate,C6H8N2O2,Histidine metabolism; Metabolic pathways,2,,
C05829,N-Carbamyl-L-glutamate,Carglumic acid,C6H10N2O5,Histidine metabolism,1,Anatomical Therapeutic Chemical (ATC) classification; USP drug classification; Therapeutic category of drugs in Japan; Target-based classification of drugs,
C05841,Nicotinate D-ribonucleoside,beta-D-Ribosylnicotinate,C11H14NO6,Nicotinate and nicotinamide metabolism; Metabolic pathways,2,Glycosides,
C05842,N1-Methyl-2-pyridone-5-carboxamide,N'-Methyl-2-pyridone-5-carboxamide; 1-Methyl-5-carboxylamide-2-pyridone,C7H8N2O2,Nicotinate and nicotinamide metabolism; Metabolic pathways,2,,
C05852,2-Hydroxyphenylacetate,2-Hydroxyphenylacetic acid,C8H8O3,Phenylalanine metabolism; Styrene degradation; Metabolic pathways; Microbial metabolism in diverse environments,4,,
C05853,Phenylethyl alcohol,Phenethyl alcohol; 2-Phenylethanol,C8H10O,Phenylalanine metabolism,1,,
C05942,Pyrrole-2-carboxylate,,C5H5NO2,D-Amino acid metabolism,1,,
C05979,Propane-1-ol,Propanol; 1-Propanol; Propan-1-ol; Propyl alcohol; 1-Hydroxypropane; Ethylcarbinol; n-Propanol; n-Propyl alcohol; Optal; Osmosol extra; UN 1274,C3H8O,Propanoate metabolism; Metabolic pathways,2,Lipids; Anatomical Therapeutic Chemical (ATC) classification,
C05984,2-Hydroxybutanoic acid,2-Hydroxybutyrate; 2-Hydroxybutyric acid; (S)-2-Hydroxybutanoate; (2S)-2-Hydroxybutanoic acid,C4H8O3,Propanoate metabolism,1,Lipids,
C06001,(S)-3-Hydroxyisobutyrate,,C4H8O3,"Valine, leucine and isoleucine degradation; Metabolic pathways",2,,
C06044,4-Hydroxyphenylethanol,Tyrosol,C8H10O2,Tyrosine metabolism; Metabolic pathways,2,,
C06074,Myrcene,beta-Myrcene,C10H16,Monoterpenoid biosynthesis; Biosynthesis of terpenoids and steroids; Biosynthesis of secondary metabolites,3,Lipids; Phytochemical compounds,
C06075,Terpinolene,,C10H16,,0,Lipids,
C06076,Camphene,Comphene,C10H16,Biosynthesis of terpenoids and steroids,1,Lipids; Phytochemical compounds,
C06103,6-Hydroxyhexanoic acid,6-Hydroxyhexanoate,C6H12O3,Caprolactam degradation; Microbial metabolism in diverse environments; Degradation of aromatic compounds,3,Lipids,
C06104,Adipate,"Adipic acid; Hexanedioate; Hexan-1,6-dicarboxylate; Hexanedioic acid",C6H10O4,Caprolactam degradation; Metabolic pathways; Microbial metabolism in diverse environments; Degradation of aromatic compounds,4,Compounds with biological roles; Lipids,
C06124,Sphingosine 1-phosphate,Sphing-4-enine 1-phosphate; S1P,C18H38NO5P,Sphingolipid metabolism; Metabolic pathways; Calcium signaling pathway; Sphingolipid signaling pathway; Phospholipase D signaling pathway; Neuroactive ligand-receptor interaction; Efferocytosis; Apelin signaling pathway; Fc gamma R-mediated phagosome formation; Tuberculosis,10,Lipids,
C06142,1-Butanol,n-Butanol; Butan-1-ol,C4H10O,Butanoate metabolism; Metabolic pathways; Microbial metabolism in diverse environments; Degradation of aromatic compounds,4,Lipids,
C06199,Hordenine,4-[2-(Dimethylamino)ethyl]phenol,C10H15NO,Isoquinoline alkaloid biosynthesis; Metabolic pathways,2,Phytochemical compounds,
C06213,N-Methyltryptamine,N-Methylindoleethylamine; 1-Methyl-2-(3-indolyl)ethylamine,C11H14N2,Tryptophan metabolism; Metabolic pathways,2,Phytochemical compounds,
C06231,Ectoine,"L-Ectoine; (4S)-2-Methyl-1,4,5,6-tetrahydropyrimidine-4-carboxylate",C6H10N2O2,"Glycine, serine and threonine metabolism; Metabolic pathways; Microbial metabolism in diverse environments",3,,
C06325,2-Quinolinecarboxylic acid,Quinaldinic acid; Quinaldic acid; 2-Quinolinecarboxylate; Quinaldate,C10H7NO2,,0,,
C06337,Terephthalate,"Terephthalic acid; 1,4-Benzenedicarboxylic acid",C8H6O4,Polycyclic aromatic hydrocarbon degradation; Aminobenzoate degradation; Metabolic pathways; Microbial metabolism in diverse environments; Degradation of aromatic compounds,5,,
C06393,"2,3-Diaminopropanoate","2,3-Diaminopropionate; 2,3-Diaminopropionic acid; 2,3-Diaminopropanoic acid",C3H8N2O2,,0,,
C06413,Quinoline,Benzo[b]pyridine,C9H7N,,0,,
C06423,Octanoic acid,Caprylic acid; Octylic acid; Octanoate,C8H16O2,Fatty acid biosynthesis; Lipoic acid metabolism; Biosynthesis of plant secondary metabolites; Biosynthesis of alkaloids derived from terpenoid and polyketide; Metabolic pathways; Biosynthesis of cofactors,6,Compounds with biological roles; Lipids; Phytochemical compounds,
C06424,Tetradecanoic acid,Tetradecanoate; Myristic acid,C14H28O2,Fatty acid biosynthesis; Metabolic pathways,2,Compounds with biological roles; Lipids; Phytochemical compounds,
C06425,Icosanoic acid,Eicosanoic acid; Arachidic acid,C20H40O2,Biosynthesis of unsaturated fatty acids,1,Compounds with biological roles; Lipids; Phytochemical compounds,
C06426,"(6Z,9Z,12Z)-Octadecatrienoic acid","6,9,12-Octadecatrienoic acid; gamma-Linolenic acid; Gamolenic acid",C18H30O2,Linoleic acid metabolism; Biosynthesis of unsaturated fatty acids; Metabolic pathways,3,Compounds with biological roles; Lipids; Phytochemical compounds; Anatomical Therapeutic Chemical (ATC) classification,
C06427,"(9Z,12Z,15Z)-Octadecatrienoic acid","alpha-Linolenic acid; 9,12,15-Octadecatrienoic acid; Linolenate; alpha-Linolenate",C18H30O2,alpha-Linolenic acid metabolism; Biosynthesis of unsaturated fatty acids; Biosynthesis of plant secondary metabolites; Biosynthesis of plant hormones; Metabolic pathways; Biosynthesis of secondary metabolites,6,Compounds with biological roles; Lipids,
C06428,"(5Z,8Z,11Z,14Z,17Z)-Icosapentaenoic acid","(5Z,8Z,11Z,14Z,17Z)-Eicosapentaenoic acid; Eicosapentaenoic acid; 5,8,11,14,17-Icosapentaenoic acid; (5Z,8Z,11Z,14Z,17Z)-Eicosapentaenoate; (5Z,8Z,11Z,14Z,17Z)-Icosapentaenoate; 5Z,8Z,11Z,14Z,17Z-Eicosapentaenoic acid; (5Z,8Z,11Z,14Z,17Z)-Icosa-5,8,11,14,17-pentaenoic acid",C20H30O2,Biosynthesis of unsaturated fatty acids,1,Compounds with biological roles; Lipids; Phytochemical compounds,
C06429,"(4Z,7Z,10Z,13Z,16Z,19Z)-Docosahexaenoic acid","4,7,10,13,16,19-Docosahexaenoic acid; Docosahexaenoic acid; Docosahexaenoate; 4Z,7Z,10Z,13Z,16Z,19Z-Docosahexaenoic acid; (4Z,7Z,10Z,13Z,16Z,19Z)-Docosa-4,7,10,13,16,19-hexaenoic acid",C22H32O2,Biosynthesis of unsaturated fatty acids,1,Compounds with biological roles; Lipids,
C06470,Muramic acid,3-O-alpha-Carboxyethyl-D-glucosamine; 2-Amino-3-O-[(R)-1-carboxyethyl]-2-deoxy-D-glucopyranose,C9H17NO7,,0,Compounds with biological roles,
C06524,Nornicotine,,C9H12N2,"Tropane, piperidine and pyridine alkaloid biosynthesis; Biosynthesis of secondary metabolites",2,Phytochemical compounds,
C06526,Quinine,(-)-Quinine,C20H24N2O2,Biosynthesis of alkaloids derived from shikimate pathway; Taste transduction; Bile secretion,3,Anatomical Therapeutic Chemical (ATC) classification; Drug groups; Antimicrobials,
C06543,Solanidine,,C27H43NO,Biosynthesis of various alkaloids; Biosynthesis of alkaloids derived from terpenoid and polyketide,2,Lipids; Phytochemical compounds,
C06593,epsilon-Caprolactam,,C6H11NO,Caprolactam degradation; Metabolic pathways; Microbial metabolism in diverse environments,3,,
C06730,4-Methylcatechol,"3,4-Dihydroxytoluene; 1,2-Dihydroxy-4-methylbenzene; 4-Methyl-1,2-benzenediol",C7H8O2,Xylene degradation; Toluene degradation; Naphthalene degradation; Metabolic pathways; Microbial metabolism in diverse environments; Degradation of aromatic compounds,6,,
C06771,Triethanolamine,Trolamine,C6H15NO3,Glycerophospholipid metabolism,1,Anatomical Therapeutic Chemical (ATC) classification,
C06772,Diethanolamine,,C4H11NO2,Glycerophospholipid metabolism,1,,
C06804,Acetaminophen,Paracetamol,C8H9NO2,Bile secretion,1,Anatomical Therapeutic Chemical (ATC) classification; Therapeutic category of drugs in Japan; Classification of Japanese OTC drugs; Risk category of Japanese OTC drugs; Drug groups; Target-based classification of drugs; Drugs listed in the Japanese Pharmacopoeia,
C06809,Acetylcysteine,N-Acetyl-L-cysteine,C5H9NO3S,,0,Anatomical Therapeutic Chemical (ATC) classification; USP drug classification; Therapeutic category of drugs in Japan; Drugs listed in the Japanese Pharmacopoeia,
C06818,Amantadine,,C10H17N,,0,Anatomical Therapeutic Chemical (ATC) classification; Drug groups; Target-based classification of drugs; Antimicrobials,
C06949,Diazoxide,,C8H7ClN2O2S,,0,Anatomical Therapeutic Chemical (ATC) classification; USP drug classification; Therapeutic category of drugs in Japan; Drug groups; Target-based classification of drugs,
C07017,Furosemide,,C12H11ClN2O5S,,0,Anatomical Therapeutic Chemical (ATC) classification; USP drug classification; Therapeutic category of drugs in Japan; Drug groups; Target-based classification of drugs; Drugs listed in the Japanese Pharmacopoeia,
C07020,Gemfibrozil,,C15H22O3,Chemical carcinogenesis - receptor activation,1,Anatomical Therapeutic Chemical (ATC) classification; USP drug classification; Drug groups; Target-based classification of drugs,
C07041,Hydrochlorothiazide,,C7H8ClN3O4S2,,0,Anatomical Therapeutic Chemical (ATC) classification; USP drug classification; Therapeutic category of drugs in Japan; Drug groups; Target-based classification of drugs; Drugs listed in the Japanese Pharmacopoeia,
C07044,Hydroxyurea,Hydroxycarbamide,CH4N2O2,Biosynthesis of various antibiotics; Metabolic pathways; Biosynthesis of secondary metabolites,3,Anatomical Therapeutic Chemical (ATC) classification; USP drug classification; Therapeutic category of drugs in Japan; Target-based classification of drugs,
C07058,13-cis-Retinoic acid,,C20H28O2,,0,Lipids; Anatomical Therapeutic Chemical (ATC) classification; USP drug classification; Therapeutic category of drugs in Japan; Drug groups; Target-based classification of drugs,
C07073,Lidocaine,,C14H22N2O,Drug metabolism - cytochrome P450,1,Anatomical Therapeutic Chemical (ATC) classification; USP drug classification; Therapeutic category of drugs in Japan; Classification of Japanese OTC drugs; Risk category of Japanese OTC drugs; Drug groups; Target-based classification of drugs; Drugs listed in the Japanese Pharmacopoeia,
C07083,Styrene,Phenylethylene,C8H8,Ethylbenzene degradation; Styrene degradation; Metabolic pathways; Microbial metabolism in diverse environments; Degradation of aromatic compounds,5,Endocrine disrupting compounds,
C07086,Phenylacetic acid,Benzylformic acid; Phenylacetate; Benzeneacetic acid,C8H8O2,Phenylalanine metabolism; Styrene degradation; Metabolic pathways; Microbial metabolism in diverse environments,4,,
C07091,cis-Acetylacrylate,,C5H6O3,Chlorocyclohexane and chlorobenzene degradation; Microbial metabolism in diverse environments,2,,
C07111,Ethylbenzene,Phenylethane; Ethylbenzol; Ethylenzene,C8H10,Ethylbenzene degradation; Metabolic pathways; Microbial metabolism in diverse environments; Degradation of aromatic compounds,4,,
C07113,Acetophenone,1-Phenylethanone; Phenyl methyl ketone; Acetylbenzene; Methyl phenyl ketone,C8H8O,Ethylbenzene degradation; Microbial metabolism in diverse environments; Degradation of aromatic compounds,3,,
C07130,Theophylline,"1,3-Dimethylxanthine",C7H8N4O2,Caffeine metabolism; Biosynthesis of plant secondary metabolites; Biosynthesis of alkaloids derived from histidine and purine; Metabolic pathways; Biosynthesis of secondary metabolites; Microbial metabolism in diverse environments,6,Phytochemical compounds; Anatomical Therapeutic Chemical (ATC) classification; USP drug classification; Therapeutic category of drugs in Japan; Classification of Japanese OTC drugs; Risk category of Japanese OTC drugs; Drug groups; Target-based classification of drugs; Drugs listed in the Japanese Pharmacopoeia,
C07138,5-Aminosalicylate,5-Amino-2-hydroxybenzoate,C7H7NO3,,0,Anatomical Therapeutic Chemical (ATC) classification; USP drug classification; Therapeutic category of drugs in Japan; Drug groups; Drugs listed in the Japanese Pharmacopoeia,
C07151,Metformin,,C4H11N5,AMPK signaling pathway; Longevity regulating pathway; Bile secretion,3,Anatomical Therapeutic Chemical (ATC) classification; Drug groups; Target-based classification of drugs,
C07166,Trientine,Triethylenetetramine,C6H18N4,,0,,
C07203,Metronidazole,,C6H9N3O3,,0,Anatomical Therapeutic Chemical (ATC) classification; USP drug classification; Therapeutic category of drugs in Japan; Drug groups; Antimicrobials; Drugs listed in the Japanese Pharmacopoeia,
C07272,Maleimide,"2,5-Pyrroledione",C4H3NO2,,0,,
C07273,Succinimide,"2,5-Pyrrolidinedione; Butanimide; 2,5-Diketopyrrolidine",C4H5NO2,,0,Anatomical Therapeutic Chemical (ATC) classification,
C07287,Sulcatone,Methylheptenone; 6-Methylhept-5-en-2-one; 6-Methyl-5-hepten-2-one,C8H14O,,0,Lipids,
C07328,3-Methylbutanol,Isoamyl alcohol; Isopentyl alcohol; 3-Methylbutan-1-ol,C5H12O,,0,Lipids,
C07329,3-Methylbutanal,Isovaleraldehyde,C5H10O,,0,,
C07363,Oxymetazoline,Afrin,C16H24N2O,,0,Anatomical Therapeutic Chemical (ATC) classification; Risk category of Japanese OTC drugs; Drug groups; Target-based classification of drugs,
C07481,Caffeine,"1,3,7-Trimethylxanthine",C8H10N4O2,Caffeine metabolism; Biosynthesis of plant secondary metabolites; Biosynthesis of alkaloids derived from histidine and purine; Metabolic pathways; Biosynthesis of secondary metabolites; Microbial metabolism in diverse environments,6,Phytochemical compounds; Anatomical Therapeutic Chemical (ATC) classification; Therapeutic category of drugs in Japan; Classification of Japanese OTC drugs; Risk category of Japanese OTC drugs; Drug groups; Target-based classification of drugs; Drugs listed in the Japanese Pharmacopoeia,
C07588,Salicyluric acid,Salicylurate; N-(2-Hydroxybenzoyl)-glycine,C9H9NO4,,0,,
C07599,Alloxanthine,Oxipurinol; Oxypurinol,C5H4N4O2,,0,Lipids; Drug groups; Target-based classification of drugs,
C07635,Epiandrosterone,,C19H30O2,Steroid degradation; Microbial metabolism in diverse environments,2,Lipids,
C07778,Cetirizine,,C21H25ClN2O3,,0,Anatomical Therapeutic Chemical (ATC) classification; Risk category of Japanese OTC drugs; Drug groups; Target-based classification of drugs,
C07880,Ursodiol,"Ursodeoxycholic acid; Ursodeoxycholate; 3alpha,7beta-Dihydroxy-5beta-cholan-24-oic acid",C24H40O4,Secondary bile acid biosynthesis,1,Compounds with biological roles; Lipids; Anatomical Therapeutic Chemical (ATC) classification; USP drug classification; Therapeutic category of drugs in Japan; Classification of Japanese OTC drugs; Risk category of Japanese OTC drugs; Drug groups; Target-based classification of drugs; Drugs listed in the Japanese Pharmacopoeia,
C08240,Gentiobiose,,C12H22O11,,0,Compounds with biological roles,
C08261,Azelaic acid,"Nonanedioic acid; 1,7-Heptanedicarboxylic acid",C9H16O4,,0,Lipids; Anatomical Therapeutic Chemical (ATC) classification; USP drug classification,
C08262,3-Methylbutanoic acid,Isovaleric acid; Isovalerate,C5H10O2,Biosynthesis of alkaloids derived from histidine and purine; Biosynthesis of secondary metabolites; Protein digestion and absorption,3,Lipids,
C08265,Alliin,,C6H11NO3S,,0,,
C08269,(-)-Betonicine,Betonicine; trans-4-Hydroxy-L-proline betaine,C7H13NO3,,0,,
C08277,Sebacic acid,Decanedioic acid,C10H18O4,,0,Lipids,
C08278,Suberic acid,"Cork acid; 1,8-Octanedioic acid; Octanedioic acid; 1,6-Hexanedicarboxylic acid",C8H14O4,,0,Compounds with biological roles; Lipids,
C08279,Tiglic acid,"(E)-2,3-Dimethylacrylic acid",C5H8O2,,0,Lipids,
C08281,Docosanoic acid,Docosanoate; Behenic acid,C22H44O2,"Cutin, suberine and wax biosynthesis; Biosynthesis of unsaturated fatty acids",2,Compounds with biological roles; Lipids; Phytochemical compounds,
C08283,Homostachydrine,,C8H15NO2,,0,Phytochemical compounds,
C08304,Gramine,"(1H-Indol-3-ylmethyl)dimethylamine; (1H-Indol-3-yl)-N,N-dimethylmethanamine",C11H14N2,Biosynthesis of various plant secondary metabolites; Biosynthesis of secondary metabolites,2,Phytochemical compounds,
C08306,Hexylamine,1-Hexanamine,C6H15N,,0,,
C08309,"N,N-Dimethyl-5-methoxytryptamine","O-Methylbufotenine; Methoxybufotenin; 5-Methoxy-N,N-dimethyltryptamine; 3-[2-(N,N-Dimethylamino)ethyl]-5-methoxy-indole",C13H18N2O,,0,Phytochemical compounds,
C08311,Muscimol,,C4H6N2O2,,0,Natural toxins,
C08313,Skatole,3-Methylindole,C9H9N,Tryptophan metabolism,1,,
C08316,Erucic acid,(13Z)-Docosenoic acid; cis-13-Docosenoic acid,C22H42O2,Biosynthesis of unsaturated fatty acids,1,Compounds with biological roles; Lipids; Phytochemical compounds,
C08320,Tetracosanoic acid,Lignoceric acid,C24H48O2,Biosynthesis of unsaturated fatty acids,1,Compounds with biological roles; Lipids,
C08322,Myristoleic acid,(9Z)-Tetradecenoic acid; 9-Tetradecenoic acid; (Z)-Tetradec-9-enoic acid,C14H26O2,,0,Lipids; Phytochemical compounds,
C08323,(15Z)-Tetracosenoic acid,Nervonic acid; (Z)-15-Tetracosenoic acid,C24H46O2,Biosynthesis of unsaturated fatty acids,1,Compounds with biological roles; Lipids,
C08348,Galacturonic acid,,C6H10O7,,0,,
C08362,(9Z)-Hexadecenoic acid,Palmitoleic acid; cis-9-Hexadecenoic acid; (9Z)-Hexadec-9-enoate,C16H30O2,Fatty acid biosynthesis; Metabolic pathways,2,Compounds with biological roles; Lipids; Phytochemical compounds,
C08372,Dimethyl trisulfide,DMTS,C2H6S3,,0,,
C08374,Dodecane,n-Dodecane,C12H26,,0,Lipids,
C08380,2-Heptanone,Heptan-2-one; Methyl n-amyl ketone,C7H14O,,0,Lipids,
C08383,Methyl allyl disulfide,Allyl methyl disulfide,C4H8S2,,0,,
C08388,Pentadecane,n-Pentadecane,C15H32,,0,Lipids,
C08434,6-Methylaminopurine,N6-Methyladenine,C6H7N5,,0,,
C08591,beta-Cryptoxanthin,,C40H56O,Carotenoid biosynthesis; Biosynthesis of secondary metabolites,2,Lipids; Phytochemical compounds,
C08737,Melamine,"2,4,6-Triamino-1,3,5-triazine",C3H6N6,Atrazine degradation; Microbial metabolism in diverse environments,2,,
C08817,Fucosterol,,C29H48O,Biosynthesis of plant secondary metabolites,1,Compounds with biological roles; Lipids; Phytochemical compounds,
C09069,Carnosol,,C20H26O4,,0,Phytochemical compounds,
C09209,Harman,,C12H10N2,Indole alkaloid biosynthesis; Biosynthesis of alkaloids derived from shikimate pathway,2,Phytochemical compounds,
C09639,alpha-Copaene,Copaene; (-)-alpha-Copaene,C15H24,,0,Lipids; Phytochemical compounds,
C09642,(-)-Salsolinol,"6,7-Isoquinolinediol, 1,2,3,4-tetrahydro-1-methyl-, (S)-; Salsolinol",C10H13NO2,Biosynthesis of alkaloids derived from shikimate pathway,1,Phytochemical compounds,
C09815,Benzamide,,C7H7NO,Aminobenzoate degradation; Microbial metabolism in diverse environments,2,,
C09816,Benzylsuccinate,(R)-2-Benzylsuccinate,C11H12O4,Toluene degradation; Metabolic pathways; Microbial metabolism in diverse environments; Degradation of aromatic compounds,4,,
C09822,Cyclohexane-1-carboxylate,Cyclohexanecarboxylic acid; Hexahydrobenzoic acid,C7H12O2,Benzoate degradation; Metabolic pathways; Microbial metabolism in diverse environments,3,,
C09844,"1,8-Cineole","1,8-Cineol; Eucalyptol; 1,3,3-Trimethyl-2-oxabicyclo[2.2.2]octane",C10H18O,Monoterpenoid biosynthesis; Biosynthesis of secondary metabolites; Inflammatory mediator regulation of TRP channels,3,Lipids; Phytochemical compounds; Anatomical Therapeutic Chemical (ATC) classification,
C09863,Linalyl acetate,,C12H20O2,,0,Lipids; Phytochemical compounds,
C09880,alpha-Pinene,,C10H16,"Pinene, camphor and geraniol degradation; Biosynthesis of secondary metabolites",2,Lipids; Phytochemical compounds,
C09900,gamma-Terpinene,,C10H16,,0,Lipids; Phytochemical compounds,
C10164,Picolinic acid,2-Pyridinecarboxylic acid,C6H5NO2,Tryptophan metabolism; Metabolic pathways,2,Phytochemical compounds,
C10172,Stachydrine,Proline betaine; L-Proline betaine,C7H13NO2,,0,Phytochemical compounds,
C10208,Daidzein,,C15H10O4,Isoflavonoid biosynthesis; Degradation of flavonoids; Biosynthesis of phenylpropanoids; Metabolic pathways; Biosynthesis of secondary metabolites,5,Lipids; Phytochemical compounds,
C10428,Anethole,t-Anethole; trans-Anethole,C10H12O,Phenylpropanoid biosynthesis; Biosynthesis of secondary metabolites,2,Phytochemical compounds,
C10600,Ibotenic acid,,C5H6N2O4,,0,Natural toxins,
C10833,Syringic acid,"Syringate; 4-Hydroxy-3,5-dimethoxybenzoate; Gallic acid 3,5-dimethyl ether",C9H10O5,Aminobenzoate degradation; Microbial metabolism in diverse environments,2,,
C10865,Pseudopelletierine,,C9H15NO,"Tropane, piperidine and pyridine alkaloid biosynthesis; Biosynthesis of alkaloids derived from ornithine, lysine and nicotinic acid; Biosynthesis of secondary metabolites",3,Phytochemical compounds,
C10901,2-Aminobenzimidazole,1H-Benzimidazol-2-amine,C7H7N3,,0,,
C11002,Isofenphos,,C15H24NO4PS,,0,Pesticides,
C11016,Diphenylamine,"N,N-Diphenylamine",C12H11N,,0,,
C11118,N-Methyl-2-pyrrolidinone,1-Methyl-2-pyrrolidinone; N-Methylpyrrolidone,C5H9NO,,0,,
C11142,Dimethyl sulfone,Sulfonylbismethane,C2H6O2S,Sulfur metabolism; Metabolic pathways; Microbial metabolism in diverse environments,3,,
C11145,Methanesulfonic acid,Methanesulfonate,CH4SO3,Sulfur metabolism; Metabolic pathways; Microbial metabolism in diverse environments,3,,
C11221,Formylmethionyl-leucyl-phenylalanine methyl ester,FMLP OMe,C22H33N3O5S,Neutrophil extracellular trap formation,1,,
C11251,Cholesteryl palmitate,,C43H76O2,,0,Lipids,
C11271,n-Hexane,Hexane,C6H14,,0,Lipids,
C11284,Indolebutyric acid,Indole-3-butyric acid; IBA,C12H13NO2,,0,,
C11331,Leu-leu-tyr,LLY,C21H33N3O5,,0,,
C11332,Leucyl-leucine,,C12H24N2O3,,0,,
C11457,3-(3-Hydroxyphenyl)propanoic acid,Dihydro-3-coumaric acid; 3-Hydroxyphenylpropanoate; 3-(3-Hydroxyphenyl)propanoate,C9H10O3,Phenylalanine metabolism; Metabolic pathways; Microbial metabolism in diverse environments; Degradation of aromatic compounds,4,,
C11527,4-Hydroxymandelate,4-Hydroxymandelic acid,C8H8O4,,0,,
C12058,Cerulenin,,C12H17NO3,,0,,
C12144,Phytosphingosine,4-D-Hydroxysphinganine,C18H39NO3,Sphingolipid metabolism; Metabolic pathways,2,Lipids,
C12283,Saccharin,,C7H5NO3S,Taste transduction,1,Drugs listed in the Japanese Pharmacopoeia,
C12289,Isoamyl isovalerate,,C10H20O2,,0,Lipids,
C12305,Methyl salicylate,Methyl 2-hydroxybenzoate,C8H8O3,Biosynthesis of phenylpropanoids,1,Therapeutic category of drugs in Japan; Classification of Japanese OTC drugs; Risk category of Japanese OTC drugs; Drug groups; Drugs listed in the Japanese Pharmacopoeia,
C12312,Indolin-2-one,,C8H7NO,Benzoxazinoid biosynthesis; Biosynthesis of various plant secondary metabolites; Metabolic pathways; Biosynthesis of secondary metabolites,4,,
C12621,trans-3-Hydroxycinnamate,(2E)-3-(3-Hydroxyphenyl)prop-2-enoate,C9H8O3,Phenylalanine metabolism; Metabolic pathways; Microbial metabolism in diverse environments; Degradation of aromatic compounds,4,,
C12978,Epidihydrocholesterin,Epicholestanol; 5alpha-Cholestan-3alpha-ol,C27H48O,,0,Lipids; Target-based classification of drugs,
C12989,N2-Acetyl-L-lysine,N(alpha)-Acetyllysine,C8H16N2O3,,0,,
C13235,Procaterol hydrochloride,Lontermin,C16H22N2O3. HCl,,0,Anatomical Therapeutic Chemical (ATC) classification; Drug groups; Target-based classification of drugs,
C13297,Geranylgeranylacetone,Teprenone,C23H38O,,0,Anatomical Therapeutic Chemical (ATC) classification; Therapeutic category of drugs in Japan; Classification of Japanese OTC drugs; Risk category of Japanese OTC drugs; Drug groups; Drugs listed in the Japanese Pharmacopoeia,
C13542,Lactitol dihydrate,,C12H24O11. 2H2O,,0,,
C13637,4-Ethylphenol,p-Ethylphenol,C8H10O,Bisphenol degradation; Microbial metabolism in diverse environments,2,,
C13846,Octadecanamide,Stearamide; Stearic acid amide,C18H37NO,,0,Lipids,
C13861,1-Hexadecanoyl-2-(9Z-octadecenoyl)-sn-glycerol,,C37H70O5,,0,Lipids,
C14151,delta-Tocopherol,,C27H46O2,Ubiquinone and other terpenoid-quinone biosynthesis; Metabolic pathways; Biosynthesis of secondary metabolites; Biosynthesis of cofactors,4,Lipids,
C14152,beta-Tocopherol,,C28H48O2,Ubiquinone and other terpenoid-quinone biosynthesis; Metabolic pathways; Biosynthesis of secondary metabolites; Biosynthesis of cofactors,4,Lipids,
C14155,gamma-Tocotrienol,,C28H42O2,Ubiquinone and other terpenoid-quinone biosynthesis; Metabolic pathways; Biosynthesis of secondary metabolites,3,Lipids,
C14272,1-Octen-3-ol,,C8H16O,,0,Lipids,
C14390,Heptanal,n-Heptaldehyde,C7H14O,,0,Lipids,
C14439,Tributyl phosphate,TBP,C12H27O4P,,0,,
C14499,"1,2-Epoxyhexadecane",,C16H32O,,0,,
C14508,Mesitylene,"1,3,5-Trimethylbenzene",C9H12,,0,,
C14533,"1,2,4-Trimethylbenzene",Pseudocumene,C9H12,,0,,
C14641,Cholesteryl oleate,Cholest-5-en-3-beta-yl oleate; Cholesteryl cis-9-octadecenoate,C45H78O2,,0,Lipids,
C14687,2-Ethoxyethanol,,C4H10O2,,0,,
C14696,1-Nonanol,n-Nonyl alcohol; 1-Hydroxynonane,C9H20O,,0,Lipids,
C14710,Isobutanol,Isobutyl alcohol; 2-Methyl-1-propanol; 1-Hydroxymethylpropane; 2-Methylpropan-1-ol,C4H10O,,0,Lipids,
C14762,13(S)-HODE,"(13S)-Hydroxyoctadecadienoic acid; (9Z,11E)-(13S)-13-Hydroxyoctadeca-9,11-dienoic acid",C18H32O3,Linoleic acid metabolism; PPAR signaling pathway,2,Lipids,
C14777,12(S)-HETE,"(5Z,8Z,10E,14Z)-(12S)-12-Hydroxyeicosa-5,8,10,14-tetraenoic acid; (5Z,8Z,10E,14Z)-(12S)-12-Hydroxyicosa-5,8,10,14-tetraenoic acid",C20H32O3,Arachidonic acid metabolism; Ovarian steroidogenesis; Aldosterone synthesis and secretion,3,Lipids,
C14828,"9,10-DHOME","9,10-DHOA; (12Z)-9,10-Dihydroxyoctadec-12-enoic acid",C18H34O4,Linoleic acid metabolism,1,Lipids,
C14829,"12,13-DHOME","12,13-DHOA; (9Z)-12,13-Dihydroxyoctadec-9-enoic acid",C18H34O4,Linoleic acid metabolism,1,Lipids,
C14996,"12-(2,3-Dihydroxycyclopentyl)-2-dodecanone",,C17H32O3,,0,,
C15205,Diisobutyl phthalate,DIBP,C16H22O4,,0,,
C15441,Cholesteryl linoleate,"(Z,Z)-(3beta)-Cholest-5-en-3-ol 9,12-octadecadienoate",C45H76O2,,0,Lipids,
C15517,Hyodeoxycholate,"Hyodesoxycholic acid; 6alpha-Hydroxylithocholate; Iodeoxycholic acid; 3alpha,6alpha-Dihydroxy-5beta-cholanic acid",C24H40O4,Secondary bile acid biosynthesis,1,Compounds with biological roles; Lipids,
C15557,Glycolithocholate,Glycolithocholic acid,C26H43NO4,,0,Lipids,
C15587,Purine,Purine base,C5H4N4,,0,,
C16353,7-Methylxanthine,,C6H6N4O2,Caffeine metabolism; Metabolic pathways; Biosynthesis of secondary metabolites; Microbial metabolism in diverse environments,4,Phytochemical compounds,
C16356,"1,7-Dimethyluric acid",,C7H8N4O3,Caffeine metabolism; Metabolic pathways; Biosynthesis of secondary metabolites,3,Phytochemical compounds,
C16357,3-Methylxanthine,,C6H6N4O2,Caffeine metabolism; Metabolic pathways; Biosynthesis of secondary metabolites; Microbial metabolism in diverse environments,4,Phytochemical compounds,
C16360,"3,7-Dimethyluric acid",,C7H8N4O3,Caffeine metabolism,1,Phytochemical compounds,
C16361,"1,3,7-Trimethyluric acid","1,3,7-Trimethylurate",C8H10N4O3,Caffeine metabolism; Microbial metabolism in diverse environments,2,Phytochemical compounds,
C16365,5-Acetylamino-6-formylamino-3-methyluracil,AFMU,C8H10N4O4,Caffeine metabolism; Metabolic pathways; Biosynthesis of secondary metabolites,3,,
C16366,5-Acetylamino-6-amino-3-methyluracil,AAMU,C7H10N4O3,Caffeine metabolism,1,,
C16512,Palmitoylethanolamide,Palmidrol,C18H37NO2,Neuroactive ligand-receptor interaction,1,Lipids,
C16513,"(7Z,10Z,13Z,16Z,19Z)-Docosapentaenoic acid","(7Z,10Z,13Z,16Z,19Z)-Docosa-7,10,13,16,19-pentaenoic acid; Docosapentaenoic acid; 7Z,10Z,13Z,16Z,19Z-Docosapentaenoic acid",C22H34O2,Biosynthesis of unsaturated fatty acids,1,Lipids,
C16525,Icosadienoic acid,"Eicosadienoic acid; 11,14-Icosadienoic acid; (11Z,14Z)-Icosa-11,14-dienoic acid; 11,14-Eicosadienoic acid; (11Z,14Z)-Eicosa-11,14-dienoic acid",C20H36O2,Biosynthesis of unsaturated fatty acids,1,Compounds with biological roles; Lipids,
C16526,Icosenoic acid,Eicosenoic acid; 11-Icosenoic acid; 11-Eicosenoic acid; (11Z)-Icosenoic acid; (11Z)-Eicosenoic acid; (Z)-Icosa-11-enoic acid,C20H38O2,Biosynthesis of unsaturated fatty acids,1,Compounds with biological roles; Lipids,
C16527,Adrenic acid,"7,10,13,16-Docosatetraenoic acid; (7Z,10Z,13Z,16Z)-Docosa-7,10,13,16-tetraenoic acid; 7Z,10Z,13Z,16Z-Docosatetraenoic acid",C22H36O2,Biosynthesis of unsaturated fatty acids; Ferroptosis,2,Lipids,
C16533,"(13Z,16Z)-Docosadienoic acid","(13Z,16Z)-Docosa-13,16-dienoic acid; 13Z,16Z-Docosadienoic acid",C22H40O2,Biosynthesis of unsaturated fatty acids,1,Compounds with biological roles; Lipids,
C16535,Nonadecanoic acid,Nonadecylic acid,C19H38O2,,0,Lipids,
C16537,Pentadecanoic acid,Pentadecylic acid; n-Pentadecanoic acid,C15H30O2,,0,Lipids,
C16699,2-O-(6-Phospho-alpha-mannosyl)-D-glycerate,2-O-(6-Phospho-alpha-D-mannosyl)-D-glycerate,C9H17O12P,Phosphotransferase system (PTS),1,,
C16741,L-Hydroxylysine,5-Hydroxy-L-lysine; L-erythro-5-Hydroxylysine; (5R)-5-Hydroxy-L-lysine,C6H14N2O3,Lysine degradation; Metabolic pathways,2,,
C16776,beta-Sesquiphellandrene,(-)-beta-Sesquiphellandrene,C15H24,,0,,
C16939,Crataegolic acid,Masilinic acid,C30H48O4,,0,Lipids; Phytochemical compounds,
C16995,Methyl palmitate,,C17H34O2,,0,Lipids,
C17144,3-Octanol,,C8H18O,,0,Lipids,
C17148,Oleanolic acid,3beta-Hydroxyolean-12-en-28-oic acid; Astrantiagenin C; Caryophyllin; Oleanolate,C30H48O3,Biosynthesis of various plant secondary metabolites; Metabolic pathways; Biosynthesis of secondary metabolites,3,Lipids; Phytochemical compounds,
C17467,p-Hydroxybenzyl alcohol,4-Hydroxybenzyl alcohol; p-Methylolphenol,C7H8O2,,0,,
C17530,Methyl acetate,Devoton; Tereton,C3H6O2,Butanoate metabolism; Metabolic pathways,2,,
C17644,Ursocholate,"Ursocholic acid; 3alpha,7beta,12alpha-Trihydroxy-5beta-cholan-24-oic acid; 3alpha,7beta,12alpha-Trihydroxy-5beta-cholanic acid; 7beta-Hydroxyisocholic acid; 7-Epicholic acid",C24H40O5,Secondary bile acid biosynthesis,1,Lipids,
C17647,alpha-Muricholate,"alpha-Muricholic acid; 5beta-Cholanic acid-3alpha,6beta,7alpha-triol; 3alpha,6beta,7alpha-Trihydroxy-5beta-cholan-24-oic acid",C24H40O5,Secondary bile acid biosynthesis,1,Lipids,
C17649,Hyocholate,"Hyocholic acid; Iocholic acid; gamma-Muricholate; alpha-Hyocholic acid; 3alpha,6alpha,7alpha-Trihydroxy-5beta-cholan-24-oic acid; 6alpha-Hydroxychenodeoxycholic acid",C24H40O5,Secondary bile acid biosynthesis,1,Lipids,
C17658,Isolithocholate,Isolithocholic acid; beta-Lithocholic acid; beta-Lithocholanic acid; 3-Epilithocholic acid; 3beta-Hydroxy-5beta-cholan-24-oic acid; 3beta-Hydroxy-5beta-cholan-24-oic acid,C24H40O3,Secondary bile acid biosynthesis,1,Lipids,
C17662,Isoursodeoxycholate,"Isoursodeoxycholic acid; 3beta,7beta-Dihydroxy-5beta-cholanoic acid; 3beta,7beta-Dihydroxy-5beta-cholan-24-oic acid",C24H40O4,Secondary bile acid biosynthesis,1,Lipids,
C17714,Heptanoic acid,,C7H14O2,,0,Compounds with biological roles; Lipids,
C17715,Undecanoic acid,Hendecanoic acid,C11H22O2,,0,Lipids,
C18021,Pheophorbide a,,C35H36N4O5,Porphyrin metabolism; Biosynthesis of secondary metabolites,2,,
C18135,Dihydroshikonofuran,,C16H20O3,Ubiquinone and other terpenoid-quinone biosynthesis,1,,
C18165,Enterolactone,,C18H18O4,,0,,
C18319,2-Methylbutyrate,2-Methylbutyric acid; 2-Methylbutanoic acid,C5H10O2,Protein digestion and absorption,1,Lipids,
C19033,Carbon disulfide,,CS2,,0,Pesticides,
C19615,Hexadecanedioate,Hexadecanedioic acid,C16H30O4,"Cutin, suberine and wax biosynthesis; Metabolic pathways",2,Lipids,
C19806,"Propane-1,2,3-tricarboxylate",Tricarballylate,C6H8O6,,0,,
C19837,Indole-3-carboxylate,Indole-3-carboxylic acid,C9H7NO2,,0,,
C20144,"Androsta-1,4-diene-3,17-dione",,C19H24O2,Steroid degradation; Metabolic pathways; Microbial metabolism in diverse environments,3,,
C20155,8-Oxoguanine,,C5H5N5O2,,0,,
C20448,5-Hydroxymethyl-2-furoate,5-Hydroxymethyl-2-furoic acid,C6H6O4,,0,,
C20522,Dihydrourocanate,Deaminohistidine; 3-(1H-Imidazol-4-yl)propanoate,C6H8N2O2,Histidine metabolism,1,,
C20826,Isovalerylcarnitine,O-Isovaleryl-L-carnitine,C12H23NO4,,0,,
C20827,3-Hydroxyisovalerate,3-Hydroxy-3-methylbutyrate,C5H10O3,"Valine, leucine and isoleucine degradation; Metabolic pathways",2,,
C21016,Ophthalmate,gamma-L-Glutamyl-L-2-aminobutyrylglycine,C11H19N3O6,Cysteine and methionine metabolism; Metabolic pathways,2,,
C21138,trans-2-Octenal,(E)-Oct-2-enal,C8H14O,Prodigiosin biosynthesis; Metabolic pathways; Biosynthesis of secondary metabolites,3,,
C21297,2-Hydroxy-2-methylpropanoate,2-Hydroxyisobutyrate,C4H8O3,,0,,
C21484,1-Octadecanoyl-sn-glycero-3-phosphoethanolamine,,C23H48NO7P,Ferroptosis,1,Lipids,
C21931,Cerotic acid,Hexacosanoic acid,C26H52O2,,0,Lipids,
