publication_id,pmid,title,first_author,journal,year,doi,quality_flags_met,quality_flags_total
1,25446201,Gastrointestinal microbiota in children with autism in Slovakia.,Tomova A,Physiology & Behavior,2015,,4,6
2,26367776,"Dysbiosis in the gut microbiota of patients with multiple sclerosis, with a striking depletion of species belonging to Clostridia XIVa and IV clusters.",Miyake S,PLOS ONE,2015,10.1371/journal.pone.0137429,3,6
3,21209126,Dysbiosis of the faecal microbiota in patients with Crohn’s disease and their unaffected relatives.,Joossens M,Gut,2011,,5,6
4,23060013,Subgingival microflora in inflammatory bowel disease patients with untreated periodontitis.,Brito F,European Journal of Periodontology & Hepatology,2013,10.1097/MEG.0b013e32835a2b70,5,6
5,25784074,Fecal microbiota in patients with irritable bowel syndrome compared with healthy controls using real-time polymerase chain reaction: an evidence of dysbiosis.,Shukla R,Digestive Diseases and Sciences,2015,10.1007/s10620-015-3607-y,5,6
6,21814872,Changes of fecal Bifidobacterium species in adult patients with hepatitis B virus-induced chronic liver disease.,Xu M,Microbial Ecology,2012,10.1007/s00248-011-9925-5,3,6
7,15612659,Intestinal microflora in patients with liver cirrhosis,Zhao HY,Chines Journal of Digestive Diseases,2004,,3,6
8,20140211,Gut microbiota in human adults with type 2 diabetes differs from non-diabetic adults.,Larsen N,PLOS ONE,2010,10.1371/journal.pone.0009085,4,6
9,23023125,A metagenome-wide association study of gut microbiota in type 2 diabetes.,Qin J,Nature,2012,10.1038/nature11450,2,6
10,23631345,Differences in gut microbiota composition between obese and lean children: a cross-sectional study,Bervoets L,Gut Pathogens,2013,10.1186/1757-4749-5-10,4,6
11,20845425,Distinct microbiome in pouchitis compared to healthy pouches in ulcerative colitis and familial adenomatous polyposis.,Zella G,Inflammatory Bowel Diseases,2011,10.1002/ibd.21460,4,6
12,19617766,An assessment of bacterial dysbiosis in pouchitis using terminal restriction fragment length polymorphisms of 16S ribosomal DNA from effluent microbiota.,Lim M,Diseases of the Colon & Rectum,2009,10.1007/DCR.0b013e3181a7b77a,4,6
13,26059898,The fecal microbiome in pediatric patients with short bowel syndrome.,Davidovics Z,Journal of Parenteral and Enteral Nutrition,2015,10.1177/0148607115591216,4,6
14,26962942,Altered virome and bacterial microbiome in human immunodefiency virus-associated acquired immunodeficiency syndrome,Monaco C,Cell Host & Microbe,2016,10.1016/j.chom.2016.02.011,3,6
15,23824228,The composition of microbiome in larynx and the throat biodiversity between laryngeal squamous cell carcinoma patients and control population,Gong HL,PLOS ONE,2013,10.1371/journal.pone.0066476,5,6
16,18648509,Substantial alterations of the cutaneous bacterial biota in psoriatic lesions.,Gao Z,PLOS ONE,2008,10.1371/journal.pone.0002719,3,6
17,22538067,Gut dysbiosis in cystic fibrosis.,Scanlan P,Journal of Cystic Fibrosis,2012,10.1016/j.jcf.2012.03.007,3,6
18,25403149,Analysis of the bacterial community in chronic obstructive pulmonary disease sputum samples by denaturing gradient gel electrophoresis and real-time PCR,Dachang Wu,BMC Pulmonary Medicine,2014,10.1186/1471-2466-14-179,4,6
19,26789999,Reduced abundance of butyrate-producing bacteria species in the fecal microbial community in Crohn's Disease.,Takahashi K,Digestion,2016,10.1159/000441768,4,6
20,22972842,Sinus microbiome diversity depletion and Corynebacterium tuberculostearicum enrichment mediates rhinosinusitis.,Abreu NA,Science translational medicine,2012,10.1126/scitranslmed.3003783,0,6
21,21297998,Microbial dysbiosis in colorectal cancer (CRC) patients,Sobhani I,PLOS ONE,2011,10.1371/journal.pone.0016393,4,6
22,20648002,Mucolytic bacteria with increased prevalence in IBD mucosa augment in vitro utilization of mucin by other bacteria,Png C,The American Journal of Gastroenterology,2010,10.1038/ajg.2010.281,4,6
23,17699621,Molecular-phylogenetic characterization of microbial community imbalances in human inflammatory bowel diseases.,Frank D,PNAS,2007,10.1073/pnas.0706625104,2,6
24,21410934,Gastrointestinal flora and gastrointestinal status in children with autism-comparisons to typical children and correlation with autism severity,Adams J,BMC Gastroenterology,2011,10.1186/1471-230X-11-22,5,6
25,16157555,Differences between the gut microflora of children with autistic spectrum disorders and that of healthy children,Parracho H,Journal of Medical Microbiology,2005,10.1099/jmm.0.46101-0,3,6
26,22233678,"Application of novel PCR-based methods for detection, quantitation, and phylogenetic characterization of Sutterella species in intestinal biopsy samples from children with autism and gastrointestinal disturbances",Williams B,Mbio,2012,10.1128/mBio.00261-11,3,6
27,23844187,Reduced incidence of Prevotella and other fermenters in intestinal microflora of autistic children,Kang DW,PLOS ONE,2013,10.1371/journal.pone.0068322,4,6
28,22202440,Microbiology of regressive autism,Finegold S,Anaerobe,2012,10.1016/j.anaerobe.2011.12.018,1,6
29,24188502,Increased abundance of Sutterella spp. and Ruminococcus torques in feces of children with autism spectrum disorder,Wang L,Molecular Autism,2013,10.1186/2040-2392-4-42,4,6
30,15528506,Real-time PCR quantitation of Clostridia in feces of autistic children,Song Y,Applied and Environmental Microbiology,2004,10.1128/AEM.70.11.6459-6465.2004,1,6
31,20603222,Pyrosequencing study of fecal microflora of autistic and control children,Finegold S,Anaerobe,2010,10.1016/j.anaerobe.2010.06.008,3,6
32,12173102,Gastrointestinal microflora studies in late-onset autism,Finegold S,Clinical Infectious Diseases,2002,10.1086/341914,2,6
33,24888394,Correlation between the human fecal microbiota and depression.,Naseribafrouei A,Neurogastroenterology & Motility,2014,10.1111/nmo.12378,5,6
34,25882912,Altered fecal microbiota composition in patients with major depressive disorder.,Jiang H,"Brain, Behavior, and Immunity",2015,10.1016/j.bbi.2015.03.016,5,6
35,27988330,The gut microbiome composition associates with bipolar disorder and illness severity,Evans S,Journal of Psychiatric Research,2017,10.1016/j.jpsychires.2016.12.007,4,6
36,25775034,Gut microbiota in MS: possible influence of immunomodulators,Cantarel B,Journal of Investigative Medicine,2015,10.1097/JIM.0000000000000192,5,6
37,27892518,Brain microbiota disruption within inflammatory demyelinating lesions in multiple sclerosis,Branton W,Scientific Reports,2016,10.1038/srep37344,3,6
38,27176462,Gut microbiota in early pediatric multiple sclerosis: a case-control study,Tremlett H,European Journal of Neurology,2016,10.1111/ene.13026,5,6
39,27352007,Alterations of the human gut microbiome in multiple sclerosis,Jangi S,Nature communications,2016,10.1038/ncomms12015,4,6
40,19567398,Increased D-lactic acid intestinal bacteria in patients with chronic fatigue syndrome,Sheedy J,in vivo,2009,,3,6
41,23791918,High-throughput 16S rRNA gene sequencing reveals alterations of intestinal microbiota in myalgic encephalomyelitis/chronic fatigue syndrome patients.,Frémont M,Anaerobe,2013,10.1016/j.anaerobe.2013.06.002,4,6
42,27338587,Reduced diversity and altered composition of the gut microbiome in individuals with myalgic encephalomyelitis/chronic fatigue syndrome.,Giloteaux,Microbiome,2016,10.1186/s40168-016-0171-4,4,6
43,27591074,Short chain fatty acids and gut microbiota differ between patients with Parkinson's disease and age-matched controls,Unger M,Parkinsonism and Related Disorders,2016,10.1016/j.parkreldis.2016.08.019,5,6
44,26179554,Colonic bacterial composition in Parkinson's Disease,Keshavarzian A,Movement Disorders,2015,10.1002/mds.26307,3,6
45,25476529,Gut microbiota are related to Parkinson's Disease and clinical phenotype,Scheperjans F,Movement Disorders,2015,10.1002/mds.26069,5,6
46,28195358,Parkinson's Disease and Parkinson's Disease medications have distinct signatures of the gut microbiome.,Hill-Burns E,Movement Disorders,2017,10.1002/mds.26942,5,6
47,26539989,Intestinal Dysbiosis and lowered Serum lipopolysaccharide-binding protein in Parkinson's Disease,Hasegawa S,PLOS ONE,2015,10.1371/journal.pone.0142164,4,6
48,28259623,Oral and nasal microbiota in Parkinson's disease,Pereira P,Parkinsonism and Related Disorders,2017,10.1016/j.parkreldis.2017.02.026,5,6
49,27776263,Association of brain amyloidosis with pro-inflammatory gut bacterial taxa and peripheral inflammation markers in cognitively impaired elderly.,Cattaneo A,Neurobiology of Aging,2017,10.1016/j.neurobiolaging.2016.08.019,5,6
50,24374295,Altered profile of human gut microbiome is associated with cirrhosis and its complications,Bajaj J,Journal of Hepatology,2014,10.1016/j.jhep.2013.12.019,5,6
51,21574172,Characterization of fecal microbial communities in patients with liver cirrhosis,Chen Y,Hepatology,2011,10.1002/hep.24423,5,6
52,16432374,Specificities of the fecal microbiota in inflammatory bowel disease,Harry Sokol,Inflammatory Bowel Diseases,2006,10.1097/01.MIB.0000200323.38139.c6,3,6
53,20816835,A pyrosequencing study in twins shows that gastrointestinal microbial profiles vary with inflammatory bowel disease phenotypes,Willing P,Gastroenterology,2010,10.1053/j.gastro.2010.08.049,5,6
54,20848492,Dysbiosis of fecal microbiota in Crohn's Disease patients as revealed by a custom phylogenetic microarray,Kang S,Inflammatory Bowel Diseases,2010,10.1002/ibd.21319,2,6
55,19235886,Low counts of faecalibacterium prausnitzii in Colitis microbiota,Sokol H,Inflammatory Bowel Diseases,2009,10.1002/ibd.20903,4,6
56,12164960,Fusobacterium varium localized in the colonic mucosa of patients with ulcerative colitis stimulates species-specific antibody.,Ohkusa T,Journal of Gastroenterology and Hepatology,2002,,3,6
57,20940602,Desulfovibrio bacterial species are increased in ulcerative colitis,Rowan F,Diseases of the Colon & Rectum,2010,10.1007/DCR.0b013e3181f1e620,3,6
58,,Alterations of the subgingival microbiota in pediatric Crohn's Disease studied longitudinally in discovery and validation cohorts.,Kelsen J,Inflammatory Bowel Diseases,2015,,4,6
59,15667495,Analysis of the fecal microbiota of irritable bowel syndrome patients and healthy controls with real-time PCR,Malinen E,American Journal of Gastroenterology,2005,10.1111/j.1572-0241.2005.40312.x,4,6
60,21741921,Gastrointestinal microbiome signatures of pediatric patients with irritable bowel syndrome,Saulnier D,Gastroenterology,2011,10.1053/j.gastro.2011.06.072,5,6
61,27769987,Human Microbiome Fusobacterium Nucleatum in Esophageal Cancer Tissue Is Associated with Prognosis,Kensuke Yamamura,Clinical cancer research,2016,10.1158/1078-0432.CCR-16-1786,4,6
62,22986438,Quantitative profiling of gut microbiota of children with diarrhea-predominant irritable bowel syndrom,Rigsbee L,The American Journal of Gastroenterology,2012,10.1038/ajg.2012.287,5,6
63,21820992,Global and deep molecular analysis of microbiota signatures in fecal samples from patients with irritable bowel syndrome.,Rajilic-Stojanovic M,Gastroenterology,2011,10.1053/j.gastro.2011.07.043,5,6
64,23497613,Diversified pattern of the human colorectal cancer microbiome,Geng J,Gut Pathogens,2013,10.1186/1757-4749-5-2,2,6
65,23733170,Dysbiosis signature of fecal microbiota in colorectal cancer patients.,Wu N,Microbial Ecology,2013,10.1007/s00248-013-0245-9,4,6
66,23940645,Stool microbiome and metabolome differences between colorectal cancer patients and healthy adults.,Weir T,PLOS ONE,2013,10.1371/journal.pone.0070803,5,6
67,4646740,Subgingival microbial profiles of Sudanese patients with aggressive periodontitis,"Elabdeen, H.R.Z.",Journal of Periodontal Research,2015,10.1111/jre.12250,4,6
68,26691472,High occurence of Fusobacterium nucleatum and Clostridium difficile in the intestinal microbiota of colorectal carcinoma patients,Fukugaiti M,Brazilian Journal of Microbiology,2015,10.1590/S1517-838246420140665,3,6
69,25583170,The cutaneous microbiome in outpatients presenting with acute skin abscesses,Horton James,The Journal of Infectious Diseases,2015,10.1093/infdis/jiv003,4,6
70,18624900,"Real-time polymerase chain reaction quantification of specific butyrate-producing bacteria, Desulfovibrio and Enterococcus faecalis in the feces of patients with colorectal cancer.",Balamurugan R,Journal of Gastroenterology and Hepatology,2008,10.1111/j.1440-1746.2008.05490.x,3,6
71,25699023,Microbiota disbiosis is associated with colorectal cancer.,Gao Z,Frontiers in Microbiology,2015,10.3389/fmicb.2015.00020,4,6
72,23306850,"Changes of the intestinal microbiota, short chain fatty acids, and fecal pH in patients with colorectal cancer",Ohigashi S,Digestive Diseases and Sciences,2013,10.1007/s10620-012-2526-4,5,6
73,22622349,Increased rectal microbial richness is associated with the presence of colorectal adenomas in humans.,Sanapareddy N,The ISME Journal,2012,10.1038/ismej.2012.43,5,6
74,22761885,Human intestinal lumen and mucosa-associated microbiota in patients with colorectal cancer,Chen W,PLOS ONE,2012,10.1371/journal.pone.0039743,5,6
75,23212374,Symptomatic atherosclerosis is associated with an altered gut metagenome,Karlsson F,Nature communications,2012,10.1038/ncomms2266,4,6
76,26536303,Oral microbiota in patients with atherosclerosis,Frida Fak,Atherosclerosis,2015,10.1016/j.atherosclerosis.2015.10.097,4,6
77,23719380,"Gut metagenome in european women with normal, impaired and diabetic glucose control.",Karlsson F,Nature,2013,10.1038/nature12198,3,6
78,24824547,"Gut dysbiosis and detection of ""live gut bacteria"" in blood of Japanese patients with type 2 diabetes",Sato J,Diabetes Care,2014,10.2337/dc13-2817,4,6
79,20613793,Toward defining the autoimmune microbiome for type 1 diabetes,Giongo A,The ISME Journal,2011,10.1038/ismej.2010.92,3,6
80,23433344,Gut microbiota in children with type 1 diabetes differs from that in healthy children: a case-control study,Murri M,BMC Medicine,2013,10.1186/1741-7015-11-46,5,6
81,19043404,A core gut microbiome in obese and lean twins,Turnbaugh P,Nature,2009,10.1038/nature07540,5,6
83,24586647,Plaque bacterial microbiome diversity in children younger than 30 months with or without caries prior to eruption of second primary molars,Xu He,PLOS ONE,2014,10.1371/journal.pone.0089269,3,6
84,19498350,Microbiota and SCFA in lean and overweight healthy subjects,Schwiertz A,Obesity,2009,10.1038/oby.2009.167,4,6
85,26551842,Correlation between body mass index and faecal microbiota from children.,Ignacia A,Clinical Microbiology and Infection,2016,10.1016/j.cmi.2015.10.031,5,6
86,18326589,Early differences in fecal microbiota composition in children may predict overweight.,Kalliomäki M,The American Journal of Clinical Nutrition,2008,,5,6
87,19587155,Is obesity an oral bacterial disease?,Goodson J,Journal of Dental Research,2009,10.1177/0022034509338353,3,6
88,19369970,16S rRNA gene-based analysis of fecal microbiota from preterm infants with and without necrotizing enterocolitis,Wang Y,The ISME Journal,2009,10.1038/ismej.2009.37,3,6
89,26084844,Clostridium butyricum strains and dysbiosis linked to necrotizing enterocolitis in preterm neonates,Cassir N,Clinical Infectious Diseases,2015,10.1093/cid/civ468,5,6
90,15201403,Early intestinal bacterial colonization and necrotizing enterocolitis in premature infants: the putative role of Clostridium,De La Cochetière MF,Pediatric Research,2004,10.1203/01.PDR.0000134251.45878.D5,4,6
91,3404014,Unbalance of intestinal microbiota in atopic children,Candela M,BioMed Central,2012,10.1186/1471-2180-12-95,4,6
92,20927511,Investigation of supragingival plaque microbiota in different caries status of Chinese preschool children by denaturing gradient gel electrophoresis,Jiang W.,Microbial Ecology,2011,10.1007/s00248-010-9753-z,2,6
93,3292798,The bacteriology of pouchitis: a molecular phylogenetic analysis using 16S rRNA gene cloning and sequencing.,McLaughlin S,Ann Surg,2010,10.1097/SLA.0b013e3181e3dc8b,4,6
94,26026389,Pouch inflammation is associated with a decrease in specific bacterial taxa.,Leah Reshef,Gastroenterology,2015,10.1053/j.gastro.2015.05.041,4,6
95,11447399,Differences in Bifidobacterium flora composition in allergic and healthy infants,Ouwehand AC,Journal of Allergy and Clinical Immunology,2001,,4,6
96,20181275,Intestinal dysbiosis and reduced immunoglobulin-coated bacteria associated with coeliac disease in children.,De Palma G,BMC Microbiology,2010,10.1186/1471-2180-10-63,3,6
97,25417597,Intestinal dysbiosis in Ankylosing Spondylitis,Costello ME,Arthritis & Rheumatology,2015,10.1002/art.38967,2,6
98,,Quantitative differences in intestinal Faecalibacterium prausnitzii in obese Indian children,Ramadass Balamurugan,British Journal of Nutrition,2010,10.1017/S0007114509992182,3,6
100,,Severity of atopic disease inversely correlates with intestinal microbiota diversity and butyrate-producing bacteria,Nylund,European journal of allergy and clinical immunology,2015,10.1111/all.12549,2,6
101,24586144,A compositional look at the human gastrointestinal microbiome and immune activation parameters in HIV infected subjects.,Mutlu E,PLOS ONE,2014,10.1371/journal.ppat.1003829,4,6
102,26749064,Association of systemic sclerosis with a unique colonic microbial consortium,Volkmann E,Arthritis & Rheumatology,2016,10.1002/art.39572,4,6
104,,Characterisation of the faecal microbiota in Japanese patients with paediatric-onset primary sclerosing cholangitis,Iwasawa K,Gut,2016,10.1136/gutjnl-2016-312533,3,6
105,,Association between Obesity and Cervical Microflora Dominated by Lactobacillus iners in Korean Women,Oh HY,Journal of Clinical Microbiology,2015,10.1128/JCM.01387-15,5,6
106,24451087,HIV infection is associated with compositional and functional shifts in the rectal mucosal microbiota,McHardy I,Microbiome,2013,10.1186/2049-2618-1-26,5,6
107,27988814,Remodeling of the gut microbiota and structural shifts in Preeclampsia patients in South China.,Liu J,European Journal of Clinical Microbiology & Infectious Diseases,2016,10.1007/s10096-016-2853-z,4,6
108,24034618,Alterations in the gut microbiota associated with HIV-1 infection,Lozupone C,Cell Host & Microbe,2013,10.1016/j.chom.2013.08.006,3,6
109,22084916,Detection and identification of plasma bacterial and viral elements in HIV/AIDS patients in comparison to healthy adults,Li SK,Infectious Diseases,2012,10.1111/j.1469-0691.2011.03690.x,2,6
110,27142586,Microbiome diversity in the sputum of patients with pulmonary tuberculosis,Krishna P,European Journal of Clinical Microbiology & Infectious Diseases,2016,10.1007/s10096-016-2654-4,4,6
111,25057045,"Intestinal microbiota, microbial translocation, and systemic inflammation in chronic HIV infection.",Dinh D,The Journal of Infectious Diseases,2015,10.1093/infdis/jiu409,4,6
112,24399150,An altered intestinal mucosal microbiome in HIV-1 infection is associated with mucosal and systemic immune activation and endotoxemia.,Dillon SM,Mucosal Immunology,2014,10.1038/mi.2013.116,5,6
113,26718942,Faecal microbiome in new-onset juvenile idiopathic arthritis.,Tejesvi M V,European Journal of Clinical Microbiology & Infectious Diseases,2016,10.1007/s10096-015-2548-x,4,6
114,23843452,Dysbiosis of the gut microbiota is associated with HIV disease progression and tryptophan catabolism,Vujkovic-Cvijin I,Science translational medicine,2013,10.1126/scitranslmed.3006438,4,6
115,27105322,Bifidobacteria abundance-featured gut microbiota compositional change in patients with Behcet's Disease,Shimizu J,PLOS ONE,2016,10.1371/journal.pone.0153746,5,6
116,27087247,Altered mucosal microbiome diversity and disease severity in Sjögren Syndrome,de Paiva C,Scientific Reports,2016,10.1038/srep23561,3,6
117,24532386,Relationship of children's salivary microbiota with their caries status: a pyrosequencing study.,Gomar-Vercher S,Clinical oral investigations,2014,10.1007/s00784-014-1200-y,3,6
118,23397098,"Biomarkers of chemotherapy-induced diarrhoea: a clinical study of intestinal microbiome alterations, inflammation and circulating matrix metalloproteinases.",Stringer A M,Supportive Care in Cancer,2013,10.1007/s00520-013-1741-7,2,6
119,23151540,Dysbiosis of bifidobacteria and Clostridium cluster XIVa in the cystic fibrosis fecal microbiota,Duytschaever G,Journal of Cystic Fibrosis,2013,10.1016/j.jcf.2012.10.003,3,6
120,,Widespread colonization of the lung by Tropheryma whipplei in HIV infection,Lozupone C.,American Journal of Respiratory and Critical Care Medicine,2013,10.1164/rccm.201211-2145OC,5,6
121,4796292,Molecular characterization of the intestinal microbiota in patients with and without abdominal bloating,Ringel-Kulka T,American journal of physiology. Gastrointestinal and liver physiology,2016,10.1152/ajpgi.00044.2015,4,6
122,26191211,Abnormal intestinal permeability and microbiota in patients with autoimmune hepatitis,Lin R,International Journal of Clinical and Experimental Pathology,2015,,5,6
123,21286703,Intestinal microbiota was assessed in Cirrhotic patients with hepatitis B virus infection,Lu H,Microbial Ecology,2011,10.1007/s00248-010-9801-8,4,6
124,26442950,The microbiome in populations with a low and high prevalence of caries,Johansson I,Journal of Dental Research,2016,10.1177/0022034515609554,3,6
125,17600533,Bacterial diversity in aphthous ulcers.,Marchini L,Oral Microbiology Immunology,2007,10.1111/j.1399-302X.2006.00345.x,1,6
126,25918553,Funtional signatures of oral dysbiosis during periodontitis progression revealed by microbial metatranscriptome analyis,Yost S,Genome Medicine,2015,10.1186/s13073-015-0153-3,4,6
127,21994333,Variations of oral microbiota are associated with pancreatic diseases including pancreatic cancer.,Farrell J,Gut,2012,10.1136/gutjnl-2011-300784,5,6
128,23673380,Metagenomic sequencing reveals microbiota and its functional potential associated with periodontal disease,Wang J,Scientific Reports,2013,10.1038/srep01843,4,6
129,23365674,Sputum microbiota in tuberculosis as revealed by 16S rRNA pyrosequencing,Cheung MK,PLOS ONE,2013,10.1371/journal.pone.0054574,4,6
130,23437130,Molecular mapping to species level of the tonsillar crypt microbiota associated with health and recurrent tonsillitis.,Jensen A,PLOS ONE,2013,10.1371/journal.pone.0056418,5,6
131,25492799,Microbiome of the placenta in pre-eclampsia supports the role of bacteria in the multifactorial cause of pre-eclampsia,Amarasekara R,The journal of obstetrics and gynaecology research,2014,10.1111/jog.12619,4,6
132,25658087,Extensive description and comparison of human supra-gingival microbiome in root caries and health.,Chen L,PLOS ONE,2015,10.1371/journal.pone.0117064,5,6
133,24451201,Community differentiation of the cutaneous microbiota in psoriasis,Alekseyenko A,Microbiome,2013,10.1186/2049-2618-1-31,5,6
134,22065152,Comparison of bacterial microbiota in skin biopsies from normal and psoriatic skin.,Fahlén A,Arch Dermatol Res,2012,10.1007/s00403-011-1189-x,3,6
135,26431583,Faecalibacterium prausnitzii subspecies-level dysbiosis in the human gut microbiome underlying atopic dermatitis,Han Song,Journal of Allergy and Clinical Immunology,2016,10.1016/j.jaci.2015.08.021,3,6
136,19649281,Community analysis of chronic wound bacteria using 16S rRNA gene-based pyrosequencing: impact of diabetes and antibiotics on chronic wound microbiota.,Price Lance,PLOS ONE,2009,10.1371/journal.pone.0006462,4,6
137,24450540,Comparative meta-RNA-seq of the vaginal microbiota and differential expression by Lactobacillus iners in health and dysbiosis,Macklaim J,Microbiome,2013,10.1186/2049-2618-1-12,4,6
138,22719852,Bacterial communities in women with bacterial vaginosis: high resolution phylogenetic analyses reveal relationships of microbiota to clinical criteria.,Srinivasan S,PLOS ONE,2012,10.1371/journal.pone.0037818,3,6
139,18717638,Comparison of the diversity of the vaginal microbiota in HIV-infected and uninfected women with and without bacterial vaginosis.,Spear G,The Journal of Infectious Diseases,2008,10.1086/591942,3,6
140,16267321,Molecular identification of bacteria associated with bacterial vaginosis,Fredricks D,The New England Journal of Medicine,2005,10.1056/NEJMoa043802,2,6
141,21272848,Microarray-based identification of clinically relevant vaginal bacteria in relation to bacterial vaginosis,Dols J,American Journal of Obstetrics & Gynecology,2011,10.1016/j.ajog.2010.11.012,4,6
142,20819230,Molecular analysis of the diversity of vaginal microbiota associated with bacterial vaginosis,Zongxin Ling,BMC Genomics,2010,10.1186/1471-2164-11-488,4,6
143,21075899,Pyrosequencing of the genital microbiotas of HIV-seropositive and -seronegative women reveals Lactobacillus iners as the predominant Lactobacillus species.,Spear G,Applied and Environmental Microbiology,2011,10.1128/AEM.00973-10,3,6
144,26574055,Cervical intraepithelial neoplasia disease progression is associated with increased vaginal microbiome diversity,Mitra A,Scientific Reports,2015,10.1038/srep16865,5,6
145,23613805,Cystic Fibrosis transmembrane conductance regulator (CFTR) allelic variants relate to shifts in faecal microbiota of cystic fibrosis patients.,Schippa S,PLOS ONE,2013,10.1371/journal.pone.0061176,5,6
146,26330184,Faecal proteomics: a tool to investigate dysbiosis and inflammation in patients with cystic fibrosis,Debyser G,Journal of Cystic Fibrosis,2016,10.1016/j.jcf.2015.08.003,4,6
147,24178246,Escherichia coli dysbiosis correlates with gastrointestinal dysfunction in children with Cystic Fibrosis,Hoffman L,Clinical Infectious Diseases,2014,10.1093/cid/cit715,3,6
148,25340840,Novosphingobium and its potential role in Chronic Obstructive Pulmonary Diseases: insights from microbiome studies.,Rutebemberwa A,PLOS ONE,2014,10.1371/journal.pone.0111150,3,6
149,25329665,Microbial communities in the upper respiratory tract of patients with asthma and chronic obstructive pulmonary disease.,Park H,PLOS ONE,2014,10.1371/journal.pone.0109710,4,6
150,25253795,Severity-Related changes of bronchial microbiome in chronic obstructive pulmonary disease,Garcia-Nunez M,Journal of Clinical Microbiology,2014,10.1128/JCM.01967-14,3,6
151,24311775,Sputum microbiota in moderate versus severe patients with COPD,Galiana A,The European Respiratory Journal,2014,10.1183/09031936.00191513,3,6
152,23874580,Analysis of the airway microbiota of healthy individuals and patients with chronic obstructive pulmonary disease by T-RFLP and clone sequencing.,Zakharkina T,PLOS ONE,2013,10.1371/journal.pone.0068302,4,6
153,22427533,The lung tissue microbiome in chronic obstructive pulmonary disease,Sze MA,American Journal of Respiratory and Critical Care Medicine,2012,10.1164/rccm.201111-2075OC,4,6
154,23071781,The lung microbiome in moderate and severe chronic obstructive pulmonary disease,Pragman AA,PLOS ONE,2012,10.1371/journal.pone.0047305,4,6
156,27477587,Alterations in the Fecal Microbiota of Patients with HIV-1 Infection: An Observational Study in A Chinese Population,Ling Z,Scientific Reports,2016,10.1038/srep30673,4,6
157,4855157,Disrupted progression of the intestinal microbiota with age in children with cystic fibrosis,Shaun Nielsen,Scientific Reports,2016,10.1038/srep24857,2,6
158,,Periodontal disease and the oral microbiota in new-onset rheumatoid arthritis,Scher J.,Arthtitis & Rheumatism,2012,10.1002/art.34539,4,6
159,,"Community dynamics and the lower airway microbiota in stable chronic obstructive pulmonary disease, smokers and healthy non-smokers.",Einarsson G,Thorax,2016,10.1136/thoraxjnl-2015-207235,4,6
160,25484919,The conjunctival microbiome in health and trachomatous disease: a case control study.,Zhou Y.,Genome Medicine,2014,10.1186/s13073-014-0099-x,5,6
162,22836761,Comparative ocular microbial communities in humans with and without Blepharitis,Lee SH,Immunology and Microbiology,2012,10.1167/iovs.12-9922,3,6
163,17923927,Microbiology of middle meatus in chronic rhinosinusitis,Araujo E,Brazilian Journal of Otorhinolaryngology,2007,,3,6
164,4778032,Metagenomic evidence for taxonomic dysbiosis and functional imbalance in the gastrointestinal tracts of children with cystic fibrosis,Ohad Manor,Scientific Reports,2016,10.1038/srep22493,4,6
165,28328981,Dysbiosis and compositional alterations with aging in the gut microbiota of patients with heart failure.,Kamo T.,PLOS ONE,2017,10.1371/journal.pone.0174099,5,6
166,4785528,Preliminary analysis of salivary microbiome and their potential roles in oral lichen planus,Kun Wang,Scientific Reports,2016,10.1038/srep22943,4,6
167,,Salivary Gluten Degradation and Oral Microbial Profiles in Healthy Individuals and Celiac Disease Patients.,Tian N.,Applied and Environmental Microbiology,2017,10.1128/AEM.03330-16,4,6
168,28178051,Urinary Microbiome and Cytokine Levels in Women With Interstitial Cystitis,Abernethy M.,Obstetrics & Gynecology,2017,10.1097/AOG.0000000000001892,4,6
169,27125213,Characterization of gut microbiota profiles in coronary artery disease patients using data mining analysis of terminal restriction fragment length polymorphism: gut microbiota could be a diagnostic marker of coronary artery disease,Emoto T.,Heart Vessels,2017,10.1007/s00380-016-0841-y,5,6
170,5080347,Alteration of Fecal Microbiota Profiles in Juvenile Idiopathic Arthritis. Associations with HLA-B27 Allele and Disease Status,Di Paola M,Frontiers in Microbiology,2016,10.3389/fmicb.2016.01703,4,6
171,25372390,Intestinal microbiota is different in women with preterm birth: results from terminal restriction fragment length polymorphism analysis.,Shiozaki A,PLOS ONE,2014,10.1371/journal.pone.0111374,5,6
172,4996828,The Salivary Microbiome in Polycystic Ovary Syndrome (PCOS) and Its Association with Disease-Related Parameters: A Pilot Study,Lindheim L,Frontiers in Microbiology,2016,10.3389/fmicb.2016.01270,4,6
173,21987382,Alterations in diversity of the oral microbiome in pediatric inflammatory bowel disease,Docktor M,Inflammatory Bowel Diseases,2012,10.1002/ibd.21874,4,6
174,4956651,Bacterial Diversity and Community Structure of Supragingival Plaques in Adults with Dental Health or Caries Revealed by 16S Pyrosequencing,Xiao C,Frontiers in Microbiology,2016,10.3389/fmicb.2016.01145,4,6
175,25814980,Subgingival microbiota in health compared to periodontitis and the influence of smoking,Camelo-Castillo A,Frontiers in Microbiology,2015,10.3389/fmicb.2015.00119,3,6
176,4872055,Mucosal adherent bacterial dysbiosis in patients with colorectal adenomas,Yingying Lu,Scientific Reports,2016,10.1038/srep26337,3,6
177,26220531,The airway microbiome in patients with severe asthma: associations with disease features and severity,Huang Y,Journal of Allergy and Clinical Immunology,2015,10.1016/j.jaci.2015.05.044,4,6
178,22974186,Alterations of microbiota in urine from women with interstitial cystitis,Siddiqui H,BMC Microbiology,2012,10.1186/1471-2180-12-205,3,6
179,1606115,Prenatal microbiological risk factors associated with preterm birth.,McDonald HM,British Journal of Obstetrics and Gynaecology,1992,,2,6
180,27490741,Gestational diabetes is associated with changes in placental microbiota and microbiome.,Bassols J,Pediatric Research,2016,10.1038/pr.2016.155,0,6
181,27820425,A pilot study to evaluate the oral microbiome and dental health in primary open-angle glaucoma.,Polla D,Journal of Glaucoma,2016,10.1097/IJG.0000000000000465,2,6
182,17554697,Microbial colonization of the upper gastrointestinal tract in patients with Barrett's esophagus,Macfarlane S,Clinical Infectious Diseases,2007,10.1086/518578,1,6
183,12399062,Megaesophagus microbiota: a qualitative and quantitative analysis,Pajecki D,Journal of Gastrointestinal Surgery,2002,,1,6
184,25865706,Molecular assessment of differences in the duodenal microbiome in subjects with irritable bowel syndrome,Giamarellos-Bourboulis E,Scand J Gastroenterol,2015,10.3109/00365521.2015.1027261,2,6
185,2889500,Comparison of faecal florae in patients with rheumatoid arthritis and controls.,Shinebaum R,British Journal of Rheumatology,1987,,2,6
186,27231166,Imbalance of fecal microbiota at newly diagnosed type 1 diabetes in chinese children,Qi CJ,Chinese Medical Journal,2016,10.4103/0366-6999.182841,5,6
188,,Increased archaea species and changes with therapy in gut microbiome of multiple sclerosis subjects.,Jhangi S,Neurology,2014,,2,6
189,17237597,Comparison of fecal microbiota and polyamine concentration in adult patients with intractable atopic dermatitis and healthy adults,Matsumoto M,Microbiology and Immunology,2007,,3,6
190,27171425,Colorectal Cancer and the Human Gut Microbiome: Reproducibility with Whole-Genome Shotgun Sequencing,Emily Vogtmann,PLOS ONE,2016,10.1371/journal.pone.0155362,3,6
191,26151645,Dysbiosis of upper respiratory tract microbiota in elderly pneumonia patients,de Steenhuijsen Piters WA,The ISME Journal,2016,10.1038/ismej.2015.99,4,6
192,26037240,The oral mucosal and salivary microbial community of Behcet’s syndrome and recurrent aphthous stomatitis,Seoudi N,Journal of Oral Microbiology,2015,10.3402/jom.v7.27150,3,6
193,28333758,Cutaneous burn injury modulates urinary antimicrobial peptide responses and the urinary microbiome,Plichta J,Critical Care Medicine,2017,10.1097/CCM.0000000000002304,3,6
194,28279152,The altered gut microbiota in adults with cystic fibrosis,Burke DG,BMC Microbiology,2017,10.1186/s12866-017-0968-8,4,6
195,28143484,Changes in the respiratory microbiome during acute exacerbations of idiopathic pulmonary fibrosis.,Molyneaux P,Respiratory Research,2017,10.1186/s12931-017-0511-3,5,6
196,28173873,Microbiomic differences in tumor and paired-normal tissue in head and neck squamous cell carcinomas,Wang H,Genome Medicine,2017,10.1186/s13073-017-0405-5,4,6
197,28143587,Gut microbiota dysbiosis contributes to the development of hypertension,Li J,Microbiome,2017,10.1186/s40168-016-0222-x,5,6
198,28008148,Dysbiosis of urinary microbiota is positively correlated with type 2 diabetes mellitus,Liu F,Oncotarget,2017,10.18632/oncotarget.14028,5,6
199,,Association of Fusobacterium nucleatum with immunity and molecular alterations in colorectal cancer,Nosho K,World journal of gastroenterology,2016,10.3748/wjg.v22.i2.557,2,6
200,,Periodontal and peri-implant microbiota in patients with healthy and inflamed periodontal and peri-implant tissues,Zhuang LF,Clinical oral implants research,2016,10.1111/clr.12508,5,6
201,5145865,Tissue-Associated Bacterial Alterations in Rectal Carcinoma Patients Revealed by 16S rRNA Community Profiling,Thomas A M,Frontiers in Cellular and Infection Microbiology,2016,10.3389/fcimb.2016.00179,4,6
202,,Tongue Coating and the Salivary Microbial Communities Vary in Children with Halitosis,Ren W,Scientific Reports,2016,10.1038/srep24481,4,6
203,27909689,Dysbiotic Bacterial and Fungal Communities Not Restricted to Clinically Affected Skin Sites in Dandruff,Soares R C,Frontiers in Cellular and Infection Microbiology,2016,10.3389/fcimb.2016.00157,4,6
204,27048741,Fecal bacterial microbiome diversity in chronic HIV-infected patients in China.,Sun Y,Emerging microbes & infections,2016,10.1038/emi.2016.25,3,6
205,23743597,Pyrosequencing analysis of oral microbiota in children with severe early childhood dental caries,Jiang W,Current Microbiology,2013,10.1007/s00284-013-0393-7,3,6
206,21739252,Molecular characterization of fecal microbiota in patients with viral diarrhea.,Ma C,Current Microbiology,2011,10.1007/s00284-011-9972-7,4,6
207,24177790,Contrasting the microbiomes from healthy volunteers and patients with chronic rhinosinusitis,Aurora R,JAMA Otolaryngology-Head & Neck Surgery,2013,10.1001/jamaoto.2013.5465,4,6
208,28005692,Nasal Airway Microbiota Profile and Severe Bronchiolitis in Infants: A Case-Control Study,Hasegawa K,The Pediatric infectious disease journal,2016,10.1097/INF.0000000000001500,4,6
209,23656607,"The microbiome of chronic rhinosinusitis: culture, molecular diagnostics and biofilm detection.",Boase S,BMC Infectious Diseases,2013,10.1186/1471-2334-13-210,4,6
211,28261173,"Gut microbial diversity assessment of Indian Type-2-Diabetics reveals alterations in Eubacteria, Archaea, and Eukaryotes",Bhute S,Frontiers in Microbiology,2017,10.3389/fmicb.2017.00214,5,6
212,28293234,Dysbiosis of gut microbiota associated with clinical parameters in polycistic ovary syndrome,Liu R,Frontiers in Microbiology,2017,10.3389/fmicb.2017.00324,4,6
213,28260061,Subgingival dysbiosis in smoker and non-smoker patients with chronic periodontitis,Coretti L,Molecular Medicine Reports,2017,10.3892/mmr.2017.6269,3,6
214,22760045,Oral and airway microbiota in HIV-infected pneumonia patients,Iwai S.,Journal of Clinical Microbiology,2012,10.1128/JCM.00278-12,3,6
215,26313691,"Metagenomic analysis of crohn's disease patients identifies changes in the virome and microbiome related to disease status and therapy, and detects potential interactions and biomarkers",Pérez-Brocal V.,Inflammatory Bowel Diseases,2015,10.1097/MIB.0000000000000549,3,6
216,,Mucosa-attached bacterial community in Crohn's Disease coheres with the Clinical Disease Activity Index,Schäffler H,Environmental Microbiology Reports,2016,10.1111/1758-2229.12411,4,6
217,,The oral microflora in obesity and type-2 diabetes,Shillitoe E,Journal of oral microbiology,2012,,4,6
218,24130822,Fecal microbiota and metabolome of children with autism and pervasive developmental disorder not otherwise specified,De Angelis M,PLOS ONE,2013,10.1371/journal.pone.0076993,4,6
219,28045919,Alterations in gut microbiome composition and barrier function are associated with reproductive and metabolic defects in women with polycystic ovary syndrome (PCOS): a pilot study.,Lindheim L,PLOS ONE,2017,10.1371/journal.pone.0168390,4,6
220,28094305,Association of the intestinal microbiome with the development of neovascular age-related macular degeneration.,Zinkernagel M,Scientific Reports,2017,10.1038/srep40826,5,6
221,28326153,Salivary microbiota in individuals with different levels of caries experience,Belstrom D,Journal of Oral microbiology,2017,10.1080/20002297.2016.1270614,4,6
222,27390077,Dialister as a microbial marker of disease activity in Spondyloarthritis,Tito R,Arthritis & Rheumatology,2017,10.1002/art.39802,3,6
223,28320468,Subgingival microbiota dysbiosis in systemic lupus erythematosus: association with periodontal status.,Dias Correa J,Microbiome,2017,10.1186/s40168-017-0252-z,5,6
224,26992426,Tumour-associated and non-tumour-associated microbiota in colorectal cancer.,Flemer B,Gut,2017,10.1136/gutjnl-2015-309595,5,6
225,26597155,Dysbiosis of gut microbiota with reduced tremethylamine-N-oxide level in patients with large-artery Atherosclerotic stroke or transient ischemic attack.,Yin J,Journal of the American Heart Association,2015,10.1161/JAHA.115.002699,5,6
226,26214836,The oral and gut microbiome are pertubed in rheumatoid arhtritis and partly normalized after treatment,Xuan Zhang,Nature medicine,2015,,3,6
227,23300163,Quantitation and Composition of Cutaneous Microbiota in Diabetic and Nondiabetic Men,Henry Redel,Journal of Infectious Diseases,2013,10.1093/infdis/jit005,3,6
228,,Dysbiosis of urinary microbiota is positively correlated with Type 2 diabetes mellitus,Fengping Liu,Oncotarget,2016,10.18632/oncotarget.14028,3,6
229,,Alterations of the gut microbiome in Chinese patients with systemic lupus erythematosus,Zhixing He,Gut Pathogens,2016,10.1186/s13099-016-0146-9,2,6
230,,Altered microbiota associated with abnormal humoral immune responses to commensal organisms in enthesitis-related arthritis,Matthew l Stoll,Arthritis Research & Therapy,2014,10.1186/s13075-014-0486-0,1,6
232,,Gut microbiota in Parkinson Disease in a northern German cohort,Hopfner F,Brain Research,2017,10.1016/j.brainres.2017.04.019,5,6
233,28449715,Functional implications of microbial and viral gut metagenome changes in early stage L-DOPA-naïve Parkinson's disease patients.,Bedarf JR,Genome Medicine,2017,10.1186/s13073-017-0428-y,5,6
234,28501098,Alterations in intestinal microbiota relate to intestinal failure-associated liver disease and central line infections,Wang P,Journal of Pediatric Surgery,2017,10.1016/j.jpedsurg.2017.04.020,5,6
236,28457228,Differences in gut microbial composition correlate with regional brain volumes in irritable bowel syndrome,Labus J,Microbiome,2017,10.1186/s40168-017-0260-z,5,6
237,26942354,Alterations in the Genital Microbiota in Women With Spinal Cord Injury,Christiane V.G. Pires,Original Research,2016,10.1097/AOG.0000000000001257,3,6
238,5196032,The Denture-Associated Oral Microbiome in Health and Stomatitis,Shi B,mSphere,2016,10.1128/mSphere.00215-16,4,6
239,24170601,The altered landscape of the human skin microbiome in patients with primary immunodeficiencies,Julia Oh,Genome Research,2013,10.1101/gr.159467.113,2,6
240,18033838,Characterization of skin microbiota in patients with atopic dermatitis and in normal subjects using 16S rRNA gene-based comprehensive analysis,Itaru Dekoi,Journal of Medical Microbiology,2007,10.1099/jmm.0.47268-0,3,6
242,26349657,Cervicovaginal microbiome dysbiosis is associated with proteome changes related to alterations of the cervicovaginal mucosal barrier,Borgdorff H,Mucosal Immunology,2016,10.1038/mi.2015.86,3,6
244,23409050,Alterations in the colonic microbiota in response to osmotic diarrhea,Gorkiewicz G,PLOS ONE,2013,10.1371/journal.pone.0055817,4,6
245,,Characterization of bacterial biota in the distal esophagus of Japanese patients with reflux esophagitis and Barrett's esophagus,Ning Liu,BMC Infectious Diseases,2013,10.1186/1471-2334-13-130,4,6
246,23339708,Microarray analysis reveals marked intestinal microbiota aberrancy in infants having eczema compared to healthy children in at-risk for atopic disease,Lotta Nylund,BioMed Central Microbiology,2013,10.1186/1471-2180-13-12,5,6
247,,Correlation between nasal microbiome composition and remote purulent skin and soft tissue infections.,Ryan C. Johnson,Infection and Immunity,2015,10.1128/IAI.02664-14,4,6
248,27742762,Human oral microbiome and prospective risk for pancreatic cancer: a population-based nested case-control study,Fan X,Gut,2018,10.1136/gutjnl-2016-312580,5,6
249,18725970,"Microbial prevalence, diversity and abundance in amniotic fluid during preterm labor: a molecular and culture-based investigation.",Daniel B. Digiulio,PLOS ONE,2008,10.1371/journal.pone.0003056,2,6
250,25856344,Siblings of patients with Crohn's disease exhibit a biologically relevant dysbiosis in mucosal microbial metacommunities,Charlotte Hedin,Gut,2015,10.1136/gutjnl-2014-308896,4,6
252,27884207,Potential contribution of the uterine microbiome in the development of endometrial cancer.,Marina R. S. Walther-António,Genome Medicine,2016,10.1186/s13073-016-0368-y,2,6
253,26297584,The oral microbiome in human immunodeficiency virus (HIV)-positive individuals,James O. Kistler,Journal of Medical Microbiology,2015,10.1099/jmm.0.000128,4,6
254,27453732,Dysfunctional Gut Microbiota and Relative Co-Abundance Network in Infantile Eczema,Heping Wang,Gut Pathogens,2016,,4,6
256,24398881,Altered intestinal microbiota and blood T cell phenotype are shared by patients with Crohn's disease and their unaffected siblings,Charlotte Hedin,Gut,2014,10.1136/gutjnl-2013-306226,4,6
257,26917613,Lung microbiome dynamics in COPD exacerbations,Zhang Wang,The European Respiratory Journal,2016,10.1183/13993003.01406-2015,2,6
258,,Detection of diverse bacterial signatures in atherosclerotic lesions of patients with coronary heart disease,Stephan J. Ott,Circulation,2006,10.1161/CIRCULATIONAHA.105.579979,5,6
259,24013298,Dysbiosis of salivary microbiota in inflammatory bowel disease and its association with oral immunological biomarkers,Heba S. Said,DNA Research,2014,10.1093/dnares/dst037,1,6
260,21364979,"Analysis of the lung microbiome in the ""healthy"" smoker and in COPD",Erb-Downward JR,PLOS ONE,2011,10.1371/journal.pone.0016384,3,6
261,22310478,Temporal shifts in the skin microbiome associated with disease flares and treatment in children with atopic dermatitis,Heidi H. Kong,Genome Research,2012,10.1101/gr.131029.111,2,6
262,27777091,Clinical metagenomic analysis of bacterial communities in breast abscesses of granulomatous mastitis,Hai-jing Yu,International Journal of Infectious Diseases,2016,10.1016/j.ijid.2016.10.015,3,6
264,26758568,Microbial community profiling shows dysbiosis in the lesional skin of Vitiligo subjects,Ganju P,Scientific Reports,2016,10.1038/srep18761,4,6
265,25417597,Brief Report: Intestinal Dysbiosis in Ankylosing Spondylitis,Mary-Ellen Costello,Arthritis and Rheumatology,2015,10.1002/art.38967,1,6
266,4840970,An expansion of rare lineage intestinal microbes characterizes rheumatoid arthritis,Jun Chen,Genome Medicine,2016,10.1186/s13073-016-0299-7,2,6
267,2566126,Acne is Not Associated with Yet-Uncultured Bacteria,M. Bek-Thomsen,Journal of Clinical Microbiology,2008,10.1128/JCM.00799-08,1,6
269,20052417,Disordered microbial communities in asthmatic airways,Hilty M,PLOS ONE,2010,10.1371/journal.pone.0008578,3,6
270,27056397,Acute Appendicitis in Children Is Associated With a Local Expansion of Fusobacteria,Matthew B. Rogers,Clinical Infectious Diseases,2016,10.1093/cid/ciw208,2,6
271,28000755,The balance of metagenomic elements shapes the skin microbiome in acne and health,Barnard E,Scientific Reports,2016,10.1038/srep39491,5,6
273,22301614,Qualitative and semiquantitative analysis of Lactobacillus species in the vaginas of healthy fertile and postmenopausal Chinese women,Rui Zhang,Journal of Medical Microbiology,2012,10.1099/jmm.0.038687-0,4,6
274,23600758,"Oesophageal bacterial biofilm changes in gastro-oesophageal reflux disease, Barrett's and oesophageal carcinoma: association or causality",K.L. Blackett,Alimentary Pharmacology and Therapeutics,2013,10.1111/apt.12317,3,6
275,25073603,Structural changes in the gut microbiome of constipated patients,Lixin Zhu,Physiological genomics,2014,10.1152/physiolgenomics.00082.2014,5,6
276,27827438,Changes in duodenal tissue-associated microbiota following hookworm infection and consecutive gluten challenges in humans with coeliac disease,Giacomin P,Scientific Reports,2016,10.1038/srep36797,3,6
277,25435420,Behçet's syndrome patients exhibit specific microbiome signature,Clarissa Consolandi,Autoimmunity Reviews,2015,10.1016/j.autrev.2014.11.009,4,6
278,,The human laryngeal microbiome: effects of cigarette smoke and reflux,Marie E. Jetté,Scientific Reports,2016,10.1038/srep35882,3,6
279,25547975,The mucosa-associated microbiota of PSC patients is characterized by low diversity and low abundance of uncultured Clostridiales II,Noortje G. Rossen,Journal of Crohn's and Colitis,2015,10.1093/ecco-jcc/jju023,4,6
280,27879060,Evidence of Microbiota Dysbiosis in Chronic Rhinosinusitis,Michael Hoggard,International forum of allergy & rhinology,2016,,5,6
281,27576124,Bacterial microbiota of the upper respiratory tract and childhood asthma,Martin Depner,The Journal of Allergy and Clinical Immunology,2017,10.1016/j.jaci.2016.05.050,2,6
282,25819063,Sinus microbiota varies among chronic rhinosinusitis phenotypes and predicts surgical outcome,Vijay R. Ramakrishnan,Journal of Allergy and Clinical Immunology,2015,10.1016/j.jaci.2015.02.008,2,6
283,27207975,Primary sclerosing cholangitis is characterised by intestinal dysbiosis independent from IBD,João Sabino,Gut,2016,10.1136/gutjnl-2015-311004,4,6
284,12642841,Differences in fecal microflora between patients with atopic dermatitis and healthy control subjects,Shinichi Watanabe,Journal of Allergy and Clinical Immunology,2003,,3,6
286,26887816,The gut microbial profile in patients with primary sclerosing cholangitis is distinct from patients with ulcerative colitis without biliary disease and healthy controls,Martin Kummen,Gut,2017,10.1136/gutjnl-2015-310500,4,6
288,27196590,The gut-adherent microbiota of PSC-IBD is distinct to that of IBD,Mohammed Nabil Quraishi,Gut,2017,10.1136/gutjnl-2016-311915,2,6
289,26804920,Detecting microbial dysbiosis associated with pediatric Crohn disease despite the high variability of the gut microbiota,Feng Wang,Cell Reports,2016,10.1016/j.celrep.2015.12.088,2,6
290,28324102,Duodenal mucosa of patients with type 1 diabetes shows distinctive inflammatory profile and microbiota,Pellegrini S,The Journal of Clinical Endocrinology & Metabolism,2017,10.1210/jc.2016-3222,3,6
291,25540188,Mucosal microbiome in patients with recurrent aphtous stomatitis.,Hijazi K,Journal of Dental Research,2015,10.1177/0022034514565458,5,6
292,24887397,Changes in abundance of oral microbiota associated with oral cancer,Schmidt B,PLOS ONE,2014,10.1371/journal.pone.0098741,4,6
293,25986361,Fecal microbiota in pediatric inflammatory bowel disease and its relation to inflammation,Kolho K,The American Journal of Gastroenterology,2015,10.1038/ajg.2015.149,4,6
294,25403367,Altered duodenal microbiota composition in celiac disease patients suffering from persistent symptoms on a long-term gluten-free diet,Wacklin P,The American Journal of Gastroenterology,2014,10.1038/ajg.2014.355,5,6
295,25319745,Decreased bacterial diversity characterizes an altered gut microbiota in psoriatic arthritis and resembles dysbiosis of inflammatory bowel disease.,Scher J,Arthritis Rheumatol,2015,10.1002/art.38892,4,6
296,26424567,Early infancy microbial and metabolic alterations affect risk of childhood asthma,Marie-Claire Arrieta,Science translational medicine,2015,10.1126/scitranslmed.aab2271,3,6
297,27388563,The microbiota in bronchoalveolar lavage from young children with chronic lung disease includes taxa present in both the oropharynx and nasopharynx,R. L. Marsh,Microbiome,2016,10.1186/s40168-016-0182-1,5,6
298,24657864,Salivary microbiota and metabolome associated with celiac disease,Francavilla R,Applied and Environmental Microbiology,2014,10.1128/AEM.00362-14,4,6
299,21970810,"Duodenal and faecal microbiota of celiac children: molecular, phenotype and metabolome characterization.",Di Cagno R,BMC Microbiology,2011,10.1186/1471-2180-11-219,4,6
300,25133738,Elevated levels of circulating DNA in cardiovascular disease patients: metagenomic profiling of microbiome in the circulation.,Dinakaran V,PLOS ONE,2014,10.1371/journal.pone.0105221,5,6
301,21050115,Comparative metagenomic study of alterations to the intestinal microbiota and risk o nosocomial clostridium difficile-associated disease,Manges A,The Journal of Infectious Diseases,2010,10.1086/657319,5,6
302,26593441,Characterizing the fecal microbiota of infants with botulism,Shirey T,Microbiome,2015,10.1186/s40168-015-0119-0,4,6
303,25184687,The role of bacteria in the pathogenesis and progression of idiopathic pulmonary fibrosis.,Molyneaux P,American Journal of Respiratory and Critical Care Medicine,2014,10.1164/rccm.201403-0541OC,3,6
304,4967335,Altered gut microbiota in Rett syndrome,Francesco Strati,Microbiome,2016,10.1186/s40168-016-0185-y,4,6
305,21194740,Airway microbiota and bronchial hyperresponsiveness in patients with suboptimally controlled asthma,Huang Y,Journal of Allergy and Clinical Immunology,2011,10.1016/j.jaci.2010.10.048,5,6
306,22152152,Preliminary characterization of the oral microbiota of Chinese adults with and without gingivitis,Shi Huang,BMC Oral Health,2011,10.1186/1472-6831-11-33,3,6
307,23483307,Analysis of fecal lactobacillus community structure in patients with early rheumatoid arthritis,Liu X,Current Microbiology,2013,10.1007/s00284-013-0338-1,4,6
308,19235912,Molecular diversity of Escherichia coli in the human gut: new ecological evidence supporting the role of adherent-invasive E. coli (AIEC) in Crohn's Disease.,Martinez-Medina M,Inflammatory Bowel Diseases,2009,10.1002/ibd.20860,3,6
309,19394334,Inflammation and intestinal metaplasia of the distal esophagus are associated with alterations in the microbiome,Liying Yang,Gastroenterology,2009,10.1053/j.gastro.2009.04.046,2,6
310,26930255,Analysis of gut microbiome reveals significant differences between men with chronic prostatitis/Chronic pelvic pain syndrome and controls,Daniel A. Shoskes,The journal of urology,2016,10.1016/j.juro.2016.02.2959,4,6
311,27000242,Gut microbiota composition and relapse risk in pediatric MS: a pilot study,Tremlett H.,Journal of Neurological Sciences,2016,10.1016/j.jns.2016.02.042,5,6
312,5187778,Salivary microbiome diversity in caries-free and caries-affected children,Shan Jiang,International journal of molecular sciences,2016,10.3390/ijms17121978,5,6
313,27542127,Gut Microbial Diversity Is Reduced in Smokers with Crohn's Disease,Opstelten JL.,Inflammatory Bowel Diseases,2016,10.1097/MIB.0000000000000875,5,6
314,27115405,Evidence for a distinct gut microbiome in kidney stone formers compared to non-stone formers,Stern JM,Urolithiasis,2016,10.1007/s00240-016-0882-9,3,6
315,28143990,"Microbiota Composition, HSP70 and Caspase-3 Expression as Marker for Colorectal Cancer Patients in Aceh, Indonesia",F. Yusuf,Acta Medica Indonesiana - The Indonesian Journal of Internal Medicine,2016,,5,6
316,16601353,Distinct pattern of commensal gut microbiota in toddlers with eczema,Mah KW,International Archives of Allergy Immunology,2006,10.1159/000092555,2,6
317,26034601,Inflammation-associated microbiota in pediatric eosinophilic esophagitis,Benitez AJ,Microbiome,2015,10.1186/s40168-015-0085-6,5,6
318,,A reduction in the butyrate producing species Roseburia spp. and Faecalibacterium prausnitzii is associated with chronic kidney disease progression,Shuanghong Jiang,Antonie van Leeuwenhoek (2016),2016,,5,6
319,17390173,Larger amounts of nitrite and nitrate-reducing bacteria in megaesophagus of Chagas' disease than in controls.,Pajecki D,Journal of Gastrointestinal Surgery,2007,10.1007/s11605-006-0066-y,4,6
320,25398868,Dysbiosis and alterations in predicted funtions of the subgingival microbiome in chronic periodontitis,Mariana E. Kirst,Applied and Environmental Microbiology,2015,10.1128/AEM.02712-14,2,6
321,22102318,Smokers with active Crohn's disease have a clinically relevant dysbiosis of the gastrointestinal microbiota.,Jane L. Benjamin,Inflammatory Bowel Diseases,2012,10.1002/ibd.21864,3,6
322,26682545,Gut Dysbiosis in Patients with Anorexia Nervosa.,Chihiro Morita,PLOS ONE,2015,10.1371/journal.pone.0145274,2,6
323,25239901,Microbiota in the Throat and Risk Factors for Laryngeal Carcinoma,Hongli Gong,Applied and Environmental Microbiology,2014,,4,6
324,26971052,"Similar depletion of protective Faecalibacterium prausnitzii in psoriasis and inflammatory bowel disease, but not in hidradenitis suppurativa",Eppinga H.,Journal of Crohn's and Colitis,2016,10.1093/ecco-jcc/jjw070,5,6
325,23265859,Asthma-associated differences in microbial composition of induced sputum,Marri PR,Journal of Allergy and Clinical Immunology,2013,10.1016/j.jaci.2012.11.013,5,6
326,26322033,Characterization of the gut microbiota of Kawasaki disease patients by metagenomic analysis,Kinumaki A,Frontiers in Microbiology,2015,10.3389/fmicb.2015.00824,3,6
327,20172013,Drastic changes in fecal and mucosa-associated microbiota in adult patients with short bowel syndrome,Joly F.,Biochimie,2010,10.1016/j.biochi.2010.02.015,4,6
328,25984952,Microbiome profiles in periodontitis in relation to host and disease characteristics,Hong B.,PLOS ONE,2015,10.1371/journal.pone.0127077,5,6
329,24611950,Decreased diversity of nasal microbiota and their secreted extracellular vesicles in patients with chronic rhinosinusitis based on a metagenomic analysis,Choi EB,Allergy,2014,10.1111/all.12374,5,6
330,22153774,Low diversity of the gut microbiota in infants with atopic eczema,Abrahamsson TR,Journal of Allergy and Clinical Immunology,2012,10.1016/j.jaci.2011.10.025,5,6
331,25028608,Characterization of the nasopharyngeal microbiota in health and during rhinovirus challenge,Allen EK,Microbiome,2014,10.1186/2049-2618-2-22,4,6
332,23303375,The subgingival microbiome in health and periodontitis and its relationship with community biomass and inflammation,Abusleme L,The ISME Journal,2013,10.1038/ismej.2012.174,5,6
333,24525127,Characterization of the intestinal microbiome of Hirschsprung's disease with and without enterocolitis.,Yan Z.,Biochem Biophys Res Commun.,2014,10.1016/j.bbrc.2014.01.104,3,6
334,26351391,Altered fecal microbiota in paediatric inflammatory bowel disease,Maukonen J,Journal of Crohn's and Colitis,2015,10.1093/ecco-jcc/jjv147,3,6
335,11781279,Mucosal flora in inflammatory bowel disease,Alexander Swidsinski,Gastroenterology,2002,,3,6
336,23055155,Characterization of gut microbiomes in nonalcoholic steatohepatitis (NASH) patients: a connection between endogenous alcohol and NASH,Zhu L,Hepatology,2013,10.1002/hep.26093,4,6
337,5334648,Altered intestinal microbiota in patients with chronic pancreatitis: implications in diabetes and metabolic abnormalities,Jandhyala S,Scientific Reports,2017,10.1038/srep43640,5,6
338,5043180,Dysbiosis of small intestinal microbiota in liver cirrhosis and its association with etiology,Chen Y,Scientific Reports,2016,10.1038/srep34055,5,6
339,,Altered fecal microbiota correlates with liver biochemistry in nonobese patients with non-alcoholic fatty liver disease.,Wang B,Scientific Reports,2016,,5,6
340,,Alteration of the serum microbiome composition in cirrhotic patients with ascites,Santiago A,Scientific Reports,2016,,5,6
341,26606973,Decreased diversity of the oral microbiota of patients with hepatitis B virus-induced chronic liver disease: a pilot project,Ling Z,Scientific Reports,2015,10.1038/srep17098,5,6
342,25644696,Dysbiosis gut microbiota associated with inflammation and impaired mucosal immune function in intestine of humans with non-alcoholic fatty liver disease,Jiang W,Scientific Reports,2015,10.1038/srep08096,5,6
343,25658710,Intestinal lesions are associated with altered intestinal microbiome and are more frequent in children and young adults with cystic fibrosis and cirrhosis,Flass T,PLOS ONE,2015,10.1371/journal.pone.0116967,5,6
344,3997405,Culture-independent evaluation of the appendix and rectum microbiomes in children with and without appendicitis,Jackson H,PLOS ONE,2014,10.1371/journal.pone.0095414,3,6
345,23335968,Fusobacterium is associated with colorectal adenomas,McCoy A,PLOS ONE,2013,10.1371/journal.pone.0053653,4,6
346,3329531,Molecular-phylogenetic characterization of the microbiota in ulcerated and non-ulcerated regions in the patients with Crohn's Disease,Li Q,PLOS ONE,2012,10.1371/journal.pone.0034939,5,6
347,4957795,"Biliary microbiota, gallstone disease and infection with opisthorchis felineus",Saltykova I,PLoS Neglected Tropical Diseases,2016,10.1371/journal.pntd.0004809,5,6
348,26587342,Characterization of the salivary microbiome in patients with pancreatic cancer,Torres P,PeerJ,2015,10.7717/peerj.1373,4,6
349,3995845,The cirrhosis dysbiosis ratio defines changes in the gut microbiome associated with cirrhosis and its complications,Bajaj J,Journal of Hepatology,2014,10.1016/j.jhep.2013.12.019,5,6
350,23333527,Modulation of the fecal bile acid profile by gut microbiota in cirrhosis,Kakiyama G,Journal of Hepatology,2013,10.1016/j.jhep.2013.01.003,5,6
351,23401313,Intetinal microbiota in patients with nonalcoholic fatty liver disease,Mouzaki M,Hepatology,2013,10.1002/hep.26319,4,6
352,28120843,Helicobacter pylori infection is associated with an altered gastric microbiota in children,Brawner KM,Mucosal Immunology,2017,10.1038/mi.2016.131,5,6
353,27243236,"Alterations and correlations of the gut microbiome, metabolism and immunity in patients with primary biliary cirrhosis",Lv L,Environmental Microbiology,2016,10.1111/1462-2920.13401,5,6
354,27639192,Changes in blood microbiota profiles associated with liver fibrosis in obese patients: a pilot analysis,Lelouvier B,Hepatology,2016,10.1002/hep.28829,5,6
355,23386831,Alterations in fecal Lactobacillus and Bifidobacterium species in type 2 diabetic patients in Southern China population,Lê K,Frontiers in Physiology,2013,10.3389/fphys.2012.00496,4,6
356,23216550,Decreased abundance of Faecalibacterium prausnitzii in the gut microbiota of Crohn's disease,Fujimoto T,Journal of Gastroenterology and Hepatology,2013,10.1111/jgh.12073,3,6
357,22821944,Colonic mucosal microbiome differs from stool microbiome in cirrhosis and hepatic encephalopathy and is linked to cognition and inflammation,Bajaj S,American Journal of Physiology-Gastrointestinal and Liver Physiology,2012,10.1152/ajpgi.00152.2012,5,6
358,22241860,Colonic microbiome is altered in alcoholism,Mutlu E,American Journal of Physiology-Gastrointestinal and Liver Physiology,2012,10.1152/ajpgi.00380.2011,5,6
359,5118858,"Dysbiosis of fecal microbiota and high frequency of Citrobacter, Klebsiella spp., and Actinomycetes in patients with irritable bowel syndrome and gastroenteritis",Ganji L,Gastroenterology and Hepatology,2016,,4,6
360,20740058,Molecular characterization of mucosal adherent bacteria and associations with colorectal adenomas,Shen X,Gut microbes,2010,10.4161/gmic.1.3.12360,4,6
361,22180058,An irritable bowel syndrome subtype defined by species-specific alterations in faecal microbiota,Jeffery I,Gut,2012,10.1136/gutjnl-2011-301501,5,6
362,24021287,A decrease of the butyrate-producing species Roseburia hominis and Faecalibacterium prausnitzii defines dysbiosis in patients with ulcerative colitis,Machiels K,Gut,2014,10.1136/gutjnl-2013-304833,5,6
363,26408641,Metagenomic analysis of faecal microbiome as a tool towards targeted non-invasive biomarkers for colorectal cancer,Yu J,Gut,2015,10.1136/gutjnl-2015-309800,4,6
364,28213609,Gut microbial profile is altered in primary biliary cholangitis and partially restored after UDCA therapy,Tang R,Gut,2017,10.1136/gutjnl-2016-313332,5,6
365,27203081,Bile acids and dysbiosis in non-alcoholic fatty liver disease,Mouzaki M,PLOS ONE,2016,10.1371/journal.pone.0151829,5,6
366,25939040,Metagenomic analysis of microbiome in colon tissue from subjects with inflammatory bowel diseases reveals interplay of viruses and bacteria,Wang W,Inflammatory Bowel Diseases,2015,10.1097/MIB.0000000000000344,2,6
367,26261163,Alterations of mucosal microbiota in the colon of patients with inflammatory bowel disease revealed by real time polymerase chain reaction amplification of 16S ribosomal ribonucleic acid.,Kabeerdoss J,Indian J Med Res,2015,10.4103/0971-5916.162091,4,6
368,18401439,Molecular analysis of the gut microbiota of identical twins with Crohn's disease,Dicksved J,The ISME Journal,2008,10.1038/ismej.2008.37,3,6
369,28507066,Microbiomes of site-specific dental plaques from children with different caries status,Richards V,Infection and Immunity,2017,10.1128/IAI.00106-17,4,6
370,28823367,Gut microbiota dysbiosis in patients with non-alcoholic fatty liver disease,Shen F,Hepatobiliary Pancreat Dis Int,2017,10.1016/S1499-3872(17)60019-5,1,6
371,28536926,Structural changes of gut microbiota in Parkinson's disease and its correlation with clinical features.,Li W,Science China Life Sciences,2017,10.1007/s11427-016-9001-4,1,6
372,26460205,"Relationship Between Microbiota of the Colonic Mucosa vs Feces and Symptoms, Colonic Transit, and Methane Production in Female Patients With Chronic Constipation.",Parthasarathy,Gastroenterology,2016,10.1053/j.gastro.2015.10.005,5,6
373,23274889,Fecal microbiota composition differs between children with β-cell autoimmunity and those without.,de Goffau,Diabetes,2013,10.2337/db12-0526,4,6
374,28429209,Analysis of gut microbiota in patients with Parkinson's Disease,Petrov V,Bulletin of Experimental Biology and Medicine,2017,10.1007/s10517-017-3700-7,3,6
376,29065369,The fecal microbiome of ALS patients,Brenner D,Neurobiology of Aging,2018,10.1016/j.neurobiolaging.2017.09.023,5,6
377,28903182,Molecular estimation of alteration in intestinal microbial composition in Hashimoto's thyroiditis patients,Ishaq H,Biomedicine & Pharmacotherapy,2017,10.1016/j.biopha.2017.08.101,5,6
379,26099252,"Alterations of Bacteroides sp., Neisseria sp., Actinomyces sp., and Streptococcus sp. populations in the oropharyngeal microbiome are associated with liver cirrhosis and pneumonia.",Lu H,BMC Infectious Diseases,2015,10.1186/s12879-015-0977-x,5,6
380,16000463,Spatial organization and composition of the mucosal flora in patients with inflammatory bowel disease,Swidsinski A,Journal of Clinical Microbiology,2005,10.1128/JCM.43.7.3380-3389.2005,2,6
381,23351032,Clostridium leptum group bacteria abundance and diversity in the fecal microbiota of patients with inflammatory bowel disease: a case-control study in India,Kabeerdoss J,BMC Gastroenterology,2013,10.1186/1471-230X-13-20,4,6
382,28750650,Quantitative metagenomics reveals unique gut microbiome biomarkers in ankylosing spondylitis.,Wen C,Genome Biology,2017,10.1186/s13059-017-1271-6,4,6
383,27625705,Gut microbiome alterations in patients with stage 4 hepatitis C,Aly A,Gut Pathogens,2016,10.1186/s13099-016-0124-2,4,6
384,29018189,The gut microbiome in atherosclerotic cardiovascular disease,Jie Z,Nature communications,2017,10.1038/s41467-017-00900-1,4,6
385,28979798,Metagenomic and metatranscriptomic analysis of saliva reveals disease-associated microbiota in patients with periodontitis and dental caries,Belstrom D,npj Biofilms and Microbiomes,2017,10.1038/s41522-017-0031-4,4,6
386,28588309,Alteration of the gut microbiota in Chinese population with chronic kidney disease,Jiang S,Scientific Reports,2017,10.1038/s41598-017-02989-2,5,6
387,22484797,Comparison of the gut microbe profiles and numbers between patients with liver cirrhosis and healthy individuals.,Liu J,Current Microbiology,2012,10.1007/s00284-012-0105-8,2,6
388,15307874,Bacterial DNA within granulomas of patients with Crohn's Disease - Dectection by Laser Capture Microdissection and PCR,Ryan P,American Journal of Gastroenterology,2004,10.1111/j.1572-0241.2004.40103.x,2,6
389,22846404,Terminal Restriction Fragment length Polymorphism Analysis of the Gut Microbiota Profiles of Pediatric Patients with Inflammatory Bowel Disease,Aomatsu T,Digestion,2012,10.1159/000339777,4,6
390,27824645,A single species of Clostridium subcluster XIVa decreased in ulcerative colitits patients,Takeshita K,Inflammatory Bowel Diseases,2016,10.1097/MIB.0000000000000972,4,6
391,,Gut microbiota alterations in Alzheimer's Disease,Vogt N,Scientific Reports,2017,,5,6
392,28761692,Alteration in the gastric microbiota and its restoration by probiotics in patients with functional dyspepsia,Igarashi M,BMJ Open Gastroenterology,2017,10.1136/bmjgast-2017-000144,5,6
393,22315951,Functional dysbiosis within the gut microbiota of patients with constipated-irritable bowel syndrome,Chassard C,Alimentary Pharmacology and Therapeutics,2012,10.1111/j.1365-2036.2012.05007.x,4,6
394,22251469,Changes of gut bacteria and immune parameters in liver transplant recipients,Wu Z,Hepatobiliary Pancreat Dis Int,2012,,4,6
395,26600078,The severity of Nonalcoholic Fatty Liver Disease is associated with gut dysbiosis and shift in the metabolic function of the gut microbiota,Boursier J,Hepatology,2016,10.1002/hep.28356,5,6
396,27028797,Gut microbiota profiling of pediatric nonalcoholic fatty liver disease and obese patients unveiled by an integrated meta-omics-based approach,Del Chierico F,Hepatology,2017,10.1002/hep.28572,4,6
397,26336637,"Composition, taxonomy and functional diversity of the oropharynx microbiome in individuals with schizophrenia and controls",Castro-Nallar E,PeerJ,2015,10.7717/peerj.1140,4,6
398,5155554,Impact of cystic fibrosis disease on archaea and bacteria composition of gut microbiota,Francesco Miragoli,FEMS Microbiology Ecology,2017,10.1093/femsec/fiw230,4,6
399,23757279,Structural alterations of faecal and mucosa-associated bacterial communities in irritable bowel syndrome,Durban A,Environmental Microbiology Reports,2012,10.1111/j.1758-2229.2012.00327.x,3,6
400,28884091,Alterations of the gut microbiome in hypertension,Yan Q,Frontiers in Cellular and Infection Microbiology,2017,10.3389/fcimb.2017.00381,5,6
401,28587343,Alteration of stomach microbiota compositions in the progression of gastritis induces nitric oxide in gastric cell,Dong T,Experimental and Therapeutic Medicine,2017,10.3892/etm.2017.4373,3,6
404,24315776,Increased Gardnerella vaginalis urogenital biofilm in inflammatory bowel disease,Schilling J,Journal of Crohn's and Colitis,2014,10.1016/j.crohns.2013.11.015.,5,6
405,23617246,Lactobacillus species isolated from vaginal secretions of healthy and bacterial vaginosis-intermediate Mexican women: a prospective study,Martinez-Pena M,BMC Infectious Disease,2013,10.1186/1471-2334-13-189.,5,6
406,26385347,Vaginal microbiome and metabolome highlight specific signatures of bacterial vaginosis,Vitali B,European Journal of Clinical Microbiology & Infectious Diseases,2015,10.1007/s10096-015-2490-y.,5,6
407,21287345,Diversity of cervicovaginal microbiota associated with female lower genital tract infections,Ling Z,Microbial Ecology,2011,10.1007/s00248-011-9813-z.,4,6
408,5460423,Prevalence and distribution of Gardnerella vaginalis subgroups in women with and without bacterial vaginosis,Janulaitiene M,BMC Infectious Diseases,2017,10.1186/s12879-017-2501-y.,5,6
409,27107961,Molecular assessment of bacterial vaginosis by Lactobacillus abundance and species diversity,Dols J,BMC Infectious Diseases,2016,10.1186/s12879-016-1513-3.,5,6
410,25169082,Association between cigarette smoking and the vaginal microbiota: a pilot study,Brotman R,BMC Infectious Diseases,2014,10.1186/1471-2334-14-471.,5,6
411,24484853,The composition and stability of the vaginal microbiota of normal pregnant women is different from that of non-pregnant women,Romero R,Microbiome,2014,10.1186/2049-2618-2-4.,5,6
412,28098358,Subclinical alteration of the cervical-vaginal microbiome in women with idiopathic infertility,Campisciano G,Journal of Cellular Physiology,2017,10.1002/jcp.25806.,5,6
413,27790434,Diversity of vaginal lactic acid bacterial microbiota in 15 Algerian pregnant women with and without bacterial vaginosis by using culture independent method,Alioua S,Journal of Clinical and Diagnostic Research,2016,10.7860/JCDR/2016/21621.8546,4,6
414,23482642,Unique vaginal microbiota that includes an unknown Mycoplasma-like organism is associated with Trichomonas vaginalis infection,Martin D,The Journal of Infectious Diseases,2013,10.1093/infdis/jit100.,5,6
415,27521363,The cervicovaginal microbiota and its associations with human papillomavirus detection in HIV-infected and HIV-uninfected women,Reimers L,The Journal of Infectious Diseases,2016,10.1093/infdis/jiw374,5,6
416,29501802,Alteration of the fecal microbiota in Chinese patients with Parkinson's disease,Qian Y,"Brain, Behavior, and Immunity",2018,10.1016/j.bbi.2018.02.016,4,6
417,29322681,Gut microbiome contributes to impairment of immunity in pulmonary tuberculosis patients by alteration of butyrate and propionate producers.,Maji A,Environmental Microbiology,2018,10.1111/1462-2920.14015,5,6
418,24875844,Characterisation of the vaginal Lactobacillus microbiota associated with preterm delivery,Petricevic L,Scientific Reports,2014,10.1038/srep05136.,5,6
419,25452591,High Atopobium vaginae and Gardnerella vaginalis vaginal loads are associated with preterm birth,Bretelle F,Clinical Infectious Diseases,2015,10.1093/cid/ciu966,5,6
420,20027045,High vaginal concentrations of Atopobium vaginae and Gardnerella vaginalis in women undergoing preterm labor,Menard JP,Obstetrics & Gynecology,2010,10.1097/AOG.0b013e3181c391d7.,5,6
421,24817204,Comparison of lower genital tract microbiota in HIV-infected and uninfected women from Rwanda and the US,Benning L,PLOS ONE,2014,10.1371/journal.pone.0096844,4,6
422,26267872,Relationship of specific bacteria in the cervical and vaginal microbiotas with cervicitis,Gorgos L,Sexually Transmitted Diseases,2015,10.1097/OLQ.0000000000000318,5,6
423,24220356,Bacterial vaginosis-associated bacteria in men: association of Leptotrichia/Sneathia spp. with nongonococcal urethritis.,Manhart L,Sexually Transmitted Diseases,2013,10.1097/OLQ.0000000000000054.,5,6
424,24961922,The bacterial microbiome in paired vaginal and vestibular samples from women with vulvar vestibulitis syndrome,Jayaram A,Pathogens and Disease,2014,10.1111/2049-632X.12197,4,6
425,28932201,The placental microbiota is altered among subjects with gestational diabetes mellitus: a pilot study,Zheng J,Frontiers in Physiology,2017,10.3389/fphys.2017.00675.,4,6
426,24969306,Gut microbe analysis between hyperthyroid and healthy individuals,Lei Zhou,Current Microbiology,2014,10.1007/s00284-014-0640-6,4,6
427,28843021,The nasal and gut microbiome in Parkinson's Disease and Idiopathic Rapid Eye Movement Sleep Behavior Disorder,Heintz-Buschart A,Movement Disorders,2018,10.1002/mds.27105,4,6
428,28988196,The oral microbiota in colorectal cancer is distinctive and predictive,Flemer B,Gut,2017,10.1136/gutjnl-2017-314814,4,6
429,25596182,Spatial variation of the colonic microbiota in patients with ulcerative colitis and control volunteers,Lavelle A,Gut,2015,10.1136/gutjnl-2014-307873,5,6
430,24348539,Dominant fecal microbiota in newly diagnosed untreated inflammatory bowel disease patients,Thorkildsen L,Gastroenterology Research and Practice,2013,10.1155/2013/636785,5,6
431,28039159,Gut microbiota differs between children with inflammatory bowel disease and healthy siblings in taxonomic and functional composition: a metagenomic analysis,Knoll R,American Journal of Physiology. Gastrointestinal and Liver Physiology,2017,10.1152/ajpgi.00293.2016,5,6
432,28316574,Alterations of urinary microbiota in type 2 Diabetes Mellitus with hypertension and/or hyperlipidemia,Liu F,Frontiers in Physiology,2017,10.3389/fphys.2017.00126,4,6
433,28425133,Fecal microbiota signatures of adult patients with different types of short bowel syndrome,Huang Y,Journal of Gastroenterology and Hepatology,2017,10.1111/jgh.13806,5,6
434,28418589,A distinct cutaneous profile in autoimmune bullous disease patients,Miodovnik M,Experimental Dermatology,2017,10.1111/exd.13357,4,6
435,28397271,Microbiomes of the normal middle ear and ears with chronic otitis media,Minami S,The Lanryngoscope,2017,10.1002/lary.26579,4,6
436,25121355,Characteristics of fecal and mucosa-associated microbiota in Chinese patients with inflammatory bowel disease,Chen L,Medicine,2014,10.1097/MD.0000000000000051,5,6
437,25909773,Characterization of bacterial and fungal microbiome in children with Hirschsprung Disease with and without a history of enterolcolitis: a multicenter study,Frykman P,,2015,10.1371/journal.pone.0124172,4,6
438,5617930,Gut inflammation and dysbiosis in human motor neuron disease,Rowin J,Pysiological Reports,2017,10.14814/phy2.13443,3,6
439,25079328,Alterations of the human gut microbiome in liver cirrhosis,Qin N,Nature,2014,10.1038/nature13568,5,6
440,29131365,"Gut microbiota and body composition in anorexia nervosa inpatients in comparison to athletes, overweight, obese and normal weight controls",Mörkl S,International Journal of Eating Disorders,2017,10.1002/eat.22801,4,6
441,29520825,Subgingival microbial profile of obese women with periodontal disease.,Silva-Boghossian CM,Journal of Periodontology,2018,10.1002/JPER.17-0236,3,6
442,29520806,Microbiome at sites of gingival recession in children with Hutchinson-Gilford progeria syndrome,Bassir SH,Journal of Periodontology,2018,10.1002/JPER.17-0351,2,6
443,29479926,Fecal microbiota profile in atopic asthmatic adult patients,Okba AM,European Annals of Allergy and Clinical Immunology,2018,10.23822/EurAnnACI.1764-1489.48,1,6
444,29477743,Alterations of the human gut Methanobrevibacter smithii as a biomarker for inflammatory bowel diseases,Ghavami SB,Microbial Pathogenesis,2018,10.1016/j.micpath.2018.01.029,5,6
445,,Gut microbiota dysbiosis is associated with Henoch-Schönlein Purpura in children,Wang X,International Immunopharmacology,2018,10.1016/j.intimp.2018.03.003,5,6
446,29353409,16S rRNA gene sequencing reveals altered composition of gut microbiota in individuals with kidney stones,Tang R,Urolithiasis,2018,10.1007/s00240-018-1037-y,5,6
447,28932895,Taxonomic and functional analyses of the supragingival microbiome from caries-affected and caries-free hosts,He J,Microbial Ecology,2018,10.1007/s00248-017-1056-1,4,6
448,29379988,Aberrant intestinal microbiota in individuals with prediabetes,Allin K,Diabetologia,2018,10.1007/s00125-018-4550-1,5,6
449,29435321,"The gut microbiota, bile acids and their correlation in primary sclerosing cholangitis associated with inflammatory bowel disease",Torres J,United European Gastroenterology Journal,2018,10.1177/2050640617708953,5,6
450,28852861,Analysis of endoscopic brush samples identified mucosa-associated dysbiosis in inflammatory bowel disease,Nishino K,Journal of Gastroenterology,2018,10.1007/s00535-017-1384-4,5,6
451,29273882,The oral microbiome-the relevant reservoir for acute pediatric appendicitis?,Blod C,International Journal of Colorectal Disease,2018,10.1007/s00384-017-2948-8,3,6
452,29564487,Gut microbial dysbiosis in Indian children with autism spectrum disorders,Pulikkan J,Microbial Ecology,2018,10.1007/s00248-018-1176-2,5,6
453,29222886,Salivary cariogenic bacteria counts are associated with obesity in student women at a Malaysian university,Yeo WZ,Asia Pacific Journal of Clinical Nutrition,2018,10.6133/apjcn.032017.14.,4,6
454,29313867,HPV/Chlamydia trachomatis co-infection: metagenomic analysis of cervical microbiota in asymptomatic women,Di Pietro M,New Microbiologica,2018,,4,6
456,29362454,Nonalcoholic fatty liver disease is associated with dysbiosis independent of body mass index and insulin resistance,Da Silva H,Scientific Reports,2018,10.1038/s41598-018-19753-9,5,6
457,29330424,Metagenomic and metabolomic analyses unveil dysbiosis of gut microbiota in chronic heart failure patients,Cui X,Scientific Reports,2018,10.1038/s41598-017-18756-2,5,6
458,29382366,Age and fecal microbial strain-specific differences in patients with spondyloarthritis,Stoll M,Arthritis Research & Therapy,2018,10.1186/s13075-018-1510-6,5,6
459,29458340,A microbiome case-control study of recurrent acute otitis media identified potentially protective bacterial genera,Lappan R,BMC Microbiology,2018,10.1186/s12866-018-1154-3,5,6
460,29555983,Characterization of intestinal microbiota in alcoholic patients with and without alcoholic hepatitis or chronic alcoholic pancreatitis,Ciocan D,Scientific Reports,2018,10.1038/s41598-018-23146-3,5,6
461,29491401,Gut microbial composition in patients with psoriasis,Codoner F,Scientific Reports,2018,10.1038/s41598-018-22125-y,4,6
462,29371629,Alterations of oral microbiota distinguish children with autism spectrum disorders from healthy controls,Qiao Y,Scientific Reports,2018,10.1038/s41598-018-19982-y,5,6
463,29533950,Gut microbiota dysbiosis in children with relapsing idiopathic nephrotic syndrome,Tsuji S,American Journal of Nephrology,2018,10.1159/000487557,5,6
464,28683448,"Gut microbiota in health, diverticular disease, irritable bowel syndrome, and inflammatory bowel diseases: time for microbial marker of gastrointestinal disorders?",Lopetuso LR,Digestive Diseases,2018,10.1159/000477205,5,6
465,27398819,Gut microbiome analysis in Neuromyelitis Optica reveals overabundance of Clostridium perfringens,Cree B,Annals of Neurology,2016,10.1002/ana.24718,4,6
466,29379536,Bifidobacteria and lactobacilli in the gut microbiome of children with non-alcoholic fatty liver disease: which strains act as healthy players?,Nobili V,Archives of Medical Science: AMS,2018,10.5114/aoms.2016.62150,4,6
467,29456693,Seminal bacterial composition in patients with obstructive and non-obstructive azoospermia,Chen H,Experimental and Therapeutic Medicine,2018,10.3892/etm.2018.5778,4,6
468,29196292,Gut microbiota in human systemic lupus erythematosus and a mouse model of lupus,Luo X,Applied and Environmental Microbiology,2018,10.1128/AEM.02288-17,4,6
469,29124969,The gut mycobiome composition is linked to carotid atherosclerosis,Chacon MR,Beneficial Microbes,2018,10.3920/BM2017.0029,4,6
470,29566154,Evidence of dysbiosis in the intestinal microbial ecosystem of children and adolescents with primary hyperlipidemia and the potential role of regular hazelnut intake,Gargari G,FEMS Microbial Ecology,2018,10.1093/femsec/fiy045,5,6
471,29541629,Chronic Rhinosinusitis: Potential role of microbial dysbiosis and recommendation for sampling sites,Copeland E,Frontiers in Cellular and Infection Microbiology,2018,10.3389/fcimb.2018.00057,4,6
472,29468143,Metagenomic characterization of the human intestinal microbiota in fecal samples from STEC-infected patients,Gigliucci F,Frontiers in Cellular and Infection Microbiology,2018,10.3389/fcimb.2018.00025,2,6
473,29497601,Ecological shifts of supragingival microbiota in association with pregnancy,Lin W,Frontiers in Cellular and Infection Microbiology,2018,10.3389/fcimb.2018.00024,5,6
474,29423379,Identification and characterization of blood and neutrophil-associated microbiomes in patients with severe acute pancreatitis using next-generation sequencing,Li Q,Frontiers in Cellular and Infection Microbiology,2018,10.3389/fcimb.2018.00005,4,6
475,5693892,Gut microbial dysbiosis is associated with altered hepatic functions and serum metabolites in chronic hepatitis B patients,Wang J,Frontiers in Microbiology,2017,10.3389/fmicb.2017.02222,5,6
476,24316595,Human gut microbiome and risk for colorectal cancer,Ahn J,Journal of the National Cancer Institute,2013,10.1093/jnci/djt300,3,6
477,25104642,The human gut microbiome as a screening tool for colorectal cancer,Zackular J,Cancer Prevention Research,2014,10.1158/1940-6207.CAPR-14-0129,4,6
478,24811328,Microbial mucosal colonic shifts associated with the development of colorectal cancer reveal the presence of different bacterial and archaeal biomarkers,Mira-Pascual L,Journal of Gastroenterology,2015,10.1007/s00535-014-0963-x,5,6
479,29280312,"Dysbiosis signatures of gut microbiota along the sequence from healthy, young patients to those with overweight and obesity.",Gao Z,Obesity,2018,10.1002/oby.22088,2,6
480,3266036,Genomic analysis identifies association of Fusobacterium with colorectal carcinoma,Kostic A,Genome Research,2012,10.1101/gr.126573.111,3,6
482,25875428,Gut microbiome compositional and functional differences between tumor and non-tumor adjacent tissues from cohorts from the US and Spain,Allali I,Gut Microbes,2015,10.1080/19490976.2015.1039223,4,6
483,29102920,Gastric microbial community profiling reveals a dysbiotic cancer-associated microbiota,Ferreira R,Gut,2018,10.1136/gutjnl-2017-314205,4,6
484,28561276,Intestinal microbiota in patients with chronic hepatitis C with and without cirrhosis compared with healthy controls,Heidrich B,Liver International,2018,10.1111/liv.13485,5,6
485,29579057,Exacerbation induces a microbiota shift in sputa of COPD patients,Jubinville E,PLOS ONE,2018,10.1371/journal.pone.0194355,5,6
486,29411528,Alterations in the gut microbiota of patients with acquired immune deficiency syndrome,Zhou Y,Journal of Cellular and Molecular Medicine,2018,10.1111/jcmm.13508,5,6
487,21850056,Structural segregation of gut microbiota between colorectal cancer patients and healthy volunteers,Wang T,The ISME Journal,2012,10.1038/ismej.2011.109,4,6
488,29462845,Comparison of the microbial community structure between inflamed and non-inflamed sites in patients with ulcerative colitis,Hirano A,Journal of Gastroenterology and Hepatology,2018,10.1111/jgh.14129,5,6
489,29278464,"The sinonasal microbiota, neural signaling, and depression in chronic rhinosinusitis",Hoggard M,International Forum of Allergy & Rhinology,2018,10.1002/alr.22074,5,6
490,4196225,Intestinal dysbiosis associated with systemic lupus erythematosus,Hevia A,mBio,2014,10.1128/mBio.01548-14,5,6
491,29274089,Intestinal microbiome analysis revealed dysbiosis in sickle cell disease,Lim S,American Journal of Hematology,2018,10.1002/ajh.25019.,5,6
492,29600046,Bronchoalveolar lavage fluid microbiota dysbiosis in infants with protracted bacterial bronchitis,Bao Y,Journal of Thoracic Disease,2018,10.21037/jtd.2017.12.59.,5,6
493,29718124,Gut dysbiosis associated with hepatitis C virus infection,Inoue T,Clinical Infectious Diseases,2018,10.1093/cid/ciy205,4,6
494,29073348,Gut microbiota perturbations in reactive arthritis and postinfectious spondyloarthritis,Manasson J,Arthritis & Reumatology,2018,10.1002/art.40359,5,6
495,29500854,Characterization of microbiota in male infertility cases uncovers differences in seminal hyperviscosity and oligoasthenoteratozoospermia possibly correlated with increased prevalence of infectious bacteria,Monteiro C,American Journal of Reproductive Immunology,2018,10.1111/aji.12838,3,6
496,26515465,Gut mucosal microbiome across stages of colorectal carcinogenesis,Nakatsu G,Nature Communications,2015,10.1038/ncomms9727.,5,6
497,26840903,Allergic patients with long-term asthma display low levels of Bifidobacterium adolescentis,Hevia A,PLOS ONE,2016,10.1371/journal.pone.0147809,5,6
498,29083504,The circulating microbiome signature and inferred functional metagenomics in alcoholic hepatitis,Puri P,Hepatology,2018,10.1002/hep.29623,5,6
499,29423048,Specific alterations in gut microbiota are associated with prognosis of Budd-Chiari syndrome,Sun YL,Oncotarget,2018,10.18632/oncotarget.23234,4,6
500,29221120,Gut microbial profile analysis by MiSeq sequencing of pancreatic carcinoma patients in China,Ren Z,Oncotarget,2017,10.18632/oncotarget.18820,5,6
501,29984544,Aerodigestive dysbiosis in children with chronic cough,Kazachkov M,Pediatric Pulmonology,2018,10.1002/ppul.24115,5,6
503,27634868,Shifts in Lachnospira and Clostridium sp. in the 3-month stool microbiome are associated with preschool age asthma,Stiemsma L,Clinical Science,2016,10.1042/CS20160349,5,6
504,28947029,Sputum microbiota in severe asthma patients: relationship to eosinophilic inflammation,Li N,Respiratory Medicine,2017,10.1016/j.rmed.2017.08.016,5,6
505,29241587,Associations between infant fungal and bacterial dysbiosis and childhood atopic wheeze in a nonindustrialized setting,Arrieta MC,The Journal of Allergy and Clinical Immunology,2017,10.1016/j.jaci.2017.08.041,5,6
506,29445257,Comparison of oropharyngeal microbiota from children with asthma and cystic fibrosis,Boutin S,Mediators of Inflammation,2017,10.1155/2017/5047403 Free PMC Article,5,6
507,4433433,The infant airway microbiome in health and disease impacts later asthma development,Teo SM,Cell Host Microbe,2015,10.1016/j.chom.2015.03.008,2,6
508,29576948,Characterization of the salivary microbiome in people with obesity,Wu Y,PeerJ,2018,10.7717/peerj.4458,5,6
509,28797714,Profiling the urinary microbiome in men with positive versus negative biopsies for prostate cancer,Shresta E,The Journal of Urology,2018,10.1016/j.juro.2017.08.001,5,6
510,28912020,Intestinal dysbiosis featuring abundance of Ruminococcus gnavus associates with allergic diseases in infants,Chua HH,Gastroenterology,2018,10.1053/j.gastro.2017.09.006,4,6
511,26492486,Development of the Nasopharyngeal microbiota in infants with Cystic Fibrosis,Prevaes S,American Journal of Respiratory and Critical Care Medicine,2016,10.1164/rccm.201509-1759OC,0,6
513,27812181,Altered gut microbiota composition associated with eczema in infants,Zheng H,PLOS ONE,2016,10.1371/journal.pone.0166026,4,6
514,27262209,Subgingival microbiota in individuals with severe chronic periodontitis,Tsai CY,"Journal of Microbiology, Immunology and Infection",2018,10.1016/j.jmii.2016.04.007,5,6
515,29385188,Metabarcoding analysis of eukaryotic microbiota in the gut of HIV-infected patients,Hamad I,PLOS ONE,2018,10.1371/journal.pone.0191913,4,6
516,29130553,The Akkermansia muciniphila is a gut microbiota signature in psoriasis,Tan L,Experimental Dermatology,2018,10.1111/exd.13463,5,6
517,29083071,Altered gut microbiome and metabolome in patients with multiple system atrophy,Tan A,Movement Disorders,2018,10.1002/mds.27203,5,6
518,29615776,Dysbiosis of the salivary microbiota in pediatric-onset primary sclerosing cholangitis and its potential as a biomarker,Iwasawa K,Scientific Reports,2018,10.1038/s41598-018-23870-w,5,6
519,27056827,Microbiota-based model improves the sensitivity of fecal immunochemical test for detecting colonic lesions,Baxter N,Genome Medicine,2016,10.1186/s13073-016-0290-3,4,6
520,26170900,Virulence genes are a signature of the microbiome in the colorectal tumor microenvironment,Burns M,Genome Medicine,2015,10.1186/s13073-015-0177-8,5,6
521,29503707,Oral microbiota in autoimmune polyendocrine syndrome type 1,Bruserud O,Journal of Oral Microbiology,2018,10.1080/20002297.2018.1442986,5,6
522,29487763,Abundance of Enterobacteriaceae in the colon mucosa in diverticular disease,Linninge C,World Journal of Gastrointestinal Pathophysiology,2018,10.4291/wjgp.v9.i1.18,5,6
523,29320965,Alterations of the gut microbiota in Hashimoto's Thyroiditis patients,Zhao F,Thyroid,2018,10.1089/thy.2017.0395,5,6
524,5504370,Distinct gut microbiota profiles in patients with primary sclerosing cholangitis and ulcerative colitis,Bajer L,World Journal of Gastroenterology,2017,10.3748/wjg.v23.i25.4548,5,6
525,26526357,Characterization of intestinal microbiota in ulcerative colitis patients with and without primary sclerosing cholangitis,Kevans D,Journal of Crohn's and Colitis,2016,10.1093/ecco-jcc/jjv204,5,6
526,28442250,Analysis of microbiota in first episode psychosis identifies preliminary associations with symptom severity and treatment response,Schwarz E,Schizophrenia Research,2018,10.1016/j.schres.2017.04.017,5,6
527,28636668,"Microbiota in anorexia nervosa: the triangle between bacterial species, metabolites and psychological tests",Borgo F,PLOS ONE,2017,10.1371/journal.pone.0179739,5,6
528,26843508,Fungal microbiota dysbiosis in IBD,Sokol H,Gut,2017,10.1136/gutjnl-2015-310746,5,6
529,16891514,Molecular analysis of fungal microbiota in samples from healthy human skin and psoriatic lesions,Paulino L,Journal of Clinical Microbiology,2006,10.1128/JCM.00785-06,4,6
530,25510344,Molecular characterization of the skin fungal microbiome in patients with psoriasis,Takemoto A,Journal of Dermatology,2015,10.1111/1346-8138.12739,2,6
531,24275714,Dysbiosis of gut fungal microbiota is associated with mucosal inflammation in Crohn's disease,Li Q,Journal of Clinical Gastroenterology,2015,10.1097/MCG.0000000000000035,5,6
532,26574491,Fungal dysbiosis in mucosa-associated microbiota of Crohn's disease patients,Liguori G,Journal of Crohn's and Colitis,2016,10.1093/ecco-jcc/jjv209,5,6
533,27811291,Fungal microbiota profile in newly diagnosed treatment-naive children with Crohn's disease,El Mouzan M,Journal of Crohn's and Colitis,2017,10.1093/ecco-jcc/jjw197,4,6
534,30052651,The bacterial microbiota in first-void urine from men with and without idiopathic urethritis,Frolund M,PLOS ONE,2018,10.1371/journal.pone.0201380,5,6
535,28578302,Fungal dysbiosis in cirrhosis,Bajaj J,Gut,2018,10.1136/gutjnl-2016-313170,5,6
537,18616765,"Distribution of Malassezia species in patients with psoriasis and healthy individuals in Tehran, Iran",Zomorodian K,Journal of Cutaneous Pathology,2008,10.1111/j.1600-0560.2007.00968.x,3,6
538,11940204,"Herpesvirus (HSV-1, EBV and CMV) infections in atherosclerotic compared with non-atherosclerotic aortic tissue",Shi Y,Pathology International,2002,,2,6
539,11078831,Streptococcus anginosus in head and neck squamous cell carcinoma: implication in carcinogenesis,Tateda M,International Journal of Molecular Medicine,2000,,1,6
540,27288567,Possible association of Bifidobacterium and Lactobacillus in the gut microbiota of patients with major depressive disorder,Aizawa E,Journal of Affective Disorders,2016,10.1016/j.jad.2016.05.038,4,6
541,29580894,Gut microbiota profiles in treatment-naïve children with attention deficit hyperactivity disorder,Jiang H,Behavioural Brain Research,2018,10.1016/j.bbr.2018.03.036,5,6
542,27283393,Sequencing of 16S rRNA reveals a distinct salivary microbiome signature in Behcet's disease,Coit P,Clinical Immunology,2016,10.1016/j.clim.2016.06.002,5,6
543,9813727,The microflora associated with human oral carcinomas,Nagy K,Oral Oncology,1998,,3,6
544,27496472,Profile of gut microbiota associated with the presence of hepatocellular cancer in patients with liver cirrhosis,Grat M,Transplantation Proceedings,2016,10.1016/j.transproceed.2016.01.077,3,6
545,30054809,Chicken or the egg: microbial alterations in biopsy samples of patients with oral potentially malignant disorders,Decsi G,Pathology & Oncology Research,2018,10.1007/s12253-018-0457-x,5,6
546,29670544,Dynamic alterations in Salivary microbiota related to dental caries and age in preschool children with deciduous dentition: a 2-year follow-up study,Xu L,Frontiers in Physiology,2018,10.3389/fphys.2018.00342,5,6
547,28069576,Dysbiosis and zonulin upregulation alter gut epithelial and vascular barriers in patients with ankylosing spondylitis,Ciccia F,Annals of the Rheumatic Diseases,2017,10.1136/annrheumdis-2016-210000,3,6
548,22817758,Comparison of oral microbiota in tumor and non-tumor tissues of patients with oral squamous cell carcinoma,Pushalkar S,BMC Microbiology,2012,10.1186/1471-2180-12-144,4,6
549,15987522,"The salivary microbiota as a diagnostic indicator of oral cancer: a descriptive, non-randomized study of cancer-free and oral squamous cell carcinoma subjects",Mager DL,Journal of Translational Medicine,2005,10.1186/1479-5876-3-27,4,6
550,18033835,A molecular analysis of the bacteria present within oral squamous cell carcinoma,Hooper S,Journal of Medical Microbiology,2007,10.1099/jmm.0.46918-0,2,6
551,16672398,Viable bacteria present within oral squamous cell carcinoma tissue,Hooper SJ,Journal of Clinical Microbiology,2006,10.1128/JCM.44.5.1719-1725.2006,2,6
552,22010579,Presence of Porphyromonas gingivalis in gingival squamous cell carcinoma,Katz J,International Journal of Oral Science,2011,10.4248/IJOS11075,2,6
553,29923681,"Microbiome and bile acid profiles in duodenal aspirates from patients with liver cirrhosis: the microbiome, microbial markers and liver disease study",Jacobs J,Hepatology Research,2018,10.1111/hepr.13207,5,6
554,,The nasopharyngeal microbiota in patients with viral respiratory tract infections is enriched in bacterial pathogens,Edouard S,European Journal of Clinical Microbiology & Infectious Diseases,2018,,4,6
555,29652728,Intestinal microbiota in Hirschsprung Disease,Neuvonen M,Journal of Pediatric Gastroenterology and Nutrition,2018,10.1097/MPG.0000000000001999,5,6
556,29250055,"The microbiome of potentially malignant oral leukoplakia exhibits enrichment for fusobacterium, leptotrichia, campylobacter and rothia species",Amer A,Frontiers in Microbiology,2017,10.3389/fmicb.2017.02391,5,6
557,29507058,Imbalance of gut microbiome and intestinal epithelial barrier dysfunction in patients with high blood pressure,Kim S,Clinical Science (London),2018,10.1042/CS20180087,5,6
558,21205002,Microbial diversity in saliva of oral squamous cell carcinoma,Pushalkar S,FEMS Immunology and Medical Microbiology,2011,10.1111/j.1574-695X.2010.00773.x,5,6
559,,The female urinary microbiome: a comparison of women with and without urgency urinary incontinence,Pearce,mBio,2014,10.1128/mBio.01283-14,4,6
560,29776865,Gut microbiota in patients with Parkinson's disease in southern China,Lin A,Parkinsonism and Related Disorders,2018,10.1016/j.parkreldis.2018.05.007,4,6
561,30208875,A metagenome-wide association study of gut microbiota in asthma in UK adults,Wang Q,BMC Microbiology,2018,10.1186/s12866-018-1257-x Free PMC Article,3,6
562,23613868,Investigation of the effect of Type 2 diabetes mellitus on subgingival plaque microbiota by high-throughput 16S rDNA pyrosequencing,Zhou M,PLOS ONE,2013,10.1371/journal.pone.0061516,5,6
563,29665135,Hepatocellular carcinoma is associated with gut microbiota profile and inflammation in nonalcoholic fatty liver disease,Ponziani F,Hepatology,2018,10.1002/hep.30036,4,6
564,29969462,Dysbiosis of oral microbiota and its association with salivary immunological biomarkers in autoimmune liver disease,Abe K,PLOS ONE,2018,10.1371/journal.pone.0198757,5,6
565,30077182,A metagenomic study of the gut microbiome in Behcet's disease,Ye Z,Microbiome,2018,10.1186/s40168-018-0520-6,5,6
566,,Characterization of pelvic and cervical microbiotas from patients with pelvic inflammatory disease,Wang Y,Journal of Medical Microbiology,2018,10.1099/jmm.0.000821,1,6
567,30275977,Identification of Burkholderia fungorum in the urine of an individual with spinal cord injury and augmentation cystoplasty using 16S sequencing: copathogen of innocent bystander?,Nally E,Spinal Cord Series and Cases,2018,10.1038/s41394-018-0115-2,1,6
568,30262956,"Dysbiosis in the gut bacterial microbiome of patients with Uveitis, an inflammatory disease of the eye",Chakravarthy K,Indian Journal of Microbiology,2018,10.1007/s12088-018-0746-9,0,6
569,15888105,Streptococcus anginosus infection in oral cancer and its infection route,Sasaki M,Oral Diseases,2005,10.1111/j.1601-0825.2005.01051.x,2,6
570,29274915,Differences in fecal microbial metabolites and microbiota of children with autism spectrum disorders,Kang DW,Anaerobe,2018,10.1016/j.anaerobe.2017.12.007,5,6
571,27351333,A preliminary study of the oral microbiota in Chinese patients with Sjögren's syndrome,Li M,Archives of Oral Biology,2016,10.1016/j.archoralbio.2016.06.016,5,6
572,29352709,Analysis of gut microbiota diversity and auxiliary diagnosis as a biomarker in patients with schizophrenia: a cross-sectional study,Shen Y,Schizophrenia Research,2018,10.1016/j.schres.2018.01.002,5,6
573,29997110,Characterisation of the nasal microbiota in granulomatosis with polyangiitis,Rhee R,Annals of the Rheumatic Diseases,2018,10.1136/annrheumdis-2018-213645,5,6
574,28709393,Microbiome associated with severe caries in Canadian first nations children,Agnello M,Journal of Dental Research,2017,10.1177/0022034517718819,4,6
575,30252582,Metagenomic analysis of intestinal mucosa revealed a specific eukaryotic gut virome signature in early-diagnosed inflammatory bowel disease,Ungaro F,Gut Microbes,2018,10.1080/19490976.2018.1511664,4,6
576,29936400,"Age, menopausal status and the bladder microbiome",Curtiss N,European Journal of Obstetrics & Gynecology and Reproductive Biology,2018,10.1016/j.ejogrb.2018.06.011,5,6
577,28463826,A case controlled study examining the bladder microbiome in women with overactive bladder (OAB) and healthy controls,Curtiss N,European Journal of Obstetrics & Gynecology and Reproductive Biology,2017,,4,6
579,30416033,"Shared gut, but distinct oral microbiota composition in primary Sjögren's syndrome and systemic lupus erythematosus",Van der Meulen T,Journal of Autoimmunity,2019,10.1016/j.jaut.2018.10.009,5,6
580,30203607,Characterization of the vaginal microbiome during cytolytic vaginosis using high-throughput sequencing,Xu H,Journal of Clinical Laboratory Analysis,2018,10.1002/jcla.22653,4,6
581,30268819,Differences in gut microbiome composition between persons with chronic schizophrenia and healthy comparison subjects,Nguyen T,Schizophrenia Research,2018,10.1016/j.schres.2018.09.014,5,6
582,30459400,Variations in oral microbiome profiles in rheumatoid arthritis and osteoarthritis with potential biomarkers for arthritis screening,Chen B,Scientific Reports,2018,10.1038/s41598-018-35473-6,4,6
583,30356183,The human gut microbiome in early-onset type 1 diabetes from the TEDDY study,Vatanen T,Nature,2018,10.1038/s41586-018-0620-2,5,6
584,21208407,Effect of smoking on subgingival microflora of patients with periodontitis in Japan,Kubota M,BMC Oral Health,2011,10.1186/1472-6831-11-1,5,6
585,30224347,Gut microbiota differs in composition and functionality between children with type 1 diabetes and MODY2 and healthy control subjects: a case-control study,Leiva-Gea I,Diabetes Care,2018,10.2337/dc18-0253,5,6
586,28606969,Faecal microbiota study reveals specific dysbiosis in spondyloarthritis,Breban M,Annals of the Rheumatic Diseases,2017,10.1136/annrheumdis-2016-211064,5,6
587,25432777,Potential of fecal microbiota for early-stage detection of colorectal cancer,Zeller G,Molecular Systems Biology,2014,10.15252/msb.20145645,5,6
588,23985870,Richness of human gut microbiome correlates with metabolic markers,Le Chatelier E,Nature,2013,10.1038/nature12506,4,6
589,30157953,Influence of cigarette smoking on the human duodenual mucosa-associated microbiota,Shanahan E,Microbiome,2018,10.1186/s40168-018-0531-3,5,6
590,30053882,Decreased microbiome diversity in the HIV small airway epithelium,Xu S,Respiratory Research,2018,10.1186/s12931-018-0835-7,4,6
591,29782468,Potential role of gut microbiota in ALS pathogenesis and possible novel therapeutic strategies,Mazzini L,Journal of Clinical Gastroenterology,2018,10.1097/MCG.0000000000001042,2,6
592,29995183,"Stool microbiota composition in patients with stomach, colon, and rectal neoplasms",Youssef O,Digestive Diseases and Sciences,2018,10.1007/s10620-018-5190-5,3,6
593,30135504,Sex-specific associations of infants' gut microbiome with arsenic exposure in a US population,Hoen A,Scientific Reports,2018,10.1038/s41598-018-30581-9,4,6
594,30038321,Oropharyngeal microbiome evaluation highlights Neisseria abundance in active celiac patients,Laffaldano L,Scientific Reports,2018,10.1038/s41598-018-29443-1,5,6
595,30038262,Endocervical and vaginal microbiota in South African adolescents with asymptomatic Clamydia trachomatis infection,Balle C,Scientific Reports,2018,10.1038/s41598-018-29320-x,5,6
596,30202057,Gut fungal dysbiosis correlates with reduced efficacy of fecal microbiota transplantation in Clostridium difficile infection,Zuo T,Nature Communications,2018,10.1038/s41467-018-06103-6,5,6
597,30258104,Fecal microbiota profile in a group of myasthenia gravis patients,Moris G,Scientific Reports,2018,0.1038/s41598-018-32700-y,5,6
598,30250232,Detection and characterization of bacterial nucleic acids in culture-negative synovial tissue and fluid samples from rheumatoid arthritis or osteoarthritis patients,Zhao Y,Scientific Reports,2018,10.1038/s41598-018-32675-w,4,6
599,30228282,Analysis of gut microbiota profiles and microbe-disease associations in children with austism spectrum disorders in China,Zhang M,Scientific Reports,2018,10.1038/s41598-018-32219-2,4,6
600,18033837,Imbalance in the composition of the duodenal microbiota in children with coeliac disease,Nadal I,Journal of Medical Microbiology,2007,10.1099/jmm.0.47410-0,3,6
601,20565734,A distinctive 'microbial signature' in celiac pediatric patients,Schippa S,BMC Microbiology,2010,10.1186/1471-2180-10-175,4,6
602,30185226,Alteration of the cutaneous microbiome in psoriasis and potential role in Th17 polarization,Chang H,Microbiome,2018,10.1186/s40168-018-0533-1,4,6
603,30049240,Association between oral Candida and bacteriome in children with severe ECC,Xiao J,Journal of Dental Research,2018,10.1177/0022034518790941,3,6
604,27045926,Metagenomics reveals dysbiosis and a potentially pathogenic N. flavescencs strain in duodenum of adult celiac patients,D'Argenio V,The American Journal of Gastroenterology,2016,10.1038/ajg.2016.95,5,6
605,30323970,Lung tissue microbial profile in lung cancer is distinct from emphysema,Liu Y,American Journal of Cancer Research,2018,,5,6
606,23489056,Subgingival microbiome in smokers and non-smokers in periodontitis: an exploratory study using traditional targeted techniques and a next-generation sequencing,Bizzarro S,Journal of Clinical Periodontology,2013,10.1111/jcpe.12087,4,6
607,28497047,Assocation study of gut flora in coronary heart disease through high-throughput sequencing,Cui L,BioMed Research International,2017,10.1155/2017/3796359,5,6
608,29718124,Gut dysbiosis associated with hepatitis C virus infection,Inoue T,Clinical Infectious Diseases,2018,10.1093/cid/ciy205,4,6
609,30009382,Porphyromonas gingivalis in the tongue biofilm is associated with clinical outcome in rheumatoid arthritis patients,Ceccarelli F,Clinical & Experimental Immunology,2018,10.1111/cei.13184,5,6
610,30347640,Substantial differences in the subgingival microbiome measured by 16S metagenomics according to periodontitis status in older women,LaMonte M,Dentistry Journal,2018,0.3390/dj6040058,5,6
611,26068542,Alterations in Intestinal Microbiota Correlate With Susceptibility to Type 1 Diabetes.,Alkanani A,Diabetes,2015,10.2337/db14-1847,4,6
613,28740374,Characterization of throat microbial flora in smokers with or without COPD,Diao W,International Journal of COPD,2017,10.2147/COPD.S140243,5,6
614,30104869,Symptom-related sputum microbiota in stable chronic obstructive pulmonary disease,Diao W,International Journal of COPD,2018,10.2147/COPD.S167618,5,6
615,30245977,Alterations in the abundance and co-occurence of Akkermansia muciniphila and Faecalibacterium prausnitzii in the colonic mucosa of inflammatory bowel disease subjects,Lopez-Siles,Frontiers in Cellular and Infection Microbiology,2018,10.3389/fcimb.2018.00281,5,6
616,30417113,Multiple sclerosis-associated changes in the composition and immune functions of spore-forming bacteria,Cekanaviciute E,mSystems,2018,10.1128/mSystems.00083-18,4,6
617,30338244,Comparison of healthy and dandruff scalp microbiome reveals the role of commensals in scalp health,Saxena R,Frontiers in Cellular and Infection Microbiology,2018,10.3389/fcimb.2018.00346,5,6
618,25540641,Bacteroides dorei dominates gut microbiome prior to autoimmunity in Finnish children at high risk for type 1 diabetes,Davis-Richardson A,Frontiers in Microbiology,2014,10.3389/fmicb.2014.00678,5,6
619,30323795,Altered gut microbiota composition in subjects infected with Clonorchis sinensis,Xu M,Frontiers in Microbiology,2018,10.3389/fmicb.2018.02292,5,6
620,30210479,Oral microbiome shifts from caries-free to caries-affected status in 3-year-old Chinese children: a longitudinal study,Xu H,Frontiers in Microbiology,2018,10.3389/fmicb.2018.02009,5,6
621,30327643,Alterations of gut microbiome in the patients with severe fever with thrombocytopenia syndrome,Xu H,Frontiers in Microbiology,2018,10.3389/fmicb.2018.02315,5,6
622,24930037,Aberrant gut microbiota composition at the onset of type 1 diabetes in young children,de Goffau M,Diabetologia,2014,10.1007/s00125-014-3274-0,4,6
623,30483222,Altered gut microbiota in myasthenia gravis,Qiu D,Frontiers in Microbiology,2018,10.3389/fmicb.2018.02627,5,6
624,29204120,Alternation of gut microbiota in patients with pulmonary tuberculosis,Luo M,Frontiers in Physiology,2017,10.3389/fphys.2017.00822,4,6
625,30175072,Study of microbiomes in aseptically collected samples of human breast tissue using needle biopsy and the potential role of in situ tissue microbiomes for promoting malignancy,Meng S,Frontiers in Oncology,2018,10.3389/fonc.2018.00318,5,6
626,30718848,The neuroactive potential of the human gut microbiota in quality of life and depression,Valles-Colomer,Nature Microbiology,2019,10.1038/s41564-018-0337-x,5,6
627,30202890,Gut microbiota in human immunodeficiency virus-infected individuals linked to coronary heart disease,Kehrmann J,The Journal of Infectious Diseases,2019,10.1093/infdis/jiy524,4,6
628,30423913,Characterization of microbiota in Bronchiectasis patients with different disease severities,Lee SH,Journal of Clinical Medicine,2018,10.3390/jcm7110429,5,6
629,30321331,An increased abundance of clostridiaceae characterizes arthritis in inflammatory bowel disease and rheumatoid arthritis: a cross-sectional study,Pedrogo D,Inflammatory Bowel Diseases,2018,10.1093/ibd/izy318,4,6
630,30405010,Cigarette smoking modulation of saliva microbial composition and cytokine levels,Rodriguez-Rabassa M,International Journal of Environmental Research and Public Health,2018,10.3390/ijerph15112479,4,6
631,6158725,Molecular alteration analysis of human gut microbial composition in Graves' disease patients,Ishaq H,International Journal of Biological Sciences,2018,10.7150/ijbs.24151,4,6
632,30045880,Gut microbiome analysis as a tool towards targeted non-invasive biomarkers for early hepatocellular carcinoma,Ren Z,Gut,2018,10.1136/gutjnl-2017-315084,5,6
633,30239655,The human mesenteric lymph node microbiome differentiates between Crohn's disease and Ulcerative Colitis,Kiernan M,Journal of Crohn's and Colitis,2019,10.1093/ecco-jcc/jjy136,5,6
634,30060225,Dysbiosis of the buccal mucosa microbiome in primary Sjögren's syndrome patients,van der Meulen T,Rheumatology,2018,10.1093/rheumatology/key215,4,6
635,26412568,Oral microbiome in chinese patients with aggressive periodontitis and their family members,Li Y,Journal of Clinical Periodontology,2015,10.1111/jcpe.12463,5,6
636,30075590,Association study of gut flora in Wilson's disease through high-throughput sequencing,Geng H,Medicine,2018,10.1097/MD.0000000000011743,5,6
637,29777439,Fecal and Mucosa-associated intestinal microbiota in patients with diarrhea-predominant irritable bowel syndrome,Maharshak N,Digestive Diseases and Sciences,2018,10.1007/s10620-018-5086-4,5,6
638,26891226,Association between intestinal permeability and faecal microbiota composition in Italian children with betal cell autoimmunity at risk for type 1 diabetes,Maffeis C,Diabetes/Metabolism Research and Reviews,2016,10.1002/dmrr.2790,5,6
639,30084158,Sensitive scalp is associated with excessive sebum and perturbed microbiome,Ma L,Journal of Cosmetic Dermatology,2018,10.1111/jocd.12736,4,6
640,30088332,Altered gut microbiota and microbial biomarkers associated with chronic kidney disease,Lun H,MicrobiologyOpen,2018,10.1002/mbo3.678,4,6
641,15969664,Fecal microbiota in sensitized wheezy and non-sensitized non-wheezy children: a nested case-control study,Murray,Clinical and Experimental Allergy,2005,10.1111/j.1365-2222.2005.02259.x,4,6
642,25283067,Subgingival microbiome in smokers and non-smokers in Korean chronic periodontitis patients,Moon JH,Molecular Oral Microbiology,2015,10.1111/omi.12086,4,6
643,30324555,Proinflammatory sulfur-reducing bacteria are more abundant in colonic biopsies of patients with microscopic colitis compared to healthy controls,Millien V,Digestive Diseases and Sciences,2018,10.1007/s10620-018-5313-z,5,6
644,27770517,Microbiological and bioinformatics analysis of primary Sjögren's syndrome patients with normal salivation,Siddiqui H,Journal of Oral Microbiology,2016,10.3402/jom.v8.31119,4,6
645,30290688,A low abundance of Bifidobacterium but not Lactobacillus in the feces of Chinese children with wheezing diseases,Liwen Z,Medicine,2018,10.1097/MD.0000000000012745,5,6
646,25841239,Altered microbiota in microscopic colitis,Fischer H,Gut,2015,10.1136/gutjnl-2014-308956,2,6
647,30400238,First insights into the gut microbiota of Mexican patients with celiac disease and non-celiac gluten sensitivity,Garcia-Mazcorro J,Nutrients,2018,10.3390/nu10111641,5,6
648,29152146,"Breast tissue, oral and urinary microbiomes in breast cancer",Wang H,Oncotarget,2017,10.18632/oncotarget.21490,4,6
649,27428540,Metagenome and metatranscriptome profiling of moderate and severe COPD sputum in Taiwanese Han Males,LEE SW,PLOS ONE,2016,10.1371/journal.pone.0159066,4,6
650,,Dandruff is associated with disequilibrium in the proportion of the major bacterial and fungal populations colonizing the scalp,Clavaud C,PLOS ONE,2013,,4,6
651,30440093,Evaluation of gastric microbiome and metagenomic function in patients with intestinal metaplasia using 16S rRNA gene sequencing,Park CH,Helicobacter,2019,10.1111/hel.12547,5,6
652,30192713,Dysbiosis signatures of gut microbiota in coronary artery disease,Zhu Q,Physiological Genomics,2018,10.1152/physiolgenomics.00070.2018,5,6
653,30300382,Carious status and supragingival plaque microbiota in hemodialysis patients,Yue Q,PLOS ONE,2018,10.1371/journal.pone.0204674,5,6
654,30231060,Subgingival microbiome of rheumatoid arthritis patients in relation to their disease status and periodontal health,Beyer K,PLOS ONE,2018,10.1371/journal.pone.0202278,4,6
655,30089174,Human pharyngeal microbiota in age-related macular degeneration,Pei Ho EX,PLOS ONE,2018,10.1371/journal.pone.0201768,5,6
656,29995962,Dysbiosis in the oral bacterial and fungal microbiome of HIV-infected subjects is associated with clinical and immunologic variables of HIV infection,Mukherjee P,PLOS ONE,2018,10.1371/journal.pone.0200285,5,6
657,6014669,Alterations in the gut bacterial microbiome in fungal keratitis patients,Chakravarthy SK,PLOS ONE,2018,10.1371/journal.pone.0199640,5,6
658,24475780,Differences in the gut microbiota of healthy children and those with type 1 diabetes,Soyucen E,Pediatrics International,2014,10.1111/ped.12243,4,6
659,23491408,Comparison of the respiratory microbiome in healthy nonsmokers and smokers,Morris A,American Journal of Respiratory Critical Care Medicine,2013,10.1164/rccm.201210-1913OC,5,6
660,26272413,Impact of cigarette smoking on the middle meatus microbiome in health and chronic rhinosinusitis,Ramakrishnan V,International Forum of Allergy & Rhinology,2015,10.1002/alr.21626,4,6
661,30775438,The gut microbiome from patients with schizophrenia modulates the glutamate-glutamine-GABA cycle and schizophrenia-relevant behaviors in mice,Zheng P,Science advances,2019,10.1126/sciadv.aau8317,5,6
662,,Fecal microbiota imbalance in Mexican children with type 1 diabetes,Mejia-Leon M,Scientific Reports,2014,10.1038/srep03814,5,6
663,27324944,Characterization of the microbiome of nipple aspirate fluid of breast cancer survivors,Chan A,Scientific Reports,2016,10.1038/srep28061,5,6
664,27346372,Multiple sclerosis patients have a distinct gut microbiota compared to healthy controls,Chen J,Scientific Reports,2016,10.1038/srep28484,5,6
665,27485780,The microbiome of aseptically collected human breast tissue in benign and malignant disease,Hieken T,Scientific Reports,2016,10.1038/srep30751,5,6
666,29893034,The microbiome of translocated bacterial populations in patients with and without inflammatory bowel disease,Kiely C,Internal Medicine Journal,2018,10.1111/imj.13998,5,6
667,30329017,Gut dysbiosis with bacilli dominance and accumulation of fermentation products precedes late-onset sepsis in preterm infants,Graspeuntner S,Clinical Infectious Diseases,2018,10.1093/cid/ciy882,5,6
668,30238519,Intestinal microbiota profiling and predicted metabolic dysregulation in psoriasis patients,Chen Y,Experimental Dermatology,2018,10.1111/exd.13786,5,6
669,29848021,Inflammation-related differences in mucosa-associated microbiota and intestinal barrier function in colonic Crohn's disease,Libertucci J,American Journal of Physiology. Gastrointestinal and Liver Physiology,2018,10.1152/ajpgi.00411.2017,5,6
670,25739873,"Characterization of the major bacterial-fungal populations colonizing dandruff scalps in Shanghai, China, shows microbial disequilibrium",Wang L,Experimental Dermatology,2015,10.1111/exd.12684,3,6
671,27342554,The microbiota of breast tissue and its association with breast cancer,Urbaniak C,Applied and Environmental Microbiology,2016,10.1128/AEM.01235-16,2,6
672,11394403,Smoking affects the subgingival microflora in periodontitis,Van Winkelhoff AJ,Journal of Periodontology,2001,10.1902/jop.2001.72.5.666,3,6
673,30281856,"The microbiome of the ""sterile"" pustules in palmoplantar pustulosis",Masuda-Kuroki K,Experimental Dermatology,2018,10.1111/exd.13791,4,6
674,23835180,Duodenal-mucosal bacteria associated with celiac disease in children,Sanchez E,Applied and Environmental Microbiology,2013,10.1128/AEM.00869-13,5,6
675,30427066,"The gut microbiota of hand, foot and mouth disease patients demonstrates down-regulated butyrate-producing bacteria and up-regulated inflammation-inducing bacteria",Li W,Acta Paediatrica,2018,10.1111/apa.14644,5,6
677,30810328,An altered fecal microbiota profile in patients with non-alcoholic fatty liver disease (NAFLD) associated with obesity,Nistal E,Revista espanola de enfermedades digestivas,2019,10.17235/reed.2019.6068/2018,1,6
678,30541945,"Alterations in gut bacterial and fungal microbiomes are associated with bacterial keratitis, an inflammatory disease of the human eye",Jayasudha R,Journal of Biosciences,2018,,1,6
679,30735669,Vaginal Ureaplasma parvum serovars and spontaneous preterm birth,Rittenschober-Böhm J,American Journal of Obstetrics & Gynecology,2019,10.1016/j.ajog.2019.01.237,4,6
680,30909081,Subgingival microbiome in Chinese patients with generalized aggressive periodontitis compared to healthy controls,Cui X,Archives of Oral Biology,2019,10.1016/j.archoralbio.2019.02.012,5,6
681,30710838,Comparison of the oral microbiome of patients with generalized aggressive periodontitis and periodontitis-free subjects,Schulz S,Archives of Oral Biology,2019,10.1016/j.archoralbio.2019.01.015,5,6
682,30743242,Disturbance of trace element and gut microbiota profiles as indicators of autism spectrum disorder: a pilot study of Chinese children,Zhai Q,Environmental Research,2019,10.1016/j.envres.2019.01.060,5,6
683,30660785,Multiple respiratory microbiota profiles are associated with lower airway inflammation in children with protracted bacterial bronchitis,Marsh R,Chest,2019,10.1016/j.chest.2019.01.002,5,6
684,22542995,Differences in faecal bacteria populations and faecal bacteria metabolism in healthy adults and celiac disease patients,Nistal E,Biochimie,2012,10.1016/j.biochi.2012.03.025,4,6
685,29338886,Overweight and obesity status in pregnant women are related to intestinal microbiota and serum metabolic and inflammatory profiles,Houttu N,Clinical Nutrition,2018,10.1016/j.clnu.2017.12.013,5,6
686,30177353,Infant colic represents gut inflammation and dysbiosis,Rhoads M,The Journal of Pediatrics,2018,10.1016/j.jpeds.2018.07.042,5,6
687,30312711,Intestinal dysbiosis in inflammatory bowel disease associated with primary immunodeficiency,Sokol H,The Journal of Allergy and Clinical Immunology,2019,10.1016/j.jaci.2018.09.021,2,6
688,30897381,The intestinal microbiota associated with cardiac valve calcification differs from that of coronary artery disease,Liu Z,Atherosclerosis,2019,10.1016/j.atherosclerosis.2018.11.038,5,6
689,30420263,Changes in the composition of the upper respiratory tract microbial community in granulomatosis with polyangiitis,Lamprecht P,Journal of Autoimmunity,2019,10.1016/j.jaut.2018.10.005 Free full text,5,6
690,30481617,Alterations of the gut microbiome and plasma proteome in Chinese patients with adolescent idiopathic scoliosis,Shen N,Bone,2019,10.1016/j.bone.2018.11.017,5,6
691,30344067,Prevalence of Ureaplasma spp. and Mycoplasma hominis in healthy women and patients with flora alterations,Rumyantseva T,Diagnostic Microbiology and Infectious Disease,2019,10.1016/j.diagmicrobio.2018.10.001,3,6
692,30292647,Structural and functional profiles of the gut microbial community in polycystic ovary syndrome with insulin resistance (IR-PCOS): a pilot study,Zeng B,Research in Microbiology,2019,10.1016/j.resmic.2018.09.002,4,6
693,30655103,Dysbiosis of oral microbiota in palmoplantar pustulosis patients,Kouno M,Journal of Dermatological Science,2019,10.1016/j.jdermsci.2018.12.003,3,6
694,30291996,Altered composition of the gut microbiome in patients with drug-resistant epilepsy.,Peng A,Epilepsy Research,2018,10.1016/j.eplepsyres.2018.09.013,5,6
695,30933725,The alteration of gut microbiota in newly diagnosed type 2 diabetic patients,Chen P-C,Nutrition,2019,10.1016/j.nut.2018.11.019,4,6
697,30342346,Oral microbiota dysbiosis and its association with Henoch-Schönlein Purpura in children,Chen B,International Immunopharmacology,2018,10.1016/j.intimp.2018.10.017,5,6
698,30661942,Relationship between intestinal microbial dysbiosis and primary liver cancer,Zhang L,Hepatobiliary & Pancreatic Diseases International,2019,10.1016/j.hbpd.2019.01.002,5,6
699,30366118,The gut microbiome of Mexican children affected by obesity,Maya-Lucas O,Anaerobe,2019,10.1016/j.anaerobe.2018.10.009,4,6
700,30773302,Distinctive subpopulations of the intestinal microbiota are present in women with unexplained chronic anovulation,Sasaki H,Reproductive Biomedicine online,2019,10.1016/j.rbmo.2018.12.026,4,6
701,30472682,Enteric fungal microbiota dysbiosis and ecological alterations in colorectal cancer,Coker O,Gut,2019,10.1136/gutjnl-2018-317178,5,6
702,26068382,Profiling of oral and nasal microbiome in children with cleft palate,Zhang M,The Cleft Palate-Craniofacial Journal,2016,10.1597/14-162,4,6
703,30674011,Alterations in the intestinal microbiota of patients with severe and active Graves' orbitopathy: a cross-sectional study,Shi T,Journal of Endocrinological Investigation,2019,0.1007/s40618-019-1010-9,5,6
704,30714640,Association between blood microbiome and type 2 diabetes mellitus: a nested case-control study,Qiu J,Journal of Clinical Laboratory Analysis,2019,10.1002/jcla.22842,5,6
705,12574246,Diversity of bacterial populations on the tongue dorsa of patients with halitosis and healthy patients,Kazor C,Journal of Clinical Microbiology,2003,10.1128/jcm.41.2.558-563.2003,1,6
706,30957778,Gut microbiota in obstructive sleep apneu-hypopneu syndrome: disease-related dysbiosis and metabolic comorbidities,Ko CY,Clinical Science,2019,10.1042/CS20180891,4,6
707,30872359,Disordered intestinal microbes are associated with the activity of systemic lupus erythematosus,Li Yao,Clinical Science,2019,10.1042/CS20180841,5,6
708,30654751,Comparative study of vulva and abdominal skin microbiota of healthy females with high and average BMI,Vongsa R,BMC Microbiology,2019,10.1186/s12866-019-1391-0,5,6
709,28701186,The oral fungal mycobiome: characteristics and relation to periodontitis in a pilot study,Peters B,BMC Microbiology,2017,10.1186/s12866-017-1064-9,5,6
710,29756631,Patients with acne vulgaris have a distinct gut microbiota in comparison with healthy controls,Deng Y,Acta Dermato-Venereologica,2018,10.2340/00015555-2968,4,6
711,30545398,Gut microbiota dysbiosis in male patients with chronic traumatic complete spinal cord injury,Zhang C,Journal of Translational Medicine,2018,10.1186/s12967-018-1735-9,5,6
712,30867671,Alterations in the gut microbiota of patients with silica-induced pulmonary fibrosis,Zhou Y,Journal of Occupational Medicine and Toxicology,2019,10.1186/s12995-019-0225-1,5,6
713,30728065,Microbiome dysbiosis is associated with disease duration and increased inflammatory gene expression in systemic sclerosis skin,Johnson M,Arthritis Research & Therapy,2019,10.1186/s13075-019-1816-z,5,6
714,30519287,Microbiota profile in new-onset pediatric Crohn's disease: data from a non-Western population,El Mouzan M,Gut Pathogens,2018,10.1186/s13099-018-0276-3,5,6
715,30545401,A comparative study of the gut microbiota in immune-mediated inflammatory diseases - does a common dysbiosis exist?,Forbes J,Microbiome,2018,10.1186/s40168-018-0603-4,4,6
716,6431307,Altered diversity and composition of the gut microbiome in patients with cervical cancer,Wang Z,AMB Express,2019,10.1186/s13568-019-0763-z,5,6
717,29685174,Drinking alcohol is associated with variation in the human oral microbiome in a large study of american adults,Fan X,Microbiome,2018,10.1186/s40168-018-0448-x,5,6
718,30675188,Alteration in gut microbiota associated with hepatitis B and non-hepatitis virus related hepatocellular carcinoma,Liu Q,Gut Pathogens,2019,10.1186/s13099-018-0281-6,5,6
719,30787368,A Haemophilus sp. dominates the microbiota of sputum from UK adults with non-severe community acquired pneumonia and chronic lung disease,Wootton D,Scientific Reports,2019,10.1038/s41598-018-38090-5,4,6
720,30670726,Altered gut microbiota and short chain fatty acids in Chinese children with autism spectrum disorder,Liu S,Scientific Reports,2019,10.1038/s41598-018-36430-z,5,6
721,30926798,A gut microbiome signature for cirrhosis due to nonalcoholic fatty liver disease,Caussy C,Nature Communications,2019,10.1038/s41467-019-09455-9,5,6
722,30899033,Gut microbiota profile in children affected by atopic dermatitis and evaluation of intestinal persistence of a probiotic mixture,Reddel S,Scientific Reports,2019,10.1038/s41598-019-41149-6,5,6
723,30932002,Defining dysbiosis in patients with urolithiasis,Zampini A,Scientific Reports,2019,10.1038/s41598-019-41977-6,4,6
724,30778155,"The endobiota study: comparison of vaginal, cervical and gut microbiota between women with stage 3/4 endometriosis and healthy controls",Ata B,Scientific Reports,2019,10.1038/s41598-019-39700-6,5,6
725,30696838,Urogenital schistosomiasis is associated with signatures of microbiome dysbiosis in Nigerian adolescents,Ajibola O,Scientific Reports,2019,10.1038/s41598-018-36709-1,5,6
726,30563424,"Clinical, immunological and microbial gingival profile of juvenile systemic lupus erthematosus patients",Sete MRC,Lupus,2019,10.1177/0961203318819134,5,6
727,30581850,Composition analysis and feature selection of the oral microbiota associated with periodontal disease,Chen WP,BioMed Research International,2018,10.1155/2018/3130607,5,6
728,30576008,Unraveling gut microbiota in Parkinson's Disease and Atypical Parkinsonism,Barichella M,Movement Disorders,2019,10.1002/mds.27581,5,6
729,28222761,New evidences on the altered gut microbiota in autism spectrum disorders,Strati F,Microbiome,2017,10.1186/s40168-017-0242-1,5,6
730,30464016,Airway microbiome in adult survivors of extremely preterm birth: the EPICure study,Rofael S,The European Respiratory Journal,2019,10.1183/13993003.01225-2018,4,6
731,30540709,Decreased fecal bacterial diversity and altered microbiome in children colonized with Clostridium difficile,Chen L,Journal of Pediatric Gastroenterology and Nutrition,2019,10.1097/MPG.0000000000002210,4,6
732,30649052,Effects of HIV viremia on the gastrointestinal microbiome of young MSM,Cook R,AIDS,2019,10.1097/QAD.0000000000002132,4,6
733,30841606,Comositional and functional differences between microbiota and cervical carcinogenesis as identified by shotgun metagenomic sequencing,Kwon M,Cancers,2019,10.3390/cancers11030309,4,6
734,30581863,Distinct nasopharyngeal and oropharyngeal microbiota of children with influenza A virus compared with healthy children,Wen Z,BioMed Research International,2018,10.1155/2018/6362716,5,6
735,30900136,Comprehensive analysis of serum and fecal bile acid profiles and interaction with gut microbiota in primary biliary cholangitis,Chen W,Clinical Reviews in Allergy & Immunology,2019,10.1007/s12016-019-08731-2,4,6
736,30774408,"Fecal microbiota profiles in treatment-naïve pediatric inflammatory bowel disease - associations with disease phenotype, treatment, and outcome",Olbjorn C,Clinical and Experimental Gastroenterology,2019,10.2147/CEG.S186235,5,6
737,30666146,A pilot study of fecal bile acid and microbiota profiles in inflammatory bowel disease and primary sclerosing cholangitis,Vaughn B,Clinical and Experimental Gastroenterology,2019,10.2147/CEG.S186097,5,6
738,30567928,Gut microbiota composition and functional changes in inflammatory bowel disease and irritable bowel syndrome,Vich Vila A,Science Translational Medicine,2018,10.1126/scitranslmed.aap8914,5,6
739,30421135,Microbiome and its relation to gestational diabetes,Cortez R,Endocrine,2019,10.1007/s12020-018-1813-z,4,6
740,30962186,Blood microbiome profile in CKD: A pilot study,Shah N,Clinical Journal of the American Society of Nephrology,2019,10.2215/CJN.12161018,5,6
741,24192039,Expansion of intestinal Prevotella copri correlates with enhanced susceptibility to arthritis,Scher J,eLIFE,2013,10.7554/eLife.01202,5,6
742,30144108,Bile acid homeostasis and intestinal dysbiosis in alcoholic hepatitis,Ciocan D,Alimentary Pharmacology & Therapeutics,2018,10.1111/apt.14949,5,6
743,30662876,The oral microbiome in the elderly with dental caries and health,Jiang Q,Frontiers in Cellular and Infection Microbiology,2019,10.3389/fcimb.2018.00442,4,6
744,30619779,The gastric microbiome is perturbed in advanced gastric adenocarcinoma identified through shotgun metagenomics,Hu YL,Frontiers in Cellular and Infection Microbiology,2018,10.3389/fcimb.2018.00433,4,6
745,30988706,Alteration of vaginal microbiota in patients with unexplained recurrent miscarriage,Zhang F,Experimental and Therapeutic Medicine,2019,10.3892/etm.2019.7337,4,6
746,30867711,"Differential composition of gut microbiota among healthy volunteers, morbidly obese patients and post-bariatric surgery patients",Wang FG,Experimental and Therapeutic Medicine,2019,10.3892/etm.2019.7200,5,6
747,30915086,Altered immunity and microbial dysbiosis in aged individuals with long-term controlled HIV infection,Rhoades N,Frontiers in Immunology,2019,10.3389/fimmu.2019.00463,4,6
748,30565661,Alterations in the gut microbiota and metabolite profiles of thyroid carcinoma patients,Feng J,International Journal of Cancer,2019,10.1002/ijc.32007,5,6
749,30895172,Altered gut microbiota in Chinese children with autism spectrum disorders,Ma B,Frontiers in Cellular and Infection Microbiology,2019,10.3389/fcimb.2019.00040,5,6
751,29259328,Disordered oropharyngeal microbial communities in H7N9 patients with or without secondary bacterial lung infection,Lu HF,Emerging Microbes & Infections,2017,10.1038/emi.2017.101,4,6
752,28649415,Unexplored diversity and strain-level structure of the skin microbiome associated with psoriasis,Tett A,NPJ Biofilms and Microbiomes,2017,10.1038/s41522-017-0022-5,5,6
753,30619212,Gut microbiota features in young children with autism spectrum disorders,Coretti L,Frontiers in Microbiology,2018,10.3389/fmicb.2018.03146,5,6
754,30483228,Alterations of gut microbiota in cholestatic infants and their correlation with hepatic function,Guo C,Frontiers in Microbiology,2018,10.3389/fmicb.2018.02682,4,6
755,29808701,"Oral microbiome in HIV-infected women: shifts in the abundance of pathogenic and beneficial bacteria are associated with aging, HIV load, CD4 count, and antiretroviral therapy",Lewy T,AIDS Research and Human Retroviruses,2019,10.1089/AID.2017.0200,4,6
756,30386323,Altered gut microbiota and compositional changes in Firmicutes and Proteobacteria in mexican undernourished and obese children,Mendez-Salazar E,Frontiers in Microbiology,2018,10.3389/fmicb.2018.02494,5,6
757,30949136,Dysbiosis of skin microbiota in psoriatic patients: co-occurence of fungal and bacterial communities,Stehlikova Z,Frontiers in Microbiology,2019,10.3389/fmicb.2019.00438,3,6
758,6360994,Nasopharyngeal microbiota in children with invasive pneumococcal disease: identification of bacteria with potential disease-promoting and protective effects,Camelo-Castillo A,Frontiers in Microbiology,2019,10.3389/fmicb.2019.00011,5,6
759,30800106,Comparison of small gut and whole gut microbiota of first-degree relatives with adult celiac disease patients and controls,Bodkhe R,Frontiers in Microbiology,2019,10.3389/fmicb.2019.00164,5,6
760,30524957,Dysbiosis of the salivary microbiome is associated with non-smoking female lung cancer and correlated with immunocytochemistry markers,Yang J,Frontiers in Oncology,2018,10.3389/fonc.2018.00520,5,6
761,28765474,Mucosal microbiome dysbiosis in gastric carcinogenesis,Coker O,Gut,2018,10.1136/gutjnl-2017-314281,5,6
762,30842211,Gut mucosal virome alterations in ulcerative colitis,Zuo T,Gut,2019,10.1136/gutjnl-2018-318131,5,6
763,31003979,Fungi participate in the dysbiosis of gut microbiota in patients with primary sclerosing cholangitis,Lemoinne S,Gut,2019,10.1136/gutjnl-2018-317791,5,6
764,23013615,Dysfunction of the intestinal microbiome in inflammatory bowel disease and treatment,Morgan X,Genome Biology,2012,10.1186/gb-2012-13-9-r79,5,6
765,30720930,The difference in nasal bacterial microbiome diversity between chronic rhinosinusitis patients with polyps and a control population,Gan W,International Forum of Allergy & Rhinology,2019,10.1002/alr.22297,5,6
767,30938773,"Implicating dysbiosis of the gut fungal microbiome in uveitis, an inflammatory disease of the eye",Jayasudha R,Investigative Ophthalmology & Visual Science,2019,10.1167/iovs.18-26426,4,6
768,30478724,Characterization of fungal dysbiosis in Japanese patients with inflammatory bowel disease,Imai T,Journal of Gastroenterology,2019,10.1007/s00535-018-1530-7,5,6
769,27015003,Cigarette smoking and the oral microbiome in a large study of American adults,Wu J,The ISME Journal,2016,10.1038/ismej.2016.37,5,6
770,30911282,Airway microbiome in different inflammatory phenotypes of asthma: a cross-sectional study in northeast China,Pang Z,International Journal of Medical Sciences,2019,10.7150/ijms.29433,5,6
771,30584008,Alterations of gastric mucosal microbiota across different stomach microhabitats in a cohort of 276 patients with gastric cancer,Liu X,EBioMedicine,2019,10.1016/j.ebiom.2018.12.034,5,6
772,30685386,"Among older adults, age-related changes in the stool microbiome differ by HIV-1 serostatus",Liu J,EBioMedicine,2019,10.1016/j.ebiom.2019.01.033,5,6
773,30973913,Scalp bacterial shift in Alopecia areata,Pinto D,PLOS ONE,2019,10.1371/journal.pone.0215206,5,6
774,29388394,Composition of gut microbiota in obese and normal weight Mexican school-age children and its assocation with metabolic traits,Lopez-Contreras B,Pediatric Obesity,2018,10.1111/ijpo.12262,4,6
775,31027508,Alterations in the gut microbiome and metabolism with coronary artery disease severity,Liu H,Microbiome,2019,10.1186/s40168-019-0683-9,4,6
776,30242844,Different upper airway microbiome and their functional genes associated with asthma in young adults and elderly individuals,Lee J,Allergy,2019,10.1111/all.13608,4,6
777,30927743,"The microbiome in paediatric Crohn's Disease - A Longitudinal, prospective, single-centre study",Kansal S,Journal of Crohn's and Colitis,2019,10.1093/ecco-jcc/jjz016,4,6
778,6256731,Microbiota dysbiosis is associated with HPV-induced cervical carcinogenesis,Kwasniewski W,Oncology Letters,2018,10.3892/ol.2018.9509,5,6
779,30572569,Gut microbiota and endothelial dysfunction markers in obese Mexican children and adolescents,Nirmalkar K,Nutrients,2018,10.3390/nu10122009,5,6
780,30272305,Oral microbial flora of patients with Sicca syndrome,Zhou S,Molecular Medicine Reports,2018,10.3892/mmr.2018.9520,5,6
781,26969089,Gut bacteria dysbiosis and necrotising enterocolitis in very low birthweight infants: a prospective case-control study,Warner B,Lancet,2016,10.1016/S0140-6736(16)00081-7,5,6
782,30701194,Alterations in gut glutamate metabolism associated with changes in gut microbiota composition in children with autism spectrum disorder,Wang M,mSystems,2019,10.1128/mSystems.00321-18,5,6
783,29228609,Bacteriome and mycobiome associations in oral tongue cancer,Mukherjee P,Oncotarget,2017,10.18632/oncotarget.21921,4,6
784,26114287,Differences in the faecal microbiome in Schistosoma haematobium infected children vs. uninfected children,Kay G,PLOS Neglected Tropical Diseases,2015,10.1371/journal.pntd.0003861,5,6
785,28793309,The microbiome in urogenital schistosomiasis and induced bladder pathologies,Adebayo A,PLOS Neglected Tropical Diseases,2017,10.1371/journal.pntd.0005826,4,6
786,6166617,Molecular analysis of oral microflora in patients with primary Sjögren's syndrome by using high-throughput sequencing,Zhou Z,PeerJ,2018,10.7717/peerj.5649,5,6
787,6327884,Intestinal parasitic infection alters bacterial gut microbiota in children,Toro-Londono M,PeerJ,2019,10.7717/peerj.6200,5,6
788,30259511,Smoking habit modulates peri-implant microbiome: a case-control study,Pimentel S,Journal of Periodontal Research,2018,10.1111/jre.12597,4,6
789,24421902,Microbial dysbiosis is associated with human breast cancer,Xuan C,PLOS ONE,2014,10.1371/journal.pone.0083744,4,6
790,29190829,A comprehensive analysis of breast cancer microbiota and host gene expression,Thompson K,PLOS ONE,2017,10.1371/journal.pone.0188873,3,6
791,26752409,Intestinal microbiota in patients with spinal cord injury,Gungor B,PLOS ONE,2016,10.1371/journal.pone.0145878,5,6
792,30412600,Re-purposing 16S rRNA gene sequence data from within case paired tumor biopsy and tumor-adjacent biopsy or fecal samples to identify microbial markers for colorectal cancer,Shah M,PLOS ONE,2018,10.1371/journal.pone.0207002,4,6
793,30939160,Hepatic glycogen storage diseases are associated to microbial dysbiosis,Colonetti K,PLOS ONE,2019,10.1371/journal.pone.0214582,5,6
794,30870486,Fecal and blood microbiota profiles and presences of nonalcoholic fatty liver disease in obese versus lean subjects,Yun Y,PLOS ONE,2019,10.1371/journal.pone.0213692,5,6
795,30785932,Composition of gut microbiota in patients with toxigenic Clostridioides (Clostridium) difficile: Comparison between subgroups according to clinical criteria and toxin gene load,Han S,PLOS ONE,2019,10.1371/journal.pone.0212626,4,6
796,30807605,"The fecal, oral, and skin microbiota of children with Chagas disease treated with benznidazole",Robello C,PLOS ONE,2019,10.1371/journal.pone.0212593,4,6
797,30794590,Metagenomic analyses of the gut microbiota associated with colorectal adenoma,Saito K,PLOS ONE,2019,10.1371/journal.pone.0212406,5,6
798,30576312,Metabolomics and 16S rRNA sequencing of human colorectal cancers and adjacent mucosa,Loke M,PLOS ONE,2018,10.1371/journal.pone.0208584,5,6
799,26822992,Signatures of early frailty in the gut microbiota,Jackson M,Genome Medicine,2016,10.1186/s13073-016-0262-7,4,6
800,23454028,Fecal microbiome and volatile organic compound metabolome in obese humans with nonalcoholic fatty liver disease,Raman M,Clinical Gastroenterology and Hepatology,2013,10.1016/j.cgh.2013.02.015,4,6
801,30535886,"Intestinal microbiota is altered in patients with gastric cancer from Shanxi Province, China",Qi Y,Digestive Diseases and Sciences,2019,10.1007/s10620-018-5411-y,5,6
802,30894059,Characterization of gut microbiota composition and functions in patients with chronic alcohol overconsumption,Bjorkhaug S,Gut Microbes,2019,10.1080/19490976.2019.1580097,5,6
803,28875948,The tongue microbiome in healthy subjects and patients with intra-oral halitosis,Seerangaiyan K,Journal of Breath Research,2017,10.1088/1752-7163/aa7c24,5,6
804,30976074,Analysis of oral microbiota in patients with obstructive sleep apnea-associated hypertension,Ko C,Hypertension Research,2019,10.1038/s41440-019-0260-4,4,6
805,27605161,Deep sequencing reveals microbiota dysbiosis of tongue coat in patients with liver carcinoma,Lu H,Scientific Reports,2016,10.1038/srep33142,5,6
806,4863157,Gut microbiota composition and Clostridium difficile infection in hospitalized elderly individuals: a metagenomic study,Milani C,Scientific Reports,2016,10.1038/srep25945,5,6
807,29786876,Temporal and long-term gut microbiota variation in allergic disease: a prospective study from infancy to school age,Sjödin K,Allergy,2019,10.1111/all.13485,4,6
808,29969291,Severe obstructive sleep apnea is associated with alterations in the nasal microbiome and an increase in inflammation,Wu B,American Journal of Respiratory and Critical Care Medicine,2019,10.1164/rccm.201801-0119OC,5,6
809,29791775,Vaginal microbiome in early pregnancy and subsequent risk of spontaneous preterm birth: a case-control study,Tabatabaei N,BJOG: An International Journal of Obstetrics and Gyneacology,2019,10.1111/1471-0528.15299,5,6
810,30924020,Characterization of gut microbiota composition in HIV-infected patients with metabolic syndrome,Villanueva-Millan M,Journal of Physiology and Biochemistry,2019,10.1007/s13105-019-00673-9,5,6
811,30810207,Faecal microbiota dynamics and their relation to disease course in Crohn's Disease,Galazzo G,Journal of Crohn's and Colitis,2019,10.1093/ecco-jcc/jjz049,4,6
812,30920647,Gut microbiota dysbiosis in a cohort of patients with psoriasis,Hidalgo-Cantabrana C,British Journal of Dermatology,2019,10.1111/bjd.17931,4,6
813,30592383,Microbiome analytics of the gut microbiota in patients with juvenile idiopathic arthritis: a longitudinal observational cohort study,Van Dijkhuizen E,Arthritis & Rheumatology,2019,10.1002/art.40827,5,6
814,30905718,Alterations in skin microbiomes of patients with cirrhosis,Bajaj J,Clinical Gastroenterology and Hepatology,2019,10.1016/j.cgh.2019.03.028,5,6
815,30728915,Tongue coating microbiome data distinguish patients with pancreatic head cancer from healthy controls,Lu H,Journal of Oral Microbiology,2019,10.1080/20002297.2018.1563409,5,6
816,30584647,Dysbiosis of the gut microbiome is associated with thyroid cancer and thyroid nodules and correlated with clinical index of thyroid function,Zhang J,Endocrine,2019,10.1007/s12020-018-1831-x,5,6
817,30101990,Gut microbiota alterations in moderate to severe acne vulgaris patients,Yan H,The Journal of Dermatology,2018,10.1111/1346-8138.14586,5,6
818,30734438,Helicobacter pylori infection alters gastric and tongue coating microbial communities,Zhao Y,Helicobacter,2019,10.1111/hel.12567,4,6
819,30864226,Characterization of the circulating microbiome in acute-on-chronic liver failure associated with hepatitis B,Zhang Y,Liver International,2019,10.1111/liv.14097,5,6
820,30985920,Combined culture and metagenomic analyses reveal significant shifts in the composition of the cutaneous microbiome in psoriasis,Langan E,British Journal of Dermatology,2019,10.1111/bjd.17989,4,6
821,,Altered fecal small RNA profiles in colorectal cancer reflect gut microbiome composition in stool samples,Tarallo S,mSystems,2019,10.1128/mSystems.00289-19,3,6
822,30765132,Reduced Akkermansia muciniphila and Faecalibacterium prausnitzii levels in the gut microbiota of children with allergic asthma,Demirci M,Allergology and Immunopathology,2019,10.1016/j.aller.2018.12.009,1,6
823,31418671,Urinary microbiota - a potential biomarker and therapeutic target for bladder cancer,Bi H,Journal of Medical Microbiology,2019,10.1099/jmm.0.001058,1,6
824,30875283,Oral microbial dysbiosis in patients with Kostmann syndrome,Topcuoglu N,Journal of Medical Microbiology,2019,10.1099/jmm.0.000964,1,6
825,31549151,Composition of gut microbiota of children and adolescents with perinatal HIV infection taking antiretroviral therapy in Zimbabwe,Flygel TT,Journal of Infectious Diseases,2019,10.1093/infdis/jiz473,1,6
826,31062602,Identification of an intestinal microbiota signature associated with hospitalized patients with diarrhea,Nima M,Acta Microbiologica et Immunologica Hungarica,2019,10.1556/030.66.2019.002,1,6
827,31377126,Fecal microbiota in patients with ankylosing spondylitis: correlation with dietary factors and disease activity,Zhang L,Clinica Chimica Acta,2019,10.1016/j.cca.2019.07.038,4,6
828,31153098,Whole metagenomic shotgun sequencing of the subgingival microbiome of diabetics and non-diabetics with different periodontal conditions,Farina R,Archives of Oral Biology,2019,10.1016/j.archoralbio.2019.05.025,5,6
830,30982727,Culture-based bacterial evaluation of the appendix lumen in patients with and without acute appendicitis,Hattori T,Journal of Infection and Chemotherapy,2019,10.1016/j.jiac.2019.03.021,3,6
831,237965,"Quantitative microbiology of the scalp in non-dandruff, dandruff, and seborrheic dermatitis",McGinley K,The Journal of Investigative Dermatology,1975,10.1111/1523-1747.ep12512335,4,6
832,27717873,"Microbial signatures of oral dysbiosis, periodontitis and edentulism revealed by Gene Meter methodology",Hunter MC,Journal of Microbiological Methods,2016,10.1016/j.mimet.2016.09.019,3,6
833,28624575,Intestinal fungal dysbiosis is associated with visceral hypersensitivity in patients with irritable bowel syndrome and rats,Botschuijver S,Gastroenterology,2017,10.1053/j.gastro.2017.06.004,4,6
836,31255652,Microbiome signatures associated with steatohepatitis and moderate to severe fibrosis in children with nonalcoholic fatty liver disease,Schwimmer J,Gastroenterology,2019,10.1053/j.gastro.2019.06.028,5,6
837,30580994,Differences in the lower airway microbiota of infants with and without cystic fibrosis,Frayman K,Journal of Cystic Fibrosis,2019,10.1016/j.jcf.2018.12.003,4,6
838,29031597,Lower airway microbiota and mycobiota in children with sever asthma,Goldman D,Journal of Allergy and Clinical Immunology,2018,10.1016/j.jaci.2017.09.018,3,6
839,30029052,Altered gut microbiota profile in patients with generalized anxiety disorder,Jiang HY,Journal of Psychiatric Research,2018,10.1016/j.jpsychires.2018.07.007,5,6
840,31493882,Microbial alteration of small bowel stoma effluents and colonic feces in infants with short bowel syndrome,Zhang T,Journal of Pediatric Surgery,2019,10.1016/j.jpedsurg.2019.08.004,5,6
842,28912092,Comparison of gut microbiota in adult patients with type 2 diabetes and healthy controls,Sedighi M,Microbial Pathogenesis,2017,10.1016/j.micpath.2017.08.038,5,6
843,31108132,Gut dysbiosis and lack of short chain fatty acids in a Chinese cohort of patients with multiple sclerosis,Zeng Q,Neurochemistry International,2019,10.1016/j.neuint.2019.104468,5,6
844,31437702,Association between fecal microbiota and generalized anxiety disorder: severity and early treatment response,Yi-huan C,Journal of Affective Disorders,2019,10.1016/j.jad.2019.08.014,5,6
845,30261302,Gut microbiota composition in patients with newly diagnosed bipolar disorder and their unaffected first-degree relatives,Coello K,"Brain, Behavior, and Immunity",2019,10.1016/j.bbi.2018.09.026,5,6
846,31063846,Altered microbiomes distinguish Alzheimer's disease from amnestic mild cognitive impairment and health in a Chinese cohort,Liu P,"Brain, Behavior, and Immunity",2019,10.1016/j.bbi.2019.05.008,5,6
847,31255682,Altered gut microbiota and mucosal immunity in patients with schizophrenia,Xu R,"Brain, Behavior, and Immunity",2019,10.1016/j.bbi.2019.06.039,5,6
848,31201984,Association between the oral microbiome and brain resting state connectivity in smokers,Lin D,NeuroImage,2019,10.1016/j.neuroimage.2019.06.023,4,6
849,17631127,The fecal microbiota of irritable bowel syndrome patients differs significantly from that of healthy subjects,Kassinen A,Gastroenterology,2007,10.1053/j.gastro.2007.04.005,4,6
850,19783002,Intestinal microbial ecology in premature infants assessed with non-culture-based techniques,Mshvildadze M,The Journal of Pediatrics,2010,10.1016/j.jpeds.2009.06.063,4,6
851,31174953,Dysbiosis of gut microbiota in a selected population of Parkinson's patients,Pietrucci D,Parkinsonism and Related Disorders,2019,10.1016/j.parkreldis.2019.06.003,4,6
853,30742990,Commensal microflora in human conjuctiva; characteristics of microflora in the patients with chronic ocular graf-versus-host disease,Shimizu E,The Ocular Surface,2019,10.1016/j.jtos.2019.02.001,5,6
854,31434623,Mild cognitive impairment has similar alterations as Alzheimer's disease in gut microbiota,LI B,Alzheimer's & Dementia,2019,10.1016/j.jalz.2019.07.002,3,6
855,31399369,Obese individuals with and without Type 2 diabetes show different gut microbial functional capacity and composition,Thingholm L,Cell Host & Microbe,2019,10.1016/j.chom.2019.07.004,5,6
856,31121305,Scalp microbiota alterations in children with pediculosis,Haidamak J,"Infection, Genetics and Evolution",2019,10.1016/j.meegid.2019.05.016,4,6
857,31492563,Distinct gut metagenomics and metaproteomics signatures in prediabetics and treatment-naïve type 2 diabetics,Zhong H,EBioMedicine,2019,10.1016/j.ebiom.2019.08.048,4,6
858,30685379,Altered fecal bacterial composition correlates with disease activity in inflammatory bowel disease and the extent of IL8 induction,Heidarian F,Current Research in Translational Medicine,2019,10.1016/j.retram.2019.01.002,5,6
859,31502207,Characterization and analysis of the skin microbiota in rosacea: a case-control study,Rainer B,American Journal of Clinical Dermatology,2019,10.1007/s40257-019-00471-5,5,6
860,31466948,Alterations to the esophageal microbiome associated with progression from barrett's esophagus to esophageal adenocarcinoma,Snider E,"Cancer Epidemiology, Biomarkers & Prevention",2019,10.1158/1055-9965.EPI-19-0008,5,6
861,31550259,"Prevalence of Epstein-Barr virus, human papillomavirus, cytomegalovirus and herpse simplex virus type 1 in patients with diabetes mellitus type 2 in south-eastern Poland",Dworzanski J,PLOS ONE,2019,10.1371/journal.pone.0222607,5,6
862,17047098,Gut microbiota composition and development of atopic manifestations in infancy: the KOALA birth cohort study,Penders J,Gut,2007,10.1136/gut.2006.100164,5,6
863,30760471,Prevotell copri in individuals at risk for rheumatoid arthtritis,Alpizar-Rodriguez D,Annals of the Rheumatic Diseases,2019,10.1136/annrheumdis-2018-214514,5,6
864,3266037,Fusobacterium nucleatum infection is prevalent in human colorectal carcinoma,Castellarin M,Genome Research,2012,10.1101/gr.126516.111,3,6
865,30816877,Specific gut and salivary microbiota patterns are linked with different cognitive testing strategies in minimal hepatic encephalopathy,Bajaj J,The American Journal of Gastroenterology,2019,10.14309/ajg.0000000000000102,5,6
866,16188921,Reduced diversity of faecal microbiota in Crohn's disease revealed by a metagenomic approach,Manichanh C,Gut,2006,10.1136/gut.2005.073817,3,6
867,19164560,Human gut microbiota in obesity and after gastric bypass,Zhang H,PNAS,2009,10.1073/pnas.0812600106,5,6
870,31377728,Specific changes in faecal microbiota are associated with familial mediterranean fever,Deshayes S,Annals of the Rheumatic Diseases,2019,10.1136/annrheumdis-2019-215258,4,6
871,30290791,"The palatine tonsil bacteriome, but not the mycobiome, is altered in HIV infection",Fukui Y,BMC Microbiology,2018,10.1186/s12866-018-1274-9,5,6
872,31438919,Relationship between alterations of urinary microbiota and cultured negative lower urinary tract symptoms in female type 2 diabetes patients,Chen J,BMC Urology,2019,10.1186/s12894-019-0506-0,5,6
873,31174538,Chronic obstructive pulmonary disease upper airway microbiota alpha diversity is associated with exacerbation phenotype: a case-control observational study,Pragman A,Respiratory Research,2019,10.1186/s12931-019-1080-4,5,6
874,31315634,Dysbiosis of the gut microbiome is associated with CKD5 and correlated with clinical indices of the disease: a case-controlled study,Li Y,Journal of Translational Medicine,2019,10.1186/s12967-019-1969-1,5,6
875,30108246,The urinary microbiome associated with bladder cancer,Bucevic Popovic V,Scientific Reports,2018,10.1038/s41598-018-29054-w,5,6
876,31078141,Evolution of the gut microbiome following acute HIV-1 infection,Rocafort M,Microbiome,2019,10.1186/s40168-019-0687-5,5,6
877,29764499,Gestational diabetes is associated with change in the gut microbiota composition in third trimester of pregnancy and postpartum,Crusell M,Microbiome,2019,10.1186/s40168-018-0472-x,5,6
878,31248424,Altered gut microbiota and inflammatory cytokine responses in patients with Parkinson's disease,Lin C,Journal of Neuroinflammation,2019,10.1186/s12974-019-1528-y,5,6
879,31380217,Gut microbiota changes in patients with bipolar depression,Hu S,Advanced Science,2019,10.1002/advs.201900752,5,6
880,31329044,The subgingival microbiome relationship to periodontal disease in older women,Genco R,Journal of Dental Research,2019,10.1177/0022034519860449,5,6
881,31497202,Dysbiosis of gut microbiota is associated with serum lipid profiles in male patients with chronic traumatic cervical spinal cord injury,Zhang C,American Journal of Translational Research,2019,,5,6
882,,Conjuctival dysbiosis in mucosa-associated lyphoid tissue lymphoma,Asao K,Scientific Reports,2019,,5,6
883,31464899,Gut microbiota shifts in patients with gastric cancer in perioperative period,Liang W,Medicine,2019,10.1097/MD.0000000000016626,5,6
884,31306225,Intestinal microbiota composition in patients with amyotrophic lateral sclerosis: establishment of bacterial and archaeal communities analyses,Zhai C,Chinese Medical Journal,2019,10.1097/CM9.0000000000000351,5,6
885,31219947,Altered microbiome composition in individuals with fibromyalgia,Minerbi A,Pain,2019,10.1097/j.pain.0000000000001640,5,6
886,31087436,Molecular detection of microbial colonization in cervical mucus of women with and without endometriosis,Akiyama K,American Journal of Reproductive Immunology,2019,10.1111/aji.13147,4,6
887,31373933,Dysbiosis of the duodenal mucosal microbiota is associated with increased small intestinal permeability in chronic liver disease,Raj A,Clinical and Translational Gastroenterology,2019,10.14309/ctg.0000000000000068,5,6
889,7574628,Intestinal floras of populations that have a high risk of colon cancer,Moore W,Applied and Environmental Microbiology,1995,,4,6
890,31343467,The gut microbiota in collagenous colitis shares characteristics with inflammatory bowel diseas-associated dysbiosis,Carstens A,Clinical and Translational Gastroenterology,2019,10.14309/ctg.0000000000000065,5,6
891,31111067,Dysbiosis and variation in predicted functions of the granulation tissue microbiome in HPV positive and negative severe chronic periodontitis,Chowdhry R,BioMed Research International,2019,10.1155/2019/8163591,3,6
892,30051546,A step ahead: exploring the gut microbiota in inpatients with bipolar disorder during a depressive episode,Painold A,Bipolar Disorders,2019,10.1111/bdi.12682,5,6
893,31397240,"The association between gut microbiota composition and body mass index in Chinese male college students, as analyzed by next-generation sequencing",Lv Y,The Britisch Journal of Nutrition,2019,10.1017/S0007114519001909,5,6
894,31147456,Gut microbiota imbalances in Tunisian participants with type 1 and type 2 diabetes mellitus,Fassatoui M,Bioscience Reports,2019,10.1042/BSR20182348,3,6
895,30561093,Oral microbiomes in children with asthma and dental caries,Cherkasov S,Oral Diseases,2019,10.1111/odi.13020,4,6
896,30958430,Characteristic dysbiosis of gut microbiota of Chinese patients with diarrhea-predominant irritable bowel syndrome by an insight into the pan-microbiome,Wang Z,Chinese Medical Journal,2019,10.1097/CM9.0000000000000192,3,6
897,30603107,Microbial and inflammatory-based salivary biomarkers of head and neck squamous cell carcinoma,Vesty A,Clinical and Experimental Dental Research,2018,10.1002/cre2.139,4,6
898,31452955,Profiling microorganisms in whole saliva of children with and without dental caries,Vieira A,Clinical and Experimental Dental Research,2019,10.1002/cre2.206,3,6
899,31107724,The salivary microbiome is altered in children with eosinophilic esophagitis and correlates with disease activity,Hiremath G,Clinical and Translational Gastroenterology,2019,10.14309/ctg.0000000000000039,5,6
900,31173650,Inflammatory skin is associated with changes in the skin microbiota composition on the back of severe acne patients,Dagnelie A,Experimental Dermatology,2019,10.1111/exd.13988,5,6
901,29904624,Profiling the urinary microbiota in male patients with bladder cancer in China,Wu P,Frontiers in Cellular and Infection Microbiology,2018,10.3389/fcimb.2018.00167,5,6
902,29230385,Urinary microbiome and psychological factors in women with overactive bladder,Wu P,Frontiers in Cellular and Infection Microbiology,2017,10.3389/fcimb.2017.00488,5,6
903,31496123,Bacterial salivary microbiome associates with asthma among african american children and young adults,Espuela-Ortiz A,Pediatric Pulmonology,2019,10.1002/ppul.24504,5,6
910,28094874,"Skin microbiome and acne vulgaris: Staphylococcus, a new actor in acne",Dreno B,Experimental Dermatology,2017,10.1111/exd.13296,5,6
911,28476771,Signature of Microbial dysbiosis in periodontitis,Meuric V,Applied and Environmental Microbiology,2017,10.1128/AEM.00462-17,3,6
912,31263683,How ocular surface microbiota debuts in type 2 diabetes mellitus,Li S,Frontiers in Cellular and Infection Microbiology,2019,10.3389/fcimb.2019.00202,4,6
913,31165050,Alterations to the lung microbiome in idiopathic pulmonary fibrosis patients,Tong X,Frontiers in Cellular and Infection Microbiology,2019,10.3389/fcimb.2019.00149,5,6
914,6489541,Dysbiosis of the gut microbiome in lung cancer,Zhuang H,Frontiers in Cellular and Infection Microbiology,2019,10.3389/fcimb.2019.00112,4,6
915,31001490,The gut microbiome signatures discriminate healthy from pulmonary tuberculosis patients,Hu Y,Frontiers in Cellular and Infection Microbiology,2019,10.3389/fcimb.2019.00090,4,6
916,6700332,Bacterial but not fungal gut microbiota alterations are associated with common variable immunodeficiency (CVID) phenotype,Fiedorova K,Frontiers in Immunology,2019,10.3389/fimmu.2019.01914,4,6
917,6608563,Early-onset preeclampsia is associated with gut microbial alterations in antepartum and postpartum women,Lv L,Frontiers in Cellular and Infection Microbiology,2019,10.3389/fcimb.2019.00224,5,6
918,31281801,Identification of Salivary microbiota and its association with host inflammatory mediators in periodontitis,Lundmark A,Frontiers in Cellular and Infection Microbiology,2019,10.3389/fcimb.2019.00216,5,6
919,31245306,Alterations to the gut microbiota and their correlation with inflammatory factors in chronic kidney disease,Li F,Frontiers in Cellular and Infection Microbiology,2019,10.3389/fcimb.2019.00206,5,6
920,31250988,Alterations in the human gut microbiome associated with Helicobacter pylori infection,Wang D,FEBS Open Bio,2019,10.1002/2211-5463.12694,3,6
921,27703453,Evaluation of the microbial diversity in amyotrophic lateral sclerosis using high-throughput sequencing,Fang X,Frontiers in Microbiology,2016,10.3389/fmicb.2016.01479,5,6
922,31465241,Enteric dysbiosis is associated with sepsis in patients,Liu Z,The FASEB Journal,2019,10.1096/fj.201900398RR,3,6
923,6467948,Gender-specific associations between saliva microbiota and body size,Raju S,Frontiers in Microbiology,2019,10.3389/fmicb.2019.00767,5,6
924,31244818,Characterization of mucosa-associated microbiota in matched cancer and non-neoplastic mucosa from patients with colorectal cancer,Leung P,Frontiers in Microbiology,2019,10.3389/fmicb.2019.01317,4,6
925,6650632,Fecal and mucosal microbiota profiling in irritable bowel syndrome and inflammatory bowel disease,Lo Presti,Frontiers in Microbiology,2019,10.3389/fmicb.2019.01655,5,6
926,31354427,Gut microbiota differs between parkinson's disease patients and healthy controls in northeast China,Li C,Frontiers in Molecular Neuroscience,2019,10.3389/fnmol.2019.00171,5,6
927,29881345,Detection of microbial 16S rRNA gene in the blood of patients with Parkinson's Disease,Qian Y,Frontiers in Aging Neuroscience,2018,10.3389/fnagi.2018.00156,5,6
928,31417518,Microbiota in human periodontal abscess revealed by 16S rDNA sequencing,Chen J,Frontiers in Microbiology,2019,10.3389/fmicb.2019.01723,5,6
929,31428073,Characteristics of the salivary microbiota in patients with various digestive tract cancers,Kageyama S,Frontiers in Microbiology,2019,10.3389/fmicb.2019.01780,5,6
930,30657624,Diversity of the oral microbiome between dentate and edentulous individuals,Gazdeck K,Oral Diseases,2019,10.1111/odi.13039,5,6
931,31447702,Alterations of gut microbiota and blood lipidome in gestational diabetes mellitus with hyperlipidemia,Liu H,Frontiers in Physiology,2019,10.3389/fphys.2019.01015,5,6
932,6629868,Detection of microbial 16S rRNA gene in the serum of patients with gastric cancer,Dong Z,Frontiers in Oncology,2019,10.3389/fonc.2019.00608,4,6
933,31109865,Analysis of oral microbiota in Japanese oral cancer patients using 16S rRNA sequencing,Takahashi Y,Journal of Oral Biosciences,2019,10.1016/j.job.2019.03.003,5,6
934,31127480,Detection of Methanobrevibacter smithii in vaginal samples collected from women diagnosed with bacterial vaginosis.,Grine G,European Journal of Clinical Microbiology & Infectious Diseases,2019,10.1007/s10096-019-03592-1,5,6
935,30113252,Lack of short-chain fatty acids and overgrowth of opportunistic pathogens define dysbiosis of neuromyelitis optica spectrum disorders: a Chinese pilot study,Gong J,Multiple Sclerosis Journal,2019,10.1177/1352458518790396,5,6
936,31448571,Alterations in the human gut microbiome in anti-N-methyl-D-aspartate receptor encephalitis,Gong X,Annals of Clinical and Translational Neurology,2019,10.1002/acn3.50874,5,6
937,6543127,Disordered gut microbiota and alterations in metabolic patterns are associated with atrial fibrillation,Zuo K,GigaScience,2019,10.1093/gigascience/giz058,5,6
938,31201284,Alterations of gut microbiome in autoimmune hepatitis,Wei Y,Gut,2019,10.1136/gutjnl-2018-317836,5,6
939,31243055,Alterations of the bile microbiome in primary sclerosing cholangitis,Liwinski T,Gut,2019,10.1136/gutjnl-2019-318416,5,6
940,29172724,Distribution and diversity of ocular microbial communities in diabetic patients compared with healthy subjects,Ham B,Current Eye Research,2018,10.1080/02713683.2017.1406528,5,6
941,31211854,The imbalance of gut microbiota and its correlation with plasma inflammatory cytokines in pemphigus vulgaris patients,Huang S,Scandinavian Journal of Immunology,2019,10.1111/sji.12799,5,6
942,,The sinonasal mycobiota in chronic rhinosinusitis and control patients,Hoggard M,Rhinology,2019,,5,6
943,31515740,Significant decrease in Faecalibacterium among gut microbiota in nonalcoholic fatty liver disease: a large BMI- and sex-matched population study,Lino C,Hepatology International,2019,10.1007/s12072-019-09987-8,5,6
944,31480468,Subgingival microbiota of Mexicans with Type 2 diabetes with different periodontal and metabolic conditions,Rodriguez-Hernandez A,International Journal of Environmental Research and Public Health,2019,10.3390/ijerph16173184,5,6
945,31173179,Molecular characterization of alterations in the intestinal microbiota of patients with grade 3 hypertension,Mushtaq N,International Journal of Molecular Medicine,2019,10.3892/ijmm.2019.4235,5,6
946,31502122,Japanese subgingival microbiota in health vs disease and their roles in predicted functions associated with periodontitis,Ikeda E,Odontology,2020,10.1007/s10266-019-00452-4,5,6
947,30796823,Streptococcus salivarius: a potential salivary biomarker for orofacial granulomatosis and Crohn's Disease?,Goel R,Inflammatory Bowel Diseases,2019,10.1093/ibd/izz022,4,6
948,28530644,Intestinal fungi contribute to development of alcoholic liver disease,Yang A,The Journal of Clinical Investigation,2017,10.1172/JCI90562,3,6
949,30908851,Gut microbial dysbiosis is associated with development and progression of radiation enteritis during pelvic radiotherapy,Wang Z,Journal of Cellular and Molecular Medicine,2019,10.1111/jcmm.14289,4,6
950,6572219,Gut microbial composition and function are altered in patients with early rheumatoid arthritis,Jeong Y,Journal of Clinical Medicine,2019,10.3390/jcm8050693,4,6
951,6572048,Periodontal health and oral microbiota in patients with Rheumatoid Arthritis,Eriksson K,Journal of Clinical Medicine,2019,10.3390/jcm8050630,4,6
952,31298745,"Characterization of gut microbiota, bile acid metabolism, and cytokines in intrahepatic cholangiocarcinoma",Jia X,Hepatology,2019,10.1002/hep.30852,5,6
953,31209076,Altered stool microbiota of infants with cystic fibrosis shows a reduction in genera associated with immune programming from birth,Antosca K,Journal of Bacteriology,2019,10.1128/JB.00274-19,4,6
954,31378815,Gut microbiota alterations associated with reduced bone mineral density in older adults,Das M,Rheumatology,2019,10.1093/rheumatology/kez302,5,6
955,31381527,Fecal and blood microbial 16S rRNA gene alteration in Chinese patients with multiple system atrophy and its subtypes,Du J,Journal of Parkinson's Disease,2019,10.3233/JPD-191612,4,6
956,31315951,Molecular diagnosis of vaginitis: comparing quantitative PCR and microbiome profiling approaches to current microscopy scoring,Lynch T,Journal of Clinical Microbiology,2019,10.1128/JCM.00300-19,5,6
957,31536536,Upper versus lower airway microbiome and metagenome in children with cystic fibrosis and their correlation with lung inflammation,Kirst M,PLoS ONE,2019,10.1371/journal.pone.0222323,4,6
958,31290561,Skin microbiome differences relate to the grade of acne vulgaris,Li C,Journal of Dermatology,2019,10.1111/1346-8138.14952,4,6
959,24402361,Molecular characterization of skin microbiota between cancer cachexia patients and healthy volunteer,Li W,Microbial Ecology,2014,10.1007/s00248-013-0345-6,4,6
960,31228214,Intestinal fungal dysbiosis and systemic immune response to fungi in patients with alcoholic hepatitis,Lang S,Hepatology,2019,10.1002/hep.30832,5,6
961,30666372,"Gut microbiota composition and bone mineral loss-epidemiologic evidence from individuals in Wuhan, China",Li C,Osteoporosis International,2019,10.1007/s00198-019-04855-5,5,6
962,31221587,Gut microbiota in Parkinson's disease: temporal stability and relations to disease progression,Aho V,EBioMedicine,2019,10.1016/j.ebiom.2019.05.064,4,6
963,31327695,Gut microbiome and serum metabolome analyses identify molecular biomarkers and altered glutamate metabolism in fibromyalgia,Clos-Garcia M,EBioMedicine,2019,10.1016/j.ebiom.2019.07.031,5,6
964,31329473,The microbiome reflects diagnosis and predicts disease severity in paediatric onset inflammatory bowel disease,Malham M,Scandinavian Journal of Gastroenterology,2019,10.1080/00365521.2019.1644368,4,6
965,30885620,Bacterial and viral respiratory tract microbiota and host characteristics in children with lower respiratory tract infections: a matched case-control study,Man W,The Lancet. Respiratory Medicine,2019,10.1016/S2213-2600(18)30449-1,5,6
966,31462412,Integrated meta-omics reveals a fungus-associated bacteriome and distinct functional pathways in Clostridioides difficile infection,Stewart D,mSphere,2019,10.1128/mSphere.00454-19,4,6
967,31132957,Characterizing the gut microbiota in adults with bipolar disorder: a pilot study,McIntyre R,Nutritional Neuroscience,2019,10.1080/1028415X.2019.1612555,4,6
968,31055592,Combined signature of the fecal microbiome and plasma metabolome in patients with ulcerative colitis,Sun M,Medical Science Monitor,2019,10.12659/MSM.916009,5,6
969,29625474,Gut microbiota composition and fecal metabolic phenotype in patients with acute anterior uveitis,Huang X,Investigative Opthalmology & Visual Science,2018,10.1167/iovs.17-22677,4,6
970,31043518,Laryngotracheal microbiota in adult laryngotracheal stenosis,Hillel A,mSphere,2019,10.1128/mSphereDirect.00211-19,5,6
971,31164450,Selected immunological mediators and cervical microbial signatures in women with Chlamydia trachomatis infection,Filardo S,mSystems,2019,10.1128/mSystems.00094-19,5,6
972,22221039,Subgingival microbiota in adult down syndrome periodontitis,Khocht A,Journal of Periodontal Research,2012,10.1111/j.1600-0765.2011.01459.x,4,6
973,25619688,Disease-specific alterations in the enteric virome in inflammatory Bowel disease,Norman J,Cell,2015,10.1016/j.cell.2015.01.002,2,6
974,19722792,"Comparisons of subgingival microbial profiles of refractory periodontitis, severe periodontitis and periodontal health using the human oral microbe identification microarray (HOMIM)",Colombo A,Journal of Periodontology,2009,10.1902/jop.2009.090185,5,6
975,23796786,Skin microbiome imbalance in patients with STAT1/STAT3 defects impairs innate host defense responses,Smeekens S,Journal of Innate immunity,2014,10.1159/000351912,4,6
976,31489949,New and Preliminary Evidence on Altered Oral and Gut Microbiota in Individuals with Autism Spectrum Disorder (ASD): Implications for ASD Diagnosis and Subtyping Based on Microbial Biomarkers.,Kong X,Nutrients,2019,10.3390/nu11092128,5,6
977,28630804,Diversity analysis of gut microbiota in osteoporosis and osteopenia patients,Wang J,PeerJ,2017,10.7717/peerj.3450,5,6
978,31223522,Analysis of microbiota in elderly patients with acute cerebral infarction,Huang L,PeerJ,2019,10.7717/peerj.6928,5,6
979,22068912,Colinic mucosa-associated microbiota is influenced by an interaction of Crohn disease and FUT2 (Secretor) genotype,Rausch P,PNAS,2011,10.1073/pnas.1106408108,2,6
980,31100040,"Skin microbiome differences in atopic dermatitis and healthy controls in Egyptian children and adults, and association with serum immunoglobulin E",Ramadan M,OMICS,2019,10.1089/omi.2019.0011,3,6
981,28696303,Intestinal virome changes precede autoimmunity in type 1 diabetes-susceptible children,Zhao G,PNAS,2017,10.1073/pnas.1706359114,3,6
982,21674011,Fecal microbiota in premature infants prior to necrotizing enterocolitis.,Mai V,PLOS ONE,2011,10.1371/journal.pone.0020647,4,6
983,22393454,Characterizaion of the fungal microbiota (Mycobiome) in healthy and dandruff-afflicted human scalps,Park H,PLOS ONE,2012,10.1371/journal.pone.0032847,3,6
984,22675498,Deep sequencing of the oral microbiome reveals signatures of periodontal disease,Liu B,PLOS ONE,2012,10.1371/journal.pone.0037919,4,6
985,31247001,The oral microbiome of early stage Parkinson's disease and its relationship with functional measures of motor and non-motor function.,Mihaila D,PLOS ONE,2019,10.1371/journal.pone.0218252,5,6
986,28863139,Gut microbiome in ADHD and its relation to neural reward anticipation,Aarts E,PLOS ONE,2017,10.1371/journal.pone.0183509,5,6
987,31095575,The bacterial communities of the small intestine and stool in children with short bowel syndrome,Zeichner S,PLOS ONE,2019,10.1371/journal.pone.0215351,5,6
988,31211818,Exploring the impact of Helicobacter pylori on gut microbiome composition,Dash N,PLOS ONE,2019,10.1371/journal.pone.0218274,3,6
989,31211815,Dysbiotic salivary microbiota in dry mouth and primary Sjögren's syndrome patients,Rusthen S,PLOS ONE,2019,10.1371/journal.pone.0218319,5,6
990,31365560,Amplicon-based microbiome study highlights the loss of diversity and the establishment of a set of species in patients with dentin caries,Wolff D,PLOS ONE,2019,10.1371/journal.pone.0219714,3,6
991,31479472,Lower prevalence of Blastocystis sp. infections in HIV positive compared to HIV negative adults in Ghana,Di Cristanziano V,PLOS ONE,2019,10.1371/journal.pone.0221968,5,6
992,31009268,An altered composition of the microbiome in microscopic colitis is driven towards the composition in healthy controls by treatment with budesonide,Krogsgaard L,Scandinavian Journal of Gastroenterology,2019,10.1080/00365521.2019.1599064,5,6
993,31250469,Consistent alterations in faecal microbiomes of patients with primary sclerosing cholangitis independent of associated colitis,Rühlemann M,Alimentary Pharmacology & Therapeutics,2019,10.1111/apt.15375,4,6
994,31216300,Fretibacterium sp. human oral taxon 360 is a novel biomarker for periodontitis screening in the Japanese population,Khemwong T,PLOS ONE,2019,10.1371/journal.pone.0218266,5,6
995,24626467,Oraly mycobiome analysis of HIV-infected patients: identification of Pichia as an antagonist of opportunistic Fungi,Mukherjee P,PLOS ONE,2014,10.1371/journal.ppat.1003996,5,6
996,31263096,Salivary mycobiome dysbiosis and its potential impact on bacteriome shifts and host immunity in oral lichen planus,Li Y,International Journal of Oral Science,2019,10.1038/s41368-019-0045-2,4,6
997,30264198,Dysbiosis of gut microbiota was closely associated with psoriasis,Huang L,Science China Life Sciences,2019,10.1007/s11427-018-9376-6,3,6
998,31171880,Metagenomic and metabolomic analyses reveal distinct stage-specific phenotypes of the gut microbiota in colorectal cancer,Yachida S,Nature Medicine,2019,10.1038/s41591-019-0458-7,4,6
999,31530820,Discrepant gut microbiota markers for the classification of obesity-related metabolic abnormalities,Zeng Q,Scientific Reports,2019,10.1038/s41598-019-49462-w,5,6
1000,31520001,Remission in Crohn's disease is accompanied by alterations in the gut microbiota and mucins production,Magro D,Scientific Reports,2019,10.1038/s41598-019-49893-5,5,6
1001,31141234,Psoriatic patients have a distinct structural and functional fecal microbiota compared with controls,Shapiro J,The Journal of Dermatology,2019,10.1111/1346-8138.14933,5,6
1002,30628011,Relative abundance of Megamonas hypermegale and Butyrivibrio species decreased in the intestine and its possible association with the T cell aberration by metabolite alteration in patients witch Behcet's disease,Shimizu J,Clinical Rheumatology,2019,10.1007/s10067-018-04419-8,4,6
1003,26455903,Obesity changes the human gut mycobiome,Rodriguez M,Scientific Reports,2015,10.1038/srep14600,5,6
1004,31271681,Gut microbial profile in biliary atresia: a case-control study,Wang J,Journal of Gastroenterology and Hepatology,2019,10.1111/jgh.14777,5,6
1005,31119393,Gut microbiota and dietary patterns in children with attention-deficit/hyperactivity disorder,Wang L,European Child & Adolescent Psychiatry,2019,10.1007/s00787-019-01352-2,5,6
1006,30888537,"Understanding the gut-kidney axis among biopsy-proven diabetic nephropathy, type 2 diabetes mellitus and healthy controls: an analysis of the gut microbiota composition",Tao S,Acta Diabetologica,2019,10.1007/s00592-019-01316-7,5,6
1007,19533811,Lower Bifidobacteria counts in both duodenal mucosa-associated and fecal microbiota in irritable bowel syndrome patients,Kerckhoffs A,World Journal of Gastroenterology,2009,10.3748/wjg.15.2887,4,6
1008,18528968,Fecal microbiota in early rheumatoid arthritis,Vaahtovuo J,The Journal of Rheumatology,2008,,4,6
1009,31132163,Characterization of ocular and nasopharyngeal microbiome in allergic rhinoconjunctivitis,Yau J,Pediatric Allergy and Immunology,2019,0.1111/pai.13088,4,6
1010,20876719,Differential adaptation of human gut microbiota to bariatric surgery-induced weight loss,Furet JP,Diabetes,2010,10.2337/db10-0253,4,6
1011,31250341,Altered intestinal microbiota associated with colorectal cancer,Zhang H,Frontiers of Medicine,2019,10.1007/s11684-019-0695-7,4,6
1012,31273779,Compositional and functional features of the female premenopausal and postmenopausal gut microbiota,Zhao H,FEBS Letters,2019,10.1002/1873-3468.13527,4,6
1013,31152265,Alterations in the skin microbiome are associated with disease severity and treatment in the perioral zone of the skin of infants with atopic dermatitis,Zheng Y,European Journal of Clinical Microbiology & Infectious Diseases,2019,10.1007/s10096-019-03598-9,4,6
1014,31472099,Shifts in the skin microbiome associated with diaper dermatitis and emollient treatment amongst infants and toddlers in China,Zheng Y,Experimental Dermatology,2019,10.1111/exd.14028,5,6
1015,31419351,Analysis of the gut microbiota in alopecia areata: identification of bacterial biomarkers,Moreno-Arrones OM,Journal of the European Academy of Dermatology and Venereology,2019,10.1111/jdv.15885,5,6
1016,30519748,Gut microbiota dysbiosis worsens the severity of acute pancreatitis in patients and mice.,Zhu Y,Journal of Gastroenterology,2019,10.1007/s00535-018-1529-0,5,6
1017,6713147,Porphyromonas gingivalis in saliva associates with chronic and aggressive periodontitis,Damgaard C,Journal of Oral Microbiology,2019,10.1080/20002297.2019.1653123,5,6
1018,29152157,A dysbiotic mycobiome dominated by Candida albicans is identified within oral squamous-cell carcinoma,Perera M,Journal of Oral Microbiology,2017,10.1080/20002297.2017.1385369,5,6
1019,6225480,Preliminary study of the oral mycobiome of children with and without dental caries,Fechney J,Journal of Oral Microbiology,2018,10.1080/20002297.2018.1536182,4,6
1020,31806503,Altered diversity and composition of gut microbiota in Chinese patients with chronic pancreatitis,Zhou CH,Pancreatology,2019,10.1016/j.pan.2019.11.013,5,6
1021,,Change of the duodenal mucosa-associated microbiota is related to intestinal metaplasia,Gong J,BMC Microbiology,2019,10.1186/s12866-019-1666-5,5,6
1022,31460790,Posttraumatic stress disorder is associated with altered gut microbiota that modulates cognitive performance in veterans with cirrhosis,Bajaj J,American Journal of Physiology. Gastrointestinal and Liver Physiology,2019,10.1152/ajpgi.00194.2019,5,6
1023,31275531,Bacterial biofilm composition in healthy subjects with and without caries experience,Schoilew K,Journal of Oral Microbiology,2019,10.1080/20002297.2019.1633194,5,6
1024,29758946,Gut Microbiota is Altered in Patients with Alzheimer's Disease.,Zhuang ZQ,Journal of Alzheimer's Disease,2018,10.3233/JAD-180176,5,6
1025,31514257,Saliva microbiome in primary Sjogren's syndrome reveals distinct set of disease associated microbes,Sharma D,Oral Diseases,2019,10.1111/odi.13191,5,6
1026,31539533,Skin microbiota perurbations are distinct and disease severity-dependent in hidradenitis suppurativa,Naik H,The Journal of Investigative Dermatology,2019,10.1016/j.jid.2019.08.445,3,6
1027,28538949,The follicular skin microbiome in patients with Hidradenitis suppurativa and healthy controls,Ring H,JAMA Dermatology,2017,10.1001/jamadermatol.2017.0904,5,6
1028,31465743,Loss of skin microbial diversity and alteration of bacterial metabolic function in Hidradenitis suppurativa,Schneider A,The Journal of Investigative Dermatology,2019,10.1016/j.jid.2019.06.151,4,6
1029,31759045,"Analysis of gut mycobiota in first-episode, drug-naïve Chinese patients with schizophrenia: a pilot study",Zhang X,Behavioural Brain Research,2020,10.1016/j.bbr.2019.112374,5,6
1030,31705881,"Evaluation of cutaneous, oral and intestinal microbiota in patients affected by pemphigus and bullous pemphigoid: a pilot study",Scaglione G,Experimental and Molecular Pathology,2020,10.1016/j.yexmp.2019.104331,4,6
1031,31730997,The gut microbiome in epilepsy,Safak B,Microbial Pathogenesis,2020,10.1016/j.micpath.2019.103853,5,6
1032,31883828,Disordered cutaneous microbiota in systemic lupus erythematosus,Huang C,Journal of Autoimmunity,2020,10.1016/j.jaut.2019.102391,5,6
1033,31841737,Dysbiosis of gut microbiota in patients with neuromyelitis optica spectrum disorders: a cross sectional study,Shi Z,Journal of Neuroimmunology,2020,10.1016/j.jneuroim.2019.577126,5,6
1034,31928124,Altered gut microbiome composition in patients with Vogt-Koyanagi-Harada disease,Ye Z,Gut Microbes,2020,10.1080/19490976.2019.1700754,4,6
1035,31900289,Gut dysbiosis induces the development of pre-eclampsia through bacterial translocation,Chen X,Gut,2020,10.1136/gutjnl-2019-319101,3,6
1036,30642327,Comparison of the salivary and dentinal microbiome of children with severe-early childhood caries to the salivary microbiome of caries-free children,Hurley E,BMC Oral Health,2019,10.1186/s12903-018-0693-1,4,6
1037,31971861,Establishing high-accuracy biomarkers for colorectal cancer by comparing fecal microbiomes in patients with healthy families,Yang J,Gut Microbes,2020,10.1080/19490976.2020.1712986,5,6
1038,31752810,Comparative analysis of the oral microbiota between iron-deficiency anaemia (IDA) patients and healthy individuals by high-throughput sequencing,Xi R,BMC Oral Health,2019,10.1186/s12903-019-0947-6,5,6
1039,31796065,Comparing dental plaque microbiome diversity of extrinsic black stain in the primary dentition using Illumina MiSeq sequencing technique,Chen L,BMC Oral Health,2019,10.1186/s12903-019-0960-9,5,6
1040,31619666,Microbiome-host interplay in atopic dermatitis and psoriasis,Fyhrquist N,Nature Communications,2019,10.1038/s41467-019-12253-y,5,6
1041,31705027,Gut microbiome of treatment-naïve MS patients of different ethnicities early in disease course,Ventura R,Scientific Reports,2019,10.1038/s41598-019-52894-z,5,6
1042,31727922,Fecal microbiome signatures of pancreatic cancer patients,Half E,Scientific Reports,2019,10.1038/s41598-019-53041-4,5,6
1043,29689266,Alterations in enteric virome are associated with colorectal cancer and survival outcomes,Nakatsu G,Gastroenterology,2018,10.1053/j.gastro.2018.04.018,4,6
1044,,Cytokine levels and salivary microbiome play a potential role in oral lichen planus diagnosis,Silva de Carvalho M,Scientific Reports,2019,10.1038/s41598-019-54615-y,5,6
1045,31827191,Differences in the intestinal microbiome of healthy children and patients with newly diagnosed Crohn's disease,Kowalska-Duplaga,Scientific Reports,2019,10.1038/s41598-019-55290-9,4,6
1046,31874981,Temporal development of the oral microbiome and prediction of early childhood caries,Dashper S,Scientific Reports,2019,10.1038/s41598-019-56233-0,5,6
1047,31959912,Oropharyngeal microbiome of a college population following a meningococcal disease outbreak,Retchless A,Scientific Reports,2020,10.1038/s41598-020-57450-8,4,6
1048,31172918,Microbiota stratification identifies disease-specific alterations in neuro-Behcet's disease and multiple sclerosis,Oezguen N,Clinical and Experimental Rheumatology,2019,,5,6
1049,31573753,The association between vaginal bacterial composition and miscarriage: a nested case-control study,Al-Memar M,BJOG: An International Journal of Obstetrics and Gyneacology,2020,10.1111/1471-0528.15972,5,6
1050,31749298,The vaginal metabolome and microbiota of cervical HPV-positive and HPV-negative women: a cross-sectional analysis,Borgogna JC,BJOG: An International Journal of Obstetrics and Gyneacology,2020,10.1111/1471-0528.15981,5,6
1051,31568654,Dysbiosis signatures of the microbial profile in tissue from bladder cancer,Liu F,Cancer Medicine,2019,10.1002/cam4.2419,5,6
1052,31750624,Oral microbial community composition is associated with pancreatic cancer: a case-control study in Iran,Vogtmann E,Cancer Medicine,2020,10.1002/cam4.2660,4,6
1053,31972546,Characteristic gut microbiota and predicted metabolic functions in women with PCOS,Zhou L,Endocrine Connections,2020,10.1530/EC-19-0522,5,6
1054,32039040,Molecular characterization of circulating microbiome signatures in rheumatoid arthritis,Hammad D,Frontiers in Cellular and Infection Microbiology,2020,10.3389/fcimb.2019.00440,4,6
1055,32039051,Oral microbiota perturbations are linked to high risk for rheumatoid arthritis,Tong Y,Frontiers in Cellular and Infection Microbiology,2020,10.3389/fcimb.2019.00475,5,6
1056,31781514,Helicobacter pylori infection aggravates dysbiosis of gut microbiome in children with gastritis,Yang L,Frontiers in Cellular and Infection Microbiology,2019,10.3389/fcimb.2019.00375,5,6
1057,31798558,Brain microbiota in Huntington's Disease,Alonso R,Frontiers in Microbiology,2019,10.3389/fmicb.2019.02622,4,6
1058,31921729,Metagenome of gut microbiota of children with nonalcoholic fatty liver disease,Zhao Y,Frontiers in Pediatrics,2019,10.3389/fped.2019.00518,5,6
1059,31905907,Salivary microbiome and cigarette smoking: a first of its kind investigation in Jordan,Al-Zyoud W,International Journal of Environmental Research and Public Health,2020,10.3390/ijerph17010256,5,6
1060,31803245,Comparative analysis of microbiome in nasopharynx and middle ear in young children with acute otitis media,Xu Q,Frontiers in Genetics,2019,10.3389/fgene.2019.01176,4,6
1061,31777426,Analysis of gut microbiota in patients with cerebral autosomal dominant arteriophathy with subcortical infarcts and leukoencephalopathy (CADASIL),Matsuura J,Journal of Clinical Biochemistry and Nutrition,2019,10.3164/jcbn.19-22,5,6
1062,31830061,Comparative analysis of the vaginal microbiome of pregnant women with either Trichomonas vaginalis of Chamydia trachomatis,Masha S,PLOS ONE,2019,10.1371/journal.pone.0225545,5,6
1063,31951641,Signatures of oral microbiome in HIV-infected individuals with oral Kaposi's sarcoma and cell-associated KSHV DNA,Gruffaz M,PLOS Pathogens,2020,10.1371/journal.ppat.1008114,5,6
1064,31561385,"A pilot microbiota study in Parkinson's Disease patients versus control subjects, and effects of FTY720 and FTY720-Mitoxy therapies in Parkinsonian and multiple system atrophy mouse models",Vidal-Martinez G,Journal of Parkinson's Disease,2020,10.3233/JPD-191693,4,6
1065,31778109,Metagenome-wide association study of the alterations in the intestinal microbiome composition of ankylosing spondylitis patients and the effect of traditional and herbal treatment,Huang R,Journal of Medical Microbiology,2019,10.1099/jmm.0.001107,5,6
1066,32219537,Malassezia and Staphylococcus dominate scalp microbiome for seborrheic dermatitis,Lin Q,Bioprocess and Biosystems Engineering,2020,10.1007/s00449-020-02333-5,5,6
1067,31848302,Gut microbiota dysbiosis is associated with altered bile acid metabolism in infantile cholestasis,Wang Y,mSystems,2019,10.1128/mSystems.00463-19,5,6
1068,26340752,Analysis of the microbiota of black stain in the primary dentition,Li Y,PLOS ONE,2015,10.1371/journal.pone.0137030,3,6
1069,32021305,Comparison of gut microbiome in human colorectal cancer in paired tumor and adjacent normal tissues,Sheng Q,OncoTargets and Therapy,2020,10.2147/OTT.S218004,5,6
1070,28166278,Gut dysbiosis is associated with metabolism and systemic inflammation in patients with ischemic stroke,Yamashiro K,PLOS ONE,2017,10.1371/journal.pone.0171521,5,6
1071,31726978,Changes of intestinal bacterial microbiota in coronary hearth disease complicated with nonalcoholic fatty liver disease,Zhang Y,BMC Genomics,2019,10.1186/s12864-019-6251-7,5,6
1072,31995569,Coronary artery disease is associated with an altered gut microbiome composition,Toya T,PLOS ONE,2020,10.1371/journal.pone.0227147,4,6
1073,31738795,Diversity of endocervical microbiota associated with genital Chlamydia trachomatis infection and infertility among women visiting obstetrics and gynecology clinics in Malaysia,Cheong HC,PLOS ONE,2019,10.1371/journal.pone.0224658,5,6
1074,31553956,Relationship of tongue coating microbiome on volatile sulfur compounds in healthy and halitosis adults,Ye W,Journal of Breath Research,2019,10.1088/1752-7163/ab47b4,5,6
1075,31267543,Faecal microbial dysbiosis in children with Wiskott-Aldrich syndrome,Zhang L,Journal of Immunology,2020,10.1111/sji.12805,4,6
1076,32026584,Dysbiosis of the oral ecosystem in severe congenital neutropenia patients,Zaura E,Proteomics. Clinical Applications,2020,10.1002/prca.201900058,4,6
1077,31748797,Altered gut microbiota and host metabolite profiles in women with human immunodeficiency virus,Wang Z,Clinical Infectious Diseases,2020,10.1093/cid/ciz1117,4,6
1078,31899727,Altered gut microbiota is present in newly diagnosed pediatric patients with inflammatory bowel disease,Sila S,Journal of Paediatric Gastroenterology and Nutrition,2020,10.1097/MPG.0000000000002611,4,6
1079,32205761,Features of the vaginal and vestibular microbioma in patients with vestibulodynia: a case-control study,Murina F,Journal of Lower Genital Tract Disease,2020,10.1097/LGT.0000000000000523,1,6
1080,32203722,Dysbiosis of oral microbiota is associated with systemic lupus erythematosus,Li B,Archives of Oral Biology,2020,10.1016/j.archoralbio.2020.104708,5,6
1081,31917963,Gut microbiota compositional profile and serum metabolic phenotype in patients with primary open-angle glaucoma,Gong H,Experimental Eye Research,2020,10.1016/j.exer.2020.107921,5,6
1082,32065949,Alteration of the gut microbiome in first-episode drug-naïve and chronic medicated schizophrenia correlate with regional brain volumes,Ma X,Journal of Pschiatric Research,2020,10.1016/j.jpsychires.2020.02.005,5,6
1083,31981541,Identification of hyperglycemia-associated microbiota alterations in saliva and gingival sulcus,Wei Y,Archives of Biochemistry and Biophysics,2020,10.1016/j.abb.2020.108278,5,6
1084,31765662,Specificity of gut microbiota in children with autism spectrum disorder in Slovakia and its correlation with astrocytes activity marker and specific behavioural patterns,Tomova A,Physiology & Behavior,2020,10.1016/j.physbeh.2019.112745,4,6
1085,31200089,Alteration of the fecal microbiota in North-Eastern Han Chinese population with sporadic Parkinson's disease,Li F,Neuroscience Letters,2019,10.1016/j.neulet.2019.134297,5,6
1086,31837561,Detection of nasal microbiota in pediatric patients with antrochoanal polyps by TLDA,Song B,International Journal of Pediatric Otorhinolaryngology,2020,10.1016/j.ijporl.2019.109811,5,6
1087,32056905,Reduced anti-inflammatory gut microbiota are associated with depression and anhedonia,Mason B,Journal of Affective Disorders,2020,10.1016/j.jad.2020.01.137,5,6
1088,32272276,Intestinal microbiota dysbiosis play a role in pathogenesis of patients with primary immune thrombocytopenia,Liu C,Thrombosis Research,2020,10.1016/j.thromres.2020.03.012,5,6
1089,31955954,Vaginal bacterial profiles of aerobic vaginitis: a case-control study,Wang C,Diagnostic Microbiology and Infectious Disease,2020,10.1016/j.diagmicrobio.2019.114981,5,6
1090,31254673,Microscopic colitits is characterized by intestinal dysbiosis,Morgan D,Clinical Gastroenterology and Hepatology,2020,10.1016/j.cgh.2019.06.035,4,6
1091,31715320,Alveolar microbiota profile in patients with human pulmonary tuberculosis and interstitial pneumonia,Vazquez-Pérez J,Microbial Pathogenesis,2020,10.1016/j.micpath.2019.103851,4,6
1092,32246318,The oral microbiome profile and biomarker in Chinese type 2 diabetes mellitus patients,Chen B,Endocrine,2020,10.1007/s12020-020-02269-6,5,6
1093,32046455,The vaginal microbiome as a tool to predict rASRM stage of disease in endometriosis: a pilot study,Perrotta A,Reproductive Sciences,2020,10.1007/s43032-019-00113-5,5,6
1094,32255852,Respiratory bacterial microbiota and individual bacterial variability in lung cancer and bronchiectasis patients,Ekanayake A,Indian Journal of Microbiology,2020,10.1007/s12088-019-00850-w,4,6
1095,32241215,Characterizing the gut microbiota in patients with chronic kidney disease,Hu X,Postgraduate Medicine,2020,10.1080/00325481.2020.1744335,5,6
1096,32227775,Gut microbiota and Chinese medicine syndrome: altered fecal microbiotas in spleen (Pi)-deficient patients,Ying P,Journal of Traditional Chinese Medicine,2020,,4,6
1097,32088998,Altered gut microbiome profile in patients with pulmonary arterial hypertension,Kim S,Hypertension,2020,10.1161/HYPERTENSIONAHA.119.14294,3,6
1098,32073913,The composition alteration of respiratory microbiota in lung cancer,Zheng X,Cancer Investigation,2020,10.1080/07357907.2020.1732405,0,6
1099,32132029,Gut microbiota and host gene mutations in colorectal cancer patients and controls of Iranian and Finnish origin,Sarhadi V,Anticancer Research,2020,10.21873/anticanres.14074,4,6
1100,31776707,Changes in intestinal microflora in digestive tract diseases during pregnancy,Jin M,Archives of Gyneacology and Obstetrics,2020,10.1007/s00404-019-05336-0,4,6
1101,29784985,Chronic rhinosinusitis with nasal polyps is characterized by dysbacteriosis of the nasal microbiota,Chalermwatanachai T,Scientific Reports,2018,10.1038/s41598-018-26327-2,5,6
1102,32170059,Metagenomic analysis of bacterial species in tongue microbiome of current and never smokers,Sato N,NPJ Biofilms and Microbiomes,2020,10.1038/s41522-020-0121-6,4,6
1103,32235826,Metagenome-wide association of gut microbiome features for schizophrenia,Zhu F,Nature Communications,2020,10.1038/s41467-020-15457-9,4,6
1104,32251296,Colonic microbiota is associated with inflammation and host epigenomic alterations in inflammatory bowel disease,Ryan FJ,Nature Communications,2020,10.1038/s41467-020-15342-5,4,6
1105,32071121,Oral microbiome profiling in smokers with and without head and neck cancer reveals variations between health and disease,Sharma A,Cancer Prevention Research,2020,10.1158/1940-6207.CAPR-19-0459,5,6
1106,32111156,Profiling the urinary microbiome in men with calcium-based kidney stones,Xie J,BMC Microbiology,2020,10.1186/s12866-020-01734-6,5,6
1107,31112792,Gut microbiome patterns depending on children's psychosocial stress: reports versus biomarkers,Michels N,"Brain, Behavior, and Immunity",2019,10.1016/j.bbi.2019.05.024,4,6
1108,32143621,"Metatranscriptomic analysis to define the secrebiome, and 16S rRNA profiling of the gut microbiome in obesity and metabolic syndrome of Mexican children",Gallardo-Becerra L,Microbial Cell Factories,2020,10.1186/s12934-020-01319-y,5,6
1110,32093640,"Temporal changes in gut microbiota profile in children with acute lymphoblastic leukemia prior to commencement-, during-, and post-cessation of chemotherapy",Chua L,BMC Cancer,2020,10.1186/s12885-020-6654-5,5,6
1111,32245419,Dysbiosis of saliva microbiome in patients with oral lichen planus,Yu F,BMC Microbiology,2020,10.1186/s12866-020-01733-7,5,6
1112,31980025,16 S rDNA microbiome composition pattern analysis as a diagnostic biomarker for biliary tract cancer,Lee H,World Journal of Surgical Oncology,2020,10.1186/s12957-020-1793-3,5,6
1113,32183836,Characteristics of the urinary microbiome in kidney stone patients with hypertension,Liu F,Journal of Translational Medicine,2020,10.1186/s12967-020-02282-3,5,6
1114,32169076,Profiling the salivary microbiome of the Qatari population,Murugesan S,Journal of Translational Medicine,2020,10.1186/s12967-020-02291-2,5,6
1115,29041989,Links of gut microbiota composition with alcohol dependence syndrome and alcoholic liver disease,Dubinkina V,Microbiome,2017,10.1186/s40168-017-0359-2,5,6
1116,31953505,Evidence of altered mucosa-associated and fecal microbiota composition in patients with irritable bowel syndrome,Sundin J,Scientific Reports,2020,10.1038/s41598-020-57468-y,5,6
1117,32108159,Respiratory mycobiome and suggestion of inter-kingdom network during acute pulmonary exacerbation in cystic fibrosis,Soret P,Scientific Reports,2020,10.1038/s41598-020-60015-4,4,6
1118,32152391,Comparison of the ocular microbiome between chronic Stevens-Johnson syndrome patients and healthy subjects,Kittipibul T,Scientific Reports,2020,10.1038/s41598-020-60794-w,5,6
1119,32123200,Local oral and nasal microbiome diversity in age-related macular degeneration,Rullo J,Scientific Reports,2020,10.1038/s41598-020-60674-3,5,6
1120,32066758,A microbial signature identifies advanced fibrosis in patients with chronic liver disease mainly due to NAFLD,Dong T,Scientific Reports,2020,10.1038/s41598-020-59535-w,4,6
1121,32162850,Gut microbiome variation is associated to Multiple Sclerosis phenotypic subtypes,Reynders T,Annals of Clinical and Translational Neurology,2020,10.1002/acn3.51004,5,6
1122,32009325,"Imbalance of gut Streptococcus, Clostridium, and Akkermansia determines the natural course of atopic dermatitis",Park Y,"Allergy, Asthma & Immunology Research",2020,10.4168/aair.2020.12.2.322,5,6
1123,32062762,Study of the gut microbiome profile in children with autism spectrum disorder: a single tertiary hospital experience,Ahmed S,Journal of Molecular Neuroscience,2020,10.1007/s12031-020-01500-3,5,6
1124,32040443,Age-specific differential changes on gut microbiota composition in patients with major depressive disorder,Chen J,Aging,2020,10.18632/aging.102775,5,6
1125,32274300,Gut microbial signatures can discriminate unipolar from bipolar depression,Zheng P,Advanced Science,2020,10.1002/advs.201902862,3,6
1126,32249804,The cutaneous microbiome in hospitalized patients with pressure ulcers,de Wert L,Scientific Reports,2020,10.1038/s41598-020-62918-8,5,6
1127,32214153,Implication of the gut microbiome composition of type 2 diabetic patients from northern China,Li Q,Scientific Reports,2020,10.1038/s41598-020-62224-3,3,6
1128,31332740,Defining microbial biomarkers for risk of preterm labor,Santos de Freitas A,Brazilian Journal of Microbiology,2020,10.1007/s42770-019-00118-x,3,6
1129,32298191,Oral microbiome signatures in diabetes mellitus and periodontal disease,Matsha T,Journal of Dental Research,2020,10.1177/0022034520913818,4,6
1130,32109360,Sex-based diverse plaque microbiota in children with severe caries,de Jesus VC,Journal of Dental Research,2020,10.1177/0022034520908595,3,6
1131,31952432,The first report of differences in gut microbiota composition between obese and normal weight Iranian subjects,Marvasti F,Iranian Biomedical Journal,2020,,5,6
1132,32196803,Pregnancy associates with alterations to the host and microbial proteome in vaginal mucosa,Farr Zuend C,American Journal of Reproductive Immunology,2020,10.1111/aji.13235,4,6
1133,32280686,Alterations of the predominant fecal microbiota and disruption of the gut mucosal barrier in patients with early-stage colorectal cancer,Liu X,BioMed Research International,2020,10.1155/2020/2948282,5,6
1134,31699813,Metagenome-wide association study of gut microbiome revealed novel aetiology of rheumatoid arthritis in the Japanese population,Kishikawa T,Annals of the rheumatic diseases,2020,10.1136/annrheumdis-2019-215743,2,6
1135,32274566,Synchronous genitourinary lichen sclerosus signals a distinct urinary microbiome profile in men with urethral stricture disease,Cohen A,World Journal of Urology,2020,10.1007/s00345-020-03198-9,4,6
1136,31894240,Impact of human immunodeficiency virus-related gut microbiota alterations on metabolic comorbid conditions,Gelpi M,Clinical Infectious Diseases,2020,10.1093/cid/ciz1235,5,6
1137,31953340,Site-specific profiling of the dental mycobiome reveals strong taxonomic shifts during progression of early-childhood caries,O'Connell L,Applied and Environmental Microbiology,2020,10.1128/AEM.02825-19,4,6
1138,30907453,"Folliculitis decalvans is characterized by a persistent, abnormal subepidermal microbiota",Matard B,Experimental Dermatology,2020,10.1111/exd.13916,1,6
1139,31970418,Obese adolescents with PCOS have altered biodiversity and relative abundance in Gastrointestinal microbiota,Jobira B,The Journal of Clinical Endocrinology and Metabolism,2020,10.1210/clinem/dgz263,5,6
1140,31809480,The microbiome of the nasolacrimal system and its role in nasolacrimal duct obstruction,Curragh D,Ophtalmic Plastic and Reconstructive Surgery,2020,10.1097/IOP.0000000000001473,5,6
1141,7052266,Gut microbiome profiles are associated with type 2 diabetes in urban africans,Doumatey A,Frontiers in Cellular and Infection Microbiology,2020,10.3389/fcimb.2020.00063,5,6
1142,32154184,Gut microbiome and serum metabolome analyses identify unsaturated fatty acids and butanoate metabolism induced by gut microbiota in patients with chronic spontaneous urticaria,Wang D,Frontiers in Cellular and Infection Microbiology,2020,10.3389/fcimb.2020.00024,5,6
1143,32175285,Alterations in gut microbiota of gestational diabetes patients during the first trimester of pregnancy,Ma S,Frontiers in Cellular and Infection Microbiology,2020,10.3389/fcimb.2020.00058,5,6
1144,32083024,Structural and functional characterization of the gut microbiota in elderly women with migraine,Chen J,Frontiers in Cellular and Infection Microbiology,2020,10.3389/fcimb.2019.00470,5,6
1145,32266159,Mucosal microbiome profiles polygenic irritable bowel syndrome in Mestizo individuals,Arredondo-Hernández R,Frontiers in Cellular and Infection Microbiology,2020,10.3389/fcimb.2020.00072,5,6
1146,6987398,The association of gut microbiota with idiopathic central precocious puberty in girls,Dong G,Frontiers in Endocrinology,2020,10.3389/fendo.2019.00941,5,6
1147,32265922,Fungal dysbiosis and intestinal inflammation in children with beta-cell autoimmunity,Honkanen J,Frontiers in Immunology,2020,10.3389/fimmu.2020.00468,4,6
1148,7098974,Featured gut microbiomes associated with the progression of chronic hepatitis B disease,Chen Z,Frontiers in Microbiology,2020,10.3389/fmicb.2020.00383,5,6
1149,32161568,Gut microbiota altered in mild cognitive impairment compared with normal cognition in sporadic Parkinson's disease,Ren T,Frontiers in Neurology,2020,10.3389/fneur.2020.00137,5,6
1150,31680836,Alterations of the gut microbiota in multiple system atrophy patients,Wan L,Frontiers in Neuroscience,2019,10.3389/fnins.2019.01102,5,6
1151,32132899,Case-Control study of the effects of gut microbiota composition on neurotransmitter metabolic pathways in children with attention deficit hyperactivity disorder,Wan L,Frontiers in Neuroscience,2020,10.3389/fnins.2020.00127,5,6
1152,32226382,Hypertension is associated with intestinal microbiota dysbiosis and inflammation in a Brazilian population,Silveira-Nunes G,Frontiers in Pharmacology,2020,10.3389/fphar.2020.00258,5,6
1153,31762120,The relationship of gastric microbiota and Helicobacter pylori infection in pediatrics population,Miao R,Helicobacter,2020,10.1111/hel.12676,5,6
1154,32265423,Gut microbiota dysbiosis in preeclampsia patients in the second and third trimesters,Wang J,Chinese Medical Journal,2020,10.1097/CM9.0000000000000734,5,6
1155,32241904,Aberrant gut microbiota alters host metabolome and impacts renal failure in humans and rodents,Wang X,Gut,2020,10.1136/gutjnl-2019-319766,5,6
1156,31990065,Mucosal dysbiosis in patients with gastrointestinal follicular lymphoma,Zeze K,Hematological Oncology,2020,10.1002/hon.2717,3,6
1157,32303963,Distinct lung microbial community states in patients with pulmonary tuberculosis,Hu Y,Science China Life Sciences,2020,,4,6
1158,32183306,Isolation and quantification of uremic toxin precursor-generating gut bacteria in chronic kidney disease patients,Gryp T,International Journal of Molecular Sciences,2020,10.3390/ijms21061986,5,6
1160,32013181,Metagenomic analysis of duodenal microbiota reveals a potential biomarker of dysbiosis in the course of obesity and type 2 diabetes: a pilot study,Sroka-Oleksiak A,Journal of Clinical Medicine,2020,10.3390/jcm9020369,5,6
1161,31809363,Intestinal dysbiosis and markers of systemic inflammation in viscerally and generally obese persons living with HIV,Gogokhia L,Journal of Acquired Immune Deficiency Syndromes,2020,10.1097/QAI.0000000000002229,4,6
1162,31609493,Microbiota profile is different for early and invasive colorectal cancer and is consistent throughout the colon,Pu L,Journal of Gastroenterology and Hepatology,2020,10.1111/jgh.14868,4,6
1163,31925905,Modulation of bile acid profile by gut microbiota in chronic hepatitis B,Wang X,Journal of Cellular and Molecular Medicine,2020,,5,6
1164,32294965,"Comparative study of salivary, duodenal, and fecal microbiota composition across adult celiac disease",Panelli S,Journal of Clinical Medicine,2020,10.3390/jcm9041109,5,6
1165,31951082,Gut microbiota compositional and functional fingerprint in patients with alcohol use disorder and alcohol-associated liver disease,Addolorato G,Liver International,2020,10.1111/liv.14383,5,6
1166,31782610,Dynamic changes of gut and lung microorganisms during chronic obstructive pulmonary disease exacerbations,Sun Z,The Kaohsiung Journal of Medical Sciences,2020,10.1002/kjm2.12147,5,6
1167,31600845,"Gut microbiota dysbiosis in patients with hepatitis B virus-induced chronic liver disease covering chronic hepatitis, liver cirrhosis and hepatocellular carcinoma",Zeng Y,Journal of Viral Hepatitis,2020,10.1111/jvh.13216,5,6
1168,32040467,Metagenomic investigation of bacteria associated with dental lesions: a cross-sectional study,Kazemtabrizi A,"Medicina Oral, Patologia Oral y Cirugia Oral",2020,10.4317/medoral.23326,3,6
1169,32105635,Electronic Cigarette aerosol modulates the oral microbiome and increases risk of infection,Pushalkar S,iScience,2020,10.1016/j.isci.2020.100884,4,6
1170,31952112,Cervicovaginal microbiome and urine metabolome paired analysis reveals niche partitioning of the microbiota in patients with human papilloma virus infections,Chorna N,Metabolites,2020,10.3390/metabo10010036,4,6
1171,32188747,Different types of atrial fibrillation share patterns of gut microbiota dysbiosis,Zuo K,mSphere,2020,10.1128/mSphere.00071-20,4,6
1172,32204538,Gut microbiota dysbiosis in patients with biopsy-proven nonalcoholic fatty liver disease: a cross-sectional study in Taiwan,Tsai MC,Nutrients,2020,10.3390/nu12030820,5,6
1173,32209719,Depletion of Blautia species in the microbiota of obese children relates to intestinal inflammation and metabolic phenotype worsening,Benitez-Páez A,mSystems,2020,10.1128/mSystems.00857-19,5,6
1174,31868094,Altered fecal microbiome years after traumatic brain injury,Urban R,Journal of Neurotrauma,2020,10.1089/neu.2019.6688,5,6
1175,32234773,The gut microbial diversity of newly diagnosed diabetics but not prediabetics is significantly different from that of healthy nondiabetics,Gaike A,mSystems,2020,10.1128/mSystems.00578-19,5,6
1176,28199766,Dysbiosis of oral buccal mucosa microbiota in patients with oral lichen planus,He Y,Oral Diseases,2017,10.1111/odi.12657,5,6
1177,31916654,Salivary microbiota and inflammation-related proteins in patients with psoriasis,Belstrom D,Oral Diseases,2020,10.1111/odi.13277,5,6
1178,31832691,Alterations of salivary microbial community associated with oropharyngeal and hypopharyngeal squamous cell carcinoma patients,Panda M,Archives of Microbiology,2020,10.1007/s00203-019-01790-1,5,6
1179,31976177,Alteration of the gut microbiota associated with childhood obesity by 16S rRNA gene sequencing,Chen X,PeerJ,2020,10.7717/peerj.8317,5,6
1180,31945133,Pharyngeal microbiome alterations during Neisseria gonorrhoeae infection,Marangoni A,PLOS ONE,2020,10.1371/journal.pone.0227985,5,6
1181,32236095,Gut microbiota composition and frailty in elderly patients with Chronic Kidney Disease,Margiotta E,PLOS ONE,2020,10.1371/journal.pone.0228530,5,6
1182,32059038,Gut dysbiosis is prevailing in Sjögren's syndrome and is related to dry eye severity,Moon J,PLOS ONE,2020,10.1371/journal.pone.0229029,5,6
1183,32197614,Analysis of by high-throughput sequencing: Helicobacter pylori infection and salivary microbiome,Ji Y,BMC Oral Health,2020,10.1186/s12903-020-01070-1,5,6
1184,7161132,Microbiota composition and distribution along the female reproductive tract of women with endometriosis,Wei W,Annals of Clinical Microbiology and Antimicrobials,2020,10.1186/s12941-020-00356-0,4,6
1185,32044865,Vaginal Microbiota and mucosal immune markers in women with vulvovaginal discomfort,Mitchell C,Sexually Transmitted Diseases,2020,10.1097/OLQ.0000000000001143,5,6
1186,32293464,Gut microbial dysbiosis in individuals with Sjögren's syndrome,Mendez R,Microbial Cell Factories,2020,10.1186/s12934-020-01348-7,5,6
1187,31025134,Detection of Fusobacterium nucleatum in stool and colonic tissues from Norwegian colorectal cancer patients,TunsjO H,European Journal of Clinical Microbiology & Infectious Diseases,2019,10.1007/s10096-019-03562-7,4,6
1188,31959989,Fecal dysbiosis in infants with cystic fibrosis is associated with early linear growth failure,Hayden H,Nature Medicine,2020,10.1038/s41591-019-0714-x,4,6
1189,32296918,Characterization of gut microbiota in hospitalized patients with Clostridium difficile infection,Vakili B,Current Microbiology,2020,10.1007/s00284-020-01980-x,3,6
1190,7048226,Supragingival mycobiome and inter-kingdom interactions in dental caries,Baraniya D,Journal of Oral Microbiology,2020,10.1080/20002297.2020.1729305,3,6
1191,32304020,Gut dysbiosis-influence on amygdala-based functional activity in patients with end stage renal disease: a preliminary study,Zheng L,Brain Imaging and Behaviour,2020,10.1007/s11682-019-00223-3,4,6
1192,32240032,Specific gut microbiome signature predicts the early-stage lung cancer,Zheng Y,Gut microbes,2020,10.1080/19490976.2020.1737487,5,6
1193,32100534,Gut microbiome-based diagnostic model to predict coronary artery disease,Zheng Y-Y,Journal of Agricultural and Food Chemistry,2020,10.1021/acs.jafc.0c00225,5,6
1194,32278334,Comparison of the skin microbiota in acne and rosacea,Thompson K,Experimental Dermatology,2020,10.1111/exd.14098,5,6
1195,32296838,Characterization of gut microbiota composition in hemodialysis patients with normal weight obesity,Lin TY,The Journal of Clinical Endocrinology and Metabolism,2020,10.1210/clinem/dgaa166,5,6
1196,32243703,"Bile acids associate with specific gut microbiota, low-level alcohol consumption and liver fibrosis in patients with non-alcoholic fatty liver disease",Adams L,Liver International,2020,10.1111/liv.14453,5,6
1197,32184182,Alterations in fecal microbiomes and serum metabolomes of fatigued patients with quiescent inflammatory bowel diseases,Borren N,Clinical Gastroenterology and Hepatology,2020,10.1016/j.cgh.2020.03.013,5,6
1199,32497191,Alterations of the gut microbiota in patients with COVID-19 or H1N1 Influenza,Gu S,Clinical Infectious Diseases,2020,10.1093/cid/ciaa709,5,6
1200,7314193,Alterations in gut microbiota of patients with COVID-19 during time of hospitalization,Zuo T,Gastroenterology,2020,10.1093/cid/ciaa709,5,6
1201,32598884,Alterations in fecal fungal microbiome of patients with COVID-19 during time of hospitalization until discharge,Zuo T,Gastroenterology,2020,10.1053/j.gastro.2020.06.048,5,6
1202,32557853,Meta-analysis of gut dysbiosis in Parkinson's Disease,Nishiwaki H,Movement Disorders,2020,10.1002/mds.28119,3,6
1203,32473086,Dysbiosis of gut microbiota and short-chain fatty acids in acute ischemic stroke and the subsequent risk for poor functional outcomes,Tan C,Journal of Parenteral and Enteral Nutrition,2020,10.1002/jpen.1861,5,6
1204,31754744,Persistent gut microbial dysbiosis in children with acute lymphoblastic leukemia (ALL) during chemotherapy,Rajagopala S,Microbial Ecology,2020,10.1007/s00248-019-01448-x,5,6
1205,32747678,The alteration of gut microbiome and metabolism in amyotrophic lateral sclerosis patients,Zeng Q,Scientific Reports,2020,10.1038/s41598-020-69845-8,5,6
1206,32495708,Intestinal flora alterations in patients with early chronic kidney disease: a case-control study among the Han population in southwestern China,"Hu Q, Wu K",Journal of International Medical Research,2020,10.1177/0300060520926033,3,6
1207,7810484,Fecal microbiome and metabolome differ in healthy and food-allergic twins,Bao R,Journal of Clinical Investigation,2021,10.1172/JCI141935,3,6
1208,7969233,Altered oral microbiota composition associated with recurrent aphtous stomatitis in young females,Zhu Z,Medicine (Baltimore),2021,10.1097/MD.0000000000024742,4,6
1209,34869782,Elderly patients with mild cognitive impairment exhibit altered gut microbiota profiles,Pan Q,Journal of Immunology Research,2021,10.1155/2021/5578958,2,6
1210,33279897,Dysbiosis of oral microbiota associated with palmoplantar pustulosis,Kageyama Y,Dermatology,2021,10.1159/000511622,3,6
1211,34233671,Metagenome-wide association study of gut microbiome revealed potential microbial marker set for diagnosis of pediatric myesthenia gravis,Liu P.,BMC medicine,2021,10.1186/s12916-021-02034-0,4,6
1212,34233671,Metagenome-wide association study of gut microbiome revealed potential microbial marker set for diagnosis of pediatric myasthenia gravis,Liu P,BMC Medicine,2021,10.1186/s12916-021-02034-0,3,6
1213,,Intestinal microbiota composition in patients with amyotrophic lateral sclerosis: establishment of bacterial and archaeal communities analyses,Zhai C,Chinese Medical Journal,2019,10.1097/CM9.0000000000000351,3,6
1214,34485176,Altered Fecal Microbiota Composition in Older Adults With Frailty,Xu Y,Frontiers in Cellular and Infection Microbiology,2021,10.3389/fcimb.2021.696186,3,6
1215,33135936,The human gut microbiota in people with amyotrophic lateral sclerosis,Nicholson K,Amyotroph Lateral Scler Frontotemporal Degeneration,2021,10.1080/21678421.2020.1828475,3,6
1216,34609073,Gut microbiota and short-chain fatty acid alterations in cachectic cancer patients,Ubachs J,Journal of Cachexia Sarcopenia Muscle,2021,10.1002/jcsm.12804,4,6
1217,35851765,Population-based metagenomics analysis reveals altered gut microbiome in sarcopenia: data from the Xiangya Sarcopenia Study,Wang Y,Journal of Cachexia Sarcopenia and Muscle,2022,10.1002/jcsm.13037,3,6
1218,24402361,Molecular characterization of skin microbiota between cancer cachexia patients and healthy volunteers,Li W,Microbial Ecology,2014,10.1007/s00248-013-0345-6,2,6
1219,33713524,Characterization of the gut-liver-muscle axis in cirrhotic patients with sarcopenia,Ponziani F,"Journal of Cachexia, Sarcopenia and Muscle",2021,10.1111/liv.14876,3,6
1220,35094961,Alterations of host-gut microbiome interactions in multiple sclerosis,,Cantoni C,2022,10.1016/j.ebiom.2021.103798,4,6
1221,10654747,Characteristics of the gut microbiome and metabolic profile in elderly patients with sarcopenia,Zhou J,Frontiers in Pharmacology,2023,10.3389/fphar.2023.1279448,3,6
1222,,High-throughput sequencing analysis of the characteristics of the gut microbiota in aged patients with sarcopenia,Zhang Y,Experimental Gerontology,2023,10.1016/j.exger.2023.112287,2,6
1223,,The composition of the gut microbiome in patients with sarcopenia,Wu Y,TURKISH JOURNAL OF BIOCHEMISTRY-TURK BIYOKIMYA DERGISI,2022,10.1515/tjb-2021-0197,2,6
1224,10005572,Bifidobacterium as a Potential Biomarker of Sarcopenia in Elderly Women,Wang Z,Nutrients,2023,10.3390/nu15051266,2,6
1225,,"Relationships between sarcopenia, nutrient intake, and gut microbiota in Chinese community-dwelling older women",Yan X,Archives of Gerontology and Geriatrics,2023,10.1016/j.archger.2023.105063,3,6
1226,,Sarcopenia in community-dwelling older adults is associated with the diversity and composition of the gut microbiota,Lee Y,Experimental Gerontology,2022,10.1016/j.exger.2022.111927,2,6
1227,,Analysis of intestinal flora in elderly Uygur patientswith sarcopenia,Shan Z,"Immunity, Inflammation and Disease",2024,10.1002/iid3.1097,2,6
1228,,"Association of skeletal muscle function, quantity, andquality with gut microbiota in Japanese adults:A cross-sectional study",Iwasaka C,Geriatrics & Gerontology International,2024,10.1111/ggi.14751,3,6
1229,,Distinct Serum and Fecal Metabolite Profiles Linking With Gut Microbiome in Older Adults With Frailty,Guo Y,Frontiers in medicine,2022,10.3389/fmed.2022.827174,2,6
