genus,disease,n_reports,n_gut_reports,n_elevated,n_reduced,direction,consistency,n_publications,pubmed_ids,latest_year,mean_study_quality,in_feature_space
Clostridium,Crohn's Disease,35,23,11,24,reduced,0.686,21,26789999;16432374;20848492;19235886;26313691;25986361;3329531;26261163;16000463;23351032,2020,0.627,True
Fusobacterium,Colorectal cancer,33,19,31,2,elevated,0.939,25,23733170;26691472;25699023;22761885;27171425;26992426;26408641;24316595;25104642;24811328,2020,0.693,True
Faecalibacterium,Crohn's Disease,30,23,0,30,reduced,1.0,24,21209126;26789999;20848492;19235886;26313691;25986361;27542127;22102318;3329531;23216550,2019,0.701,True
Ruminococcus,Crohn's Disease,27,20,7,20,reduced,0.741,15,21209126;26789999;20648002;20816835;20848492;26313691;3329531;25121355;28852861;26574491,2020,0.711,True
Streptococcus,Caries,27,0,17,10,elevated,0.63,17,24586647;20927511;26442950;25658087;23743597;28326153;5187778;28507066;28979798;29670544,2020,0.627,True
Porphyromonas,periodontitis,25,0,23,2,elevated,0.92,16,25398868;25984952;23303375;27262209;23613868;29718124;30009382;26412568;30710838;30581850,2020,0.781,True
Treponema,periodontitis,25,0,25,0,elevated,1.0,12,25398868;23303375;27262209;23613868;29718124;26412568;30710838;30581850;27717873;31502122,2020,0.75,True
Bacteroides,Crohn's Disease,22,16,8,14,reduced,0.636,15,23060013;26789999;20848492;26313691;25986361;3329531;18401439;16000463;22846404;29533950,2020,0.656,True
Clostridium,Autism,22,22,13,9,elevated,0.591,4,15528506;20603222;12173102;24130822,2013,0.417,True
Streptococcus,periodontitis,19,0,5,14,reduced,0.737,11,25398868;25984952;23303375;27262209;23613868;30710838;30581850;27717873;31281801;31502122,2020,0.758,True
Lactobacillus,Bacterial vaginosis,18,0,1,17,reduced,0.944,10,24450540;18717638;20819230;23617246;26385347;21287345;5460423;27107961;27790434;31315951,2019,0.733,True
Prevotella,Caries,18,0,13,5,elevated,0.722,13,20927511;24532386;26442950;25658087;29670544;28709393;30210479;30561093;31365560;31275531,2020,0.654,True
Roseburia,Crohn's Disease,17,13,0,17,reduced,1.0,13,26789999;20816835;26313691;26804920;3329531;25121355;28852861;26574491;30519287;23013615,2020,0.731,True
Bacteroides,Colorectal cancer,16,9,5,11,reduced,0.688,12,21297998;23940645;25699023;23306850;26992426;25104642;21850056;26515465;26170900;25432777,2019,0.75,True
Malassezia,Psoriasis,16,0,9,7,elevated,0.562,4,16891514;25510344;18616765;30949136,2019,0.5,False
Prevotella,Smoking,16,0,9,7,elevated,0.562,9,30157953;23489056;30405010;25283067;11394403;27015003;31201984;31905907;32105635,2020,0.704,True
Veillonella,Caries,16,0,16,0,elevated,1.0,9,24586647;24532386;5187778;28507066;29670544;30049240;31365560;31874981;32109360,2020,0.63,True
Bacteroides,Type 1 Diabetes,15,15,12,3,elevated,0.8,7,20613793;23433344;23274889;30356183;30224347;25540641,2018,0.762,True
Streptococcus,Crohn's Disease,15,4,10,5,elevated,0.667,8,23060013;24013298;3329531;25121355;30519287;30545401;30796823;31899727,2020,0.688,True
Bifidobacterium,Obesity,14,13,3,11,reduced,0.786,11,19498350;26551842;18326589;23055155;29379536;29280312;30867711;30572569;32143621;31952432,2020,0.742,True
Lactobacillus,Type 2 Diabetes,14,12,14,0,elevated,1.0,9,23719380;24824547;28008148;28261173;23386831;30933725;28912092;32013181;32234773,2020,0.741,True
Peptostreptococcus,Colorectal cancer,14,9,14,0,elevated,1.0,11,25699023;22761885;26992426;26408641;21850056;26515465;27056827;25432777;30412600;30794590,2019,0.742,True
Bacteroides,Irritable Bowel Syndrome,13,11,4,9,reduced,0.692,8,25784074;21741921;21820992;22180058;23757279;17631127;30958430;32266159,2020,0.729,True
Bacteroides,Obesity,13,13,4,9,reduced,0.692,8,23631345;26551842;23985870;30366118;29388394;31530820;20876719;31921729,2019,0.729,True
Eubacterium,Colorectal cancer,13,10,1,12,reduced,0.923,8,18624900;22761885;26408641;21850056;25432777;31171880;31250341,2019,0.667,True
Streptococcus,Colorectal cancer,13,5,8,5,elevated,0.615,11,23733170;25699023;22622349;28988196;25875428;21850056;25432777;30412600;31244818;31171880,2020,0.712,True
Streptococcus,Obesity,13,1,10,3,elevated,0.769,6,19587155;29520825;29222886;29576948;30366118;6467948,2019,0.667,True
Streptococcus,Oral cancer,13,0,8,5,elevated,0.615,8,24887397;9813727;22817758;15987522;16672398;22010579;21205002;15888105,2014,0.542,True
Bifidobacterium,Crohn's Disease,12,11,3,9,reduced,0.75,10,21209126;26789999;20816835;19235886;22102318;26351391;30519287;30567928;31520001;31827191,2019,0.717,True
Clostridium,Type 2 Diabetes,12,12,5,7,reduced,0.583,5,23023125;23719380;30933725;31492563;7052266,2020,0.6,True
Clostridium,Ulcerative Colitis,12,11,2,10,reduced,0.833,9,19235886;16000463;23351032;22846404;27824645;28039159;5504370;23013615;31329473,2019,0.685,True
Lactobacillus,Caries,12,0,12,0,elevated,1.0,7,25658087;28326153;28507066;28979798;30662876;31365560;32040467,2020,0.643,True
Lactobacillus,Obesity,12,6,6,6,mixed,0.5,9,23631345;26551842;29222886;29379536;30654751;30572569;31921729;31809363,2020,0.759,True
Lactobacillus,Parkinson's Disease,12,6,10,2,elevated,0.833,7,28195358;26539989;28429209;29501802;31248424;31354427;31247001,2019,0.738,True
Neisseria,Smoking,12,0,3,9,reduced,0.75,9,30157953;30405010;25283067;29995962;23491408;27015003;31201984;31905907;32170059,2020,0.759,True
Porphyromonas,Colorectal cancer,12,10,12,0,elevated,1.0,11,22761885;27171425;26992426;24316595;25104642;21850056;27056827;25432777;30412600;31171880,2020,0.697,True
Prevotella,Bacterial vaginosis,12,0,12,0,elevated,1.0,9,24450540;22719852;18717638;21272848;20819230;26385347;21287345;5460423;31315951,2019,0.685,True
Prevotella,Rheumatoid Arthritis,12,7,11,1,elevated,0.917,8,30459400;30250232;30231060;24192039;30760471;32039051;31699813,2020,0.688,True
Prevotella,periodontitis,12,0,10,2,elevated,0.833,8,25984952;23613868;27717873;31281801;31502122;6572048;19722792;31916654,2020,0.771,True
Tanerella,periodontitis,12,0,12,0,elevated,1.0,12,23303375;27262209;23613868;29718124;26412568;30710838;27717873;31281801;31502122;6572048,2020,0.778,False
Bifidobacterium,Cystic Fibrosis,11,11,1,10,reduced,0.909,6,22538067;23151540;23613805;4778032;28279152;5155554,2017,0.639,True
Enterococcus,Crohn's Disease,11,7,9,2,elevated,0.818,9,26789999;20848492;3329531;25121355;28852861;26574491;29848021;30478724;31827191,2019,0.741,True
Filifactor,periodontitis,11,0,11,0,elevated,1.0,10,25398868;23303375;27262209;23613868;30710838;30581850;31281801;31502122;19722792;31916654,2020,0.783,True
Fusobacterium,Smoking,11,0,9,2,elevated,0.818,9,23489056;30405010;25283067;23491408;11394403;30259511;31201984;32170059;32105635,2020,0.667,True
Lactobacillus,Aerobic vaginitis,11,0,2,9,reduced,0.818,2,31315951;31955954,2020,0.833,True
Leptotrichia,Caries,11,0,3,8,reduced,0.727,11,24586647;24532386;28326153;5187778;28507066;28709393;30662876;31275531;30642327;31874981,2020,0.667,True
Streptococcus,Type 2 Diabetes,11,3,10,1,elevated,0.909,7,23719380;28008148;23300163;31492563;31480468;32246318;32214153,2020,0.667,True
Akkermansia,Parkinson's Disease,10,10,10,0,elevated,1.0,10,27591074;26179554;28195358;28449715;28843021;30576008;31248424;31561385;31200089;32557853,2020,0.733,True
Coprococcus,Crohn's Disease,10,8,1,9,reduced,0.9,8,26789999;26313691;25121355;28852861;26574491;30545401;30478724;31827191,2019,0.729,True
Gardnerella,Bacterial vaginosis,10,0,10,0,elevated,1.0,10,24450540;22719852;18717638;16267321;21272848;20819230;21287345;5460423;27107961;31315951,2019,0.65,False
Parvimonas,Colorectal cancer,10,4,9,1,elevated,0.9,9,26992426;26408641;28988196;25875428;26515465;27056827;30412600;30794590;31171880,2019,0.722,True
Prevotella,Obesity,10,4,9,1,elevated,0.9,7,19587155;23055155;29576948;29338886;30572569;31399369;6467948,2019,0.762,True
Rothia,periodontitis,10,0,3,7,reduced,0.7,7,25984952;23303375;23613868;30710838;31502122;19722792;31916654,2020,0.833,True
Ruminococcus,Ulcerative Colitis,10,5,6,4,elevated,0.6,7,20648002;27824645;28039159;28852861;5504370;31329473;31055592,2019,0.762,True
Streptococcus,Oral potentially malignant disorder,10,0,7,3,elevated,0.7,1,30054809,2018,0.833,True
Streptococcus,Smoking,10,0,8,2,elevated,0.8,8,30157953;30405010;27015003;30259511;31905907;32170059;32169076;32105635,2020,0.75,True
Veillonella,Smoking,10,0,7,3,elevated,0.7,8,30157953;30405010;25283067;29995962;23491408;30259511;31905907;32105635,2020,0.75,True
Actinomyces,periodontitis,9,0,1,8,reduced,0.889,7,23303375;27262209;23613868;29718124;30710838;27717873;19722792,2019,0.762,True
Bifidobacterium,Colorectal cancer,9,8,2,7,reduced,0.778,8,23306850;22761885;28143990;24811328;30576312;32132029;32280686,2020,0.771,True
Escherichia,Crohn's Disease,9,3,9,0,elevated,1.0,7,26789999;19235912;3329531;15307874;28852861;29848021;31899727,2020,0.667,True
Eubacterium,Crohn's Disease,9,8,1,8,reduced,0.889,6,26789999;20848492;25986361;16000463;30519287;31899727,2020,0.583,True
Eubacterium,periodontitis,9,0,9,0,elevated,1.0,5,25398868;23303375;31281801;31502122;19722792,2020,0.733,True
Faecalibacterium,Colorectal cancer,9,3,0,9,reduced,1.0,8,18624900;22761885;24811328;26515465;26170900;30245977;30412600;32021305,2020,0.771,True
Prevotella,Crohn's Disease,9,3,5,4,elevated,0.556,8,23060013;26789999;24013298;3329531;16000463;28852861;22068912;31899727,2020,0.583,True
Prevotella,HIV infection,9,6,7,2,elevated,0.778,8,24586144;24034618;24399150;27477587;30053882;30649052;29808701;30685386,2019,0.688,True
Atopobium,Bacterial vaginosis,8,0,8,0,elevated,1.0,8,22719852;16267321;21272848;20819230;26385347;21287345;5460423;31315951,2019,0.667,True
Bacteroides,Autism,8,8,6,2,elevated,0.75,3,20603222;24130822;29274915,2018,0.667,True
Bifidobacterium,Irritable Bowel Syndrome,8,7,1,7,reduced,0.875,6,25784074;15667495;21820992;22180058;22315951;19533811,2015,0.75,True
Bifidobacterium,Parkinson's Disease,8,5,8,0,elevated,1.0,6,27591074;28195358;28429209;29776865;31247001;31561385,2020,0.722,True
Blautia,Parkinson's Disease,8,8,1,7,reduced,0.875,8,26179554;28195358;26539989;28536926;28429209;29776865;31221587;32161568,2020,0.604,True
Clostridium,Migraine,8,8,8,0,elevated,1.0,1,32083024,2020,0.833,True
Clostridium,Obesity,8,8,4,4,mixed,0.5,7,19498350;26551842;23985870;30366118;30572569;31399369;32209719,2020,0.762,True
Lactobacillus,Crohn's Disease,8,5,2,6,reduced,0.75,7,26789999;20816835;20848492;3329531;30519287;22068912;31899727,2020,0.643,True
Lactobacillus,Preterm birth,8,0,1,7,reduced,0.875,3,24875844;29791775;31332740,2020,0.722,True
Malassezia,Dandruff,8,0,5,3,elevated,0.625,6,27909689;30338244;25739873;237965;22393454,2018,0.639,False
Megasphaera,Bacterial vaginosis,8,0,8,0,elevated,1.0,8,24450540;22719852;18717638;16267321;21272848;20819230;5460423;31315951,2019,0.625,True
Porphyromonas,Aggressive periodontitis,8,0,8,0,elevated,1.0,5,23673380;25814980;30909081;30710838;6713147,2019,0.733,True
Prevotella,Colorectal cancer,8,3,4,4,mixed,0.5,7,21297998;23940645;25699023;28988196;27056827;30576312;31250341,2019,0.714,True
Prevotella,Type 2 Diabetes,8,5,4,4,mixed,0.5,8,20140211;24824547;28008148;28261173;23613868;31263683;30888537;7052266,2020,0.771,True
Roseburia,Chronic kidney disease,8,8,0,8,reduced,1.0,7,28588309;30088332;32241215;32183306;32236095;32495708,2020,0.762,True
Roseburia,Parkinson's Disease,8,8,1,7,reduced,0.875,8,26179554;28195358;29776865;30576008;31174953;31354427;31221587;32557853,2020,0.688,True
Ruminococcus,Parkinson's Disease,8,8,4,4,mixed,0.5,6,28536926;28429209;30576008;31354427;31221587;32161568,2020,0.639,True
Streptococcus,Recurrent tonsillitis,8,0,2,6,reduced,0.75,1,23437130,2013,0.833,True
Veillonella,Cystic Fibrosis,8,7,7,1,elevated,0.875,5,24178246;4855157;4778032;29445257;31209076,2019,0.6,True
Veillonella,Primary sclerosing cholangitis,8,6,8,0,elevated,1.0,6,26887816;5504370;31003979;31243055;31250469,2019,0.722,True
Actinomyces,Caries,7,0,4,3,elevated,0.571,7,23743597;5187778;28507066;28709393;30210479;31365560;32109360,2020,0.643,True
Bacteroides,Parkinson's Disease,7,7,2,5,reduced,0.714,4,26179554;26539989;28429209;31221587,2019,0.583,True
Bacteroides,Type 2 Diabetes,7,4,6,1,elevated,0.857,5,23023125;28008148;31492563;31263683;30888537,2019,0.667,True
Bacteroides,Ulcerative Colitis,7,5,4,3,elevated,0.571,7,26261163;16000463;22846404;27824645;25121355;29533950;31329473,2019,0.667,True
Bifidobacterium,Cirrhosis,7,7,1,6,reduced,0.857,2,21814872;15612659,2012,0.5,True
Bifidobacterium,Type 1 Diabetes,7,7,4,3,elevated,0.571,6,23433344;23274889;30356183;30224347;26891226;24475780,2018,0.778,True
Bifidobacterium,Ulcerative Colitis,7,5,4,3,elevated,0.571,5,19235886;26351391;24021287;28852861;30545401,2018,0.7,True
Blautia,Obesity,7,7,2,5,reduced,0.714,6,23055155;30810328;30572569;31397240;31530820;32209719,2020,0.694,True
Blautia,Ulcerative Colitis,7,5,4,3,elevated,0.571,6,16432374;19235886;27824645;25121355;28852861;31055592,2019,0.722,True
Capnocytophaga,Caries,7,0,2,5,reduced,0.714,7,24586647;20927511;24532386;29670544;30210479;31275531;32040467,2020,0.619,True
Capnocytophaga,periodontitis,7,0,2,5,reduced,0.714,7,27262209;23613868;30581850;27717873;31502122;6572048;19722792,2020,0.762,True
Enterococcus,Primary sclerosing cholangitis,7,5,7,0,elevated,1.0,4,27207975;5504370;31243055,2019,0.708,True
Faecalibacterium,Cystic Fibrosis,7,7,0,7,reduced,1.0,6,23613805;26330184;4855157;28279152;5155554;31959989,2020,0.639,True
Faecalibacterium,Obesity,7,7,4,3,elevated,0.571,7,29280312;23985870;31399369;32143621;31952432;31976177,2020,0.69,True
Faecalibacterium,Parkinson's Disease,7,6,0,7,reduced,1.0,7,27591074;26179554;28195358;28536926;28429209;29776865;32557853,2020,0.571,True
Fusobacterium,Obesity,7,3,4,3,elevated,0.571,5,19587155;29280312;29576948;30867711;30572569,2019,0.667,True
Gemella,Colorectal cancer,7,4,7,0,elevated,1.0,6,22761885;25875428;26515465;27056827;31171880;31971861,2020,0.75,True
Lactobacillus,Non-alcoholic fatty liver disease,7,7,5,2,elevated,0.714,6,25644696;29362454;29379536;23454028;31921729,2019,0.778,True
Neisseria,periodontitis,7,0,2,5,reduced,0.714,4,23613868;30710838;27717873;31502122,2020,0.75,True
Prevotella,"Celiac Disease, Coaliac disease",7,1,3,4,reduced,0.571,7,28324102;25403367;24657864;30038321;18033837;30800106,2019,0.69,True
Prevotella,Parkinson's Disease,7,6,2,5,reduced,0.714,7,28259623;28449715;28429209;31248424;31354427;31221587;31561385,2020,0.738,True
Roseburia,Cystic Fibrosis,7,7,0,7,reduced,1.0,5,24178246;28279152;5155554;31209076;31959989,2020,0.633,True
Ruminococcus,Autism,7,7,4,3,elevated,0.571,3,24188502;12173102;24130822,2013,0.556,True
Ruminococcus,Colorectal cancer,7,6,3,4,reduced,0.571,5,23940645;26992426;25432777;32021305;32132029,2020,0.8,True
Selenomonas,Caries,7,0,4,3,elevated,0.571,7,24586647;28932895;29670544;30662876;31365560;31275531;32109360,2020,0.643,True
Staphylococcus,Atopic dermatitis,7,2,6,1,elevated,0.857,6,22310478;12642841;30899033;31100040;31152265;31619666,2019,0.611,True
Streptococcus,Aggressive periodontitis,7,0,1,6,reduced,0.857,4,4646740;25814980;30909081;30710838,2019,0.708,True
Streptococcus,Cirrhosis,7,6,7,0,elevated,1.0,4,26099252;25079328;29665135;33713524,2021,0.708,True
Streptococcus,Gastric carcinoma,7,1,6,1,elevated,0.857,5,29102920;30619779;28765474;30584008;30535886,2019,0.767,True
Streptococcus,Sjögren Syndrome,7,1,7,0,elevated,1.0,3,27087247;27770517;31211815,2019,0.667,True
Streptococcus,Type 1 Diabetes,7,6,6,1,elevated,0.857,4,28324102;30356183;30224347;24930037,2018,0.708,True
Treponema,Aggressive periodontitis,7,0,7,0,elevated,1.0,4,25918553;23673380;25814980;30710838,2019,0.667,True
Actinomyces,Edentulism,6,0,2,4,reduced,0.667,2,27717873;30657624,2019,0.667,True
Actinomyces,Type 2 Diabetes,6,0,6,0,elevated,1.0,3,28008148;31480468;32298191,2020,0.778,True
Alistipes,Parkinson's Disease,6,6,6,0,elevated,1.0,6,28449715;29501802;29776865;31354427;31221587;32161568,2020,0.75,True
Alistipes,Systemic lupus erythematosus,6,6,0,6,reduced,1.0,1,29196292,2018,0.667,True
Bacteroides,Cystic Fibrosis,6,6,1,5,reduced,0.833,3,24178246;28279152;31209076,2019,0.611,True
Bifidobacterium,Autism,6,6,1,5,reduced,0.833,4,21410934;20603222;24130822;29564487,2018,0.708,True
Bifidobacterium,Schizophrenia,6,4,6,0,elevated,1.0,3,26336637;31255682;32235826,2020,0.722,True
Blautia,Crohn's Disease,6,4,1,5,reduced,0.833,6,26789999;19235886;26574491;29848021;30545401;31899727,2020,0.722,True
Campylobacter,periodontitis,6,0,2,4,reduced,0.667,5,29718124;30710838;30581850;31281801;19722792,2019,0.8,True
Capnocytophaga,Obesity,6,0,4,2,elevated,0.667,3,19587155;29520825;29576948,2018,0.611,True
Clostridium,Cystic Fibrosis,6,6,3,3,mixed,0.5,5,22538067;23151540;26330184;4855157;31959989,2020,0.533,True
Clostridium,Parkinson's Disease,6,6,3,3,mixed,0.5,5,26539989;28449715;29501802;28843021;31200089,2019,0.733,True
Enterobacteriaceae,Cirrhosis,6,6,6,0,elevated,1.0,6,24374295;21574172;3995845;23333527;22484797;30905718,2019,0.75,False
Eubacterium,Autism,6,6,2,4,reduced,0.667,2,20603222;24130822,2013,0.583,True
Eubacterium,Cystic Fibrosis,6,6,1,5,reduced,0.833,4,23613805;24178246;4778032;5155554,2017,0.667,True
Faecalibacterium,Type 2 Diabetes,6,5,0,6,reduced,1.0,6,23023125;28008148;28261173;31147456;20876719;32214153,2020,0.611,True
Faecalibacterium,Ulcerative Colitis,6,5,1,5,reduced,0.833,6,19235886;24021287;23351032;28039159;28852861;5504370,2018,0.778,True
Haemophilus,Caries,6,0,3,3,mixed,0.5,6,28507066;29670544;28709393;30662876;30561093;31275531,2019,0.722,True
Haemophilus,periodontitis,6,0,1,5,reduced,0.833,6,27262209;23613868;30710838;30581850;31502122;19722792,2020,0.833,True
Lactobacillus,Chlamydia,6,0,3,3,mixed,0.5,3,29313867;31164450;31738795,2019,0.778,True
Lactobacillus,Schizophrenia,6,4,6,0,elevated,1.0,4,26336637;28442250;31255682;32235826,2020,0.75,True
Lautropia,periodontitis,6,0,0,6,reduced,1.0,6,25984952;27262209;29718124;30710838;31502122;19722792,2020,0.806,True
Porphyromonas,Caries,6,0,2,4,reduced,0.667,6,24586647;24532386;26442950;28326153;29670544;31275531,2019,0.639,True
Porphyromonas,Smoking,6,0,3,3,mixed,0.5,5,30405010;23491408;27015003;32170059;32105635,2020,0.733,True
Prevotella,Atrophic gastritis,6,0,0,6,reduced,1.0,1,28587343,2017,0.5,True
Prevotella,Hypopharyngeal cancer,6,0,1,5,reduced,0.833,1,31832691,2020,0.833,True
Prevotella,Oropharyngeal cancer,6,0,1,5,reduced,0.833,1,31832691,2020,0.833,True
Prevotella,Periodontal disease,6,0,6,0,elevated,1.0,3,31329044;22675498,2019,0.722,True
Prevotella,Systemic lupus erythematosus,6,1,5,1,elevated,0.833,3,28320468;31883828,2020,0.667,True
Propionibacterium,Psoriasis,6,0,0,6,reduced,1.0,5,18648509;22065152;30185226;30985920;31619666,2019,0.633,True
Pseudomonas,Colorectal cancer,6,1,3,3,mixed,0.5,5,25699023;22622349;25104642;30412600;30576312,2018,0.733,True
Ruminococcus,Non-alcoholic fatty liver disease,6,6,2,4,reduced,0.667,5,26600078;27028797;29362454;31726978,2019,0.8,True
Selenomonas,periodontitis,6,0,5,1,elevated,0.833,5,23303375;23613868;30710838;27717873;19722792,2019,0.767,True
Shigella,Crohn's Disease,6,6,6,0,elevated,1.0,6,20816835;20848492;3329531;24348539;30567928;23013615,2018,0.75,False
Streptococcus,Chronic Obstructive Pulmonary Disease,6,0,2,4,reduced,0.667,6,25403149;25329665;23071781;26917613;28740374;27428540,2017,0.639,True
Streptococcus,Primary sclerosing cholangitis,6,6,6,0,elevated,1.0,4,27207975;5504370;31250469,2019,0.667,True
Veillonella,periodontitis,6,0,1,5,reduced,0.833,6,23613868;29718124;30710838;31281801;31502122;19722792,2020,0.806,True
Acinetobacter,Aggressive periodontitis,5,0,0,5,reduced,1.0,1,30710838,2019,0.833,True
Acinetobacter,periodontitis,5,0,0,5,reduced,1.0,1,30710838,2019,0.833,True
Akkermansia,Type 2 Diabetes,5,4,1,4,reduced,0.8,5,23023125;28008148;31492563;31147456;32214153,2020,0.567,True
Alistipes,HIV infection,5,4,0,5,reduced,1.0,5,24451087;24034618;25057045;24399150;30685386,2019,0.733,True
Bacteroides,Atopic eczema,5,5,0,5,reduced,1.0,1,23339708,2013,0.833,True
Bacteroides,Cirrhosis,5,5,2,3,reduced,0.6,4,25658710;25079328;29665135;31600845,2020,0.792,True
Bacteroides,HIV infection,5,4,0,5,reduced,1.0,5,24586144;24034618;24399150;30649052;30685386,2019,0.7,True
Bacteroides,Kidney stone,5,1,5,0,elevated,1.0,2,27115405;32111156,2020,0.667,True
Bacteroides,Multiple Sclerosis,5,5,1,4,reduced,0.8,3,26367776;27176462;31705027,2019,0.722,True
Bacteroides,Pervasive developmental disorder NOS,5,5,3,2,elevated,0.6,1,24130822,2013,0.667,True
Bifidobacterium,"Celiac Disease, Coaliac disease",5,4,2,3,reduced,0.6,5,20181275;21970810;22542995;30800106;32294965,2020,0.7,True
Bifidobacterium,Lung cancer,5,4,1,4,reduced,0.8,3,30323970;6489541;32240032,2020,0.778,True
Bifidobacterium,Type 2 Diabetes,5,3,1,4,reduced,0.8,5,23386831;28912092;32214153;32013181,2020,0.7,True
Blautia,Colorectal cancer,5,2,1,4,reduced,0.8,5,23306850;22761885;24811328;26515465;31250341,2019,0.8,True
Candida,Caries,5,0,5,0,elevated,1.0,3,32109360;31953340;7048226,2020,0.556,False
Candida,Crohn's Disease,5,2,5,0,elevated,1.0,3,24275714;26574491;30478724,2019,0.833,False
Clostridium,Colorectal cancer,5,4,3,2,elevated,0.6,3,23306850;25432777;31971861,2020,0.833,True
Clostridium,Schizophrenia,5,5,4,1,elevated,0.8,5,29352709;30268819;31255682;31759045;32235826,2020,0.8,True
Clostridium,Type 1 Diabetes,5,5,2,3,reduced,0.6,3,23433344;23274889;24930037,2014,0.722,True
Coprococcus,Irritable Bowel Syndrome,5,3,1,4,reduced,0.8,5,21820992;23757279;17631127;30958430;31953505,2020,0.667,True
Corynebacterium,Caries,5,0,0,5,reduced,1.0,5,24532386;28507066;28709393;31275531;32109360,2020,0.633,True
Corynebacterium,Cystic Fibrosis,5,1,1,4,reduced,0.8,3,22538067;29445257;26492486,2017,0.444,True
Corynebacterium,Type 2 Diabetes,5,0,4,1,elevated,0.8,5,28008148;23300163;23613868;31480468;32298191,2020,0.733,True
Dorea,Irritable Bowel Syndrome,5,4,4,1,elevated,0.8,5,21741921;21820992;22180058;29777439;32266159,2020,0.833,True
Eubacterium,Aggressive periodontitis,5,0,5,0,elevated,1.0,3,4646740;25814980;30909081,2019,0.667,True
Eubacterium,Parkinson's Disease,5,5,3,2,elevated,0.6,3,28449715;31354427;31200089,2019,0.833,True
Eubacterium,Type 2 Diabetes,5,3,3,2,elevated,0.6,4,23023125;28008148;31480468;7052266,2020,0.708,True
Faecalibacterium,Chronic kidney disease,5,5,0,5,reduced,1.0,4,28588309;31315634;32236095,2020,0.833,True
Faecalibacterium,Clostridium difficile infection,5,5,0,5,reduced,1.0,5,30540709;30785932;4863157;31462412;32296918,2020,0.667,True
Faecalibacterium,Non-alcoholic fatty liver disease,5,5,0,5,reduced,1.0,4,29362454;30926798;30870486;31515740,2019,0.833,True
Fusobacterium,Colon adenomas,5,4,3,2,elevated,0.6,2,23335968;30794590,2019,0.75,True
Fusobacterium,HIV infection,5,3,3,2,elevated,0.6,5,24451087;30053882;30915086;30685386;30290791,2019,0.767,True
Fusobacterium,Oral cancer,5,0,5,0,elevated,1.0,5,24887397;9813727;18033835;16672398;31109865,2019,0.533,True
Gemella,Recurrent tonsillitis,5,0,3,2,elevated,0.6,1,23437130,2013,0.833,True
Gemmiger,Ulcerative Colitis,5,2,1,4,reduced,0.8,4,28852861;30545401;31329473;32251296,2020,0.708,True
Granulicatella,periodontitis,5,0,1,4,reduced,0.8,4,25398868;30581850;31502122;19722792,2020,0.708,True
Haemophilus,Chronic Obstructive Pulmonary Disease,5,0,3,2,elevated,0.6,5,25253795;23874580;26917613;27428540,2016,0.567,True
Lachnospira,Crohn's Disease,5,4,0,5,reduced,1.0,4,26789999;26313691;29848021;30545401,2018,0.667,True
Lachnospiraceae,Cirrhosis,5,5,1,4,reduced,0.8,5,24374295;3995845;23333527;25079328;28578302,2018,0.833,False
Lachnospiraceae,Crohn's Disease,5,2,1,4,reduced,0.8,5,26351391;26574491;22068912;31827191;32251296,2020,0.6,False
Lactobacillus,Cervicitis,5,0,0,5,reduced,1.0,2,21287345;26267872,2015,0.75,True
Lactobacillus,Chronic kidney disease,5,2,5,0,elevated,1.0,3,30300382;31245306;32236095,2020,0.833,True
Lactobacillus,Non alcoholic steatohepatitis,5,5,5,0,elevated,1.0,2,29379536;31255652,2019,0.75,True
Lactobacillus,Pregnancy,5,0,5,0,elevated,1.0,2,24484853;32196803,2020,0.75,True
Lactobacillus,Type 1 Diabetes,5,5,1,4,reduced,0.8,5,23433344;23274889;30356183;26068542;24930037,2018,0.733,True
Leptotrichia,Bacterial vaginosis,5,0,5,0,elevated,1.0,4,22719852;16267321;21272848;5460423,2017,0.583,True
Mycoplasma,periodontitis,5,0,5,0,elevated,1.0,5,23303375;31502122;19722792;6713147;31916654,2020,0.833,True
Neisseria,Type 2 Diabetes,5,0,3,2,elevated,0.6,4,23613868;31480468;32246318;32298191,2020,0.792,True
Oscillibacter,Non-alcoholic fatty liver disease,5,5,1,4,reduced,0.8,5,25644696;23454028;31255652;31921729,2019,0.8,True
Parvimonas,periodontitis,5,0,4,1,elevated,0.8,5,23303375;27262209;31153098;31281801;19722792,2019,0.833,True
Phascolarctobacterium,Colorectal cancer,5,3,2,3,reduced,0.6,5,23940645;22761885;31171880;31250341;32132029,2020,0.733,True
Phascolarctobacterium,Crohn's Disease,5,1,0,5,reduced,1.0,5,28852861;26574491;29848021;30519287;23013615,2018,0.833,True
Prevotella,Aerobic vaginitis,5,0,5,0,elevated,1.0,1,31955954,2020,0.833,True
Prevotella,Chlamydia,5,0,5,0,elevated,1.0,3,30038262;31164450;31738795,2019,0.833,True
Prevotella,Chronic Obstructive Pulmonary Disease,5,0,2,3,reduced,0.6,5,25329665;23071781;28740374;27428540,2017,0.7,True
Prevotella,Edentulism,5,0,2,3,reduced,0.6,2,27717873;30657624,2019,0.667,True
Prevotella,Multiple Sclerosis,5,5,0,5,reduced,1.0,5,26367776;31108132;31705027;31172918;35094961,2022,0.733,True
Prevotella,Oral cancer,5,0,4,1,elevated,0.8,4,9813727;15987522;16672398;21205002,2011,0.583,True
Prevotella,Sjögren Syndrome,5,1,2,3,reduced,0.6,3,27087247;27770517;31211815,2019,0.667,True
Prevotella,Ulcerative Colitis,5,1,2,3,reduced,0.6,5,20816835;24013298;16000463;28852861;29462845,2018,0.6,True
Propionibacterium,Acne,5,0,1,4,reduced,0.8,3,2566126;28000755;31173650,2019,0.611,True
Propionibacterium,Dandruff,5,0,1,4,reduced,0.8,5,27909689;30338244;25739873;237965,2018,0.667,True
Pseudomonas,Endometriosis,5,0,5,0,elevated,1.0,2,31087436;7161132,2020,0.667,True
Roseburia,Autism,5,5,2,3,reduced,0.6,3,20603222;24130822;29274915,2018,0.667,True
Roseburia,Pulmonary tubercolosis,5,5,1,4,reduced,0.8,3,29322681;29204120;31001490,2019,0.722,True
Roseburia,Ulcerative Colitis,5,4,1,4,reduced,0.8,5,24021287;28852861;29533950;5504370;23013615,2018,0.833,True
Ruminococcaceae,Cirrhosis,5,4,0,5,reduced,1.0,5,24374295;3995845;23333527;28578302;30905718,2019,0.833,False
Ruminococcus,Acquired Immunodeficiency Syndrome,5,5,1,4,reduced,0.8,2,26962942;29411528,2018,0.667,True
Sneathia,Bacterial vaginosis,5,0,5,0,elevated,1.0,5,18717638;21272848;20819230;21287345;31315951,2019,0.667,True
Staphylococcus,Chronic Rhinosinusitis,5,0,3,2,elevated,0.6,4,17923927;28005692;23656607;24611950,2016,0.667,True
Staphylococcus,Type 2 Diabetes,5,0,2,3,reduced,0.6,3,28008148;23300163;29172724,2018,0.722,True
Streptococcus,Aerobic vaginitis,5,0,5,0,elevated,1.0,2,31315951;31955954,2020,0.833,True
Streptococcus,Aphthous ulcer,5,0,2,3,reduced,0.6,3,17600533;32245419;32169076,2020,0.611,True
Streptococcus,"Celiac Disease, Coaliac disease",5,0,1,4,reduced,0.8,2,24657864;23835180,2014,0.75,True
Streptococcus,Lung cancer,5,3,1,4,reduced,0.8,3,30323970;30524957;32240032,2020,0.833,True
Streptococcus,Oral lichen planus,5,0,0,5,reduced,1.0,3,4785528;28199766,2019,0.778,True
Streptococcus,Sicca syndrome,5,0,4,1,elevated,0.8,2,30272305;31211815,2019,0.833,True
Streptococcus,Ulcerative Colitis,5,2,1,4,reduced,0.8,4,23060013;20816835;29615776;30545401,2018,0.792,True
Treponema,Periodontal disease,5,0,5,0,elevated,1.0,3,31329044;22675498,2019,0.722,True
Turicibacter,Crohn's Disease,5,3,1,4,reduced,0.8,4,26789999;29848021;30519287;31329473,2019,0.75,True
Veillonella,Aggressive periodontitis,5,0,1,4,reduced,0.8,5,4646740;23673380;25814980;28260061;30710838,2019,0.633,True
Veillonella,Chronic Obstructive Pulmonary Disease,5,0,3,2,elevated,0.6,5,25329665;23071781;28740374;27428540,2017,0.7,True
Veillonella,Cirrhosis,5,4,5,0,elevated,1.0,3,5043180;25079328;29665135,2018,0.778,True
Veillonella,Crohn's Disease,5,2,5,0,elevated,1.0,3,26313691;24013298;30927743,2019,0.444,True
Veillonellaceae,Cirrhosis,5,5,3,2,elevated,0.6,5,24374295;21574172;3995845;23333527;30905718,2019,0.833,False
Acinetobacter,Type 2 Diabetes,4,0,2,2,mixed,0.5,4,28008148;31263683;29172724;32246318,2020,0.792,True
Actinomyces,Chronic Obstructive Pulmonary Disease,4,0,1,3,reduced,0.75,4,24311775;23071781;27428540,2016,0.625,True
Actinomyces,Periodontal disease,4,0,0,4,reduced,1.0,3,31329044;22675498,2019,0.722,True
Actinomyces,Rheumatoid Arthritis,4,1,4,0,elevated,1.0,4,30459400;30231060;30545401;32039051,2020,0.708,True
Aggregatibacter,Smoking,4,0,1,3,reduced,0.75,4,21208407;30405010;25283067;27015003,2018,0.75,True
Aggregatibacter,periodontitis,4,0,3,1,elevated,0.75,4,27262209;23613868;30581850;31153098,2019,0.833,True
Akkermansia,Colorectal cancer,4,2,3,1,elevated,0.75,4,23940645;22622349;24811328;32021305,2020,0.833,True
Akkermansia,Crohn's Disease,4,3,0,4,reduced,1.0,4,20648002;27542127;31329473;31520001,2019,0.75,True
Akkermansia,Ulcerative Colitis,4,3,1,3,reduced,0.75,4,20648002;5504370;31329473;31055592,2019,0.75,True
Alistipes,Autism,4,4,3,1,elevated,0.75,1,24130822,2013,0.667,True
Alistipes,Obesity,4,4,1,3,reduced,0.75,4,23055155;31399369;31530820;31921729,2019,0.792,True
Anaerostipes,Crohn's Disease,4,2,1,3,reduced,0.75,4,26313691;28852861;31827191;32251296,2020,0.667,True
Anaerotruncus,Crohn's Disease,4,3,1,3,reduced,0.75,3,26789999;26313691;29848021,2018,0.667,True
Atopobium,Caries,4,0,4,0,elevated,1.0,3,28932895;29670544;31365560,2019,0.667,True
Atopobium,Colorectal cancer,4,4,3,1,elevated,0.75,4,23306850;27171425;24316595;31171880,2019,0.625,True
Bacteroides,Alzheimer's Disease,4,4,2,2,mixed,0.5,4,27776263;31434623;29758946,2019,0.75,True
Bacteroides,"Celiac Disease, Coaliac disease",4,1,4,0,elevated,1.0,3,21970810;18033837;20565734,2011,0.611,True
Bacteroides,Chronic kidney disease,4,4,2,2,mixed,0.5,3,28588309;30088332;31315634,2019,0.778,True
Bacteroides,Hepatitis B,4,4,1,3,reduced,0.75,4,5693892;7098974;31925905;31600845,2020,0.833,True
Bacteroides,Inflammatory Bowel Disease,4,3,2,2,mixed,0.5,3,17699621;30567928;30685379,2019,0.667,True
Bacteroides,Multiple system atrophy,4,3,2,2,mixed,0.5,3,29083071;31381527;31680836,2019,0.778,True
Bacteroides,Non-alcoholic fatty liver disease,4,4,1,3,reduced,0.75,3,26600078;29362454;31726978,2019,0.833,True
Bacteroides,Polycystic Ovary Syndrome,4,4,2,2,mixed,0.5,3,28293234;30292647;31970418,2020,0.722,True
Bacteroides,Psoriasis,4,4,2,2,mixed,0.5,4,29491401;29130553;30920647;30264198,2019,0.667,True
Bacteroides,Sarcopenia,4,4,2,2,mixed,0.5,4,35851765;10005572,2023,0.375,True
Bacteroides,Sjögren Syndrome,4,4,3,1,elevated,0.75,2,27087247;30416033,2019,0.667,True
Barnesiella,HIV infection,4,3,1,3,reduced,0.75,4,25057045;24399150;30649052;30685386,2019,0.75,True
Bifidobacterium,Non alcoholic steatohepatitis,4,4,0,4,reduced,1.0,2,23055155;29379536,2018,0.667,True
Bifidobacterium,Non-alcoholic fatty liver disease,4,4,0,4,reduced,1.0,2,29379536;31726978,2019,0.75,True
Bifidobacterium,Pulmonary tubercolosis,4,4,0,4,reduced,1.0,2,29322681;31001490,2019,0.75,True
Bilophila,Autism spectrum disorders,4,4,1,3,reduced,0.75,4,30743242;28222761;30895172;31765662,2020,0.792,True
Blautia,Cystic Fibrosis,4,4,1,3,reduced,0.75,2,4855157;5155554,2017,0.5,True
Blautia,Irritable Bowel Syndrome,4,4,2,2,mixed,0.5,4,15667495;21820992;22180058;30958430,2019,0.708,True
Campylobacter,Aggressive periodontitis,4,0,1,3,reduced,0.75,2,4646740;30710838,2019,0.75,True
Campylobacter,Barrett's oesophagus,4,0,4,0,elevated,1.0,3,17554697;23600758;31466948,2019,0.5,True
Campylobacter,HIV infection,4,2,1,3,reduced,0.75,4,24586144;23843452;30053882;30649052,2019,0.667,True
Campylobacter,Type 2 Diabetes,4,0,3,1,elevated,0.75,2,31480468;32298191,2020,0.75,True
Clostridioides,Crohn's Disease,4,3,4,0,elevated,1.0,3,20848492;26313691;3329531,2015,0.556,True
Clostridium,Chronic kidney disease,4,4,2,2,mixed,0.5,3,28588309;30088332;31245306,2019,0.778,True
Clostridium,Idiopathic nephrotic syndrome,4,4,0,4,reduced,1.0,1,29533950,2018,0.833,True
Clostridium,Irritable Bowel Syndrome,4,4,2,2,mixed,0.5,3,21820992;17631127;19533811,2011,0.722,True
Clostridium,Major depressive disorder,4,4,1,3,reduced,0.75,2,32056905;32040443,2020,0.833,True
Clostridium,Multiple Sclerosis,4,4,3,1,elevated,0.75,4,26367776;30417113;31705027;32162850,2020,0.708,True
Collinsella,Colorectal cancer,4,2,2,2,mixed,0.5,4,22761885;26515465;30576312;31171880,2019,0.792,True
Collinsella,Crohn's Disease,4,3,1,3,reduced,0.75,4,20816835;27542127;28852861;31329473,2019,0.792,True
Coprococcus,HIV infection,4,3,0,4,reduced,1.0,4,24586144;24451087;24399150;31894240,2020,0.792,True
Coprococcus,Non-alcoholic fatty liver disease,4,4,1,3,reduced,0.75,3,29362454;31726978,2019,0.833,True
Coprococcus,Obesity,4,4,1,3,reduced,0.75,4,23055155;30366118;30572569;31809363,2020,0.708,True
Coriobacteriaceae,Obesity,4,3,3,1,elevated,0.75,3,30572569;19164560;6467948,2019,0.833,False
Desulfobulbus,periodontitis,4,0,4,0,elevated,1.0,4,23303375;27717873;31502122;6572048,2020,0.708,True
Desulfovibrio,Colorectal cancer,4,3,3,1,elevated,0.75,3,22761885;30576312;31171880,2019,0.778,True
Desulfovibrio,Ulcerative Colitis,4,0,2,2,mixed,0.5,3,20940602;28852861;29462845,2018,0.722,True
Dorea,Parkinson's Disease,4,3,0,4,reduced,1.0,2,26179554;28429209,2017,0.5,True
Enterobacteriaceae,Colorectal cancer,4,3,3,1,elevated,0.75,4,23306850;25104642;24811328;32280686,2020,0.792,False
Enterococcus,Cirrhosis,4,3,4,0,elevated,1.0,4,15612659;22821944;22484797;29665135,2018,0.583,True
Enterococcus,Clostridium difficile infection,4,4,4,0,elevated,1.0,4,30785932;4863157;31462412;32296918,2020,0.667,True
Enterococcus,Cystic Fibrosis,4,4,4,0,elevated,1.0,3,4855157;4778032;28279152,2017,0.556,True
Enterococcus,Short Bowel Syndrome,4,4,4,0,elevated,1.0,3,28501098;31493882;31095575,2019,0.833,True
Escherichia,Colorectal cancer,4,3,4,0,elevated,1.0,3,25699023;21850056,2019,0.611,True
Escherichia,Type 2 Diabetes,4,3,4,0,elevated,1.0,4,23023125;31492563;32013181;32234773,2020,0.667,True
Eubacterium,Autism spectrum disorders,4,4,0,4,reduced,1.0,1,30670726,2019,0.833,True
Eubacterium,Chronic kidney disease,4,4,0,4,reduced,1.0,2,30088332;32241215,2020,0.75,True
Eubacterium,Cirrhosis,4,3,1,3,reduced,0.75,2,26606973;25079328,2015,0.833,True
Eubacterium,Schizophrenia,4,3,3,1,elevated,0.75,3,26336637;31759045;32235826,2020,0.722,True
Eubacterium,Smoking,4,0,4,0,elevated,1.0,2,31201984;32170059,2020,0.667,True
Eubacterium,Ulcerative Colitis,4,2,1,3,reduced,0.75,4,16000463;28039159;29462845;31055592,2019,0.708,True
Faecalibacterium,Inflammatory Bowel Disease,4,3,0,4,reduced,1.0,4,26971052;29893034;30567928;30685379,2019,0.833,True
Faecalibacterium,Multiple Sclerosis,4,4,0,4,reduced,1.0,4,26367776;25775034;31108132;35094961,2022,0.708,True
Filifactor,Aggressive periodontitis,4,0,3,1,elevated,0.75,4,4646740;25814980;30909081;30710838,2019,0.708,True
Firmicutes,Sarcopenia,4,4,2,2,mixed,0.5,4,10654747;10005572,2024,0.375,False
Fusobacterium,Appendicitis,4,0,4,0,elevated,1.0,2,27056397;3997405,2016,0.417,True
Fusobacterium,Caries,4,0,0,4,reduced,1.0,4,28326153;5187778;30210479;31275531,2019,0.792,True
Fusobacterium,Sjögren Syndrome,4,0,1,3,reduced,0.75,3,27087247;27770517;31211815,2019,0.667,True
Fusobacterium,Type 2 Diabetes,4,1,3,1,elevated,0.75,3,31480468;32214153;32298191,2020,0.667,True
Fusobacterium,periodontitis,4,0,4,0,elevated,1.0,4,29718124;27717873;6713147;31916654,2020,0.708,True
Gemmiger,Crohn's Disease,4,3,0,4,reduced,1.0,4,28852861;30545401;31329473;31827191,2019,0.708,True
Haemophilus,Cirrhosis,4,2,3,1,elevated,0.75,4,5043180;26099252;25079328;29665135,2018,0.792,True
Klebsiella,Colorectal cancer,4,2,2,2,mixed,0.5,3,22761885;31250341,2019,0.667,True
Lachnospiraceae,Parkinson's Disease,4,4,2,2,mixed,0.5,4,28195358;29501802;31174953;31354427,2019,0.75,False
Lactobacillaceae,Parkinson's Disease,4,3,4,0,elevated,1.0,4,28259623;30576008;31174953,2019,0.792,False
Lactobacillus,HIV infection,4,1,1,3,reduced,0.75,3,21075899;24817204;30915086,2019,0.611,True
Lactobacillus,Irritable Bowel Syndrome,4,4,2,2,mixed,0.5,4,4796292;5118858;22315951;17631127,2016,0.667,True
Methanobrevibacter,Multiple Sclerosis,4,4,4,0,elevated,1.0,4,27176462;27352007;32162850,2020,0.667,False
Mogibacterium,periodontitis,4,0,4,0,elevated,1.0,4,25398868;23303375;19722792;31916654,2020,0.708,True
Moraxella,Asthma,4,0,2,2,mixed,0.5,4,27576124;4433433;30911282;30242844,2019,0.542,True
Neisseria,Chronic Obstructive Pulmonary Disease,4,0,2,2,mixed,0.5,4,25329665;23874580;30104869;27428540,2018,0.708,True
Neisseria,Sjögren Syndrome,4,0,0,4,reduced,1.0,4,27351333;30060225;6166617;31211815,2019,0.792,True
Odoribacter,Crohn's Disease,4,2,1,3,reduced,0.75,4,26789999;26313691;28852861;29848021,2018,0.708,True
Odoribacter,Irritable Bowel Syndrome,4,3,1,3,reduced,0.75,3,21820992;22180058;23757279,2012,0.722,True
Oscillibacter,Obesity,4,4,0,4,reduced,1.0,4,30366118;31399369;31921729;31809363,2020,0.75,True
Parabacteroides,Cirrhosis,4,4,2,2,mixed,0.5,3,25079328;29665135;31600845,2020,0.778,True
Parabacteroides,Colorectal cancer,4,1,0,4,reduced,1.0,4,22761885;30576312;31244818;32021305,2020,0.792,True
Parabacteroides,Multiple Sclerosis,4,4,4,0,elevated,1.0,4,27176462;27346372;31172918;32162850,2020,0.833,True
Parascardovia,Caries,4,0,4,0,elevated,1.0,4,28326153;28507066;31365560;30642327,2019,0.625,True
Parvimonas,Autism spectrum disorders,4,1,0,4,reduced,1.0,3,29371629;30228282;31489949,2019,0.778,True
Porphyromonas,Oral cancer,4,0,3,1,elevated,0.75,4,9813727;18033835;22010579;21205002,2011,0.5,True
Porphyromonas,Periodontal disease,4,0,4,0,elevated,1.0,3,28979798;31329044,2019,0.722,True
Porphyromonas,Sjögren Syndrome,4,0,0,4,reduced,1.0,3,27770517;6166617;31211815,2019,0.778,True
Prevotella,Autism,4,4,2,2,mixed,0.5,4,23844187;20603222;24130822;29274915,2018,0.667,True
Prevotella,Behcet's Disease,4,1,1,3,reduced,0.75,3,27105322;26037240;27283393,2016,0.722,True
Prevotella,Chronic kidney disease,4,4,0,4,reduced,1.0,3,28588309;31315634;32236095,2020,0.833,True
Prevotella,Cirrhosis,4,2,3,1,elevated,0.75,4,5043180;26606973;29665135;31600845,2020,0.792,True
Prevotella,Gastric carcinoma,4,1,2,2,mixed,0.5,3,29102920;30584008;30535886,2019,0.778,True
Prevotella,Hepatitis B,4,3,2,2,mixed,0.5,4,26606973;7098974;31925905;31600845,2020,0.833,True
Prevotella,Irritable Bowel Syndrome,4,4,1,3,reduced,0.75,2,21820992;30958430,2019,0.667,True
Prevotella,Pulmonary tubercolosis,4,3,0,4,reduced,1.0,3,29322681;29204120;32303963,2020,0.722,True
Prevotella,Sarcopenia,4,4,1,3,reduced,0.75,4,10005572,2024,0.333,True
Prevotella,Type 1 Diabetes,4,3,1,3,reduced,0.75,4,23433344;28324102;30224347,2018,0.75,True
Propionibacterium,Atopic dermatitis,4,1,1,3,reduced,0.75,4,18033838;22310478;30899033;31619666,2019,0.625,True
Roseburia,Colorectal cancer,4,2,3,1,elevated,0.75,4,23497613;26992426;21850056;31971861,2020,0.667,True
Roseburia,Pervasive developmental disorder NOS,4,4,1,3,reduced,0.75,1,24130822,2013,0.667,True
Roseburia,Type 2 Diabetes,4,4,1,3,reduced,0.75,3,20140211;23023125;31492563,2019,0.556,True
Rothia,Asthma,4,2,3,1,elevated,0.75,4,26424567;29984544;27634868;30911282,2019,0.75,True
Rothia,Caries,4,0,2,2,mixed,0.5,4,5187778;28507066;28709393;31452955,2019,0.667,True
Rothia,Oral cancer,4,0,1,3,reduced,0.75,4,24887397;16672398;21205002;31109865,2019,0.667,True
Ruminococcaceae,Colorectal cancer,4,1,1,3,reduced,0.75,4,22761885;25104642;26170900;30412600,2018,0.75,False
Ruminococcus,Chronic kidney disease,4,4,3,1,elevated,0.75,2,30088332;32236095,2020,0.75,True
Ruminococcus,Cirrhosis,4,4,3,1,elevated,0.75,3,25079328;29665135;31298745,2019,0.778,True
Ruminococcus,HIV infection,4,4,2,2,mixed,0.5,4,24586144;24451087;24034618;31748797,2020,0.667,True
Ruminococcus,Obesity,4,4,1,3,reduced,0.75,4,19498350;23055155;23985870;31399369,2019,0.708,True
Saccharomyces,Crohn's Disease,4,2,0,4,reduced,1.0,2,24275714;31520001,2019,0.833,False
Selenomonas,Smoking,4,0,1,3,reduced,0.75,4,23489056;25283067;27015003;31201984,2019,0.708,True
Staphylococcus,Acne,4,0,4,0,elevated,1.0,4,2566126;28000755;31173650;28094874,2019,0.667,True
Staphylococcus,"Celiac Disease, Coaliac disease",4,2,3,1,elevated,0.75,3,20181275;21970810;23835180,2013,0.667,True
Staphylococcus,Cystic Fibrosis,4,0,4,0,elevated,1.0,3,29445257;26492486;30580994,2019,0.5,True
Staphylococcus,Systemic lupus erythematosus,4,0,4,0,elevated,1.0,1,31883828,2020,0.833,True
Streptococcus,Atopic dermatitis,4,1,3,1,elevated,0.75,4,22310478;31100040;31152265;32009325,2020,0.583,True
Streptococcus,Autism spectrum disorders,4,3,1,3,reduced,0.75,4,29371629;30228282;30670726;30619212,2019,0.792,True
Streptococcus,Bacterial vaginosis,4,0,3,1,elevated,0.75,3,22719852;20819230;27790434,2016,0.611,True
Streptococcus,Chronic kidney disease,4,2,3,1,elevated,0.75,3,30300382;31315634;32183306,2020,0.833,True
Streptococcus,Down syndrome,4,0,4,0,elevated,1.0,1,22221039,2012,0.667,True
Streptococcus,Edentulism,4,0,3,1,elevated,0.75,2,27717873;30657624,2019,0.667,True
Streptococcus,HIV infection,4,2,2,2,mixed,0.5,4,26297584;30649052;30915086;30290791,2019,0.708,True
Streptococcus,Irritable Bowel Syndrome,4,3,3,1,elevated,0.75,4,21820992;4796292;23757279;30567928,2018,0.708,True
Streptococcus,Multiple Sclerosis,4,4,4,0,elevated,1.0,3,26367776;30545401;31108132,2019,0.667,True
Streptococcus,Parkinson's Disease,4,3,2,2,mixed,0.5,4,28536926;29776865;31354427;31247001,2019,0.625,True
Streptococcus,Primary sclerosing cholangitis-IBD,4,4,4,0,elevated,1.0,2,5504370;30666146,2019,0.833,True
Streptococcus,Pulmonary tubercolosis,4,3,3,1,elevated,0.75,3,29322681;29204120;31715320,2020,0.722,True
Streptococcus,Rheumatoid Arthritis,4,1,3,1,elevated,0.75,4,30459400;30231060;30545401;32039040,2020,0.667,True
Streptococcus,Schizophrenia,4,2,4,0,elevated,1.0,2,26336637;32235826,2020,0.667,True
Sutterella,Autism,4,2,4,0,elevated,1.0,2,22233678;24188502,2013,0.583,True
Veillonella,Asthma,4,1,1,3,reduced,0.75,4,25329665;26424567;29445257;31496123,2019,0.708,True
Veillonella,Primary sclerosing cholangitis-IBD,4,3,3,1,elevated,0.75,3,29435321;5504370;26526357,2018,0.833,True
Veillonella,Schizophrenia,4,4,4,0,elevated,1.0,2,32065949;32235826,2020,0.75,True
Acidaminococcus,Cirrhosis,3,1,1,2,reduced,0.667,3,22821944;28578302;30905718,2019,0.833,True
Acinetobacter,Crohn's Disease,3,1,3,0,elevated,1.0,2,28852861;30519287,2018,0.833,True
Actinomyces,Autism spectrum disorders,3,2,0,3,reduced,1.0,3,29371629;30228282;30619212,2018,0.778,True
Actinomyces,"Celiac Disease, Coaliac disease",3,0,2,1,elevated,0.667,3,24657864;23835180;30800106,2019,0.778,True
Actinomyces,Colorectal cancer,3,2,2,1,elevated,0.667,3,30794590;30576312;31171880,2019,0.778,True
Actinomyces,Crohn's Disease,3,3,3,0,elevated,1.0,3,26789999;26313691;30545401,2018,0.611,True
Actinomyces,Sjögren Syndrome,3,1,1,2,reduced,0.667,3,30416033;6166617;31211815,2019,0.833,True
Actinomyces,Smoking,3,0,2,1,elevated,0.667,3,30405010;31201984;32170059,2020,0.667,True
Aerococcus,Chlamydia,3,0,2,1,elevated,0.667,3,30038262;31164450;31738795,2019,0.833,True
Akkermansia,Autism,3,3,2,1,elevated,0.667,3,23844187;24130822;29274915,2018,0.722,True
Akkermansia,Cirrhosis,3,3,1,2,reduced,0.667,3,29665135;31600845;33713524,2021,0.667,True
Akkermansia,Clostridium difficile infection,3,3,2,1,elevated,0.667,3,30785932;4863157;32296918,2020,0.667,True
Akkermansia,Multiple Sclerosis,3,3,3,0,elevated,1.0,3,27176462;27352007;31705027,2019,0.778,True
Akkermansia,Obesity,3,3,0,3,reduced,1.0,3,30810328;31399369;31952432,2020,0.611,True
Alistipes,Cirrhosis,3,3,0,3,reduced,1.0,2,25079328,2016,0.833,True
Alistipes,Colorectal cancer,3,1,0,3,reduced,1.0,3,21850056;26515465;30576312,2018,0.778,True
Alistipes,Crohn's Disease,3,2,0,3,reduced,1.0,3,26789999;26313691;28852861,2018,0.667,True
Alistipes,Cystic Fibrosis,3,3,0,3,reduced,1.0,3,26330184;24178246;4855157,2016,0.5,True
Alistipes,Hepatitis B,3,3,1,2,reduced,0.667,3,5693892;7098974;31600845,2020,0.833,True
Alistipes,Irritable Bowel Syndrome,3,3,1,2,reduced,0.667,3,21820992;22180058;23757279,2012,0.722,True
Alistipes,Pervasive developmental disorder NOS,3,3,3,0,elevated,1.0,1,24130822,2013,0.667,True
Alistipes,Type 2 Diabetes,3,2,3,0,elevated,1.0,3,23023125;31438919;30888537,2019,0.667,True
Alloprevotella,Caries,3,0,2,1,elevated,0.667,3,28326153;29670544;28709393,2018,0.722,True
Anaerotruncus,Parkinson's Disease,3,3,3,0,elevated,1.0,3,28843021;31221587;32161568,2020,0.722,True
Atopobium,Cirrhosis,3,2,3,0,elevated,1.0,3,5043180;29665135;31600845,2020,0.778,True
Atopobium,Human papilloma virus infection,3,0,2,1,elevated,0.667,2,31749298;31952112,2020,0.75,True
Bacillus,Crohn's Disease,3,3,0,3,reduced,1.0,3,26789999;3329531;31899727,2020,0.722,True
Bacteriodes,Crohn's Disease,3,3,0,3,reduced,1.0,3,26789999;3329531;18401439,2016,0.667,False
Bacteroides,Ankylosing spondylitis,3,3,2,1,elevated,0.667,2,31377126;31778109,2019,0.75,True
Bacteroides,Attention Deficit Hyperactivity Disorder,3,3,2,1,elevated,0.667,2,31119393;32132899,2020,0.833,True
Bacteroides,Autism spectrum disorders,3,3,2,1,elevated,0.667,3,30743242;30619212;30701194,2019,0.833,True
Bacteroides,Cholestasis,3,3,0,3,reduced,1.0,2,30483228;31848302,2019,0.75,True
Bacteroides,Coronary artery disease,3,3,1,2,reduced,0.667,2,27125213;30897381,2019,0.833,True
Bacteroides,Generalized anxiety disorder,3,3,1,2,reduced,0.667,2,31437702;32056905,2020,0.833,True
Bacteroides,Pulmonary arterial hypertension,3,3,0,3,reduced,1.0,1,32088998,2020,0.5,True
Bacteroides,Rheumatoid Arthritis,3,2,1,2,reduced,0.667,3,30459400;18528968;31699813,2020,0.556,True
Bacteroides,Systemic lupus erythematosus,3,3,3,0,elevated,1.0,1,30416033,2019,0.833,True
Bacteroidetes,Alopecia areata,3,0,3,0,elevated,1.0,1,30973913,2019,0.833,False
Bergeyella,Caries,3,0,1,2,reduced,0.667,3,28326153;29670544;31365560,2019,0.667,True
Bifidobacterium,Aerobic vaginitis,3,0,3,0,elevated,1.0,1,31955954,2020,0.833,True
Bifidobacterium,Alcoholic cirrhosis,3,3,3,0,elevated,1.0,1,29041989,2017,0.833,True
Bifidobacterium,Allergy,3,3,2,1,elevated,0.667,2,11447399;29786876,2019,0.667,True
Bifidobacterium,Atopic dermatitis,3,3,0,3,reduced,1.0,3,12642841;16601353;30899033,2019,0.556,True
Bifidobacterium,Behcet's Disease,3,2,3,0,elevated,1.0,3,27105322;26037240;30628011,2019,0.667,True
Bifidobacterium,Chronic kidney disease,3,3,1,2,reduced,0.667,3,28588309;31315634;32183306,2020,0.833,True
Bifidobacterium,Sjögren Syndrome,3,1,2,1,elevated,0.667,3,30060225;31514257;32059038,2020,0.778,True
Bilophila,Ulcerative Colitis,3,1,0,3,reduced,1.0,3,28039159;28852861;29462845,2018,0.833,True
Blautia,Alzheimer's Disease,3,3,2,1,elevated,0.667,3,31063846;31434623,2019,0.722,True
Blautia,Fibromyalgia,3,3,2,1,elevated,0.667,1,31219947,2019,0.833,True
Blautia,Systemic lupus erythematosus,3,3,3,0,elevated,1.0,1,29196292,2018,0.667,True
Blautia,Type 1 Diabetes,3,3,2,1,elevated,0.667,3,23433344;27231166;30224347,2018,0.833,True
Brevundimonas,Colorectal cancer,3,0,0,3,reduced,1.0,2,25699023;31244818,2019,0.667,True
Bulleidia,Colorectal cancer,3,2,3,0,elevated,1.0,3,26408641;25875428;31171880,2019,0.667,True
Butyricicoccus,Multiple Sclerosis,3,3,2,1,elevated,0.667,3,31705027;31172918;32162850,2020,0.833,True
Butyricimonas,Crohn's Disease,3,1,0,3,reduced,1.0,3,26313691;28852861;26574491,2018,0.722,True
Butyricimonas,Parkinson's Disease,3,3,3,0,elevated,1.0,3,31248424;31200089;32161568,2020,0.833,True
Campylobacter,Colorectal cancer,3,1,3,0,elevated,1.0,3,23733170;25875428;31244818,2019,0.667,True
Candida,HIV infection,3,2,3,0,elevated,1.0,2,29385188;24626467,2018,0.75,False
Candidatus,Irritable Bowel Syndrome,3,2,3,0,elevated,1.0,1,31953505,2020,0.833,False
Capnocytophaga,Oral cancer,3,0,2,1,elevated,0.667,3,15987522;21205002;31109865,2019,0.778,True
Capnocytophaga,Smoking,3,0,1,2,reduced,0.667,3,23489056;27015003;32169076,2020,0.778,True
Capnocytophaga,Type 2 Diabetes,3,0,2,1,elevated,0.667,2,23613868;31480468,2019,0.833,True
Cardiobacterium,periodontitis,3,0,0,3,reduced,1.0,2,23613868;19722792,2013,0.833,True
Catenibacterium,Coronary artery disease,3,3,3,0,elevated,1.0,3,30192713;31995569;32100534,2020,0.778,True
Christensenella,Crohn's Disease,3,3,0,3,reduced,1.0,2,26789999;26313691,2016,0.583,True
Clostridium,Anorexia Nervosa,3,3,0,3,reduced,1.0,2,26682545;28636668,2017,0.583,True
Clostridium,Cirrhosis,3,2,3,0,elevated,1.0,3,15612659;25658710;22821944,2015,0.722,True
Clostridium,Hepatocellular cancer,3,3,3,0,elevated,1.0,1,30045880,2018,0.833,True
Clostridium,Hypertension,3,3,2,1,elevated,0.667,3,28143587;28884091;31173179,2019,0.833,True
Clostridium,Infantile eczema,3,3,2,1,elevated,0.667,1,27812181,2016,0.667,True
Clostridium,Necrotizing enterocolitis,3,3,3,0,elevated,1.0,2,26084844;15201403,2015,0.75,True
Clostridium,Pervasive developmental disorder NOS,3,3,0,3,reduced,1.0,1,24130822,2013,0.667,True
Clostridium,Pouchitis,3,3,3,0,elevated,1.0,1,20845425,2011,0.667,True
Clostridium,Preterm birth,3,3,0,3,reduced,1.0,1,25372390,2014,0.833,True
Clostridium,Primary biliary cholangitis,3,3,2,1,elevated,0.667,3,28213609;29969462;30900136,2019,0.778,True
Comamonas,Colon adenomas,3,3,0,3,reduced,1.0,1,30794590,2019,0.833,True
Coprococcus,Parkinson's Disease,3,3,1,2,reduced,0.667,3,26179554;28429209;31354427,2019,0.611,True
Coprococcus,Primary sclerosing cholangitis,3,3,0,3,reduced,1.0,3,26887816;5504370;31250469,2019,0.722,True
Coprococcus,Pulmonary tubercolosis,3,3,1,2,reduced,0.667,3,29322681;29204120;31001490,2019,0.722,True
Coprococcus,Ulcerative Colitis,3,2,0,3,reduced,1.0,3,25121355;28852861;5504370,2018,0.833,True
Corynebacterium,Atopic dermatitis,3,1,2,1,elevated,0.667,3,22310478;30899033;31152265,2019,0.611,True
Corynebacterium,Autism spectrum disorders,3,2,2,1,elevated,0.667,3,29371629;28222761;30619212,2018,0.833,True
Corynebacterium,Chronic Rhinosinusitis,3,0,3,0,elevated,1.0,3,22972842;28005692;23656607,2016,0.444,True
Corynebacterium,Obesity,3,0,2,1,elevated,0.667,2,29576948;30654751,2019,0.833,True
Corynebacterium,Rheumatoid Arthritis,3,0,1,2,reduced,0.667,3,30231060;32039040,2020,0.667,True
Corynebacterium,Smoking,3,0,2,1,elevated,0.667,3,25283067;27015003;32169076,2020,0.778,True
Corynebacterium,periodontitis,3,0,0,3,reduced,1.0,3,27262209;23613868;30710838,2019,0.833,True
Delftia,Mucosa-associated lymphoid tissue lymphoma,3,0,3,0,elevated,1.0,1,,2019,0.833,False
Dialister,Bacterial vaginosis,3,0,3,0,elevated,1.0,3,22719852;18717638;21272848,2012,0.556,True
Dialister,Colorectal cancer,3,2,0,3,reduced,1.0,2,23940645;30576312,2018,0.833,True
Dialister,Crohn's Disease,3,3,0,3,reduced,1.0,3,21209126;31520001;31827191,2019,0.778,True
Dialister,Edentulism,3,0,1,2,reduced,0.667,2,27717873;30657624,2019,0.667,True
Dialister,Irritable Bowel Syndrome,3,3,3,0,elevated,1.0,3,21820992;22180058;29533950,2018,0.833,True
Dialister,Obesity,3,3,2,1,elevated,0.667,3,31399369;31809363;31976177,2020,0.778,True
Dialister,Preeclamsia,3,2,2,1,elevated,0.667,3,25492799;6608563;31900289,2020,0.667,True
Dorea,"Celiac Disease, Coaliac disease",3,3,1,2,reduced,0.667,2,30800106;32294965,2020,0.833,True
Dorea,Multiple Sclerosis,3,3,2,1,elevated,0.667,3,27346372;31705027;31172918,2019,0.833,True
Dorea,Non-alcoholic fatty liver disease,3,3,2,1,elevated,0.667,3,27028797;29362454;23454028,2018,0.722,True
Eggerthella,Autism spectrum disorders,3,3,1,2,reduced,0.667,3,30895172;30619212;30701194,2019,0.833,True
Eggerthella,Bacterial vaginosis,3,0,3,0,elevated,1.0,3,20819230;21287345;5460423,2017,0.722,True
Eggerthella,HIV infection,3,2,0,3,reduced,1.0,3,24817204;30915086;30685386,2019,0.722,True
Enterobacteriaceae,Parkinson's Disease,3,3,3,0,elevated,1.0,3,27591074;30576008;31174953,2019,0.778,False
Enterococcus,Bacterial vaginosis,3,0,3,0,elevated,1.0,1,27790434,2016,0.667,True
Enterococcus,Hepatocellular cancer,3,3,2,1,elevated,0.667,3,29665135;30045880;30675188,2019,0.778,True
Enterococcus,Parkinson's Disease,3,3,3,0,elevated,1.0,3,28536926;31174953;31248424,2019,0.556,True
Escherichia,Alzheimer's Disease,3,2,3,0,elevated,1.0,2,27776263;31434623,2019,0.667,True
Escherichia,"Celiac Disease, Coaliac disease",3,0,3,0,elevated,1.0,2,18033837;20565734,2010,0.583,True
Escherichia,Cystic Fibrosis,3,3,3,0,elevated,1.0,3,23613805;24178246;5155554,2017,0.667,True
Escherichia,Irritable Bowel Syndrome,3,3,3,0,elevated,1.0,3,25865706;5118858;22180058,2016,0.611,True
Eubacterium,Colon polyps,3,3,3,0,elevated,1.0,1,7574628,1995,0.667,True
Eubacterium,Covid-19,3,3,0,3,reduced,1.0,2,32497191;7314193,2020,0.833,True
Eubacterium,Generalized anxiety disorder,3,3,0,3,reduced,1.0,2,30029052;31437702,2019,0.833,True
Eubacterium,Inflammatory Bowel Disease,3,3,0,3,reduced,1.0,2,26843508;30774408,2019,0.833,True
Eubacterium,Irritable Bowel Syndrome,3,2,1,2,reduced,0.667,3,21741921;23757279;31953505,2020,0.722,True
Eubacterium,Kidney stone,3,2,1,2,reduced,0.667,2,29353409;32111156,2020,0.833,True
Eubacterium,Thyroid carcinoma,3,3,3,0,elevated,1.0,1,30565661,2019,0.833,True
Faecalibacterium,Bipolar disorder,3,3,1,2,reduced,0.667,3,27988330;31380217;30051546,2019,0.778,True
Faecalibacterium,Frailty,3,3,0,3,reduced,1.0,3,26822992;34485176,2022,0.5,True
Faecalibacterium,HIV infection,3,3,0,3,reduced,1.0,3,24586144;30649052;30685386,2019,0.722,True
Faecalibacterium,Inactive Crohn's Disease,3,3,0,3,reduced,1.0,2,25856344;24398881,2015,0.667,True
Faecalibacterium,Irritable Bowel Syndrome,3,2,0,3,reduced,1.0,3,29777439;30958430;32266159,2020,0.722,True
Faecalibacterium,Pancreatitis,3,2,1,2,reduced,0.667,3,5334648;29423379;30519748,2019,0.778,True
Faecalibacterium,Psoriasis,3,2,1,2,reduced,0.667,3,26971052;29491401;30920647,2019,0.722,True
Faecalibacterium,Type 1 Diabetes,3,3,0,3,reduced,1.0,3,20613793;30224347;31147456,2019,0.611,True
Firmicutes,Cystic Fibrosis,3,3,0,3,reduced,1.0,1,4778032,2016,0.667,False
Flavonifractor,Autism,3,3,3,0,elevated,1.0,3,20603222;12173102;24130822,2013,0.5,True
Fretibacterium,periodontitis,3,0,3,0,elevated,1.0,3,31281801;31216300;31916654,2020,0.833,True
Fusobacterium,Aggressive periodontitis,3,0,2,1,elevated,0.667,3,4646740;6713147,2019,0.778,True
Fusobacterium,Behcet's Disease,3,2,1,2,reduced,0.667,2,26037240;30077182,2018,0.667,True
Fusobacterium,Systemic sclerosis,3,3,3,0,elevated,1.0,1,26749064,2016,0.667,True
Gardnerella,Chlamydia,3,0,3,0,elevated,1.0,3,29313867;30038262;31164450,2019,0.778,False
Gardnerella,Endometriosis,3,1,2,1,elevated,0.667,1,30778155,2019,0.833,False
Gardnerella,Preterm birth,3,0,3,0,elevated,1.0,3,1606115;25452591;20027045,2015,0.667,False
Gemella,Obesity,3,1,1,2,reduced,0.667,2,29576948;30572569,2018,0.833,True
Gemella,Oral cancer,3,0,3,0,elevated,1.0,2,22817758;21205002,2012,0.75,True
Gemella,Oral potentially malignant disorder,3,0,1,2,reduced,0.667,1,30054809,2018,0.833,True
Gemmiger,Multiple Sclerosis,3,3,1,2,reduced,0.667,3,30545401;31172918;32162850,2020,0.778,True
Granulicatella,Sjögren Syndrome,3,0,0,3,reduced,1.0,3,27351333;30060225;31211815,2019,0.778,True
Granulicatella,Smoking,3,0,1,2,reduced,0.667,3,30405010;29995962;32105635,2020,0.722,True
Haemophilus,Aphthous ulcer,3,0,2,1,elevated,0.667,2,17600533;32169076,2020,0.5,True
Haemophilus,COPD Exacerbation,3,0,3,0,elevated,1.0,3,29579057;31174538;31782610,2020,0.833,True
Haemophilus,Crohn's Disease,3,0,2,1,elevated,0.667,3,24013298;26574491;30927743,2019,0.556,True
Haemophilus,HIV infection,3,1,2,1,elevated,0.667,3,26297584;30290791;31078141,2019,0.778,True
Haemophilus,Hypopharyngeal cancer,3,0,2,1,elevated,0.667,1,31832691,2020,0.833,True
Haemophilus,Oral lichen planus,3,0,0,3,reduced,1.0,2,4785528,2019,0.75,True
Haemophilus,Periodontal disease,3,0,0,3,reduced,1.0,2,31329044;22675498,2019,0.75,True
Haemophilus,Primary sclerosing cholangitis,3,1,1,2,reduced,0.667,2,29615776;5504370,2018,0.833,True
Haemophilus,Protracted bacterial bronchitis,3,0,3,0,elevated,1.0,2,29600046;30660785,2019,0.833,True
Haemophilus,Rheumatoid Arthritis,3,0,2,1,elevated,0.667,3,30459400;30250232;32039051,2020,0.722,True
Haemophilus,Sjögren Syndrome,3,0,0,3,reduced,1.0,3,27351333;30060225;6166617,2018,0.778,True
Haemophilus,Type 2 Diabetes,3,1,1,2,reduced,0.667,3,23023125;32246318;32298191,2020,0.611,True
Klebsiella,Hypertension,3,3,2,1,elevated,0.667,3,28143587;28884091;29507058,2018,0.833,True
Klebsiella,Short Bowel Syndrome,3,3,3,0,elevated,1.0,2,28425133;31095575,2019,0.833,True
Lachnobacterium,Crohn's Disease,3,1,1,2,reduced,0.667,3,26313691;28852861;26574491,2018,0.722,True
Lachnospira,Colorectal cancer,3,3,0,3,reduced,1.0,3,23940645;22761885;31171880,2019,0.778,True
Lachnospira,Multiple Sclerosis,3,3,0,3,reduced,1.0,3,26367776;30545401;31705027,2019,0.667,True
Lachnospira,Obesity,3,3,1,2,reduced,0.667,3,30572569;19164560;31976177,2020,0.833,True
Lachnospiraceae,Autism spectrum disorders,3,2,1,2,reduced,0.667,3,29371629;30670726;30895172,2019,0.833,False
Lachnospiraceae,"Celiac Disease, Coaliac disease",3,0,1,2,reduced,0.667,3,28324102;25403367;24657864,2017,0.667,False
Lachnospiraceae,Coronary artery disease,3,3,0,3,reduced,1.0,3,30192713;31027508;32100534,2020,0.778,False
Lachnospiraceae,Cystic Fibrosis,3,2,1,2,reduced,0.667,3,4855157;29445257;31959989,2020,0.611,False
Lachnospiraceae,Multiple Sclerosis,3,3,0,3,reduced,1.0,3,27176462;31108132,2019,0.667,False
Lachnospiraceae,Neuromyelitis optica,3,3,0,3,reduced,1.0,2,30113252;31841737,2020,0.833,False
Lactobacillus,Alcoholic cirrhosis,3,3,3,0,elevated,1.0,1,29041989,2017,0.833,True
Lactobacillus,Autism,3,3,3,0,elevated,1.0,3,25446201;21410934;29564487,2018,0.778,True
Lactobacillus,Behcet's Disease,3,3,3,0,elevated,1.0,1,30628011,2019,0.667,True
Lactobacillus,Cervical cancer,3,0,0,3,reduced,1.0,1,6256731,2018,0.833,True
Lactobacillus,Chronic Obstructive Pulmonary Disease,3,0,2,1,elevated,0.667,3,25329665;23874580;22427533,2014,0.667,True
Lactobacillus,Cirrhosis,3,2,3,0,elevated,1.0,3,26099252;25079328;29665135,2018,0.778,True
Lactobacillus,Colorectal cancer,3,2,2,1,elevated,0.667,3,22622349;31171880;32280686,2020,0.778,True
Lactobacillus,Human papilloma virus infection,3,0,1,2,reduced,0.667,2,27521363;29313867,2018,0.75,True
Lactobacillus,Idiopathic infertility,3,0,1,2,reduced,0.667,1,28098358,2017,0.833,True
Lactobacillus,Multiple Sclerosis,3,3,2,1,elevated,0.667,3,26367776;27346372;32162850,2020,0.722,True
Lactobacillus,Polycystic Ovary Syndrome,3,3,1,2,reduced,0.667,3,28293234;31972546;31970418,2020,0.778,True
Lactobacillus,Postmenopausal,3,0,0,3,reduced,1.0,3,22301614;29936400;29152146,2018,0.722,True
Lactobacillus,Smoking,3,0,2,1,elevated,0.667,3,25169082;29995962;27015003,2018,0.833,True
Lactobacillus,Ulcerative Colitis,3,1,2,1,elevated,0.667,3,26351391;26261163;28852861,2018,0.667,True
Lactobacillus,Urgency urinary incontinence,3,0,1,2,reduced,0.667,1,,2014,0.667,True
Lactococcus,Colorectal cancer,3,0,3,0,elevated,1.0,2,25699023;22622349,2015,0.75,True
Lautropia,Caries,3,0,1,2,reduced,0.667,3,28507066;29670544;32109360,2020,0.667,True
Leptotrichia,Aggressive periodontitis,3,0,1,2,reduced,0.667,3,4646740;23673380;25814980,2015,0.611,True
Leptotrichia,Colorectal cancer,3,0,2,1,elevated,0.667,3,26515465;30412600;31250341,2019,0.722,True
Leptotrichia,Halitosis,3,0,3,0,elevated,1.0,3,28875948;31553956,2019,0.778,True
Malassezia,Seborrheic dermatitis,3,0,3,0,elevated,1.0,2,237965;32219537,2020,0.75,False
Megamonas,Obesity,3,3,2,1,elevated,0.667,3,30366118;30572569;31976177,2020,0.778,True
Megamonas,Pulmonary tubercolosis,3,3,0,3,reduced,1.0,1,31001490,2019,0.667,True
Megamonas,Spinal cord injury,3,3,0,3,reduced,1.0,3,30545398;26752409;31497202,2019,0.833,True
Megasphaera,Schizophrenia,3,3,2,1,elevated,0.667,3,29352709;31255682;32065949,2020,0.833,True
Methanobrevibacter,Obesity,3,3,2,1,elevated,0.667,3,19498350;30366118;19164560,2019,0.722,False
Methanobrevibacter,Parkinson's Disease,3,3,2,1,elevated,0.667,3,27591074;29776865;31354427,2019,0.778,False
Micrococcus,Type 2 Diabetes,3,0,3,0,elevated,1.0,3,23300163;31438919;29172724,2019,0.722,True
Mobiluncus,Bacterial vaginosis,3,0,3,0,elevated,1.0,2,21272848;26385347,2015,0.75,True
Mogibacterium,Colorectal cancer,3,2,2,1,elevated,0.667,2,22761885;31250341,2019,0.75,True
Moraxella,COPD Exacerbation,3,0,3,0,elevated,1.0,3,29579057;31174538;31782610,2020,0.833,True
Moraxella,Chronic Obstructive Pulmonary Disease,3,0,2,1,elevated,0.667,3,25253795;23874580;26917613,2016,0.5,True
Mycoplasma,Bacterial vaginosis,3,0,3,0,elevated,1.0,3,26385347;5460423;30344067,2019,0.722,True
Neisseria,Caries,3,0,0,3,reduced,1.0,3,29670544;30210479;30561093,2019,0.778,True
Neisseria,"Celiac Disease, Coaliac disease",3,0,3,0,elevated,1.0,3,30038321;27045926;32294965,2020,0.833,True
Neisseria,Oral lichen planus,3,0,1,2,reduced,0.667,2,32245419,2020,0.833,True
Odoribacter,Parkinson's Disease,3,3,3,0,elevated,1.0,3,31248424;31200089;32161568,2020,0.833,True
Oscillibacter,Major depressive disorder,3,3,2,1,elevated,0.667,3,24888394;25882912;32040443,2020,0.833,True
Oscillospira,Crohn's Disease,3,1,0,3,reduced,1.0,3,28852861;26574491;31520001,2019,0.833,False
Oscillospira,HIV infection,3,3,1,2,reduced,0.667,3,24586144;30685386;31748797,2020,0.722,False
Oscillospira,Parkinson's Disease,3,3,3,0,elevated,1.0,3,26179554;28429209;30576008,2019,0.611,False
Oxalobacter,HIV infection,3,3,0,3,reduced,1.0,3,30649052;30915086;30685386,2019,0.722,True
Parabacteroides,Autism spectrum disorders,3,3,2,1,elevated,0.667,3,30743242;28222761;30619212,2019,0.833,True
Parabacteroides,Chronic kidney disease,3,3,3,0,elevated,1.0,3,28588309;30088332;32241215,2020,0.778,True
Parabacteroides,Crohn's Disease,3,2,1,2,reduced,0.667,3,26789999;29533950;26574491,2018,0.778,True
Parabacteroides,Inflammatory Bowel Disease,3,2,0,3,reduced,1.0,3,26843508;29893034;30774408,2019,0.833,True
Parabacteroides,Non-alcoholic fatty liver disease,3,3,0,3,reduced,1.0,3,29362454;31921729;31726978,2019,0.833,True
Parabacteroides,Obesity,3,3,2,1,elevated,0.667,3,31399369;31530820;31809363,2020,0.778,True
Parabacteroides,Parkinson's Disease,3,3,3,0,elevated,1.0,3,30576008;31248424;31354427,2019,0.833,True
Parabacteroides,Primary sclerosing cholangitis,3,3,1,2,reduced,0.667,2,31250469,2019,0.583,True
Parabacteroides,Psoriasis,3,3,1,2,reduced,0.667,3,25319745;30920647;30264198,2019,0.611,True
Parabacteroides,Type 2 Diabetes,3,2,2,1,elevated,0.667,3,23023125;28008148;32214153,2020,0.556,True
Penicillium,Clostridium difficile associated disease,3,3,0,3,reduced,1.0,1,30202057,2018,0.833,False
Penicillium,Psoriasis,3,0,1,2,reduced,0.667,1,30949136,2019,0.5,False
Peptostreptococcus,Crohn's Disease,3,1,3,0,elevated,1.0,3,23060013;28852861;30519287,2018,0.833,True
Peptostreptococcus,Halitosis,3,0,3,0,elevated,1.0,3,28875948;31553956,2019,0.778,True
Peptostreptococcus,Oral cancer,3,0,3,0,elevated,1.0,3,22817758;21205002;31109865,2019,0.778,True
Phascolarctobacterium,Obesity,3,3,2,1,elevated,0.667,3,31921729;32143621;31976177,2020,0.833,True
Phascolarctobacterium,Ulcerative Colitis,3,2,0,3,reduced,1.0,3,28852861;5504370;23013615,2018,0.833,True
Porphyromonadaceae,Cirrhosis,3,2,1,2,reduced,0.667,3,24374295;3995845;30905718,2019,0.833,False
Porphyromonas,E-smoking,3,0,2,1,elevated,0.667,1,32105635,2020,0.667,True
Porphyromonas,Obesity,3,1,3,0,elevated,1.0,3,19587155;29520825;32143621,2020,0.611,True
Porphyromonas,Rheumatoid Arthritis,3,1,3,0,elevated,1.0,3,30459400;30009382;31699813,2020,0.611,True
Prevotella,Alcoholism,3,2,2,1,elevated,0.667,3,29685174;30894059;31951082,2020,0.833,True
Prevotella,Asthma,3,0,0,3,reduced,1.0,3,25329665;29445257;30911282,2019,0.778,True
Prevotella,Autoimmune polyendocrine syndrome type 1,3,0,0,3,reduced,1.0,1,29503707,2018,0.833,True
Prevotella,Coronary artery disease,3,3,3,0,elevated,1.0,3,30897381;31995569;32100534,2020,0.778,True
Prevotella,Kidney stone,3,1,2,1,elevated,0.667,2,27115405;32111156,2020,0.667,True
Prevotella,Recurrent tonsillitis,3,0,2,1,elevated,0.667,1,23437130,2013,0.833,True
Prevotella,Short Bowel Syndrome,3,3,1,2,reduced,0.667,2,28425133;31095575,2019,0.833,True
Prevotella,Sicca syndrome,3,0,3,0,elevated,1.0,2,30272305;31211815,2019,0.833,True
Prevotellaceae,Parkinson's Disease,3,3,0,3,reduced,1.0,3,27591074;25476529;31200089,2019,0.833,False
Propionibacterium,Caries,3,0,2,1,elevated,0.667,3,25658087;29670544;31365560,2019,0.722,True
Propionibacterium,Crohn's Disease,3,2,3,0,elevated,1.0,2,26313691;30927743,2019,0.583,True
Proteobacteria,Sarcopenia,3,3,1,2,reduced,0.667,3,10654747;10005572,2023,0.389,False
Pseudomonas,Caries,3,0,2,1,elevated,0.667,3,24532386;30210479;31365560,2019,0.611,True
Pseudomonas,Chronic Obstructive Pulmonary Disease,3,0,3,0,elevated,1.0,3,25403149;25329665,2016,0.667,True
Pseudomonas,Chronic Rhinosinusitis,3,0,3,0,elevated,1.0,2,28005692;23656607,2016,0.667,True
Pseudomonas,Chronic kidney disease,3,2,2,1,elevated,0.667,3,28588309;30962186;32241215,2020,0.833,True
Pseudomonas,Type 2 Diabetes,3,0,1,2,reduced,0.667,3,28008148;31263683;32246318,2020,0.778,True
Pseudoramibacter,periodontitis,3,0,3,0,elevated,1.0,3,23303375;31502122;19722792,2020,0.833,True
Rikenellaceae,Non-alcoholic fatty liver disease,3,3,0,3,reduced,1.0,3,27028797;30926798;32066758,2020,0.722,False
Roseburia,Cirrhosis,3,3,0,3,reduced,1.0,2,25079328,2016,0.833,True
Roseburia,HIV infection,3,3,0,3,reduced,1.0,3,24586144;24451087;30685386,2019,0.778,True
Roseburia,Hypertension,3,3,0,3,reduced,1.0,3,28143587;28884091;32226382,2020,0.833,True
Roseburia,Kawasaki disease,3,3,3,0,elevated,1.0,1,26322033,2015,0.5,True
Roseburia,Non-alcoholic fatty liver disease,3,3,1,2,reduced,0.667,3,29362454;23454028,2018,0.778,True
Roseburia,Pouchitis,3,3,3,0,elevated,1.0,1,20845425,2011,0.667,True
Roseburia,Primary sclerosing cholangitis-IBD,3,1,1,2,reduced,0.667,3,27196590;29435321;26526357,2018,0.667,True
Roseburia,Type 1 Diabetes,3,3,1,2,reduced,0.667,3,23274889;30356183;30224347,2018,0.778,True
Rothia,Hypopharyngeal cancer,3,0,0,3,reduced,1.0,1,31832691,2020,0.833,True
Rothia,Oropharyngeal cancer,3,0,1,2,reduced,0.667,1,31832691,2020,0.833,True
Rothia,Psoriasis,3,1,2,1,elevated,0.667,2,30264198;31916654,2020,0.667,True
Rothia,Smoking,3,0,3,0,elevated,1.0,3,30157953;31201984;32105635,2020,0.722,True
Ruminococcaceae,Autism spectrum disorders,3,2,1,2,reduced,0.667,3,29371629;30670726;30895172,2019,0.833,False
Ruminococcaceae,Coronary artery disease,3,3,0,3,reduced,1.0,3,30192713;30897381;31027508,2019,0.778,False
Ruminococcus,Colon polyps,3,3,3,0,elevated,1.0,1,7574628,1995,0.667,True
Ruminococcus,Cystic Fibrosis,3,3,1,2,reduced,0.667,3,26330184;24178246;5155554,2017,0.611,True
Ruminococcus,Hepatitis B,3,3,1,2,reduced,0.667,3,5693892;7098974;31925905,2020,0.833,True
Ruminococcus,Irritable Bowel Syndrome,3,3,3,0,elevated,1.0,2,25784074;21820992,2015,0.833,True
Ruminococcus,Multiple Sclerosis,3,3,3,0,elevated,1.0,3,25775034;31172918;32162850,2020,0.833,True
Ruminococcus,Primary sclerosing cholangitis-IBD,3,2,2,1,elevated,0.667,3,29435321;5504370;26526357,2018,0.833,True
Ruminococcus,Psoriasis,3,3,3,0,elevated,1.0,3,30238519;30920647;31141234,2019,0.778,True
Ruminococcus,Spondyloarthritis,3,1,1,2,reduced,0.667,2,27390077;28606969,2017,0.667,True
Ruminococcus,Type 2 Diabetes,3,1,1,2,reduced,0.667,2,28008148;7052266,2020,0.833,True
Selenomonas,Periodontal disease,3,0,3,0,elevated,1.0,3,31329044;22675498,2019,0.722,True
Selenomonas,Rheumatoid Arthritis,3,0,2,1,elevated,0.667,3,30231060;32039051,2020,0.722,True
Shigella,Chronic kidney disease,3,3,2,1,elevated,0.667,3,30088332;31315634;32241215,2020,0.778,False
Sphingobium,Endometriosis,3,0,3,0,elevated,1.0,1,7161132,2020,0.667,True
Staphylococcaceae,Cirrhosis,3,2,3,0,elevated,1.0,3,24374295;3995845;30905718,2019,0.833,False
Staphylococcus,Chronic ocular graft-versus-host disease,3,0,2,1,elevated,0.667,1,30742990,2019,0.833,True
Staphylococcus,Crohn's Disease,3,0,3,0,elevated,1.0,2,23060013;29848021,2018,0.833,True
Staphylococcus,Dandruff,3,0,3,0,elevated,1.0,3,30338244;25739873,2018,0.667,True
Staphylococcus,Obesity,3,1,2,1,elevated,0.667,3,18326589;29576948;32013181,2020,0.833,True
Staphylococcus,Psoriasis,3,0,2,1,elevated,0.667,3,22065152;28649415;30985920,2019,0.667,True
Staphylococcus,Smoking,3,0,2,1,elevated,0.667,3,30405010;26272413;30281856,2018,0.667,True
Streptococcaceae,Hepatic encephalopathy,3,2,3,0,elevated,1.0,2,29923681;30816877,2019,0.833,False
Streptococcus,Asthma,3,0,1,2,reduced,0.667,3,25329665;4433433;31496123,2019,0.611,True
Streptococcus,Autism,3,3,1,2,reduced,0.667,2,24130822;29274915,2018,0.75,True
Streptococcus,COPD Exacerbation,3,0,1,2,reduced,0.667,3,29579057;31174538;31782610,2020,0.833,True
Streptococcus,Chronic Rhinosinusitis,3,0,2,1,elevated,0.667,2,17923927;23656607,2013,0.583,True
Streptococcus,Denture Stomatitis,3,0,0,3,reduced,1.0,1,5196032,2016,0.667,True
Streptococcus,Gingivitis,3,0,1,2,reduced,0.667,1,22152152,2011,0.5,True
Streptococcus,Hyperglycemia,3,0,3,0,elevated,1.0,1,31981541,2020,0.833,True
Streptococcus,Non-alcoholic fatty liver disease,3,3,3,0,elevated,1.0,3,25644696;30810328;30926798,2019,0.611,True
Streptococcus,Periodontal disease,3,0,1,2,reduced,0.667,2,31329044;22675498,2019,0.75,True
Streptococcus,Pneumonia,3,0,2,1,elevated,0.667,3,26151645;30787368;31715320,2020,0.667,True
Streptococcus,Pouchitis,3,2,1,2,reduced,0.667,1,20845425,2011,0.667,True
Streptococcus,Psoriasis,3,1,2,1,elevated,0.667,3,18648509;22065152;30264198,2019,0.5,True
Streptococcus,Tuberculosis,3,0,3,0,elevated,1.0,1,23365674,2013,0.667,True
Sutterella,Psoriasis,3,3,1,2,reduced,0.667,3,30238519;30264198;31141234,2019,0.722,True
Tanerella,Aggressive periodontitis,3,0,3,0,elevated,1.0,3,25918553;30909081;30710838,2019,0.778,False
Tannerella,periodontitis,3,0,3,0,elevated,1.0,3,27262209;30581850;31502122,2020,0.833,True
Treponema,Edentulism,3,0,3,0,elevated,1.0,1,27717873,2016,0.5,True
Ureaplasma,Bacterial vaginosis,3,0,3,0,elevated,1.0,2,5460423;30344067,2019,0.667,True
Veillonella,Aerobic vaginitis,3,0,3,0,elevated,1.0,2,31315951;31955954,2020,0.833,True
Veillonella,HIV infection,3,1,1,2,reduced,0.667,3,30053882;30290791;31078141,2019,0.778,True
Veillonella,Irritable Bowel Syndrome,3,2,2,1,elevated,0.667,3,25784074;21741921;23757279,2015,0.722,True
Veillonella,Obesity,3,1,1,2,reduced,0.667,3,19587155;30366118;6467948,2019,0.667,True
Veillonella,Oral cancer,3,0,2,1,elevated,0.667,2,9813727;16672398,2006,0.417,True
Veillonella,Parkinson's Disease,3,2,2,1,elevated,0.667,3,28259623;31248424;32161568,2020,0.833,True
Veillonella,Primary biliary cholangitis,3,2,3,0,elevated,1.0,3,28213609;29969462;30900136,2019,0.778,True
Veillonella,Rheumatoid Arthritis,3,0,3,0,elevated,1.0,3,30459400;30250232;30231060,2018,0.667,True
Veillonella,Sjögren Syndrome,3,1,3,0,elevated,1.0,3,27770517;6166617;32059038,2020,0.778,True
Acholeplasma,Obesity,2,2,0,2,reduced,1.0,1,30572569,2018,0.833,True
Acidaminococcus,Alcoholism,2,2,2,0,elevated,1.0,2,30894059;31951082,2020,0.833,True
Acidaminococcus,Hepatocellular cancer,2,2,1,1,mixed,0.5,1,30045880,2018,0.833,True
Acidaminococcus,Type 1 Diabetes,2,2,0,2,reduced,1.0,2,27231166,2016,0.833,True
Acidovorax,Colorectal cancer,2,0,1,1,mixed,0.5,2,25699023;22622349,2015,0.75,True
Acinetobacter,Bladder cancer,2,0,2,0,elevated,1.0,2,29904624;31568654,2019,0.833,True
Acinetobacter,Breast cancer,2,0,0,2,reduced,1.0,1,29190829,2017,0.5,True
Acinetobacter,Caries,2,0,2,0,elevated,1.0,2,30210479;31365560,2019,0.667,True
Acinetobacter,"Celiac Disease, Coaliac disease",2,0,0,2,reduced,1.0,2,27045926;32294965,2020,0.833,True
Acinetobacter,Colorectal cancer,2,0,1,1,mixed,0.5,2,25699023;22622349,2015,0.75,True
Acinetobacter,Diaper dermatitis,2,0,1,1,mixed,0.5,1,31472099,2019,0.833,True
Acinetobacter,Endometriosis,2,0,2,0,elevated,1.0,1,7161132,2020,0.667,True
Acinetobacter,Gastric carcinoma,2,0,1,1,mixed,0.5,2,28765474;6629868,2019,0.75,True
Acinetobacter,Irritable Bowel Syndrome,2,2,1,1,mixed,0.5,2,25865706;23757279,2015,0.417,True
Acinetobacter,Kidney stone,2,1,2,0,elevated,1.0,2,29353409;32111156,2020,0.833,True
Acinetobacter,Lung cancer,2,0,0,2,reduced,1.0,2,30323970;30524957,2018,0.833,True
Actinobacillus,Caries,2,0,0,2,reduced,1.0,2,24532386;29670544,2018,0.667,True
Actinobacteria,Alopecia areata,2,0,1,1,mixed,0.5,1,30973913,2019,0.833,False
Actinobacteria,Helicobacter pylori infection,2,0,0,2,reduced,1.0,2,28120843;31762120,2020,0.833,False
Actinobacteria,Hepatocellular cancer,2,1,2,0,elevated,1.0,2,30045880;27605161,2018,0.833,False
Actinomyces,Aggressive periodontitis,2,0,0,2,reduced,1.0,2,4646740;30710838,2019,0.75,True
Actinomyces,Chronic kidney disease,2,0,2,0,elevated,1.0,1,30300382,2018,0.833,True
Actinomyces,Cirrhosis with pneumonia,2,0,2,0,elevated,1.0,1,26099252,2015,0.833,True
Actinomyces,Covid-19,2,2,2,0,elevated,1.0,2,32497191;7314193,2020,0.833,True
Actinomyces,Extrinsic black stain,2,0,2,0,elevated,1.0,2,31796065;26340752,2019,0.667,True
Actinomyces,Head/Neck cancer,2,0,0,2,reduced,1.0,2,28173873;30603107,2018,0.667,True
Actinomyces,Irritable Bowel Syndrome,2,2,2,0,elevated,1.0,2,5118858;22180058,2016,0.75,True
Actinomyces,Macular degeneration,2,0,2,0,elevated,1.0,1,32123200,2020,0.833,True
Actinomyces,Oral cancer,2,0,1,1,mixed,0.5,2,9813727;16672398,2006,0.417,True
Actinomyces,Parkinson's Disease,2,1,0,2,reduced,1.0,2,28259623;29776865,2018,0.75,True
Actinomyces,Sicca syndrome,2,0,2,0,elevated,1.0,2,30272305;31211815,2019,0.833,True
Adlercreutzia,Alcoholism,2,2,0,2,reduced,1.0,2,30894059;31951082,2020,0.833,True
Adlercreutzia,Multiple Sclerosis,2,2,2,0,elevated,1.0,2,27346372;31705027,2019,0.833,True
Aerococcus,Bacterial vaginosis,2,0,2,0,elevated,1.0,2,22719852;20819230,2012,0.583,True
Aggregatibacter,Pancreatic cancer,2,1,2,0,elevated,1.0,2,27742762;29221120,2018,0.833,True
Aggregatibacter,Type 2 Diabetes,2,0,1,1,mixed,0.5,2,31480468;32298191,2020,0.75,True
Akkermansia,Alcoholism,2,2,0,2,reduced,1.0,2,29041989;31951082,2020,0.833,True
Akkermansia,Cystic Fibrosis,2,2,0,2,reduced,1.0,2,24178246;31959989,2020,0.583,True
Akkermansia,HIV infection,2,2,0,2,reduced,1.0,2,24586144;31078141,2019,0.75,True
Akkermansia,Hepatocellular cancer,2,2,1,1,mixed,0.5,2,29665135;30045880,2018,0.75,True
Akkermansia,Microscopic colitis,2,2,0,2,reduced,1.0,2,25841239;31009268,2019,0.583,True
Akkermansia,Pancreatic cancer,2,2,1,1,mixed,0.5,2,29221120;31727922,2019,0.833,True
Akkermansia,Preeclamsia,2,2,0,2,reduced,1.0,2,6608563;31900289,2020,0.667,True
Akkermansia,Schizophrenia,2,2,2,0,elevated,1.0,2,31255682;32235826,2020,0.75,True
Alcaligenaceae,Obesity,2,2,2,0,elevated,1.0,2,23055155;19164560,2013,0.75,False
Alistipes,Alzheimer's Disease,2,2,1,1,mixed,0.5,2,31434623,2019,0.667,True
Alistipes,Fibromyalgia,2,2,2,0,elevated,1.0,2,31219947;31327695,2019,0.833,True
Alistipes,Human end-stage renal disease,2,2,2,0,elevated,1.0,1,32241904,2020,0.833,True
Alistipes,Hypertension,2,2,2,0,elevated,1.0,1,29507058,2018,0.833,True
Alistipes,Major depressive disorder,2,2,2,0,elevated,1.0,2,24888394;25882912,2015,0.833,True
Alistipes,Microscopic colitis,2,2,1,1,mixed,0.5,1,31254673,2020,0.667,True
Alistipes,Non-alcoholic fatty liver disease,2,2,0,2,reduced,1.0,2,25644696;29362454,2018,0.833,True
Alistipes,Type 1 Diabetes,2,2,1,1,mixed,0.5,2,30356183;26068542,2018,0.75,True
Alistipes,Ulcerative Colitis,2,1,0,2,reduced,1.0,2,28852861;31329473,2019,0.75,True
Allisonella,HIV infection,2,2,2,0,elevated,1.0,2,24034618;30685386,2019,0.667,True
Alloprevotella,Obesity,2,1,1,1,mixed,0.5,2,29576948;31809363,2020,0.75,True
Alternaria,Oral cancer,2,0,0,2,reduced,1.0,1,29152157,2017,0.833,False
Anaerococcus,Aerobic vaginitis,2,0,2,0,elevated,1.0,1,31955954,2020,0.833,True
Anaerococcus,Endometriosis,2,0,2,0,elevated,1.0,1,32046455,2020,0.833,True
Anaerococcus,HIV infection,2,2,2,0,elevated,1.0,2,24451087;31549151,2019,0.5,True
Anaeroglobus,Atherosclerosis,2,0,2,0,elevated,1.0,1,26536303,2015,0.667,True
Anaeroglobus,Periodontal disease,2,0,2,0,elevated,1.0,2,31329044,2019,0.75,True
Anaerostipes,Inflammatory Bowel Disease,2,2,0,2,reduced,1.0,2,26843508;6650632,2019,0.833,True
Anaerostipes,Multiple Sclerosis,2,2,0,2,reduced,1.0,2,26367776;35094961,2022,0.583,True
Anaerostipes,Obesity,2,2,0,2,reduced,1.0,2,30366118;31809363,2020,0.667,True
Anaerostipes,Primary sclerosing cholangitis,2,1,0,2,reduced,1.0,2,27207975,2016,0.583,True
Anaerostipes,Short Bowel Syndrome,2,2,0,2,reduced,1.0,2,28501098;28425133,2017,0.833,True
Anaerostipes,Thyroid carcinoma,2,2,2,0,elevated,1.0,2,30565661;30584647,2019,0.833,True
Anaerostipes,Type 2 Diabetes,2,1,0,2,reduced,1.0,2,28008148;7052266,2020,0.833,True
Anaerostipes,Ulcerative Colitis,2,0,1,1,mixed,0.5,2,28852861;32251296,2020,0.75,True
Anaerotruncus,Chronic kidney disease,2,2,2,0,elevated,1.0,2,28588309;32236095,2020,0.833,True
Anaerotruncus,Colorectal cancer,2,1,1,1,mixed,0.5,2,22761885;30576312,2018,0.833,True
Anaerotruncus,Obesity,2,2,0,2,reduced,1.0,2,31399369;31397240,2019,0.833,True
Anaerovibrio,HIV infection,2,2,1,1,mixed,0.5,2,30685386;31078141,2019,0.833,True
Anaerovorax,Irritable Bowel Syndrome,2,2,1,1,mixed,0.5,2,21741921;21820992,2011,0.833,True
Anelloviridae,Ulcerative Colitis,2,1,1,1,mixed,0.5,2,30842211;25619688,2019,0.583,False
Asaccharobacter,HIV infection,2,0,2,0,elevated,1.0,1,24817204,2014,0.667,False
Aspergillus,Clostridium difficile associated disease,2,2,0,2,reduced,1.0,1,30202057,2018,0.833,False
Aspergillus,Covid-19,2,2,2,0,elevated,1.0,1,32598884,2020,0.833,False
Aspergillus,Psoriasis,2,0,1,1,mixed,0.5,1,30949136,2019,0.5,False
Asteroleplasma,Ulcerative Colitis,2,1,0,2,reduced,1.0,2,20816835;28852861,2018,0.833,False
Atopobium,Aggressive periodontitis,2,0,2,0,elevated,1.0,2,25814980;28260061,2017,0.5,True
Atopobium,Chlamydia,2,0,2,0,elevated,1.0,2,29313867;30038262,2018,0.75,True
Atopobium,Endometriosis,2,0,0,2,reduced,1.0,1,30778155,2019,0.833,True
Atopobium,Preterm birth,2,0,2,0,elevated,1.0,2,25452591;20027045,2015,0.833,True
Atopobium,Sicca syndrome,2,0,2,0,elevated,1.0,2,30272305;31211815,2019,0.833,True
Atopobium,Sjögren Syndrome,2,0,2,0,elevated,1.0,2,30060225;31211815,2019,0.75,True
Atopobium,Smoking,2,0,2,0,elevated,1.0,2,27015003;32170059,2020,0.75,True
Bacillus,Breast cancer,2,0,2,0,elevated,1.0,2,27342554;29190829,2017,0.417,True
Bacillus,Cleft palate,2,0,0,2,reduced,1.0,1,26068382,2016,0.667,True
Bacteriodes,Spleen deficiency syndrome,2,2,2,0,elevated,1.0,1,32227775,2020,0.667,False
Bacteroides,Acquired Immunodeficiency Syndrome,2,2,0,2,reduced,1.0,1,29411528,2018,0.833,True
Bacteroides,Acute lymphoblastic leukemia,2,1,2,0,elevated,1.0,2,32093640;31754744,2020,0.833,True
Bacteroides,Amyotrophic lateral sclerosis,2,2,1,1,mixed,0.5,2,5617930;31306225,2019,0.667,True
Bacteroides,Cardiac valve calcification,2,2,1,1,mixed,0.5,1,30897381,2019,0.833,True
Bacteroides,Cirrhosis with pneumonia,2,0,2,0,elevated,1.0,1,26099252,2015,0.833,True
Bacteroides,Clostridium difficile infection,2,2,0,2,reduced,1.0,2,4863157;32296918,2020,0.667,True
Bacteroides,Colon polyps,2,2,2,0,elevated,1.0,1,7574628,1995,0.667,True
Bacteroides,Functional dyspepsia,2,0,2,0,elevated,1.0,1,28761692,2017,0.833,True
Bacteroides,Gastric carcinoma,2,1,1,1,mixed,0.5,2,31464899;6629868,2019,0.75,True
Bacteroides,Hypertension,2,2,0,2,reduced,1.0,1,29507058,2018,0.833,True
Bacteroides,Idiopathic central precocious puberty,2,2,2,0,elevated,1.0,1,6987398,2020,0.833,True
Bacteroides,Ischemic stroke,2,2,0,2,reduced,1.0,2,28166278;32473086,2020,0.833,True
Bacteroides,Keratitis,2,2,1,1,mixed,0.5,1,6014669,2018,0.833,True
Bacteroides,Major depressive disorder,2,2,0,2,reduced,1.0,2,25882912;32040443,2020,0.833,True
Bacteroides,Osteoarthritis,2,0,2,0,elevated,1.0,1,30250232,2018,0.667,True
Bacteroides,Postmenopausal,2,1,2,0,elevated,1.0,2,29152146;31273779,2019,0.667,True
Bacteroides,Schizophrenia,2,2,2,0,elevated,1.0,2,29352709;32235826,2020,0.75,True
Bacteroides,Spinal cord injury,2,2,2,0,elevated,1.0,2,30545398;31497202,2019,0.833,True
Bacteroides,Thyroid carcinoma,2,2,0,2,reduced,1.0,2,30565661;30584647,2019,0.833,True
Bacteroidetes,Cystic Fibrosis,2,2,0,2,reduced,1.0,2,4778032;31959989,2020,0.667,False
Bacteroidetes,Non alcoholic steatohepatitis,2,2,0,2,reduced,1.0,2,23401313;27203081,2016,0.75,False
Bacteroidetes,Obesity,2,2,0,2,reduced,1.0,2,19043404;30386323,2018,0.833,False
Barnesiella,Autism,2,2,1,1,mixed,0.5,2,24130822;29274915,2018,0.75,True
Barnesiellaceae,Crohn's Disease,2,1,1,1,mixed,0.5,2,26313691;26574491,2016,0.667,False
Bergeyella,Sjögren Syndrome,2,0,0,2,reduced,1.0,2,27087247;30060225,2018,0.583,True
Bifidobacterium,Alcoholic hepatitis,2,2,2,0,elevated,1.0,2,29555983;30144108,2018,0.833,True
Bifidobacterium,Allergic asthma,2,2,2,0,elevated,1.0,1,26840903,2016,0.833,True
Bifidobacterium,Alzheimer's Disease,2,2,1,1,mixed,0.5,2,31434623,2019,0.667,True
Bifidobacterium,Atrial fibrillation,2,2,2,0,elevated,1.0,2,6543127;32188747,2020,0.75,True
Bifidobacterium,Autism spectrum disorders,2,2,0,2,reduced,1.0,2,30619212;32062762,2020,0.833,True
Bifidobacterium,Caries,2,0,2,0,elevated,1.0,2,28326153;31365560,2019,0.583,True
Bifidobacterium,Cholestasis,2,2,0,2,reduced,1.0,2,30483228;31848302,2019,0.75,True
Bifidobacterium,Clostridium difficile infection,2,2,0,2,reduced,1.0,2,4863157;32296918,2020,0.667,True
Bifidobacterium,Colon polyps,2,2,2,0,elevated,1.0,1,7574628,1995,0.667,True
Bifidobacterium,HIV infection,2,2,0,2,reduced,1.0,2,31078141;31748797,2020,0.75,True
Bifidobacterium,Hypertension,2,2,1,1,mixed,0.5,2,28143587;32226382,2020,0.833,True
Bifidobacterium,Infantile eczema,2,2,0,2,reduced,1.0,2,27812181;15969664,2016,0.667,True
Bifidobacterium,Preterm birth,2,0,0,2,reduced,1.0,1,29791775,2019,0.833,True
Bifidobacterium,Spondyloarthritis,2,2,2,0,elevated,1.0,2,28606969,2017,0.5,True
Bifidobacterium,Systemic sclerosis,2,2,2,0,elevated,1.0,1,26749064,2016,0.667,True
Bilophila,Alcoholic hepatitis,2,2,0,2,reduced,1.0,2,29555983;30144108,2018,0.833,True
Bilophila,Appendicitis,2,0,2,0,elevated,1.0,2,3997405;30982727,2019,0.5,True
Bilophila,Crohn's Disease,2,0,0,2,reduced,1.0,2,28852861;29848021,2018,0.833,True
Bilophila,Hepatocellular cancer,2,2,2,0,elevated,1.0,2,29665135;30045880,2018,0.75,True
Bilophila,Obesity,2,2,1,1,mixed,0.5,2,30366118;30386323,2019,0.75,True
Bilophila,Parkinson's Disease,2,2,2,0,elevated,1.0,2,29776865;31248424,2019,0.75,True
Blautia,Atrial fibrillation,2,2,2,0,elevated,1.0,2,6543127;32188747,2020,0.75,True
Blautia,Cholestasis,2,2,0,2,reduced,1.0,2,30483228;31848302,2019,0.75,True
Blautia,Colon polyps,2,2,2,0,elevated,1.0,1,7574628,1995,0.667,True
Blautia,Constipation,2,2,1,1,mixed,0.5,2,25073603;31776707,2020,0.75,True
Blautia,HIV infection,2,1,0,2,reduced,1.0,2,24586144;24399150,2014,0.75,True
Blautia,Major depressive disorder,2,2,2,0,elevated,1.0,2,25882912;32040443,2020,0.833,True
Blautia,Multiple Sclerosis,2,2,1,1,mixed,0.5,2,27346372;31705027,2019,0.833,True
Blautia,Non alcoholic steatohepatitis,2,2,1,1,mixed,0.5,2,23055155;27028797,2017,0.667,True
Blautia,Primary sclerosing cholangitis,2,2,0,2,reduced,1.0,2,31003979,2019,0.667,True
Blautia,Psoriasis,2,2,2,0,elevated,1.0,2,30920647;31141234,2019,0.75,True
Blautia,Schizophrenia,2,2,1,1,mixed,0.5,2,29352709;31759045,2020,0.833,True
Blautia,Short Bowel Syndrome,2,2,0,2,reduced,1.0,2,28425133;31493882,2019,0.833,True
Blautia,Sjögren Syndrome,2,2,1,1,mixed,0.5,2,27087247;32059038,2020,0.667,True
Blautia,Spinal cord injury,2,2,2,0,elevated,1.0,2,30545398;31497202,2019,0.833,True
Blautia,Type 2 Diabetes,2,2,0,2,reduced,1.0,2,24824547;30933725,2019,0.667,True
Brachyspira,HIV infection,2,2,1,1,mixed,0.5,2,24586144;30649052,2019,0.667,True
Brevibacterium,Type 2 Diabetes,2,0,2,0,elevated,1.0,2,28008148;23300163,2017,0.667,True
Bulleidia,Appendicitis,2,1,2,0,elevated,1.0,1,3997405,2014,0.5,True
Bulleidia,Obesity,2,0,1,1,mixed,0.5,2,29576948;6467948,2019,0.833,True
Bulleidia,periodontitis,2,0,2,0,elevated,1.0,2,6572048;19722792,2019,0.75,True
Butyricicoccus,Acne,2,2,0,2,reduced,1.0,2,29756631;30101990,2018,0.75,True
Butyricicoccus,Chronic kidney disease,2,2,0,2,reduced,1.0,2,28588309;30088332,2018,0.75,True
Butyricicoccus,Hepatocellular cancer,2,2,2,0,elevated,1.0,1,30045880,2018,0.833,True
Butyricicoccus,Ulcerative Colitis,2,1,1,1,mixed,0.5,2,28852861;5504370,2018,0.833,True
Butyricimonas,Autism spectrum disorders,2,2,1,1,mixed,0.5,2,30228282;31489949,2019,0.75,True
Butyricimonas,Clostridium difficile infection,2,2,0,2,reduced,1.0,2,30785932;4863157,2019,0.75,True
Butyricimonas,Hepatitis B,2,2,0,2,reduced,1.0,2,5693892;7098974,2020,0.833,True
Butyricimonas,Irritable Bowel Syndrome,2,2,2,0,elevated,1.0,1,23757279,2012,0.5,True
Butyricimonas,Multiple Sclerosis,2,2,0,2,reduced,1.0,2,27352007,2016,0.5,True
Butyricimonas,Ulcerative Colitis,2,0,0,2,reduced,1.0,2,28852861;29462845,2018,0.833,True
Butyrivibrio,Idiopathic nephrotic syndrome,2,2,0,2,reduced,1.0,1,29533950,2018,0.833,True
Campylobacter,Behcet's Disease,2,0,0,2,reduced,1.0,2,26037240;27283393,2016,0.667,True
Campylobacter,Chronic Obstructive Pulmonary Disease,2,0,1,1,mixed,0.5,2,23071781;27428540,2016,0.667,True
Campylobacter,Obesity,2,0,2,0,elevated,1.0,2,19587155;29576948,2018,0.667,True
Candida,Alcoholism,2,2,2,0,elevated,1.0,1,28530644,2017,0.5,False
Candida,Covid-19,2,2,2,0,elevated,1.0,1,32598884,2020,0.833,False
Candida,Irritable Bowel Syndrome,2,2,2,0,elevated,1.0,1,28624575,2017,0.667,False
Candida,Oral cancer,2,0,2,0,elevated,1.0,2,9813727;29152157,2017,0.667,False
Candida,Oral leukoplakia,2,0,2,0,elevated,1.0,1,29250055,2017,0.833,False
Candida,Parkinson's Disease,2,0,2,0,elevated,1.0,1,31247001,2019,0.833,False
Candida,Type 1 Diabetes,2,2,2,0,elevated,1.0,2,24475780;32265922,2020,0.667,False
Candidatus,Parkinson's Disease,2,0,0,2,reduced,1.0,1,31247001,2019,0.833,False
Capnocytophaga,Chronic Obstructive Pulmonary Disease,2,0,2,0,elevated,1.0,2,23874580;23071781,2013,0.667,True
Capnocytophaga,Down syndrome,2,0,0,2,reduced,1.0,1,22221039,2012,0.667,True
Capnocytophaga,HIV infection,2,0,2,0,elevated,1.0,2,30290791;24626467,2018,0.833,True
Capnocytophaga,Oral potentially malignant disorder,2,0,2,0,elevated,1.0,1,30054809,2018,0.833,True
Capnocytophaga,Parkinson's Disease,2,0,1,1,mixed,0.5,2,28259623;31247001,2019,0.833,True
Carnobacteriaceae,Parkinson's Disease,2,0,1,1,mixed,0.5,2,28259623;28843021,2018,0.75,False
Catabacter,Parkinson's Disease,2,2,2,0,elevated,1.0,2,28429209;32557853,2020,0.5,False
Catenibacterium,HIV infection,2,2,2,0,elevated,1.0,2,24586144;24034618,2014,0.583,True
Catonella,Laryngeal carcinoma,2,0,2,0,elevated,1.0,2,23824228;25239901,2014,0.75,True
Centipeda,Chronic Obstructive Pulmonary Disease,2,0,1,1,mixed,0.5,2,23874580;23071781,2013,0.667,True
Cetobacterium,Crohn's Disease,2,0,2,0,elevated,1.0,1,28852861,2018,0.833,True
Chloroflexi,periodontitis,2,0,2,0,elevated,1.0,2,23303375;31502122,2020,0.833,False
Christensenella,Parkinson's Disease,2,2,2,0,elevated,1.0,2,28195358;28429209,2017,0.667,True
Christensenellaceae,Coronary artery disease,2,2,1,1,mixed,0.5,2,31995569;32100534,2020,0.75,False
Christensenellaceae,Crohn's Disease,2,1,0,2,reduced,1.0,2,26313691;28852861,2018,0.667,False
Christensenellaceae,Thyroid carcinoma,2,2,1,1,mixed,0.5,2,30565661;30584647,2019,0.833,False
Citrobacter,Alcoholism,2,2,2,0,elevated,1.0,2,29041989;31951082,2020,0.833,True
Citrobacter,Crohn's Disease,2,2,1,1,mixed,0.5,2,26789999;20816835,2016,0.75,True
Citrobacter,Irritable Bowel Syndrome,2,2,1,1,mixed,0.5,2,25865706;5118858,2016,0.5,True
Citrobacter,Short Bowel Syndrome,2,2,2,0,elevated,1.0,1,31095575,2019,0.833,True
Citrobacter,Ulcerative Colitis,2,0,2,0,elevated,1.0,1,28852861,2018,0.833,True
Clostridiales,Cirrhosis,2,2,0,2,reduced,1.0,2,24374295;3995845,2014,0.833,False
Clostridioides,Ulcerative Colitis,2,2,1,1,mixed,0.5,2,25986361;29533950,2018,0.75,True
Clostridium,Ankylosing spondylitis,2,2,0,2,reduced,1.0,2,28750650;31377126,2019,0.667,True
Clostridium,Atopic dermatitis,2,2,0,2,reduced,1.0,2,16601353;32009325,2020,0.583,True
Clostridium,Atopic eczema,2,2,2,0,elevated,1.0,1,23339708,2013,0.833,True
Clostridium,Autism spectrum disorders,2,2,2,0,elevated,1.0,2,30895172;30701194,2019,0.833,True
Clostridium,Bacterial vaginosis,2,0,2,0,elevated,1.0,1,20819230,2010,0.667,True
Clostridium,Budd-Chiari syndrome,2,2,1,1,mixed,0.5,1,29423048,2018,0.667,True
Clostridium,Cholestasis,2,2,2,0,elevated,1.0,1,31848302,2019,0.833,True
Clostridium,Chronic Obstructive Pulmonary Disease,2,0,1,1,mixed,0.5,1,23071781,2012,0.667,True
Clostridium,Clostridium difficile infection,2,2,2,0,elevated,1.0,2,30540709;31462412,2019,0.667,True
Clostridium,Covid-19,2,2,2,0,elevated,1.0,1,7314193,2020,0.833,True
Clostridium,Diaper dermatitis,2,0,0,2,reduced,1.0,1,31472099,2019,0.833,True
Clostridium,Fibromyalgia,2,2,1,1,mixed,0.5,2,31219947;31327695,2019,0.833,True
Clostridium,Gastric carcinoma,2,1,2,0,elevated,1.0,2,29102920;31464899,2019,0.75,True
Clostridium,Hepatitis B,2,2,1,1,mixed,0.5,2,5693892;7098974,2020,0.833,True
Clostridium,Hepatitis C,2,2,0,2,reduced,1.0,1,28561276,2018,0.833,True
Clostridium,Mucosa-associated lymphoid tissue lymphoma,2,0,1,1,mixed,0.5,1,,2019,0.833,True
Clostridium,Non alcoholic steatohepatitis,2,2,1,1,mixed,0.5,2,23401313;27203081,2016,0.75,True
Clostridium,Non-alcoholic fatty liver disease,2,1,1,1,mixed,0.5,2,25644696;30870486,2019,0.833,True
Clostridium,Pancreatic cancer,2,2,0,2,reduced,1.0,1,29221120,2017,0.833,True
Clostridium,Preeclamsia,2,2,2,0,elevated,1.0,2,27988814;31900289,2020,0.583,True
Clostridium,Primary sclerosing cholangitis-IBD,2,2,2,0,elevated,1.0,2,5504370;30666146,2019,0.833,True
Clostridium,Rheumatoid Arthritis,2,2,2,0,elevated,1.0,2,2889500;30321331,2018,0.5,True
Clostridium,Sarcopenia,2,2,2,0,elevated,1.0,1,35851765,2022,0.5,True
Clostridium,Short Bowel Syndrome,2,2,0,2,reduced,1.0,1,20172013,2010,0.667,True
Clostridium,Uveitits,2,2,0,2,reduced,1.0,1,29625474,2018,0.667,True
Collinsella,Alcoholism,2,2,1,1,mixed,0.5,2,30894059;31951082,2020,0.833,True
Collinsella,Clostridium difficile infection,2,2,0,2,reduced,1.0,2,4863157;31462412,2019,0.75,True
Collinsella,Coronary artery disease,2,2,2,0,elevated,1.0,2,30897381;32100534,2020,0.833,True
Collinsella,Cystic Fibrosis,2,2,0,2,reduced,1.0,1,5155554,2017,0.667,True
Collinsella,Hepatocellular cancer,2,2,1,1,mixed,0.5,2,29665135;30045880,2018,0.75,True
Collinsella,Irritable Bowel Syndrome,2,2,1,1,mixed,0.5,1,17631127,2007,0.667,True
Collinsella,Psoriasis,2,2,2,0,elevated,1.0,2,30920647;31141234,2019,0.75,True
Collinsella,Pulmonary tubercolosis,2,2,1,1,mixed,0.5,2,29204120;31001490,2019,0.667,True
Collinsella,Rheumatoid Arthritis,2,2,1,1,mixed,0.5,2,4840970;6572219,2019,0.5,True
Collinsella,Type 2 Diabetes,2,2,1,1,mixed,0.5,2,31492563;7052266,2020,0.75,True
Comamonas,Caries,2,0,2,0,elevated,1.0,2,30662876;31365560,2019,0.583,True
Comamonas,Rheumatoid Arthritis,2,0,1,1,mixed,0.5,2,30459400;30250232,2018,0.667,True
Coprococcus,Alcoholism,2,2,0,2,reduced,1.0,2,29041989;31951082,2020,0.833,True
Coprococcus,Autism,2,2,0,2,reduced,1.0,2,23844187;29274915,2018,0.75,True
Coprococcus,Chronic kidney disease,2,2,0,2,reduced,1.0,2,28588309;30088332,2018,0.75,True
Coprococcus,Colorectal cancer,2,2,0,2,reduced,1.0,2,27171425;24316595,2016,0.5,True
Coprococcus,Coronary artery disease,2,2,0,2,reduced,1.0,2,31995569;32100534,2020,0.75,True
Coprococcus,Hypertension,2,2,0,2,reduced,1.0,2,28143587;32226382,2020,0.833,True
Coprococcus,Major depressive disorder,2,2,0,2,reduced,1.0,2,30718848;32040443,2020,0.833,True
Coprococcus,Neuromyelitis optica,2,2,1,1,mixed,0.5,2,27398819;31841737,2020,0.75,True
Coprococcus,Psoriasis,2,2,1,1,mixed,0.5,2,25319745;31141234,2019,0.75,True
Coprococcus,Schizophrenia,2,2,0,2,reduced,1.0,2,29352709;31759045,2020,0.833,True
Coprococcus,Thyroid carcinoma,2,2,2,0,elevated,1.0,2,30565661;30584647,2019,0.833,True
Coriobacteriaceae,Crohn's Disease,2,1,0,2,reduced,1.0,2,26351391;26574491,2016,0.667,False
Coriobacteriaceae,Parkinson's Disease,2,1,2,0,elevated,1.0,2,28259623;30576008,2019,0.833,False
Corynebacterium,Acute lymphoblastic leukemia,2,0,0,2,reduced,1.0,1,32093640,2020,0.833,True
Corynebacterium,Aggressive periodontitis,2,0,0,2,reduced,1.0,2,25814980;30710838,2019,0.667,True
Corynebacterium,Asthma,2,0,0,2,reduced,1.0,2,4433433;30242844,2019,0.5,True
Corynebacterium,Bladder cancer,2,0,0,2,reduced,1.0,1,30108246,2018,0.833,True
Corynebacterium,Breast cancer,2,0,1,1,mixed,0.5,2,29152146;27342554,2017,0.5,True
Corynebacterium,Cancer cachexia,2,0,0,2,reduced,1.0,2,24402361;24402361,2014,0.5,True
Corynebacterium,Chronic Obstructive Pulmonary Disease,2,0,1,1,mixed,0.5,2,23874580;27428540,2016,0.667,True
Corynebacterium,Chronic kidney disease,2,0,1,1,mixed,0.5,2,30300382;30962186,2019,0.833,True
Corynebacterium,Chronic rhinosinusitis with nasal polyps,2,0,1,1,mixed,0.5,2,30720930;29784985,2019,0.833,True
Corynebacterium,HIV infection,2,2,2,0,elevated,1.0,2,30649052;31549151,2019,0.417,True
Corynebacterium,Hidradenitis suppurativa,2,0,1,1,mixed,0.5,2,28538949;31465743,2019,0.75,True
Corynebacterium,Oral potentially malignant disorder,2,0,2,0,elevated,1.0,1,30054809,2018,0.833,True
Corynebacterium,Primary sclerosing cholangitis-IBD,2,1,2,0,elevated,1.0,2,5504370;26526357,2017,0.833,True
Corynebacterium,Psoriasis,2,0,2,0,elevated,1.0,1,31619666,2019,0.833,True
Corynebacterium,Urgency urinary incontinence,2,0,2,0,elevated,1.0,1,,2014,0.667,True
Corynebacterium,Viral respiratory tract infection,2,0,2,0,elevated,1.0,1,,2018,0.667,True
Cryptococcus,Crohn's Disease,2,1,2,0,elevated,1.0,1,24275714,2015,0.833,False
Cupriavidus,Psoriasis,2,0,0,2,reduced,1.0,1,24451201,2013,0.833,True
Cutibacterium,Hidradenitis suppurativa,2,0,0,2,reduced,1.0,2,31539533;31465743,2019,0.583,True
Cutibacterium,Rosacea,2,0,1,1,mixed,0.5,1,32278334,2020,0.833,True
Delftia,Endometriosis,2,0,2,0,elevated,1.0,1,7161132,2020,0.667,False
Desulfobulbus,Aggressive periodontitis,2,0,2,0,elevated,1.0,2,28260061;30909081,2019,0.667,True
Desulfovibrio,Crohn's Disease,2,1,0,2,reduced,1.0,2,26789999;28852861,2018,0.75,True
Desulfovibrio,Myasthenia gravis,2,2,2,0,elevated,1.0,2,30258104;30483222,2018,0.833,True
Desulfovibrio,Parkinson's Disease,2,2,2,0,elevated,1.0,2,29501802;29776865,2018,0.667,True
Dialister,Aerobic vaginitis,2,0,2,0,elevated,1.0,1,31955954,2020,0.833,True
Dialister,Autism,2,2,0,2,reduced,1.0,1,20603222,2010,0.5,True
Dialister,Autism spectrum disorders,2,1,0,2,reduced,1.0,2,29371629;28222761,2018,0.833,True
Dialister,Caries,2,0,2,0,elevated,1.0,2,26442950;31365560,2019,0.5,True
Dialister,Chlamydia,2,0,2,0,elevated,1.0,2,30038262;31830061,2019,0.833,True
Dialister,Chronic kidney disease,2,2,0,2,reduced,1.0,2,28588309;30088332,2018,0.75,True
Dialister,Cirrhosis,2,1,2,0,elevated,1.0,2,5043180;29665135,2018,0.75,True
Dialister,Cystic Fibrosis,2,1,0,2,reduced,1.0,2,5155554;29445257,2017,0.75,True
Dialister,HIV infection,2,2,1,1,mixed,0.5,2,24586144;24034618,2014,0.583,True
Dialister,Halitosis,2,0,2,0,elevated,1.0,2,12574246;28875948,2017,0.5,True
Dialister,Keratitis,2,2,0,2,reduced,1.0,2,6014669;30541945,2018,0.5,True
Dialister,Laryngeal carcinoma,2,0,2,0,elevated,1.0,2,23824228;25239901,2014,0.75,True
Dialister,Major depressive disorder,2,2,0,2,reduced,1.0,2,25882912;30718848,2019,0.833,True
Dialister,Multiple Sclerosis,2,2,0,2,reduced,1.0,2,30545401;31705027,2019,0.75,True
Dialister,Primary biliary cholangitis,2,2,0,2,reduced,1.0,1,30900136,2019,0.667,True
Dialister,Sjögren Syndrome,2,0,2,0,elevated,1.0,2,30060225;31514257,2019,0.75,True
Dialister,Spinal cord injury,2,2,0,2,reduced,1.0,2,26752409;31497202,2019,0.833,True
Dialister,Spondyloarthritis,2,0,2,0,elevated,1.0,1,27390077,2017,0.5,True
Dialister,Type 1 Diabetes,2,2,1,1,mixed,0.5,2,27231166;26891226,2016,0.833,True
Dialister,Type 2 Diabetes,2,1,1,1,mixed,0.5,2,31153098;31492563,2019,0.75,True
Dialister,periodontitis,2,0,2,0,elevated,1.0,2,31153098;19722792,2019,0.833,True
Dolosigranulum,Caries,2,0,2,0,elevated,1.0,2,29670544;30210479,2018,0.833,True
Dorea,Atrial fibrillation,2,2,2,0,elevated,1.0,2,6543127;32188747,2020,0.75,True
Dorea,Colorectal cancer,2,1,0,2,reduced,1.0,2,23940645;22622349,2013,0.833,True
Dorea,Heart failure,2,2,0,2,reduced,1.0,1,28328981,2017,0.833,True
Dorea,Hypertension,2,2,1,1,mixed,0.5,2,29507058;32226382,2020,0.833,True
Dorea,Keratitis,2,2,1,1,mixed,0.5,1,6014669,2018,0.833,True
Dorea,Psoriasis,2,2,2,0,elevated,1.0,2,30238519;31141234,2019,0.833,True
Dorea,Pulmonary tubercolosis,2,2,0,2,reduced,1.0,1,31001490,2019,0.667,True
Dorea,Type 2 Diabetes,2,1,1,1,mixed,0.5,2,28008148;32214153,2020,0.667,True
Dorea,Ulcerative Colitis,2,2,1,1,mixed,0.5,2,27824645;31055592,2019,0.75,True
Eggerthella,Behcet's Disease,2,2,2,0,elevated,1.0,2,27105322;30628011,2019,0.75,True
Eggerthella,Multiple Sclerosis,2,2,2,0,elevated,1.0,2,26367776;30545401,2018,0.583,True
Eggerthella,Rheumatoid Arthritis,2,2,2,0,elevated,1.0,2,4840970;30545401,2018,0.5,True
Eggerthella,Schizophrenia,2,2,2,0,elevated,1.0,2,31255682;31759045,2020,0.833,True
Eggerthella,Type 2 Diabetes,2,2,2,0,elevated,1.0,2,23023125;31492563,2019,0.5,True
Eggerthella,Ulcerative Colitis,2,1,2,0,elevated,1.0,2,28852861;30545401,2018,0.75,True
Eisenbergiella,Fibromyalgia,2,2,2,0,elevated,1.0,1,31219947,2019,0.833,True
Enhydrobacter,Acne,2,1,1,1,mixed,0.5,2,29756631;31290561,2019,0.667,False
Enhydrobacter,HIV infection,2,1,0,2,reduced,1.0,2,29995962;30915086,2019,0.75,False
Enterobacter,Autism,2,2,1,1,mixed,0.5,2,21410934;24130822,2013,0.75,True
Enterobacter,Crohn's Disease,2,2,0,2,reduced,1.0,2,26789999;31899727,2020,0.667,True
Enterobacter,Primary liver cancer,2,2,2,0,elevated,1.0,1,30661942,2019,0.833,True
Enterobacteriaceae,Autism spectrum disorders,2,2,2,0,elevated,1.0,2,30670726;30619212,2019,0.833,False
Enterobacteriaceae,Crohn's Disease,2,1,2,0,elevated,1.0,2,3329531;26574491,2016,0.833,False
Enterobacteriaceae,Cystic Fibrosis,2,1,2,0,elevated,1.0,2,26330184;29445257,2017,0.75,False
Enterobacteriaceae,HIV infection,2,2,2,0,elevated,1.0,2,24586144;25057045,2015,0.667,False
Enterobacteriaceae,Lung cancer,2,2,2,0,elevated,1.0,1,32240032,2020,0.833,False
Enterobacteriaceae,Non-alcoholic fatty liver disease,2,2,1,1,mixed,0.5,2,30926798;30870486,2019,0.833,False
Enterobacteriaceae,Primary biliary cholangitis,2,2,2,0,elevated,1.0,2,28213609;30900136,2019,0.75,False
Enterococcaceae,Cirrhosis,2,2,2,0,elevated,1.0,2,24374295;3995845,2014,0.833,False
Enterococcaceae,Parkinson's Disease,2,2,2,0,elevated,1.0,2,31174953,2019,0.75,False
Enterococcus,Acne,2,0,2,0,elevated,1.0,1,31173650,2019,0.833,True
Enterococcus,Aerobic vaginitis,2,0,2,0,elevated,1.0,2,31315951;31955954,2020,0.833,True
Enterococcus,Colorectal cancer,2,2,2,0,elevated,1.0,2,18624900;21850056,2012,0.583,True
Enterococcus,Coronary artery disease,2,2,2,0,elevated,1.0,2,30192713;30897381,2019,0.833,True
Enterococcus,Lung cancer,2,1,2,0,elevated,1.0,2,6489541;32255852,2020,0.667,True
Enterococcus,Primary liver cancer,2,2,2,0,elevated,1.0,1,30661942,2019,0.833,True
Enterococcus,Schizophrenia,2,2,1,1,mixed,0.5,2,31255682;32235826,2020,0.75,True
Enterococcus,Ulcerative Colitis,2,1,1,1,mixed,0.5,2,25121355;28852861,2018,0.833,True
Erysipelotrichaceae,Cystic Fibrosis,2,2,0,2,reduced,1.0,2,4855157;31959989,2020,0.5,False
Erysipelotrichaceae,HIV infection,2,1,2,0,elevated,1.0,2,25057045;23843452,2015,0.667,False
Escherichia,Aerobic vaginitis,2,0,2,0,elevated,1.0,2,31315951;31955954,2020,0.833,True
Escherichia,Chronic kidney disease,2,2,1,1,mixed,0.5,2,28588309;32183306,2020,0.833,True
Escherichia,HIV infection,2,1,2,0,elevated,1.0,2,24586144;23843452,2014,0.667,True
Escherichia,Obesity,2,2,2,0,elevated,1.0,2,23055155;29280312,2018,0.5,True
Escherichia,Pouchitis,2,2,1,1,mixed,0.5,1,20845425,2011,0.667,True
Escherichia,Primary sclerosing cholangitis-IBD,2,1,2,0,elevated,1.0,2,27196590;5504370,2017,0.583,True
Escherichia,Pulmonary tubercolosis,2,2,2,0,elevated,1.0,2,29322681;29204120,2018,0.75,True
Escherichia,Ulcerative Colitis,2,1,2,0,elevated,1.0,2,26261163;28039159,2017,0.75,True
Eubacteriaceae,Hepatic encephalopathy,2,1,1,1,mixed,0.5,1,30816877,2019,0.833,False
Eubacterium,Atrial fibrillation,2,2,2,0,elevated,1.0,2,6543127;32188747,2020,0.75,True
Eubacterium,Chronic Obstructive Pulmonary Disease,2,0,1,1,mixed,0.5,2,23874580;23071781,2013,0.667,True
Eubacterium,Coronary artery disease,2,2,0,2,reduced,1.0,2,30192713;31995569,2020,0.75,True
Eubacterium,Gestational diabetes,2,2,0,2,reduced,1.0,1,32175285,2020,0.833,True
Eubacterium,Graves' orbitopathy,2,2,0,2,reduced,1.0,1,30674011,2019,0.833,True
Eubacterium,HIV infection,2,2,1,1,mixed,0.5,2,24451087;24034618,2013,0.667,True
Eubacterium,Halitosis,2,0,2,0,elevated,1.0,2,12574246;31553956,2019,0.5,True
Eubacterium,Idiopathic nephrotic syndrome,2,2,0,2,reduced,1.0,1,29533950,2018,0.833,True
Eubacterium,Obesity,2,2,0,2,reduced,1.0,2,23055155;32209719,2020,0.75,True
Eubacterium,Pouchitis,2,2,2,0,elevated,1.0,1,20845425,2011,0.667,True
Eubacterium,Pulmonary tubercolosis,2,2,0,2,reduced,1.0,1,31001490,2019,0.667,True
Eubacterium,Rheumatoid Arthritis,2,1,0,2,reduced,1.0,2,18528968;32039051,2020,0.75,True
Eubacterium,Spinal cord injury,2,2,0,2,reduced,1.0,2,30545398;31497202,2019,0.833,True
Eubacterium,Type 1 Diabetes,2,2,0,2,reduced,1.0,1,20613793,2011,0.5,True
Faecalibacterium,Allergic asthma,2,2,1,1,mixed,0.5,2,26840903;30765132,2019,0.5,True
Faecalibacterium,Asthma,2,1,1,1,mixed,0.5,2,26424567;29031597,2018,0.5,True
Faecalibacterium,Atopic dermatitis,2,2,2,0,elevated,1.0,2,26431583;30899033,2019,0.667,True
Faecalibacterium,Attention Deficit Hyperactivity Disorder,2,2,0,2,reduced,1.0,2,29580894;32132899,2020,0.833,True
Faecalibacterium,Autism,2,2,0,2,reduced,1.0,2,24130822;29274915,2018,0.75,True
Faecalibacterium,"Celiac Disease, Coaliac disease",2,1,0,2,reduced,1.0,2,20181275;18033837,2010,0.5,True
Faecalibacterium,Cholestasis,2,2,0,2,reduced,1.0,2,30483228;31848302,2019,0.75,True
Faecalibacterium,Covid-19,2,2,0,2,reduced,1.0,2,32497191;7314193,2020,0.833,True
Faecalibacterium,Hypertension,2,2,0,2,reduced,1.0,2,28143587;28884091,2017,0.833,True
Faecalibacterium,Keratitis,2,2,0,2,reduced,1.0,2,6014669;30541945,2018,0.5,True
Faecalibacterium,Major depressive disorder,2,2,0,2,reduced,1.0,2,25882912;32040443,2020,0.833,True
Faecalibacterium,Neuromyelitis optica,2,2,0,2,reduced,1.0,2,30113252;31841737,2020,0.833,True
Faecalibacterium,Pouchitis,2,1,0,2,reduced,1.0,2,20845425;26026389,2015,0.667,True
Faecalibacterium,Preeclamsia,2,2,0,2,reduced,1.0,2,6608563;31900289,2020,0.667,True
Faecalibacterium,Primary biliary cholangitis,2,2,0,2,reduced,1.0,2,28213609;30900136,2019,0.75,True
Faecalibacterium,Primary sclerosing cholangitis,2,2,0,2,reduced,1.0,2,5504370;31003979,2019,0.833,True
Faecalibacterium,Sarcopenia,2,2,0,2,reduced,1.0,1,,2023,0.333,True
Faecalibacterium,Short Bowel Syndrome,2,2,0,2,reduced,1.0,2,28425133;31493882,2019,0.833,True
Faecalibacterium,Systemic sclerosis,2,2,0,2,reduced,1.0,1,26749064,2016,0.667,True
Filifactor,Periodontal disease,2,0,2,0,elevated,1.0,2,28979798;31329044,2019,0.75,True
Filifactor,Smoking,2,0,2,0,elevated,1.0,2,25283067;32170059,2020,0.667,True
Filobasidium,Dandruff,2,0,2,0,elevated,1.0,2,27909689;22393454,2016,0.583,False
Finegoldia,Aerobic vaginitis,2,0,2,0,elevated,1.0,2,31315951;31955954,2020,0.833,True
Finegoldia,HIV infection,2,2,2,0,elevated,1.0,2,30649052;31549151,2019,0.417,True
Firmicutes,Crohn's Disease,2,0,0,2,reduced,1.0,2,21987382;30239655,2019,0.75,False
Firmicutes,HIV infection,2,2,2,0,elevated,1.0,2,27477587;27048741,2016,0.583,False
Flavisolibacter,Psoriasis,2,0,0,2,reduced,1.0,1,24451201,2013,0.833,True
Flavonifractor,Bipolar disorder,2,2,2,0,elevated,1.0,1,30261302,2019,0.833,True
Flavonifractor,Chronic kidney disease,2,2,2,0,elevated,1.0,2,30088332;32241215,2020,0.75,True
Flavonifractor,Crohn's Disease,2,2,1,1,mixed,0.5,2,26789999;31329473,2019,0.667,True
Fusobacteria,Crohn's Disease,2,1,1,1,mixed,0.5,2,21987382;26313691,2015,0.583,False
Fusobacteriaceae,Hepatic encephalopathy,2,0,1,1,mixed,0.5,2,22821944;30816877,2019,0.833,False
Fusobacterium,Autism spectrum disorders,2,0,0,2,reduced,1.0,1,29371629,2018,0.833,True
Fusobacterium,Bladder cancer,2,0,2,0,elevated,1.0,1,30108246,2018,0.833,True
Fusobacterium,Chronic Obstructive Pulmonary Disease,2,0,2,0,elevated,1.0,2,23071781;27428540,2016,0.667,True
Fusobacterium,Crohn's Disease,2,0,2,0,elevated,1.0,2,30927743;30796823,2019,0.667,True
Fusobacterium,Cystic Fibrosis,2,0,0,2,reduced,1.0,2,29445257;30580994,2019,0.75,True
Fusobacterium,E-smoking,2,0,1,1,mixed,0.5,1,32105635,2020,0.667,True
Fusobacterium,Gastric carcinoma,2,0,2,0,elevated,1.0,2,28765474;30584008,2019,0.833,True
Fusobacterium,Invasive colorectal cancer,2,2,2,0,elevated,1.0,1,31609493,2020,0.667,True
Fusobacterium,Laryngeal carcinoma,2,0,2,0,elevated,1.0,2,23824228;25239901,2014,0.75,True
Fusobacterium,Oral lichen planus,2,0,2,0,elevated,1.0,2,28199766,2019,0.833,True
Fusobacterium,Preeclamsia,2,2,2,0,elevated,1.0,2,6608563;31900289,2020,0.667,True
Fusobacterium,Primary biliary cholangitis,2,1,1,1,mixed,0.5,2,29969462;30900136,2019,0.75,True
Fusobacterium,Recurrent tonsillitis,2,0,1,1,mixed,0.5,1,23437130,2013,0.833,True
Fusobacterium,Short Bowel Syndrome,2,2,2,0,elevated,1.0,2,28501098;31095575,2019,0.833,True
Fusobacterium,Systemic lupus erythematosus,2,1,2,0,elevated,1.0,2,28320468;30872359,2019,0.833,True
Fusobacterium,Ulcerative Colitis,2,1,2,0,elevated,1.0,2,12164960;28039159,2017,0.667,True
Gammaproteobacteria,Necrotizing enterocolitis,2,2,2,0,elevated,1.0,2,19369970;26969089,2016,0.667,False
Gardnerella,Parkinson's Disease,2,1,2,0,elevated,1.0,2,29776865;31247001,2019,0.75,False
Gardnerella,Urgency urinary incontinence,2,0,2,0,elevated,1.0,1,,2014,0.667,False
Gemella,Aphthous ulcer,2,0,1,1,mixed,0.5,2,17600533;32169076,2020,0.5,True
Gemella,Asthma,2,0,2,0,elevated,1.0,2,29984544;29445257,2018,0.833,True
Gemella,"Celiac Disease, Coaliac disease",2,0,1,1,mixed,0.5,2,24657864;30800106,2019,0.75,True
Gemella,Hepatocellular cancer,2,2,2,0,elevated,1.0,2,29665135;30045880,2018,0.75,True
Gemella,Macular degeneration,2,0,2,0,elevated,1.0,2,30089174;32123200,2020,0.833,True
Gemella,Rheumatoid Arthritis,2,1,1,1,mixed,0.5,2,30545401;32039040,2020,0.667,True
Gemella,Short Bowel Syndrome,2,2,0,2,reduced,1.0,1,31095575,2019,0.833,True
Gemella,Smoking,2,0,1,1,mixed,0.5,2,23491408;32169076,2020,0.833,True
Gemella,Ulcerative Colitis,2,2,2,0,elevated,1.0,2,30545401;31055592,2019,0.75,True
Gemella,periodontitis,2,0,0,2,reduced,1.0,2,25398868;30581850,2018,0.583,True
Geobacillus,Bladder cancer,2,0,2,0,elevated,1.0,2,29904624;31568654,2019,0.833,True
Granulicatella,Aphthous ulcer,2,0,1,1,mixed,0.5,2,17600533;32169076,2020,0.5,True
Granulicatella,Asthma,2,0,2,0,elevated,1.0,2,29984544;30911282,2019,0.833,True
Granulicatella,Bleeding gum,2,0,0,2,reduced,1.0,2,32169076;32298191,2020,0.75,True
Granulicatella,Caries,2,0,2,0,elevated,1.0,2,23743597;28709393,2017,0.583,True
Granulicatella,"Celiac Disease, Coaliac disease",2,0,0,2,reduced,1.0,2,24657864;30800106,2019,0.75,True
Granulicatella,Oral cancer,2,0,0,2,reduced,1.0,2,22817758;18033835,2012,0.5,True
Granulicatella,Periodontal disease,2,0,0,2,reduced,1.0,2,22675498,2012,0.667,True
Granulicatella,Recurrent tonsillitis,2,0,0,2,reduced,1.0,1,23437130,2013,0.833,True
Granulicatella,Rheumatoid Arthritis,2,0,1,1,mixed,0.5,2,30459400;32039040,2020,0.667,True
Granulicatella,Short Bowel Syndrome,2,2,0,2,reduced,1.0,1,31095575,2019,0.833,True
Gymnopilus,Crohn's Disease,2,1,2,0,elevated,1.0,1,27811291,2017,0.667,False
Haemophilus,Aggressive periodontitis,2,0,0,2,reduced,1.0,2,25814980;30710838,2019,0.667,True
Haemophilus,Alcoholic hepatitis,2,2,2,0,elevated,1.0,2,29555983;30144108,2018,0.833,True
Haemophilus,Asthma,2,0,2,0,elevated,1.0,2,29445257;4433433,2017,0.583,True
Haemophilus,Bleeding gum,2,0,0,2,reduced,1.0,2,32169076;32298191,2020,0.75,True
Haemophilus,Hepatocellular cancer,2,1,0,2,reduced,1.0,2,30045880;27605161,2018,0.833,True
Haemophilus,Irritable Bowel Syndrome,2,1,1,1,mixed,0.5,2,21741921;23757279,2012,0.667,True
Haemophilus,Meningococcal disease,2,0,2,0,elevated,1.0,1,31959912,2020,0.667,True
Haemophilus,Obesity,2,1,1,1,mixed,0.5,2,29576948;31976177,2020,0.833,True
Haemophilus,Oral cancer,2,0,1,1,mixed,0.5,2,9813727;31109865,2019,0.667,True
Haemophilus,Parkinson's Disease,2,1,0,2,reduced,1.0,2,28259623;29776865,2018,0.75,True
Haemophilus,Primary biliary cholangitis,2,2,2,0,elevated,1.0,2,28213609;30900136,2019,0.75,True
Haemophilus,Smoking,2,0,0,2,reduced,1.0,2,27015003;32170059,2020,0.75,True
Haemophilus,Ulcerative Colitis,2,1,1,1,mixed,0.5,2,24013298;31055592,2019,0.5,True
Hathewaya,"Celiac Disease, Coaliac disease",2,1,0,2,reduced,1.0,2,20181275;18033837,2010,0.5,True
Helicobacter,Gastric carcinoma,2,0,0,2,reduced,1.0,2,29102920;30584008,2019,0.75,True
Helicobacter,HIV infection,2,2,1,1,mixed,0.5,2,30649052;30915086,2019,0.667,True
Herbaspirillum,Mucosa-associated lymphoid tissue lymphoma,2,0,0,2,reduced,1.0,1,,2019,0.833,True
Holdemania,Alcoholism,2,2,2,0,elevated,1.0,2,30894059;31951082,2020,0.833,True
Holdemania,Crohn's Disease,2,2,0,2,reduced,1.0,1,26789999,2016,0.667,True
Holdemania,Parkinson's Disease,2,2,2,0,elevated,1.0,2,29776865;31200089,2019,0.75,True
Human,Antrochoanal polyps,2,0,1,1,mixed,0.5,1,31837561,2020,0.833,False
Human,Otitis Media,2,0,2,0,elevated,1.0,1,29458340,2018,0.833,False
Kazachstania,Irritable Bowel Syndrome,2,2,1,1,mixed,0.5,1,28624575,2017,0.667,False
Kingella,Caries,2,0,1,1,mixed,0.5,2,30210479;30561093,2019,0.75,True
Kingella,Edentulism,2,0,2,0,elevated,1.0,1,27717873,2016,0.5,True
Klebsiella,Alcoholism,2,2,2,0,elevated,1.0,2,30894059;29041989,2019,0.833,True
Klebsiella,"Celiac Disease, Coaliac disease",2,1,2,0,elevated,1.0,2,21970810;23835180,2013,0.75,True
Klebsiella,Cirrhosis,2,2,2,0,elevated,1.0,2,29665135;33713524,2021,0.583,True
Klebsiella,Clostridium difficile infection,2,2,2,0,elevated,1.0,2,30785932;4863157,2019,0.75,True
Klebsiella,Crohn's Disease,2,0,1,1,mixed,0.5,2,26574491;29848021,2018,0.833,True
Klebsiella,Edentulism,2,0,2,0,elevated,1.0,1,27717873,2016,0.5,True
Klebsiella,Helicobacter pylori infection,2,1,1,1,mixed,0.5,2,31250988;32197614,2020,0.667,True
Klebsiella,Irritable Bowel Syndrome,2,2,2,0,elevated,1.0,2,25865706;5118858,2016,0.5,True
Klebsiella,Necrotizing enterocolitis,2,2,1,1,mixed,0.5,2,19783002;21674011,2011,0.667,True
Klebsiella,Obesity,2,2,1,1,mixed,0.5,2,31397240;31921729,2019,0.833,True
Klebsiella,Parkinson's Disease,2,2,2,0,elevated,1.0,2,29501802;31174953,2019,0.667,True
Klebsiella,Primary biliary cholangitis,2,2,2,0,elevated,1.0,2,28213609;30900136,2019,0.75,True
Klebsiella,Systemic lupus erythematosus,2,1,1,1,mixed,0.5,2,31883828,2020,0.583,True
Klebsiella,Type 2 Diabetes,2,0,1,1,mixed,0.5,2,28008148;31438919,2019,0.833,True
Kocuria,Type 2 Diabetes,2,0,1,1,mixed,0.5,2,23300163;31438919,2019,0.667,True
Lachnobacterium,HIV infection,2,0,0,2,reduced,1.0,1,24817204,2014,0.667,True
Lachnoclostridium,Irritable Bowel Syndrome,2,1,2,0,elevated,1.0,1,31953505,2020,0.833,True
Lachnospira,Asthma,2,2,0,2,reduced,1.0,2,26424567;27634868,2016,0.667,True
Lachnospira,Autism spectrum disorders,2,2,2,0,elevated,1.0,2,30743242;30619212,2019,0.833,True
Lachnospira,Clostridium difficile infection,2,2,0,2,reduced,1.0,2,30785932;4863157,2019,0.75,True
Lachnospira,HIV infection,2,2,0,2,reduced,1.0,2,24586144;24451087,2014,0.75,True
Lachnospira,Irritable Bowel Syndrome,2,1,1,1,mixed,0.5,2,21820992;31953505,2020,0.833,True
Lachnospira,Keratitis,2,2,0,2,reduced,1.0,2,6014669;30541945,2018,0.5,True
Lachnospira,Parkinson's Disease,2,2,1,1,mixed,0.5,2,29776865;31354427,2019,0.75,True
Lachnospira,Primary sclerosing cholangitis-IBD,2,1,1,1,mixed,0.5,2,29435321;26526357,2018,0.833,True
Lachnospira,Type 1 Diabetes,2,2,0,2,reduced,1.0,2,27231166;30224347,2018,0.833,True
Lachnospira,Ulcerative Colitis,2,1,1,1,mixed,0.5,2,28852861;30545401,2018,0.75,True
Lachnospiraceae,Alcoholism,2,1,1,1,mixed,0.5,2,29685174;30894059,2019,0.833,False
Lachnospiraceae,Alzheimer's Disease,2,2,0,2,reduced,1.0,2,31063846;29758946,2019,0.833,False
Lachnospiraceae,Caries,2,0,1,1,mixed,0.5,2,25658087;31365560,2019,0.667,False
Lachnospiraceae,Colorectal cancer,2,1,0,2,reduced,1.0,2,25104642;26170900,2015,0.75,False
Lachnospiraceae,Hepatic encephalopathy,2,2,0,2,reduced,1.0,2,29923681;30816877,2019,0.833,False
Lachnospiraceae,Irritable Bowel Syndrome,2,2,0,2,reduced,1.0,2,4796292;30958430,2019,0.583,False
Lachnospiraceae,Major depressive disorder,2,2,1,1,mixed,0.5,2,24888394;25882912,2015,0.833,False
Lachnospiraceae,Obesity,2,2,0,2,reduced,1.0,2,31397240;32209719,2020,0.833,False
Lachnospiraceae,Psoriasis,2,2,1,1,mixed,0.5,2,25319745;30264198,2019,0.583,False
Lachnospiraceae,Schizophrenia,2,2,0,2,reduced,1.0,2,30775438;31759045,2020,0.833,False
Lachnospiraceae,Spondyloarthritis,2,1,1,1,mixed,0.5,2,27390077,2017,0.333,False
Lachnospiraceae,Type 2 Diabetes,2,2,1,1,mixed,0.5,2,23023125;28261173,2017,0.583,False
Lachnospiraceae,Ulcerative Colitis,2,1,0,2,reduced,1.0,2,26351391;32251296,2020,0.583,False
Lactobacillus,Alcoholic hepatitis,2,2,2,0,elevated,1.0,2,29555983;30144108,2018,0.833,True
Lactobacillus,Alcoholism,2,2,2,0,elevated,1.0,2,29041989;31951082,2020,0.833,True
Lactobacillus,Aphthous ulcer,2,0,1,1,mixed,0.5,2,17600533;32245419,2020,0.5,True
Lactobacillus,Asthma,2,1,2,0,elevated,1.0,2,25329665;29479926,2018,0.417,True
Lactobacillus,Atopic dermatitis,2,1,1,1,mixed,0.5,2,16601353;31619666,2019,0.583,True
Lactobacillus,Autism spectrum disorders,2,2,1,1,mixed,0.5,2,28222761;30895172,2019,0.833,True
Lactobacillus,Autoimmune hepatitis,2,1,1,1,mixed,0.5,2,26191211;31201284,2019,0.833,True
Lactobacillus,Bladder cancer,2,0,0,2,reduced,1.0,2,31418671;31568654,2019,0.5,True
Lactobacillus,"Celiac Disease, Coaliac disease",2,1,1,1,mixed,0.5,2,21970810,2017,0.667,True
Lactobacillus,Coronary artery disease,2,2,2,0,elevated,1.0,2,30192713;30897381,2019,0.833,True
Lactobacillus,Cytolytic vaginosis,2,0,1,1,mixed,0.5,1,30203607,2018,0.667,True
Lactobacillus,Gastric carcinoma,2,1,2,0,elevated,1.0,2,29102920;30535886,2019,0.75,True
Lactobacillus,Hepatitis C,2,2,2,0,elevated,1.0,2,28561276;29718124,2018,0.75,True
Lactobacillus,Interstitial cystitis,2,0,0,2,reduced,1.0,2,28178051;22974186,2017,0.583,True
Lactobacillus,Overactive bladder,2,0,0,2,reduced,1.0,2,28463826;29230385,2017,0.75,True
Lactobacillus,Pouchitis,2,1,0,2,reduced,1.0,1,20845425,2011,0.667,True
Lactobacillus,Primary biliary cholangitis,2,2,2,0,elevated,1.0,2,28213609;30900136,2019,0.75,True
Lactobacillus,Primary sclerosing cholangitis-IBD,2,1,2,0,elevated,1.0,2,5504370;26526357,2017,0.833,True
Lactobacillus,Pulmonary tubercolosis,2,1,2,0,elevated,1.0,2,29322681;31715320,2020,0.75,True
Lactobacillus,Short Bowel Syndrome,2,2,1,1,mixed,0.5,2,28425133;31095575,2019,0.833,True
Lactobacillus,Sjögren Syndrome,2,0,2,0,elevated,1.0,2,30060225;31514257,2019,0.75,True
Lactobacillus,Systemic sclerosis,2,2,2,0,elevated,1.0,1,26749064,2016,0.667,True
Lactobacillus,Vulvar vestibulitis syndrome,2,0,1,1,mixed,0.5,1,24961922,2014,0.667,True
Lactonifactor,Chronic fatigue syndrome,2,2,2,0,elevated,1.0,1,23791918,2013,0.667,True
Lautropia,Cleft palate,2,0,0,2,reduced,1.0,1,26068382,2016,0.667,True
Lautropia,Smoking,2,0,0,2,reduced,1.0,2,31201984;32170059,2020,0.667,True
Leptotrichia,Chronic Obstructive Pulmonary Disease,2,0,2,0,elevated,1.0,2,23071781;28740374,2017,0.75,True
Leptotrichia,Edentulism,2,0,1,1,mixed,0.5,2,27717873;30657624,2019,0.667,True
Leptotrichia,Obesity,2,0,1,1,mixed,0.5,2,29520825;29576948,2018,0.667,True
Leptotrichia,Oral leukoplakia,2,0,2,0,elevated,1.0,1,29250055,2017,0.833,True
Leptotrichia,Pancreatic cancer,2,1,2,0,elevated,1.0,2,26587342;29221120,2017,0.75,True
Leptotrichia,Rheumatoid Arthritis,2,0,1,1,mixed,0.5,2,30459400,2018,0.667,True
Leptotrichia,Sjögren Syndrome,2,0,0,2,reduced,1.0,2,27087247;31514257,2019,0.667,True
Leptotrichia,Smoking,2,0,0,2,reduced,1.0,2,30405010;27015003,2018,0.75,True
Leuconostoc,Spleen deficiency syndrome,2,2,2,0,elevated,1.0,1,32227775,2020,0.667,True
Mageeibacillus,Cervicitis,2,0,2,0,elevated,1.0,1,26267872,2015,0.833,True
Malassezia,Oral cancer,2,0,0,2,reduced,1.0,1,29152157,2017,0.833,False
Malassezia,Uveitits,2,2,2,0,elevated,1.0,1,30938773,2019,0.667,False
Megamonas,Ankylosing spondylitis,2,2,2,0,elevated,1.0,2,28750650;31377126,2019,0.667,True
Megamonas,Behcet's Disease,2,2,0,2,reduced,1.0,2,27105322;30628011,2019,0.75,True
Megamonas,Colorectal cancer,2,2,0,2,reduced,1.0,2,23940645;30794590,2019,0.833,True
Megamonas,Myasthenia gravis,2,2,2,0,elevated,1.0,1,34233671,2021,0.5,True
Megasphaera,Caries,2,0,2,0,elevated,1.0,2,29670544;30662876,2019,0.75,True
Megasphaera,"Celiac Disease, Coaliac disease",2,0,1,1,mixed,0.5,2,25403367;30800106,2019,0.833,True
Megasphaera,Chlamydia,2,0,2,0,elevated,1.0,2,30038262;31738795,2019,0.833,True
Megasphaera,Crohn's Disease,2,1,0,2,reduced,1.0,2,29848021;30519287,2018,0.833,True
Megasphaera,Keratitis,2,2,0,2,reduced,1.0,2,6014669;30541945,2018,0.5,True
Megasphaera,Obesity,2,2,0,2,reduced,1.0,2,30867711;31397240,2019,0.833,True
Megasphaera,Pancreatic cancer,2,2,1,1,mixed,0.5,2,29221120;31727922,2019,0.833,True
Megasphaera,Short Bowel Syndrome,2,2,1,1,mixed,0.5,2,28425133;31493882,2019,0.833,True
Megasphaera,Sicca syndrome,2,0,2,0,elevated,1.0,2,30272305;31211815,2019,0.833,True
Megasphaera,Type 2 Diabetes,2,2,2,0,elevated,1.0,2,31492563;32234773,2020,0.75,True
Methanobrevibacter,Cirrhosis,2,2,0,2,reduced,1.0,2,29665135;33713524,2021,0.583,False
Methanobrevibacter,Inflammatory Bowel Disease,2,2,0,2,reduced,1.0,2,29477743;30685379,2019,0.833,False
Methylobacterium,Breast cancer,2,0,1,1,mixed,0.5,2,29152146;24421902,2017,0.667,True
Methylobacterium,Parkinson's Disease,2,1,1,1,mixed,0.5,2,29776865;31247001,2019,0.75,True
Methylobacterium,Psoriasis,2,0,0,2,reduced,1.0,1,24451201,2013,0.833,True
Micrococcaceae,Parkinson's Disease,2,0,0,2,reduced,1.0,2,28259623;28843021,2018,0.75,False
Mitsuokella,Keratitis,2,2,0,2,reduced,1.0,2,6014669;30541945,2018,0.5,True
Mogibacterium,Crohn's Disease,2,0,0,2,reduced,1.0,2,28852861;26574491,2018,0.833,True
Mogibacterium,Obesity,2,1,2,0,elevated,1.0,2,29576948;30572569,2018,0.833,True
Moraxella,Chronic lung disease,2,0,2,0,elevated,1.0,1,27388563,2016,0.833,True
Moraxella,Protracted bacterial bronchitis,2,0,2,0,elevated,1.0,1,30660785,2019,0.833,True
Mucor,Obesity,2,2,0,2,reduced,1.0,1,26455903,2015,0.833,False
Mycobacterium,Breast cancer,2,0,2,0,elevated,1.0,1,29190829,2017,0.5,True
Mycobacterium,Pulmonary tubercolosis,2,1,2,0,elevated,1.0,2,29322681;31715320,2020,0.75,True
Mycoplasma,Aerobic vaginitis,2,0,2,0,elevated,1.0,1,31955954,2020,0.833,True
Mycoplasma,HIV infection,2,0,1,1,mixed,0.5,1,24817204,2014,0.667,True
Neisseria,Behcet's Disease,2,0,0,2,reduced,1.0,1,26037240,2015,0.5,True
Neisseria,Cirrhosis with pneumonia,2,0,2,0,elevated,1.0,1,26099252,2015,0.833,True
Neisseria,Edentulism,2,0,1,1,mixed,0.5,2,27717873;30657624,2019,0.667,True
Neisseria,Gastric carcinoma,2,0,1,1,mixed,0.5,2,29102920;30619779,2018,0.667,True
Neisseria,HIV infection,2,0,1,1,mixed,0.5,1,30290791,2018,0.833,True
Neisseria,Hypopharyngeal cancer,2,0,0,2,reduced,1.0,1,31832691,2020,0.833,True
Neisseria,Obesity,2,0,1,1,mixed,0.5,2,19587155;29576948,2018,0.667,True
Neisseria,Oral leukoplakia,2,0,1,1,mixed,0.5,1,29250055,2017,0.833,True
Neisseria,Oral potentially malignant disorder,2,0,0,2,reduced,1.0,1,30054809,2018,0.833,True
Neisseria,Rheumatoid Arthritis,2,0,1,1,mixed,0.5,2,30459400;32039051,2020,0.75,True
Neisseria,Sicca syndrome,2,0,0,2,reduced,1.0,2,30272305;31211815,2019,0.833,True
Neisseria,Ulcerative Colitis,2,0,0,2,reduced,1.0,1,29462845,2018,0.833,True
Odoribacter,Alcoholism,2,2,1,1,mixed,0.5,2,30894059;31951082,2020,0.833,True
Odoribacter,Autism,2,2,1,1,mixed,0.5,2,24130822;29274915,2018,0.75,True
Odoribacter,Autism spectrum disorders,2,2,1,1,mixed,0.5,2,30228282;30895172,2019,0.75,True
Odoribacter,HIV infection,2,2,0,2,reduced,1.0,2,24586144;30685386,2019,0.75,True
Odoribacter,Obesity,2,2,0,2,reduced,1.0,2,31399369;31921729,2019,0.833,True
Odoribacter,Systemic lupus erythematosus,2,2,0,2,reduced,1.0,1,29196292,2018,0.667,True
Odoribacter,Ulcerative Colitis,2,1,0,2,reduced,1.0,2,28852861;31329473,2019,0.75,True
Olsenella,Caries,2,0,2,0,elevated,1.0,2,25658087;31365560,2019,0.667,True
Oribacterium,Asthma,2,0,1,1,mixed,0.5,2,29984544;30911282,2019,0.833,True
Oribacterium,Autism spectrum disorders,2,0,0,2,reduced,1.0,1,29371629,2018,0.833,True
Oribacterium,Chronic Obstructive Pulmonary Disease,2,0,1,1,mixed,0.5,2,25253795;23071781,2014,0.583,True
Oribacterium,Smoking,2,0,0,2,reduced,1.0,2,31201984;32105635,2020,0.667,True
Oscillibacter,Atrial fibrillation,2,2,0,2,reduced,1.0,2,6543127;32188747,2020,0.75,True
Oscillibacter,Colorectal cancer,2,0,1,1,mixed,0.5,2,26992426;30576312,2018,0.833,True
Oscillospira,Alcoholic hepatitis,2,2,0,2,reduced,1.0,2,29555983;30144108,2018,0.833,False
Oscillospira,Autism spectrum disorders,2,2,2,0,elevated,1.0,2,30743242;30619212,2019,0.833,False
Oscillospira,Non alcoholic steatohepatitis,2,2,0,2,reduced,1.0,2,23055155;27028797,2017,0.667,False
Oscillospira,Obesity,2,2,0,2,reduced,1.0,2,23055155;31976177,2020,0.75,False
Oscillospira,Primary biliary cholangitis,2,2,0,2,reduced,1.0,2,28213609;30900136,2019,0.75,False
Paenibacillus,Acne,2,1,1,1,mixed,0.5,2,29756631;31173650,2019,0.75,True
Papillibacter,Irritable Bowel Syndrome,2,2,2,0,elevated,1.0,2,21820992;22180058,2012,0.833,True
Parabacteroides,Alcoholic hepatitis,2,2,0,2,reduced,1.0,2,29555983;30144108,2018,0.833,True
Parabacteroides,Alopecia universalis,2,2,2,0,elevated,1.0,1,31419351,2019,0.833,True
Parabacteroides,Ankylosing spondylitis,2,2,1,1,mixed,0.5,2,28750650;31778109,2019,0.75,True
Parabacteroides,Coronary Heart Disease,2,2,1,1,mixed,0.5,2,30202890;31726978,2019,0.75,True
Parabacteroides,Frailty,2,2,2,0,elevated,1.0,2,34485176,2022,0.417,True
Parabacteroides,HIV infection,2,2,0,2,reduced,1.0,2,24034618;30649052,2019,0.583,True
Parabacteroides,Hepatitis B,2,2,0,2,reduced,1.0,2,5693892;7098974,2020,0.833,True
Parabacteroides,Irritable Bowel Syndrome,2,2,0,2,reduced,1.0,2,21820992;28457228,2017,0.833,True
Parabacteroides,Juvenile idiopathic arthritis,2,2,2,0,elevated,1.0,1,30592383,2019,0.833,True
Parabacteroides,Kidney stone,2,1,2,0,elevated,1.0,2,27115405;32111156,2020,0.667,True
Parabacteroides,Lung cancer,2,2,1,1,mixed,0.5,1,32240032,2020,0.833,True
Parabacteroides,Pulmonary arterial hypertension,2,2,1,1,mixed,0.5,1,32088998,2020,0.5,True
Paraclostridium,Autism,2,2,2,0,elevated,1.0,1,12173102,2002,0.333,True
Paracoccus,Ulcerative Colitis,2,0,2,0,elevated,1.0,1,28852861,2018,0.833,True
Paraprevotella,Behcet's Disease,2,2,2,0,elevated,1.0,1,30077182,2018,0.833,True
Paraprevotella,Chronic kidney disease,2,2,2,0,elevated,1.0,2,28588309;31245306,2019,0.833,True
Paraprevotella,Colorectal cancer,2,1,1,1,mixed,0.5,1,22761885,2012,0.833,True
Paraprevotella,Crohn's Disease,2,0,0,2,reduced,1.0,2,28852861;26574491,2018,0.833,True
Paraprevotella,Hypertension,2,2,0,2,reduced,1.0,1,29507058,2018,0.833,True
Paraprevotella,Psoriasis,2,2,0,2,reduced,1.0,2,30238519;30920647,2019,0.75,True
Parasutterella,Chronic kidney disease,2,2,0,2,reduced,1.0,2,28588309;31245306,2019,0.833,True
Parvimonas,Laryngeal carcinoma,2,0,2,0,elevated,1.0,2,23824228;25239901,2014,0.75,True
Parvimonas,Periodontal disease,2,0,2,0,elevated,1.0,2,28979798;31329044,2019,0.75,True
Parvimonas,Trichomonas vaginalis infection,2,0,2,0,elevated,1.0,2,23482642;31830061,2019,0.833,True
Parvimonas,Ulcerative Colitis,2,1,1,1,mixed,0.5,2,23060013;31055592,2019,0.833,True
Pasteurellaceae,Parkinson's Disease,2,1,1,1,mixed,0.5,2,28259623;31200089,2019,0.833,False
Peptococcus,Autism spectrum disorders,2,0,0,2,reduced,1.0,1,29371629,2018,0.833,True
Peptococcus,Halitosis,2,0,2,0,elevated,1.0,2,28875948;31553956,2019,0.833,True
Peptoniphilus,Hidradenitis suppurativa,2,0,2,0,elevated,1.0,2,28538949;31465743,2019,0.75,True
Peptostreptococcaceae,Aggressive periodontitis,2,0,2,0,elevated,1.0,2,30909081;6713147,2019,0.833,False
Peptostreptococcaceae,Autism spectrum disorders,2,2,1,1,mixed,0.5,2,30670726;30619212,2019,0.833,False
Peptostreptococcaceae,Cirrhosis,2,2,2,0,elevated,1.0,2,28578302,2018,0.833,False
Peptostreptococcaceae,Laryngeal carcinoma,2,0,2,0,elevated,1.0,2,23824228;25239901,2014,0.75,False
Peptostreptococcaceae,Sjögren Syndrome,2,0,1,1,mixed,0.5,2,30060225;27770517,2018,0.667,False
Peptostreptococcus,Appendicitis,2,0,2,0,elevated,1.0,2,3997405;29273882,2018,0.5,True
Peptostreptococcus,Autism spectrum disorders,2,0,0,2,reduced,1.0,1,29371629,2018,0.833,True
Peptostreptococcus,Bacterial vaginosis,2,0,2,0,elevated,1.0,2,21272848;31315951,2019,0.75,True
Peptostreptococcus,Laryngeal carcinoma,2,0,2,0,elevated,1.0,2,23824228;25239901,2014,0.75,True
Peptostreptococcus,Obesity,2,0,2,0,elevated,1.0,2,19587155;29576948,2018,0.667,True
Peptostreptococcus,Smoking,2,0,1,1,mixed,0.5,2,11394403;27015003,2016,0.667,True
Peptostreptococcus,periodontitis,2,0,2,0,elevated,1.0,2,23303375;27262209,2018,0.833,True
Phascolarctobacterium,Hepatocellular cancer,2,2,1,1,mixed,0.5,2,29665135;30045880,2018,0.75,True
Phascolarctobacterium,Major depressive disorder,2,2,1,1,mixed,0.5,2,25882912;32040443,2020,0.833,True
Phocaeicola,periodontitis,2,0,2,0,elevated,1.0,2,31281801;31502122,2020,0.833,True
Porphyromonas,Appendicitis,2,1,2,0,elevated,1.0,1,3997405,2014,0.5,True
Porphyromonas,Autoimmune polyendocrine syndrome type 1,2,0,0,2,reduced,1.0,1,29503707,2018,0.833,True
Porphyromonas,"Celiac Disease, Coaliac disease",2,0,2,0,elevated,1.0,2,24657864;32294965,2020,0.75,True
Porphyromonas,Chronic Obstructive Pulmonary Disease,2,0,1,1,mixed,0.5,2,28740374;27428540,2017,0.75,True
Porphyromonas,Edentulism,2,0,1,1,mixed,0.5,2,27717873;30657624,2019,0.667,True
Porphyromonas,HIV infection,2,2,2,0,elevated,1.0,2,24451087;30649052,2019,0.75,True
Porphyromonas,Hidradenitis suppurativa,2,0,2,0,elevated,1.0,2,28538949;31465743,2019,0.75,True
Porphyromonas,Pancreatic cancer,2,0,1,1,mixed,0.5,2,27742762;26587342,2018,0.75,True
Prevotella,Aggressive periodontitis,2,0,1,1,mixed,0.5,2,23673380;28260061,2017,0.583,True
Prevotella,Alcoholic cirrhosis,2,2,0,2,reduced,1.0,2,29923681;29041989,2018,0.833,True
Prevotella,Ankylosing spondylitis,2,1,2,0,elevated,1.0,2,28750650;28069576,2017,0.583,True
Prevotella,Atopic dermatitis,2,0,0,2,reduced,1.0,1,31152265,2019,0.667,True
Prevotella,Atrial fibrillation,2,2,0,2,reduced,1.0,2,6543127;32188747,2020,0.75,True
Prevotella,Bleeding gum,2,0,2,0,elevated,1.0,2,32169076;32298191,2020,0.75,True
Prevotella,Breast cancer,2,0,0,2,reduced,1.0,2,30175072;27342554,2018,0.583,True
Prevotella,Cystic Fibrosis,2,1,0,2,reduced,1.0,2,28279152;29445257,2017,0.75,True
Prevotella,Endometriosis,2,0,1,1,mixed,0.5,2,30778155;7161132,2020,0.75,True
Prevotella,Halitosis,2,0,2,0,elevated,1.0,2,28875948;31553956,2019,0.833,True
Prevotella,Hypertension,2,2,2,0,elevated,1.0,2,28143587;31173179,2019,0.833,True
Prevotella,Inflammatory Bowel Disease,2,2,1,1,mixed,0.5,2,30774408;30685379,2019,0.833,True
Prevotella,Laryngeal carcinoma,2,0,2,0,elevated,1.0,2,23824228;25239901,2014,0.75,True
Prevotella,Macular degeneration,2,0,1,1,mixed,0.5,2,30089174;32123200,2020,0.833,True
Prevotella,Myasthenia gravis,2,2,2,0,elevated,1.0,2,34233671;34233671,2021,0.583,True
Prevotella,Neuromyelitis optica,2,2,1,1,mixed,0.5,1,27398819,2016,0.667,True
Prevotella,Non-alcoholic fatty liver disease,2,2,0,2,reduced,1.0,2,26600078;32066758,2020,0.75,True
Prevotella,Oral potentially malignant disorder,2,0,1,1,mixed,0.5,1,30054809,2018,0.833,True
Prevotella,Otitis Media,2,0,1,1,mixed,0.5,2,29458340;31803245,2019,0.75,True
Prevotella,Pancreatitis,2,1,1,1,mixed,0.5,2,29423379;30519748,2019,0.75,True
Prevotella,Pneumonia,2,0,1,1,mixed,0.5,2,26151645;31715320,2020,0.667,True
Prevotella,Polycystic Ovary Syndrome,2,2,1,1,mixed,0.5,2,31972546;31970418,2020,0.833,True
Prevotella,Pregnancy,2,0,0,2,reduced,1.0,1,24484853,2014,0.833,True
Prevotella,Preterm birth,2,1,1,1,mixed,0.5,2,30464016;31332740,2020,0.583,True
Prevotella,Primary sclerosing cholangitis-IBD,2,1,0,2,reduced,1.0,2,27196590;5504370,2017,0.583,True
Prevotella,Protracted bacterial bronchitis,2,0,2,0,elevated,1.0,2,29984544;30660785,2019,0.833,True
Prevotella,Psoriasis,2,1,1,1,mixed,0.5,2,30985920;31141234,2019,0.75,True
Prevotella,Refractory celiac disease,2,0,2,0,elevated,1.0,1,,2017,0.667,True
Prevotella,Spinal cord injury,2,2,0,2,reduced,1.0,2,30545398;31497202,2019,0.833,True
Prevotella,Systemic sclerosis,2,2,2,0,elevated,1.0,1,26749064,2016,0.667,True
Prevotella,Thyroid carcinoma,2,2,1,1,mixed,0.5,2,30565661;30584647,2019,0.833,True
Prevotella,Trichomonas vaginalis infection,2,0,2,0,elevated,1.0,2,23482642;31830061,2019,0.833,True
Prevotella,Tuberculosis,2,0,2,0,elevated,1.0,1,23365674,2013,0.667,True
Prevotella,Urogenital Schistosomiasis,2,2,2,0,elevated,1.0,2,30696838;26114287,2019,0.833,True
Prevotellaceae,Irritable Bowel Syndrome,2,1,1,1,mixed,0.5,2,29533950;31953505,2020,0.833,False
Propionibacterium,Alopecia areata,2,0,2,0,elevated,1.0,1,30973913,2019,0.833,True
Propionibacterium,Chronic Rhinosinusitis,2,0,0,2,reduced,1.0,2,23656607;25819063,2015,0.5,True
Propionibacterium,Chronic ocular graft-versus-host disease,2,0,2,0,elevated,1.0,1,30742990,2019,0.833,True
Propionibacterium,HIV infection,2,0,1,1,mixed,0.5,1,24817204,2014,0.667,True
Proteobacteria,Alcoholism,2,1,2,0,elevated,1.0,2,22241860;30894059,2019,0.833,False
Proteobacteria,Alopecia areata,2,0,2,0,elevated,1.0,1,30973913,2019,0.833,False
Proteobacteria,Asthma,2,0,2,0,elevated,1.0,2,23265859;30242844,2019,0.75,False
Proteobacteria,Cirrhosis,2,2,2,0,elevated,1.0,2,31600845;33713524,2021,0.667,False
Proteus,Clostridium difficile infection,2,2,2,0,elevated,1.0,2,4863157;31462412,2019,0.75,True
Proteus,Overactive bladder,2,0,2,0,elevated,1.0,2,28463826;29230385,2017,0.75,True
Pseudoflavonifractor,Crohn's Disease,2,2,0,2,reduced,1.0,1,26789999,2016,0.667,True
Pseudomonadaceae,Asthma,2,0,2,0,elevated,1.0,2,21194740;28947029,2017,0.833,False
Pseudomonas,Aggressive periodontitis,2,0,0,2,reduced,1.0,2,28260061;30909081,2019,0.667,True
Pseudomonas,Crohn's Disease,2,0,1,1,mixed,0.5,2,28852861;26574491,2018,0.833,True
Pseudomonas,Hepatocellular cancer,2,1,1,1,mixed,0.5,2,30045880;27605161,2018,0.833,True
Pseudomonas,Primary biliary cholangitis,2,2,2,0,elevated,1.0,2,28213609;30900136,2019,0.75,True
Ralstonia,Parkinson's Disease,2,1,2,0,elevated,1.0,2,26179554;29776865,2018,0.583,True
Ralstonia,Systemic lupus erythematosus,2,0,0,2,reduced,1.0,2,28320468;31883828,2020,0.833,True
Rhodococcus,Acne,2,0,2,0,elevated,1.0,1,31173650,2019,0.833,True
Rhodococcus,Systemic lupus erythematosus,2,1,1,1,mixed,0.5,2,31883828,2020,0.583,True
Rhodotorula,Psoriasis,2,0,1,1,mixed,0.5,1,30949136,2019,0.5,False
Rikenella,Systemic sclerosis,2,2,0,2,reduced,1.0,1,26749064,2016,0.667,True
Rikenellaceae,Cirrhosis,2,2,0,2,reduced,1.0,2,23333527;28578302,2018,0.833,False
Rikenellaceae,HIV infection,2,2,0,2,reduced,1.0,2,24586144;25057045,2015,0.667,False
Roseburia,Ankylosing spondylitis,2,2,0,2,reduced,1.0,2,28750650;31377126,2019,0.667,True
Roseburia,Atherosclerosis,2,2,0,2,reduced,1.0,2,23212374;29018189,2017,0.667,True
Roseburia,Atrial fibrillation,2,2,2,0,elevated,1.0,2,6543127;32188747,2020,0.75,True
Roseburia,Frailty,2,2,0,2,reduced,1.0,2,34485176,2022,0.417,True
Roseburia,Human end-stage renal disease,2,2,0,2,reduced,1.0,2,32241904;32304020,2020,0.75,True
Roseburia,Irritable Bowel Syndrome,2,2,1,1,mixed,0.5,2,21820992;4796292,2016,0.75,True
Roseburia,Major depressive disorder,2,2,2,0,elevated,1.0,2,25882912;32040443,2020,0.833,True
Roseburia,Metabolic syndrome,2,2,0,2,reduced,1.0,1,30924020,2019,0.833,True
Roseburia,Multiple Sclerosis,2,2,0,2,reduced,1.0,2,26367776;32162850,2020,0.667,True
Roseburia,Obesity,2,2,1,1,mixed,0.5,2,23055155;31530820,2019,0.75,True
Roseburia,Rheumatoid Arthritis,2,2,0,2,reduced,1.0,2,28606969;30545401,2018,0.75,True
Roseburia,Spondyloarthritis,2,1,0,2,reduced,1.0,2,27390077;28606969,2017,0.667,True
Roseburia,Thyroid carcinoma,2,2,1,1,mixed,0.5,2,30565661;30584647,2019,0.833,True
Rothia,Alcoholic hepatitis,2,2,2,0,elevated,1.0,2,29555983;30144108,2018,0.833,True
Rothia,Autism spectrum disorders,2,0,1,1,mixed,0.5,1,29371629,2018,0.833,True
Rothia,Chronic Obstructive Pulmonary Disease,2,0,2,0,elevated,1.0,2,23071781;27428540,2016,0.667,True
Rothia,Halitosis,2,0,0,2,reduced,1.0,2,12574246;28875948,2017,0.5,True
Rothia,Oral leukoplakia,2,0,2,0,elevated,1.0,1,29250055,2017,0.833,True
Rothia,Oral potentially malignant disorder,2,0,1,1,mixed,0.5,1,30054809,2018,0.833,True
Rothia,Otitis Media,2,0,0,2,reduced,1.0,2,29458340;31803245,2019,0.75,True
Rothia,Primary sclerosing cholangitis,2,1,1,1,mixed,0.5,2,29615776;5504370,2018,0.833,True
Rothia,Primary sclerosing cholangitis-IBD,2,1,2,0,elevated,1.0,2,5504370;26526357,2017,0.833,True
Rothia,Rheumatoid Arthritis,2,1,2,0,elevated,1.0,2,30459400;30545401,2018,0.667,True
Rothia,Systemic lupus erythematosus,2,0,1,1,mixed,0.5,2,28320468;31883828,2020,0.833,True
Ruminococcaceae,Bladder cancer,2,0,1,1,mixed,0.5,2,30108246;31568654,2019,0.833,False
Ruminococcaceae,HIV infection,2,1,0,2,reduced,1.0,2,24399150;31894240,2020,0.833,False
Ruminococcaceae,Irritable Bowel Syndrome,2,2,0,2,reduced,1.0,2,29533950;6650632,2019,0.833,False
Ruminococcaceae,Parkinson's Disease,2,1,1,1,mixed,0.5,2,28843021;31200089,2019,0.75,False
Ruminococcus,Acne,2,1,1,1,mixed,0.5,2,29756631;31173650,2019,0.75,True
Ruminococcus,Atopic eczema,2,2,2,0,elevated,1.0,1,23339708,2013,0.833,True
Ruminococcus,Atrial fibrillation,2,2,2,0,elevated,1.0,2,6543127;32188747,2020,0.75,True
Ruminococcus,Coronary artery disease,2,2,1,1,mixed,0.5,1,31995569,2020,0.667,True
Ruminococcus,Diaper dermatitis,2,0,2,0,elevated,1.0,1,31472099,2019,0.833,True
Ruminococcus,Fatigue,2,2,1,1,mixed,0.5,1,32184182,2020,0.833,True
Ruminococcus,Idiopathic central precocious puberty,2,2,1,1,mixed,0.5,1,6987398,2020,0.833,True
Ruminococcus,Inactive Crohn's Disease,2,2,0,2,reduced,1.0,1,24398881,2014,0.667,True
Ruminococcus,Inflammatory Bowel Disease,2,1,0,2,reduced,1.0,2,26843508;29893034,2018,0.833,True
Ruminococcus,Keratitis,2,2,0,2,reduced,1.0,2,6014669;30541945,2018,0.5,True
Ruminococcus,Lung cancer,2,2,1,1,mixed,0.5,1,32240032,2020,0.833,True
Ruminococcus,Non alcoholic steatohepatitis,2,2,1,1,mixed,0.5,2,23055155;27028797,2017,0.667,True
Ruminococcus,Pressure ulcers,2,0,1,1,mixed,0.5,1,32249804,2020,0.833,True
Ruminococcus,Primary sclerosing cholangitis,2,2,0,2,reduced,1.0,2,5504370;31003979,2019,0.833,True
Ruminococcus,Pulmonary tubercolosis,2,2,0,2,reduced,1.0,1,31001490,2019,0.667,True
Ruminococcus,Schizophrenia,2,2,1,1,mixed,0.5,1,31759045,2020,0.833,True
Ruminococcus,Thyroid carcinoma,2,2,1,1,mixed,0.5,2,30565661;30584647,2019,0.833,True
Scardovia,Caries,2,0,2,0,elevated,1.0,2,28507066;30642327,2019,0.667,True
Schlegelella,Mucosa-associated lymphoid tissue lymphoma,2,0,1,1,mixed,0.5,1,,2019,0.833,True
Schlegelella,Psoriasis,2,0,0,2,reduced,1.0,1,24451201,2013,0.833,True
Selenomonas,Chronic Obstructive Pulmonary Disease,2,0,1,1,mixed,0.5,2,23874580;23071781,2013,0.667,True
Selenomonas,Edentulism,2,0,1,1,mixed,0.5,2,27717873;30657624,2019,0.667,True
Selenomonas,Laryngeal carcinoma,2,0,2,0,elevated,1.0,2,23824228;25239901,2014,0.75,True
Selenomonas,Obesity,2,0,1,1,mixed,0.5,2,19587155;6467948,2019,0.667,True
Selenomonas,Type 2 Diabetes,2,0,2,0,elevated,1.0,2,31480468;32298191,2020,0.75,True
Sellimonas,Chronic kidney disease,2,2,2,0,elevated,1.0,2,30088332;32241215,2020,0.75,True
Shigella,Cystic Fibrosis,2,1,1,1,mixed,0.5,2,4855157;30580994,2019,0.5,False
Shigella,Endometriosis,2,0,2,0,elevated,1.0,1,30778155,2019,0.833,False
Shigella,Gastric carcinoma,2,2,2,0,elevated,1.0,2,30535886;31464899,2019,0.833,False
Shigella,HIV infection,2,1,1,1,mixed,0.5,2,23843452;30649052,2019,0.667,False
Shigella,Neuromyelitis optica,2,2,2,0,elevated,1.0,2,30113252;31841737,2020,0.833,False
Shigella,Short Bowel Syndrome,2,2,2,0,elevated,1.0,2,26059898;31493882,2019,0.75,False
Shigella,Spinal cord injury,2,2,2,0,elevated,1.0,2,30545398;31497202,2019,0.833,False
Shigella,Type 2 Diabetes,2,1,2,0,elevated,1.0,2,31399369;31438919,2019,0.833,False
Shigella,Ulcerative Colitis,2,2,2,0,elevated,1.0,2,25121355;31055592,2019,0.833,False
Sneathia,Aerobic vaginitis,2,0,2,0,elevated,1.0,1,31955954,2020,0.833,True
Sneathia,Endometriosis,2,1,0,2,reduced,1.0,1,30778155,2019,0.833,True
Sphingobacterium,Parkinson's Disease,2,2,1,1,mixed,0.5,2,29501802;29776865,2018,0.667,True
Sphingobium,Breast cancer,2,0,0,2,reduced,1.0,1,24421902,2014,0.667,True
Sphingomonas,Lung cancer,2,0,1,1,mixed,0.5,2,30323970;30524957,2018,0.833,True
Sphingomonas,Opisthorchis felineus infection,2,0,2,0,elevated,1.0,1,4957795,2016,0.833,True
Sphingomonas,Periodontal disease,2,0,0,2,reduced,1.0,1,31329044,2019,0.833,True
Sphingomonas,Rheumatoid Arthritis,2,0,0,2,reduced,1.0,1,30459400,2018,0.667,True
Sporobacter,Autism,2,2,1,1,mixed,0.5,2,20603222;24130822,2013,0.583,True
Sporobacter,Multiple Sclerosis,2,2,1,1,mixed,0.5,2,30545401;32162850,2020,0.75,True
Staphylococcus,Alcoholism,2,2,1,1,mixed,0.5,2,30894059;31951082,2020,0.833,True
Staphylococcus,Alopecia areata,2,0,0,2,reduced,1.0,1,30973913,2019,0.833,True
Staphylococcus,Asthma,2,0,0,2,reduced,1.0,2,4433433;30911282,2019,0.583,True
Staphylococcus,Breast cancer,2,0,2,0,elevated,1.0,2,29152146;27342554,2017,0.5,True
Staphylococcus,Bullous pemphigoid,2,0,2,0,elevated,1.0,2,28418589;31705881,2020,0.667,True
Staphylococcus,Caries,2,0,1,1,mixed,0.5,2,31452955;31365560,2019,0.5,True
Staphylococcus,Diaper dermatitis,2,0,1,1,mixed,0.5,1,31472099,2019,0.833,True
Staphylococcus,Granulomatosis with polyangiitis,2,0,1,1,mixed,0.5,2,29997110;30420263,2019,0.833,True
Staphylococcus,Irritable Bowel Syndrome,2,0,1,1,mixed,0.5,2,31953505;32266159,2020,0.833,True
Staphylococcus,Necrotizing enterocolitis,2,2,1,1,mixed,0.5,2,26084844;21674011,2015,0.75,True
Staphylococcus,Pediculosis,2,0,1,1,mixed,0.5,1,31121305,2019,0.667,True
Staphylococcus,Pressure ulcers,2,0,2,0,elevated,1.0,1,32249804,2020,0.833,True
Staphylococcus,Rheumatoid Arthritis,2,0,1,1,mixed,0.5,2,30420263;32039040,2020,0.75,True
Stenotrophomonas,Colorectal cancer,2,0,1,1,mixed,0.5,2,25699023;22622349,2015,0.75,True
Stenotrophomonas,Crohn's Disease,2,0,1,1,mixed,0.5,2,28852861;22068912,2018,0.583,True
Streptococcaceae,Cirrhosis,2,2,2,0,elevated,1.0,2,21574172;30905718,2019,0.833,False
Streptococcus,Acquired Immunodeficiency Syndrome,2,2,2,0,elevated,1.0,1,29411528,2018,0.833,True
Streptococcus,Alcoholic cirrhosis,2,2,2,0,elevated,1.0,1,29041989,2017,0.833,True
Streptococcus,Autoimmune hepatitis,2,1,1,1,mixed,0.5,2,29969462;31201284,2019,0.833,True
Streptococcus,Behcet's Disease,2,2,1,1,mixed,0.5,1,30628011,2019,0.667,True
Streptococcus,Bladder cancer,2,0,0,2,reduced,1.0,2,31418671;30108246,2019,0.5,True
Streptococcus,Bleeding gum,2,0,0,2,reduced,1.0,2,32169076;32298191,2020,0.75,True
Streptococcus,Cholestasis,2,2,2,0,elevated,1.0,2,30483228;31848302,2019,0.75,True
Streptococcus,Cirrhosis with pneumonia,2,0,0,2,reduced,1.0,1,26099252,2015,0.833,True
Streptococcus,Coronary artery disease,2,2,1,1,mixed,0.5,2,30897381;31027508,2019,0.75,True
Streptococcus,Cystic Fibrosis,2,0,2,0,elevated,1.0,2,29445257;26492486,2017,0.417,True
Streptococcus,Endometriosis,2,0,2,0,elevated,1.0,2,30778155;31087436,2019,0.75,True
Streptococcus,Halitosis,2,0,0,2,reduced,1.0,2,12574246;28875948,2017,0.5,True
Streptococcus,Hepatocellular cancer,2,1,1,1,mixed,0.5,2,29665135;27605161,2018,0.75,True
Streptococcus,Inflammatory Bowel Disease,2,2,1,1,mixed,0.5,2,26843508;30774408,2019,0.833,True
Streptococcus,Influenza A,2,0,1,1,mixed,0.5,1,30581863,2018,0.833,True
Streptococcus,Kawasaki disease,2,2,0,2,reduced,1.0,1,26322033,2015,0.5,True
Streptococcus,Laryngeal carcinoma,2,0,0,2,reduced,1.0,2,23824228;25239901,2014,0.75,True
Streptococcus,Macular degeneration,2,0,2,0,elevated,1.0,2,30089174;32123200,2020,0.833,True
Streptococcus,Neuromyelitis optica,2,2,2,0,elevated,1.0,2,30113252;31841737,2020,0.833,True
Streptococcus,Otitis Media,2,0,1,1,mixed,0.5,2,29458340;31803245,2019,0.75,True
Streptococcus,Pervasive developmental disorder NOS,2,2,1,1,mixed,0.5,1,24130822,2013,0.667,True
Streptococcus,Pregnancy,2,0,0,2,reduced,1.0,2,24484853;29497601,2018,0.833,True
Streptococcus,Primary biliary cholangitis,2,2,2,0,elevated,1.0,2,28213609;30900136,2019,0.75,True
Streptococcus,Pulmonary arterial hypertension,2,2,1,1,mixed,0.5,1,32088998,2020,0.5,True
Streptococcus,Short Bowel Syndrome,2,2,2,0,elevated,1.0,2,26059898;28425133,2017,0.75,True
Streptococcus,Systemic lupus erythematosus,2,1,1,1,mixed,0.5,2,28320468;30872359,2019,0.833,True
Streptococcus,Thyroid carcinoma,2,2,2,0,elevated,1.0,2,30565661;30584647,2019,0.833,True
Subdoligranulum,Behcet's Disease,2,2,0,2,reduced,1.0,2,25435420;30077182,2018,0.75,False
Subdoligranulum,Chronic kidney disease,2,2,1,1,mixed,0.5,2,30088332;31315634,2019,0.75,False
Sutterella,Alcoholism,2,2,2,0,elevated,1.0,2,30894059;31951082,2020,0.833,True
Sutterella,Ankylosing spondylitis,2,2,2,0,elevated,1.0,2,28750650;31377126,2019,0.667,True
Sutterella,Autism spectrum disorders,2,2,2,0,elevated,1.0,2,30228282;30743242,2019,0.75,True
Sutterella,Chlamydia,2,0,2,0,elevated,1.0,1,30038262,2018,0.833,True
Sutterella,Primary biliary cholangitis,2,2,0,2,reduced,1.0,2,28213609;30900136,2019,0.75,True
Sutterella,Type 2 Diabetes,2,1,0,2,reduced,1.0,2,28008148;32234773,2020,0.833,True
Sutterella,Ulcerative Colitis,2,2,2,0,elevated,1.0,2,25986361;31055592,2019,0.75,True
Synergistetes,periodontitis,2,0,2,0,elevated,1.0,2,23303375;31502122,2020,0.833,False
TM7,Halitosis,2,0,2,0,elevated,1.0,2,12574246;28875948,2017,0.5,False
TM7,periodontitis,2,0,2,0,elevated,1.0,2,19722792;31216300,2019,0.833,False
Tanerella,Obesity,2,0,2,0,elevated,1.0,2,19587155;29520825,2018,0.5,False
Tanerella,Periodontal disease,2,0,2,0,elevated,1.0,2,28979798;31329044,2019,0.75,False
Tannerella,Periodontal disease,2,0,2,0,elevated,1.0,2,22675498,2012,0.667,True
Treponema,Hypopharyngeal cancer,2,0,0,2,reduced,1.0,1,31832691,2020,0.833,True
Treponema,Laryngeal carcinoma,2,0,2,0,elevated,1.0,2,23824228;25239901,2014,0.75,True
Treponema,Obesity,2,0,2,0,elevated,1.0,1,19587155,2009,0.5,True
Treponema,Opisthorchis felineus infection,2,0,1,1,mixed,0.5,1,4957795,2016,0.833,True
Treponema,Psoriasis,2,0,2,0,elevated,1.0,1,31916654,2020,0.833,True
Trichosporon,Crohn's Disease,2,1,1,1,mixed,0.5,2,26574491;30478724,2019,0.833,False
Turicibacter,Ulcerative Colitis,2,2,1,1,mixed,0.5,2,31329473;31055592,2019,0.75,True
Tyzzerella,Chronic kidney disease,2,1,0,2,reduced,1.0,2,30088332;30962186,2019,0.75,False
Ureaplasma,Aerobic vaginitis,2,0,1,1,mixed,0.5,2,30344067;31955954,2020,0.667,True
Ureaplasma,Chlamydia,2,0,2,0,elevated,1.0,2,30038262;31738795,2019,0.833,True
Ureaplasma,Preterm birth,2,0,2,0,elevated,1.0,2,1606115;30735669,2019,0.5,True
Vagococcus,Endometriosis,2,0,2,0,elevated,1.0,1,7161132,2020,0.667,True
Veillonella,Aphthous ulcer,2,0,1,1,mixed,0.5,2,17600533;32169076,2020,0.5,True
Veillonella,Autism spectrum disorders,2,2,0,2,reduced,1.0,2,30228282;28222761,2018,0.75,True
Veillonella,Autoimmune hepatitis,2,1,2,0,elevated,1.0,2,29969462;31201284,2019,0.833,True
Veillonella,Autoimmune polyendocrine syndrome type 1,2,0,0,2,reduced,1.0,1,29503707,2018,0.833,True
Veillonella,Behcet's Disease,2,0,0,2,reduced,1.0,2,26037240;27283393,2016,0.667,True
Veillonella,Bladder cancer,2,0,0,2,reduced,1.0,2,31418671;30108246,2019,0.5,True
Veillonella,"Celiac Disease, Coaliac disease",2,0,1,1,mixed,0.5,2,24657864,2017,0.667,True
Veillonella,Clostridium difficile infection,2,2,2,0,elevated,1.0,2,30785932;4863157,2019,0.75,True
Veillonella,Dry eye syndrome,2,2,1,1,mixed,0.5,2,32059038;32293464,2020,0.833,True
Veillonella,E-smoking,2,0,1,1,mixed,0.5,1,32105635,2020,0.667,True
Veillonella,Edentulism,2,0,1,1,mixed,0.5,2,27717873;30657624,2019,0.667,True
Veillonella,Gastric carcinoma,2,2,2,0,elevated,1.0,2,30535886;31464899,2019,0.833,True
Veillonella,Hepatitis B,2,2,2,0,elevated,1.0,2,7098974;31600845,2020,0.833,True
Veillonella,Hepatitis C,2,2,2,0,elevated,1.0,2,27625705;28561276,2018,0.75,True
Veillonella,Hepatocellular cancer,2,2,2,0,elevated,1.0,2,30675188;31600845,2020,0.833,True
Veillonella,Hypopharyngeal cancer,2,0,1,1,mixed,0.5,1,31832691,2020,0.833,True
Veillonella,Oropharyngeal cancer,2,0,0,2,reduced,1.0,1,31832691,2020,0.833,True
Veillonella,Otitis Media,2,0,1,1,mixed,0.5,2,29458340;31803245,2019,0.75,True
Veillonella,Pneumonia,2,0,1,1,mixed,0.5,2,26151645;31715320,2020,0.667,True
Veillonella,Pulmonary tubercolosis,2,0,1,1,mixed,0.5,2,27142586;32303963,2020,0.667,True
Veillonella,Short Bowel Syndrome,2,2,1,1,mixed,0.5,2,28501098;31493882,2019,0.833,True
Veillonella,Type 1 Diabetes,2,2,2,0,elevated,1.0,2,23433344;30224347,2018,0.833,True
Veillonella,Ulcerative Colitis,2,0,2,0,elevated,1.0,2,24013298;28852861,2018,0.5,True
Veillonellaceae,Alzheimer's Disease,2,2,1,1,mixed,0.5,2,31063846;29758946,2019,0.833,False
Veillonellaceae,Autism,2,2,1,1,mixed,0.5,2,23844187;29564487,2018,0.75,False
Veillonellaceae,Autism spectrum disorders,2,1,1,1,mixed,0.5,2,29371629;30670726,2019,0.833,False
Verrucomicrobia,Parkinson's Disease,2,2,2,0,elevated,1.0,2,28843021;31248424,2019,0.75,False
Xanthomonadaceae,Psoriasis,2,0,0,2,reduced,1.0,1,24451201,2013,0.833,False
prevotella,Caries,2,0,2,0,elevated,1.0,2,5187778;31365560,2019,0.667,False
prevotella,Refractory celiac disease,2,0,0,2,reduced,1.0,1,,2017,0.667,False
Abiotrophia,Chronic Obstructive Pulmonary Disease,1,0,1,0,elevated,1.0,1,23071781,2012,0.667,True
Abiotrophia,Laryngeal carcinoma,1,0,1,0,elevated,1.0,1,23824228,2013,0.833,True
Abiotrophia,Obstructive sleep apnea-hypopnea syndrome,1,0,1,0,elevated,1.0,1,30976074,2019,0.667,True
Abiotrophia,Oral lichen planus,1,0,0,1,reduced,1.0,1,32245419,2020,0.833,True
Abiotrophia,Otitis Media,1,0,0,1,reduced,1.0,1,29458340,2018,0.833,True
Abiotrophia,Preeclamsia,1,1,1,0,elevated,1.0,1,6608563,2019,0.833,True
Abiotrophia,Sjögren Syndrome,1,0,0,1,reduced,1.0,1,30060225,2018,0.667,True
Abiotrophia,Smoking,1,0,0,1,reduced,1.0,1,27015003,2016,0.833,True
Abiotrophia,periodontitis,1,0,0,1,reduced,1.0,1,31502122,2020,0.833,True
Absiella,Sarcopenia,1,1,1,0,elevated,1.0,1,35851765,2022,0.5,False
Acetanaerobacterium,Type 1 Diabetes,1,1,0,1,reduced,1.0,1,23274889,2013,0.667,True
Acetivibrio,Fibromyalgia,1,1,1,0,elevated,1.0,1,31219947,2019,0.833,True
Acetivibrio,Gestational diabetes,1,1,0,1,reduced,1.0,1,29764499,2019,0.833,True
Acetivibrio,Hepatitis C,1,1,0,1,reduced,1.0,1,28561276,2018,0.833,True
Acholeplasma,Neuromyelitis optica,1,1,1,0,elevated,1.0,1,27398819,2016,0.667,True
Achromobacter,Gastric carcinoma,1,0,1,0,elevated,1.0,1,29102920,2018,0.667,True
Achromobacter,HIV infection,1,0,1,0,elevated,1.0,1,24817204,2014,0.667,True
Achromobacter,Oral lichen planus,1,0,1,0,elevated,1.0,1,28199766,2017,0.833,True
Achromobacter,Rheumatoid Arthritis,1,0,0,1,reduced,1.0,1,32039040,2020,0.667,True
Acidaminobacter,Colorectal cancer,1,1,1,0,elevated,1.0,1,23940645,2013,0.833,True
Acidaminococcus,Adolescent idiopathic scoliosis,1,1,0,1,reduced,1.0,1,30481617,2019,0.833,True
Acidaminococcus,Asthma,1,0,1,0,elevated,1.0,1,30911282,2019,0.833,True
Acidaminococcus,Behcet's Disease,1,1,1,0,elevated,1.0,1,30628011,2019,0.667,True
Acidaminococcus,Cerebral autosomal dominant arteriopathy with subcortical infarcts and leukoencephalopathy,1,1,0,1,reduced,1.0,1,31777426,2019,0.833,True
Acidaminococcus,Crohn's Disease,1,1,1,0,elevated,1.0,1,20816835,2010,0.833,True
Acidaminococcus,HIV infection,1,1,1,0,elevated,1.0,1,24034618,2013,0.5,True
Acidaminococcus,Infantile eczema,1,1,0,1,reduced,1.0,1,27812181,2016,0.667,True
Acidaminococcus,Keratitis,1,1,0,1,reduced,1.0,1,6014669,2018,0.833,True
Acidaminococcus,Myasthenia gravis,1,1,1,0,elevated,1.0,1,30258104,2018,0.833,True
Acidaminococcus,Non-alcoholic fatty liver disease,1,1,0,1,reduced,1.0,1,30870486,2019,0.833,True
Acidaminococcus,Pancreatic cancer,1,1,1,0,elevated,1.0,1,29221120,2017,0.833,True
Acidaminococcus,Parkinson's Disease,1,0,1,0,elevated,1.0,1,31247001,2019,0.833,True
Acidaminococcus,Posttraumatic stress syndrome,1,1,1,0,elevated,1.0,1,31460790,2019,0.833,True
Acidaminococcus,Pouchitis,1,1,0,1,reduced,1.0,1,20845425,2011,0.667,True
Acidaminococcus,Primary sclerosing cholangitis-IBD,1,1,1,0,elevated,1.0,1,30666146,2019,0.833,True
Acidaminococcus,Type 2 Diabetes,1,1,1,0,elevated,1.0,1,32234773,2020,0.833,True
Acidaminococcus,periodontitis,1,0,1,0,elevated,1.0,1,19722792,2009,0.833,True
Acidimicrobiales,Keratitis,1,1,1,0,elevated,1.0,1,6014669,2018,0.833,False
Acidiphilium,Behcet's Disease,1,1,0,1,reduced,1.0,1,30077182,2018,0.833,True
Aciditerrimonas,Obstructive sleep apnea-hypopnea syndrome,1,0,0,1,reduced,1.0,1,30976074,2019,0.667,False
Acidobacteria,Autism spectrum disorders,1,1,1,0,elevated,1.0,1,30670726,2019,0.833,False
Acidobacteria,Influenza A,1,0,1,0,elevated,1.0,1,30581863,2018,0.833,False
Acidobacteria,Obstructive sleep apnea-hypopnea syndrome,1,0,0,1,reduced,1.0,1,30976074,2019,0.667,False
Acidobacteria,Primary biliary cirrhosis,1,1,0,1,reduced,1.0,1,27243236,2016,0.833,False
Acidobacteria,Systemic lupus erythematosus,1,0,0,1,reduced,1.0,1,31883828,2020,0.833,False
Acidobacteriaceae,Appendicitis,1,0,0,1,reduced,1.0,1,3997405,2014,0.5,False
Acidocella,Colorectal cancer,1,0,0,1,reduced,1.0,1,22761885,2012,0.833,True
Acidovorax,Alzheimer's Disease,1,0,1,0,elevated,1.0,1,31434623,2019,0.5,True
Acidovorax,Inflammatory Bowel Disease,1,0,1,0,elevated,1.0,1,29893034,2018,0.833,True
Acidovorax,Interstitial cystitis,1,0,0,1,reduced,1.0,1,22974186,2012,0.5,True
Acidovorax,Kidney stone with hypertension,1,0,0,1,reduced,1.0,1,32183836,2020,0.833,True
Acidovorax,Lung cancer,1,0,0,1,reduced,1.0,1,30323970,2018,0.833,True
Acidovorax,Obesity,1,0,0,1,reduced,1.0,1,6467948,2019,0.833,True
Acinetobacter,Acute fatty liver,1,1,1,0,elevated,1.0,1,31776707,2020,0.667,True
Acinetobacter,Alcoholic hepatitis,1,0,0,1,reduced,1.0,1,29083504,2018,0.833,True
Acinetobacter,Alzheimer's Disease,1,0,0,1,reduced,1.0,1,31434623,2019,0.5,True
Acinetobacter,Asthma,1,0,0,1,reduced,1.0,1,30911282,2019,0.833,True
Acinetobacter,Bacterial vaginosis,1,0,1,0,elevated,1.0,1,18717638,2008,0.5,True
Acinetobacter,COPD Exacerbation,1,0,1,0,elevated,1.0,1,31782610,2020,0.833,True
Acinetobacter,Chronic Obstructive Pulmonary Disease,1,0,0,1,reduced,1.0,1,27428540,2016,0.667,True
Acinetobacter,Chronic alcoholic pancreatitis,1,1,1,0,elevated,1.0,1,29555983,2018,0.833,True
Acinetobacter,Chronic kidney disease,1,0,1,0,elevated,1.0,1,30962186,2019,0.833,True
Acinetobacter,Chronic mucocutaneous candidiasis,1,0,1,0,elevated,1.0,1,23796786,2014,0.667,True
Acinetobacter,Constipation,1,1,1,0,elevated,1.0,1,31776707,2020,0.667,True
Acinetobacter,Coronary artery disease,1,1,0,1,reduced,1.0,1,31995569,2020,0.667,True
Acinetobacter,Excessive vomiting,1,1,1,0,elevated,1.0,1,31776707,2020,0.667,True
Acinetobacter,Generalized anxiety disorder,1,1,0,1,reduced,1.0,1,31437702,2019,0.833,True
Acinetobacter,HIV infection,1,0,1,0,elevated,1.0,1,24399150,2014,0.833,True
Acinetobacter,Helicobacter pylori infection,1,0,1,0,elevated,1.0,1,32197614,2020,0.833,True
Acinetobacter,Henoch-Schönlein Purpura,1,0,0,1,reduced,1.0,1,30342346,2018,0.833,True
Acinetobacter,Hepatitis B associated liver failure,1,0,1,0,elevated,1.0,1,30864226,2019,0.833,True
Acinetobacter,Hepatitis C,1,1,1,0,elevated,1.0,1,27625705,2016,0.667,True
Acinetobacter,Huntington's Disease,1,0,1,0,elevated,1.0,1,31798558,2019,0.667,True
Acinetobacter,Hyper IgE syndrome,1,0,1,0,elevated,1.0,1,23796786,2014,0.667,True
Acinetobacter,Idiopathic central precocious puberty,1,1,1,0,elevated,1.0,1,6987398,2020,0.833,True
Acinetobacter,Infant colic,1,1,1,0,elevated,1.0,1,30177353,2018,0.833,True
Acinetobacter,Influenza A,1,0,1,0,elevated,1.0,1,30581863,2018,0.833,True
Acinetobacter,Invasive pneumococcal disease,1,0,1,0,elevated,1.0,1,6360994,2019,0.833,True
Acinetobacter,Laryngotracheal stenosis,1,0,1,0,elevated,1.0,1,31043518,2019,0.833,True
Acinetobacter,Myasthenia gravis,1,1,1,0,elevated,1.0,1,30483222,2018,0.833,True
Acinetobacter,Obesity,1,0,0,1,reduced,1.0,1,6467948,2019,0.833,True
Acinetobacter,Osmotic diarrhea,1,0,1,0,elevated,1.0,1,23409050,2013,0.667,True
Acinetobacter,Otitis Media,1,0,0,1,reduced,1.0,1,29458340,2018,0.833,True
Acinetobacter,Pancreatitis,1,0,0,1,reduced,1.0,1,29423379,2018,0.667,True
Acinetobacter,Parkinson's Disease,1,1,1,0,elevated,1.0,1,29501802,2018,0.667,True
Acinetobacter,Pelvic inflammatory disease,1,0,1,0,elevated,1.0,1,,2018,0.167,True
Acinetobacter,Pneumonia,1,0,0,1,reduced,1.0,1,31715320,2020,0.667,True
Acinetobacter,Primary sclerosing cholangitis-IBD,1,0,1,0,elevated,1.0,1,26526357,2016,0.833,True
Acinetobacter,Pulmonary tubercolosis,1,0,1,0,elevated,1.0,1,31715320,2020,0.667,True
Acinetobacter,Rectal Carcinoma,1,0,0,1,reduced,1.0,1,5145865,2016,0.667,True
Acinetobacter,Rheumatoid Arthritis,1,0,0,1,reduced,1.0,1,30459400,2018,0.667,True
Acinetobacter,Short Bowel Syndrome,1,1,0,1,reduced,1.0,1,31493882,2019,0.833,True
Acinetobacter,Stevens-Johnson syndrome,1,0,1,0,elevated,1.0,1,32152391,2020,0.833,True
Acinetobacter,T2D with hypertension and hyperlipidemia,1,0,0,1,reduced,1.0,1,28316574,2017,0.667,True
Acinetobacter,Urogenital Schistosomiasis,1,1,1,0,elevated,1.0,1,30696838,2019,0.833,True
Acremonium,Colorectal cancer,1,1,1,0,elevated,1.0,1,30472682,2019,0.833,False
Acremonium,Dandruff,1,0,0,1,reduced,1.0,1,22393454,2012,0.5,False
Acroconidiella,Uveitits,1,1,0,1,reduced,1.0,1,30938773,2019,0.667,False
Actinobacillus,Aphthous ulcer,1,0,1,0,elevated,1.0,1,17600533,2007,0.167,True
Actinobacillus,Asthma,1,0,0,1,reduced,1.0,1,30911282,2019,0.833,True
Actinobacillus,Chagas' disease,1,0,1,0,elevated,1.0,1,30807605,2019,0.667,True
Actinobacillus,Chronic Obstructive Pulmonary Disease,1,0,0,1,reduced,1.0,1,25253795,2014,0.5,True
Actinobacillus,Colorectal cancer,1,1,1,0,elevated,1.0,1,30794590,2019,0.833,True
Actinobacillus,Coronary artery disease,1,1,1,0,elevated,1.0,1,31995569,2020,0.667,True
Actinobacillus,Crohn's Disease,1,0,1,0,elevated,1.0,1,28852861,2018,0.833,True
Actinobacillus,Oral cancer,1,0,0,1,reduced,1.0,1,21205002,2011,0.833,True
Actinobacillus,Otitis Media,1,0,1,0,elevated,1.0,1,29458340,2018,0.833,True
Actinobacillus,Primary biliary cirrhosis,1,1,1,0,elevated,1.0,1,27243236,2016,0.833,True
Actinobacillus,Recurrent aphthous stomatitis ,1,0,1,0,elevated,1.0,1,7969233,2021,0.667,True
Actinobacillus,Schizophrenia,1,1,0,1,reduced,1.0,1,32065949,2020,0.833,True
Actinobacillus,Smoking,1,0,1,0,elevated,1.0,1,30405010,2018,0.667,True
Actinobacillus,Tetratricopeptide repeat domain 7A deficiency,1,1,1,0,elevated,1.0,1,30312711,2019,0.333,True
Actinobacillus,X-linked inhibitor of apoptosis deficiency,1,1,1,0,elevated,1.0,1,30312711,2019,0.333,True
Actinobacteria,Alcoholism,1,1,0,1,reduced,1.0,1,30894059,2019,0.833,False
Actinobacteria,Bullous pemphigoid,1,0,0,1,reduced,1.0,1,28418589,2017,0.667,False
Actinobacteria,Cardiovascular disease,1,0,1,0,elevated,1.0,1,25133738,2014,0.833,False
Actinobacteria,Cirrhosis,1,0,0,1,reduced,1.0,1,30905718,2019,0.833,False
Actinobacteria,Clostridium difficile associated disease,1,1,1,0,elevated,1.0,1,21050115,2010,0.833,False
Actinobacteria,Colon adenomas,1,0,1,0,elevated,1.0,1,4872055,2016,0.5,False
Actinobacteria,Cystic Fibrosis,1,1,1,0,elevated,1.0,1,4778032,2016,0.667,False
Actinobacteria,Disease-free ,1,0,0,1,reduced,1.0,1,,2016,0.5,False
Actinobacteria,HIV-infected pneumonia,1,0,1,0,elevated,1.0,1,22760045,2012,0.5,False
Actinobacteria,Hepatitis B,1,1,0,1,reduced,1.0,1,31600845,2020,0.833,False
Actinobacteria,Hepatitis B associated liver failure,1,0,0,1,reduced,1.0,1,30864226,2019,0.833,False
Actinobacteria,Human end-stage renal disease,1,1,0,1,reduced,1.0,1,32304020,2020,0.667,False
Actinobacteria,Liver fibrosis,1,0,0,1,reduced,1.0,1,27639192,2016,0.833,False
Actinobacteria,Multiple Sclerosis,1,0,1,0,elevated,1.0,1,27892518,2016,0.5,False
Actinobacteria,Obesity,1,1,1,0,elevated,1.0,1,19043404,2009,0.833,False
Actinobacteria,Oral cancer,1,0,0,1,reduced,1.0,1,24887397,2014,0.667,False
Actinobacteria,Polycystic Ovary Syndrome,1,0,0,1,reduced,1.0,1,4996828,2016,0.667,False
Actinobacteria,Pulmonary tubercolosis,1,1,1,0,elevated,1.0,1,29204120,2017,0.667,False
Actinobacteria,Systemic sclerosis,1,1,1,0,elevated,1.0,1,26749064,2016,0.667,False
Actinobacteria,Type 2 Diabetes,1,1,1,0,elevated,1.0,1,30888537,2019,0.833,False
Actinobaculum,Bladder cancer,1,0,1,0,elevated,1.0,1,30108246,2018,0.833,True
Actinobaculum,Caries,1,0,0,1,reduced,1.0,1,31874981,2019,0.833,True
Actinobaculum,Interstitial cystitis,1,0,0,1,reduced,1.0,1,22974186,2012,0.5,True
Actinobaculum,Pressure ulcers,1,0,0,1,reduced,1.0,1,32249804,2020,0.833,True
Actinobaculum,Urgency urinary incontinence,1,0,1,0,elevated,1.0,1,,2014,0.667,True
Actinomyces,Alcoholic hepatitis,1,1,1,0,elevated,1.0,1,30144108,2018,0.833,True
Actinomyces,Alcoholism,1,0,1,0,elevated,1.0,1,29685174,2018,0.833,True
Actinomyces,Ankylosing spondylitis,1,1,1,0,elevated,1.0,1,28750650,2017,0.667,True
Actinomyces,Asthma,1,0,1,0,elevated,1.0,1,29984544,2018,0.833,True
Actinomyces,Atopic dermatitis,1,1,0,1,reduced,1.0,1,30899033,2019,0.833,True
Actinomyces,Autoimmune polyendocrine syndrome type 1,1,0,0,1,reduced,1.0,1,29503707,2018,0.833,True
Actinomyces,Bacterial vaginosis,1,0,1,0,elevated,1.0,1,31315951,2019,0.833,True
Actinomyces,Behcet's Disease,1,0,0,1,reduced,1.0,1,27283393,2016,0.833,True
Actinomyces,Bladder cancer,1,0,1,0,elevated,1.0,1,31418671,2019,0.167,True
Actinomyces,Bleeding gum,1,0,0,1,reduced,1.0,1,32298191,2020,0.667,True
Actinomyces,Breast cancer,1,0,1,0,elevated,1.0,1,29152146,2017,0.667,True
Actinomyces,COPD Exacerbation,1,0,0,1,reduced,1.0,1,31174538,2019,0.833,True
Actinomyces,Chagas' disease,1,0,0,1,reduced,1.0,1,30807605,2019,0.667,True
Actinomyces,Chronic liver disease,1,0,0,1,reduced,1.0,1,31373933,2019,0.833,True
Actinomyces,Cirrhosis,1,0,0,1,reduced,1.0,1,26099252,2015,0.833,True
Actinomyces,Cystic Fibrosis,1,0,0,1,reduced,1.0,1,29445257,2017,0.833,True
Actinomyces,Eosinophilic esophagitis,1,0,0,1,reduced,1.0,1,31107724,2019,0.833,True
Actinomyces,Gestational diabetes,1,1,1,0,elevated,1.0,1,29764499,2019,0.833,True
Actinomyces,Gestational diabetes + hyperlipidemia,1,1,1,0,elevated,1.0,1,31447702,2019,0.833,True
Actinomyces,Helicobacter pylori infection,1,0,0,1,reduced,1.0,1,28120843,2017,0.833,True
Actinomyces,Hepatitis B,1,1,1,0,elevated,1.0,1,5693892,2017,0.833,True
Actinomyces,Hepatocellular cancer,1,0,1,0,elevated,1.0,1,27605161,2016,0.833,True
Actinomyces,Hirschsprung's disease,1,1,1,0,elevated,1.0,1,29652728,2018,0.833,True
Actinomyces,Hypertension,1,1,1,0,elevated,1.0,1,28143587,2017,0.833,True
Actinomyces,Influenza A,1,0,1,0,elevated,1.0,1,30581863,2018,0.833,True
Actinomyces,Intrahepatic Cholangiocarcinoma,1,1,1,0,elevated,1.0,1,31298745,2019,0.833,True
Actinomyces,Invasive pneumococcal disease,1,0,1,0,elevated,1.0,1,6360994,2019,0.833,True
Actinomyces,Major depressive disorder,1,1,1,0,elevated,1.0,1,32040443,2020,0.833,True
Actinomyces,Multiple Sclerosis,1,1,1,0,elevated,1.0,1,30545401,2018,0.667,True
Actinomyces,Oral potentially malignant disorder,1,0,0,1,reduced,1.0,1,30054809,2018,0.833,True
Actinomyces,Osteoporosis,1,1,1,0,elevated,1.0,1,31378815,2019,0.833,True
Actinomyces,Pancreatic head cancer,1,0,1,0,elevated,1.0,1,30728915,2019,0.833,True
Actinomyces,Psoriasis,1,1,1,0,elevated,1.0,1,31141234,2019,0.833,True
Actinomyces,Recurrent tonsillitis,1,0,1,0,elevated,1.0,1,23437130,2013,0.833,True
Actinomyces,Sarcopenia,1,1,1,0,elevated,1.0,1,10005572,2023,0.333,True
Actinomyces,Schizophrenia,1,1,1,0,elevated,1.0,1,31759045,2020,0.833,True
Actinomyces,Systemic lupus erythematosus,1,0,1,0,elevated,1.0,1,31883828,2020,0.833,True
Actinomyces,Tongue cancer,1,0,1,0,elevated,1.0,1,29228609,2017,0.667,True
Actinomyces,Ulcerative Colitis,1,1,1,0,elevated,1.0,1,30545401,2018,0.667,True
Actinomyces,Urgency urinary incontinence,1,0,1,0,elevated,1.0,1,,2014,0.667,True
Actinomycetaceae,Bacterial vaginosis,1,0,1,0,elevated,1.0,1,18717638,2008,0.5,False
Actinomycetaceae,Dry eye syndrome,1,1,1,0,elevated,1.0,1,32293464,2020,0.833,False
Actinomycetaceae,Non-alcoholic fatty liver disease,1,1,1,0,elevated,1.0,1,32243703,2020,0.833,False
Actinomycetaceae,Ulcerative Colitis,1,0,1,0,elevated,1.0,1,25596182,2015,0.833,False
Actinomycetales,Parkinson's Disease,1,1,1,0,elevated,1.0,1,28843021,2018,0.667,False
Actinomycetales,Pregnancy,1,0,0,1,reduced,1.0,1,24484853,2014,0.833,False
Actinomycetales,Type 2 Diabetes,1,0,0,1,reduced,1.0,1,23300163,2013,0.5,False
Actinotalea,Type 2 Diabetes,1,0,1,0,elevated,1.0,1,30714640,2019,0.833,True
Adlercreutzia,Acute fatty liver,1,1,0,1,reduced,1.0,1,31776707,2020,0.667,True
Adlercreutzia,Alzheimer's Disease,1,1,0,1,reduced,1.0,1,,2017,0.833,True
Adlercreutzia,Asthma,1,0,1,0,elevated,1.0,1,30911282,2019,0.833,True
Adlercreutzia,Autism spectrum disorders,1,1,0,1,reduced,1.0,1,30670726,2019,0.833,True
Adlercreutzia,Constipation,1,1,0,1,reduced,1.0,1,31776707,2020,0.667,True
Adlercreutzia,Crohn's Disease,1,1,0,1,reduced,1.0,1,31827191,2019,0.667,True
Adlercreutzia,Excessive vomiting,1,1,0,1,reduced,1.0,1,31776707,2020,0.667,True
Adlercreutzia,Helicobacter pylori infection,1,1,1,0,elevated,1.0,1,31211818,2019,0.5,True
Adlercreutzia,Hepatocellular cancer,1,1,0,1,reduced,1.0,1,29665135,2018,0.667,True
Adlercreutzia,Obesity,1,1,1,0,elevated,1.0,1,30572569,2018,0.833,True
Adlercreutzia,Primary sclerosing cholangitis,1,1,0,1,reduced,1.0,1,5504370,2017,0.833,True
Adlercreutzia,Type 2 Diabetes,1,1,0,1,reduced,1.0,1,7052266,2020,0.833,True
Adlercreutzia,Ulcerative Colitis,1,1,0,1,reduced,1.0,1,31329473,2019,0.667,True
Aeribacillus,Cutaneous burn,1,0,1,0,elevated,1.0,1,28333758,2017,0.5,True
Aerococcaceae,Granulomatosis with polyangiitis,1,0,0,1,reduced,1.0,1,30420263,2019,0.833,False
Aerococcaceae,Rheumatoid Arthritis,1,0,1,0,elevated,1.0,1,30420263,2019,0.833,False
Aerococcus,Acne,1,1,0,1,reduced,1.0,1,29756631,2018,0.667,True
Aerococcus,Aerobic vaginitis,1,0,1,0,elevated,1.0,1,31955954,2020,0.833,True
Aerococcus,Autism spectrum disorders,1,1,1,0,elevated,1.0,1,31765662,2020,0.667,True
Aerococcus,Endometriosis,1,0,1,0,elevated,1.0,1,7161132,2020,0.667,True
Aerococcus,Interstitial cystitis,1,0,0,1,reduced,1.0,1,22974186,2012,0.5,True
Aerococcus,Myasthenia gravis,1,1,0,1,reduced,1.0,1,30483222,2018,0.833,True
Aerococcus,Overactive bladder,1,0,1,0,elevated,1.0,1,29230385,2017,0.833,True
Aerococcus,Urgency urinary incontinence,1,0,1,0,elevated,1.0,1,,2014,0.667,True
Aerococcus,Urogenital Schistosomiasis,1,0,1,0,elevated,1.0,1,28793309,2017,0.667,True
Aeromicrobium,Acne,1,0,1,0,elevated,1.0,1,31173650,2019,0.833,True
Aeromicrobium,Vitiligo,1,0,0,1,reduced,1.0,1,26758568,2016,0.667,True
Aeromonas,Bladder cancer,1,0,1,0,elevated,1.0,1,29904624,2018,0.833,True
Aeromonas,Chronic Obstructive Pulmonary Disease,1,0,1,0,elevated,1.0,1,23071781,2012,0.667,True
Aeromonas,Crohn's Disease,1,1,1,0,elevated,1.0,1,20816835,2010,0.833,True
Aeromonas,Cystic Fibrosis,1,1,1,0,elevated,1.0,1,22538067,2012,0.5,True
Aeromonas,Irritable Bowel Syndrome,1,1,1,0,elevated,1.0,1,25865706,2015,0.333,True
Aeromonas,T2D with hypertension,1,0,1,0,elevated,1.0,1,28316574,2017,0.667,True
Aestuariimicrobium,Caries,1,0,0,1,reduced,1.0,1,23743597,2013,0.5,True
Afipia,Chronic Obstructive Pulmonary Disease,1,0,1,0,elevated,1.0,1,23874580,2013,0.667,True
Afipia,Helicobacter pylori infection,1,0,1,0,elevated,1.0,1,32197614,2020,0.833,True
Agathobacter,Coronary artery disease,1,1,1,0,elevated,1.0,1,31995569,2020,0.667,True
Agathobacter,Covid-19,1,1,0,1,reduced,1.0,1,32497191,2020,0.833,True
Agathobacter,Generalized anxiety disorder,1,1,0,1,reduced,1.0,1,31437702,2019,0.833,True
Agathobacter,H1N1 Influenza,1,1,0,1,reduced,1.0,1,32497191,2020,0.833,True
Agathobacter,Schizophrenia,1,1,0,1,reduced,1.0,1,31759045,2020,0.833,True
Agathobacter,Sjögren Syndrome,1,1,0,1,reduced,1.0,1,32059038,2020,0.833,True
Agathobaculum,Fibromyalgia,1,1,1,0,elevated,1.0,1,31219947,2019,0.833,True
Aggregatibacter,Alcoholic hepatitis,1,1,1,0,elevated,1.0,1,29555983,2018,0.833,True
Aggregatibacter,Alcoholism,1,0,1,0,elevated,1.0,1,29685174,2018,0.833,True
Aggregatibacter,Asthma,1,0,0,1,reduced,1.0,1,30911282,2019,0.833,True
Aggregatibacter,Autoimmune polyendocrine syndrome type 1,1,0,0,1,reduced,1.0,1,29503707,2018,0.833,True
Aggregatibacter,Barrett's oesophagus,1,0,0,1,reduced,1.0,1,31466948,2019,0.833,True
Aggregatibacter,Cirrhosis,1,0,0,1,reduced,1.0,1,26606973,2015,0.833,True
Aggregatibacter,Gastric carcinoma,1,0,1,0,elevated,1.0,1,30619779,2018,0.667,True
Aggregatibacter,HIV infection,1,0,0,1,reduced,1.0,1,24626467,2014,0.833,True
Aggregatibacter,Halitosis,1,0,1,0,elevated,1.0,1,28875948,2017,0.833,True
Aggregatibacter,Helicobacter pylori infection,1,0,0,1,reduced,1.0,1,32197614,2020,0.833,True
Aggregatibacter,Hepatitis B,1,0,0,1,reduced,1.0,1,26606973,2015,0.833,True
Aggregatibacter,Hepatocellular cancer,1,1,0,1,reduced,1.0,1,30045880,2018,0.833,True
Aggregatibacter,Iron-deficiency anaemia,1,0,0,1,reduced,1.0,1,31752810,2019,0.833,True
Aggregatibacter,Kaposi's sarcoma,1,0,0,1,reduced,1.0,1,31951641,2020,0.833,True
Aggregatibacter,Laryngeal carcinoma,1,0,1,0,elevated,1.0,1,23824228,2013,0.833,True
Aggregatibacter,Meningococcal disease,1,0,1,0,elevated,1.0,1,31959912,2020,0.667,True
Aggregatibacter,Multiple system atrophy,1,1,0,1,reduced,1.0,1,31680836,2019,0.833,True
Aggregatibacter,Obesity,1,0,1,0,elevated,1.0,1,19587155,2009,0.5,True
Aggregatibacter,Obstructive sleep apnea-hypopnea syndrome,1,0,1,0,elevated,1.0,1,30976074,2019,0.667,True
Aggregatibacter,Oral lichen planus,1,0,0,1,reduced,1.0,1,32245419,2020,0.833,True
Aggregatibacter,Oropharyngeal cancer,1,0,0,1,reduced,1.0,1,31832691,2020,0.833,True
Aggregatibacter,Short Bowel Syndrome,1,1,1,0,elevated,1.0,1,28501098,2017,0.833,True
Aggregatibacter,Systemic lupus erythematosus,1,0,1,0,elevated,1.0,1,30563424,2019,0.833,True
Aggregatibacter,Tetratricopeptide repeat domain 7A deficiency,1,1,1,0,elevated,1.0,1,30312711,2019,0.333,True
Aggregatibacter,Tongue cancer,1,0,0,1,reduced,1.0,1,29228609,2017,0.667,True
Aggregatibacter,Tuberculosis,1,0,0,1,reduced,1.0,1,23365674,2013,0.667,True
Aggregatibacter,Ulcerative Colitis,1,1,1,0,elevated,1.0,1,31055592,2019,0.833,True
Agrobacterium,Atopic dermatitis,1,0,0,1,reduced,1.0,1,31152265,2019,0.667,True
Agrobacterium,Clonorchis sinensis infection,1,1,1,0,elevated,1.0,1,30323795,2018,0.833,True
Agrobacterium,Coronary artery disease,1,1,0,1,reduced,1.0,1,32100534,2020,0.833,True
Agrobacterium,Rheumatoid Arthritis,1,0,1,0,elevated,1.0,1,30250232,2018,0.667,True
Akkermansia,Aggressive periodontitis,1,0,0,1,reduced,1.0,1,28260061,2017,0.5,True
Akkermansia,Allergic asthma,1,1,0,1,reduced,1.0,1,30765132,2019,0.167,True
Akkermansia,Aphthous stomatitis,1,0,0,1,reduced,1.0,1,25540188,2015,0.833,True
Akkermansia,Atopic dermatitis,1,1,0,1,reduced,1.0,1,32009325,2020,0.833,True
Akkermansia,Atopy,1,1,0,1,reduced,1.0,1,3404014,2012,0.667,True
Akkermansia,"Celiac Disease, Coaliac disease",1,1,0,1,reduced,1.0,1,30800106,2019,0.833,True
Akkermansia,Chronic kidney disease,1,1,0,1,reduced,1.0,1,31245306,2019,0.833,True
Akkermansia,Collagenous colitis,1,1,0,1,reduced,1.0,1,31343467,2019,0.833,True
Akkermansia,Coronary artery disease,1,1,1,0,elevated,1.0,1,32100534,2020,0.833,True
Akkermansia,Drug-resistant Epilepsy,1,1,1,0,elevated,1.0,1,30291996,2018,0.833,True
Akkermansia,Esophageal cancer,1,0,1,0,elevated,1.0,1,31466948,2019,0.833,True
Akkermansia,Frailty,1,1,1,0,elevated,1.0,1,34485176,2021,0.5,True
Akkermansia,Hepatitis C,1,1,1,0,elevated,1.0,1,28561276,2018,0.833,True
Akkermansia,Hyperlipidemia,1,1,0,1,reduced,1.0,1,29566154,2018,0.833,True
Akkermansia,Hypertension,1,1,1,0,elevated,1.0,1,32226382,2020,0.833,True
Akkermansia,Infantile eczema,1,1,1,0,elevated,1.0,1,27812181,2016,0.667,True
Akkermansia,Ischemic stroke,1,1,1,0,elevated,1.0,1,32473086,2020,0.833,True
Akkermansia,Multiple system atrophy,1,1,1,0,elevated,1.0,1,31680836,2019,0.833,True
Akkermansia,Non-alcoholic fatty liver disease,1,1,1,0,elevated,1.0,1,31255652,2019,0.833,True
Akkermansia,Polycystic Ovary Syndrome,1,1,0,1,reduced,1.0,1,28293234,2017,0.667,True
Akkermansia,Pouchitis,1,1,1,0,elevated,1.0,1,20845425,2011,0.667,True
Akkermansia,Prediabetes,1,1,0,1,reduced,1.0,1,29379988,2018,0.833,True
Akkermansia,Primary biliary cholangitis,1,1,0,1,reduced,1.0,1,30900136,2019,0.667,True
Akkermansia,Psoriasis,1,1,0,1,reduced,1.0,1,29130553,2018,0.833,True
Akkermansia,Psoriatic Arthritis,1,1,0,1,reduced,1.0,1,25319745,2015,0.667,True
Akkermansia,Pulmonary arterial hypertension,1,1,0,1,reduced,1.0,1,32088998,2020,0.5,True
Akkermansia,Pulmonary tubercolosis,1,1,0,1,reduced,1.0,1,31001490,2019,0.667,True
Akkermansia,Short Bowel Syndrome,1,1,0,1,reduced,1.0,1,31095575,2019,0.833,True
Akkermansia,Spinal cord injury,1,1,1,0,elevated,1.0,1,31497202,2019,0.833,True
Akkermansia,Spleen deficiency syndrome,1,1,0,1,reduced,1.0,1,32227775,2020,0.667,True
Akkermansia,Stevens-Johnson syndrome,1,0,1,0,elevated,1.0,1,32152391,2020,0.833,True
Akkermansia,Type 1 Diabetes,1,1,0,1,reduced,1.0,1,31147456,2019,0.5,True
Akkermansiaceae,Dry eye syndrome,1,1,1,0,elevated,1.0,1,32293464,2020,0.833,False
Akkermansiaceae,Ulcerative Colitis,1,0,0,1,reduced,1.0,1,25596182,2015,0.833,False
Alcaligenaceae,Alcoholism,1,1,1,0,elevated,1.0,1,30894059,2019,0.833,False
Alcaligenaceae,Attention Deficit Hyperactivity Disorder,1,1,0,1,reduced,1.0,1,29580894,2018,0.833,False
Alcaligenaceae,Breast cancer,1,0,1,0,elevated,1.0,1,29152146,2017,0.667,False
Alcaligenaceae,Chronic kidney disease,1,1,0,1,reduced,1.0,1,28588309,2017,0.833,False
Alcaligenaceae,Cystic Fibrosis,1,1,0,1,reduced,1.0,1,28279152,2017,0.667,False
Alcaligenaceae,Diverticular disease,1,1,1,0,elevated,1.0,1,29533950,2018,0.833,False
Alcaligenaceae,Gestational diabetes,1,0,1,0,elevated,1.0,1,28932201,2017,0.667,False
Alcaligenaceae,Irritable Bowel Syndrome,1,1,1,0,elevated,1.0,1,29533950,2018,0.833,False
Alcaligenaceae,Non alcoholic steatohepatitis,1,1,1,0,elevated,1.0,1,23055155,2013,0.667,False
Alcaligenaceae,Schizophrenia,1,1,0,1,reduced,1.0,1,31255682,2019,0.833,False
Alcaligenaceae,Thyroid carcinoma,1,1,0,1,reduced,1.0,1,30584647,2019,0.833,False
Alicycliphilus,Chronic Rhinosinusitis,1,0,0,1,reduced,1.0,1,28005692,2016,0.667,True
Alicyclobacillus,Asthma,1,0,0,1,reduced,1.0,1,30911282,2019,0.833,True
Alicyclobacillus,Azoospermia,1,0,0,1,reduced,1.0,1,29456693,2018,0.667,True
Alicyclobacillus,Crohn's Disease,1,0,1,0,elevated,1.0,1,26574491,2016,0.833,True
Alicyclobacillus,Spondyloarthritis,1,0,0,1,reduced,1.0,1,27390077,2017,0.5,True
Aliihoeflea,Alzheimer's Disease,1,0,0,1,reduced,1.0,1,31434623,2019,0.5,True
Alishewanella,Type 2 Diabetes,1,0,1,0,elevated,1.0,1,30714640,2019,0.833,True
Alistipes,Acute lymphoblastic leukemia,1,1,0,1,reduced,1.0,1,31754744,2020,0.833,True
Alistipes,Alcoholic cirrhosis,1,1,0,1,reduced,1.0,1,29041989,2017,0.833,True
Alistipes,Ankylosing spondylitis,1,1,0,1,reduced,1.0,1,31377126,2019,0.667,True
Alistipes,Asthma,1,0,1,0,elevated,1.0,1,29031597,2018,0.5,True
Alistipes,Atherosclerosis,1,1,0,1,reduced,1.0,1,29018189,2017,0.667,True
Alistipes,Atrial fibrillation,1,1,0,1,reduced,1.0,1,6543127,2019,0.833,True
Alistipes,Autism spectrum disorders,1,1,0,1,reduced,1.0,1,28222761,2017,0.833,True
Alistipes,Behcet's Disease,1,1,0,1,reduced,1.0,1,30077182,2018,0.833,True
Alistipes,Breast cancer,1,0,1,0,elevated,1.0,1,27324944,2016,0.833,True
Alistipes,Chronic fatigue syndrome,1,1,1,0,elevated,1.0,1,23791918,2013,0.667,True
Alistipes,Clostridium difficile infection,1,1,0,1,reduced,1.0,1,4863157,2016,0.833,True
Alistipes,Collagenous colitis,1,1,0,1,reduced,1.0,1,31343467,2019,0.833,True
Alistipes,Fatigue,1,1,0,1,reduced,1.0,1,32184182,2020,0.833,True
Alistipes,Gastric carcinoma,1,1,1,0,elevated,1.0,1,30535886,2019,0.833,True
Alistipes,Glycogen storage disease,1,1,0,1,reduced,1.0,1,30939160,2019,0.833,True
Alistipes,Graves' disease,1,1,0,1,reduced,1.0,1,6158725,2018,0.667,True
Alistipes,Graves' orbitopathy,1,1,0,1,reduced,1.0,1,30674011,2019,0.833,True
Alistipes,Hepatocellular cancer,1,1,1,0,elevated,1.0,1,30045880,2018,0.833,True
Alistipes,Inflammatory Bowel Disease,1,0,0,1,reduced,1.0,1,29893034,2018,0.833,True
Alistipes,Kidney stone,1,1,1,0,elevated,1.0,1,27115405,2016,0.5,True
Alistipes,Multiple Sclerosis,1,1,1,0,elevated,1.0,1,32162850,2020,0.833,True
Alistipes,Multiple system atrophy,1,1,1,0,elevated,1.0,1,31680836,2019,0.833,True
Alistipes,Non alcoholic steatohepatitis,1,1,0,1,reduced,1.0,1,23055155,2013,0.667,True
Alistipes,Osmotic diarrhea,1,1,0,1,reduced,1.0,1,23409050,2013,0.667,True
Alistipes,Pancreatic cancer,1,1,0,1,reduced,1.0,1,29221120,2017,0.833,True
Alistipes,Pancreatitis,1,0,1,0,elevated,1.0,1,29423379,2018,0.667,True
Alistipes,Postmenopausal,1,1,0,1,reduced,1.0,1,31273779,2019,0.667,True
Alistipes,Psoriasis,1,1,0,1,reduced,1.0,1,30920647,2019,0.667,True
Alistipes,Psoriatic Arthritis,1,1,0,1,reduced,1.0,1,25319745,2015,0.667,True
Alistipes,Pulmonary arterial hypertension,1,1,0,1,reduced,1.0,1,32088998,2020,0.5,True
Alistipes,Rett Syndrome,1,1,0,1,reduced,1.0,1,4967335,2016,0.667,True
Alistipes,Short Bowel Syndrome,1,1,0,1,reduced,1.0,1,26059898,2015,0.667,True
Alistipes,Sickle cell disease,1,1,0,1,reduced,1.0,1,29274089,2018,0.833,True
Alistipes,Thyroid carcinoma,1,1,1,0,elevated,1.0,1,30565661,2019,0.833,True
Alistipes,Transient Ischemic Attack,1,1,1,0,elevated,1.0,1,26597155,2015,0.833,True
Alistipes,Wiskott-Aldrich syndrome,1,1,0,1,reduced,1.0,1,31267543,2020,0.667,True
Alkaliphilus,Acne,1,1,0,1,reduced,1.0,1,29756631,2018,0.667,True
Alkaliphilus,Cervical cancer,1,0,1,0,elevated,1.0,1,30841606,2019,0.667,True
Alkaliphilus,Obesity,1,1,0,1,reduced,1.0,1,30810328,2019,0.167,True
Alkaliphilus,Schizophrenia,1,1,1,0,elevated,1.0,1,32235826,2020,0.667,True
Allisonella,Autism spectrum disorders,1,1,1,0,elevated,1.0,1,30670726,2019,0.833,True
Allisonella,Bacterial vaginosis,1,0,1,0,elevated,1.0,1,18717638,2008,0.5,True
Allisonella,Hepatocellular cancer,1,1,1,0,elevated,1.0,1,30045880,2018,0.833,True
Allisonella,Infantile eczema,1,1,0,1,reduced,1.0,1,27812181,2016,0.667,True
Allisonella,Irritable Bowel Syndrome,1,1,1,0,elevated,1.0,1,17631127,2007,0.667,True
Allisonella,Parkinson's Disease,1,1,0,1,reduced,1.0,1,31200089,2019,0.833,True
Allobaculum,Acne,1,1,0,1,reduced,1.0,1,30101990,2018,0.833,True
Allobaculum,Anovulation,1,1,0,1,reduced,1.0,1,30773302,2019,0.667,True
Allobaculum,Juvenile idiopathic arthritis,1,1,0,1,reduced,1.0,1,30592383,2019,0.833,True
Allobaculum,Parkinson's Disease,1,1,0,1,reduced,1.0,1,29776865,2018,0.667,True
Allobaculum,Pressure ulcers,1,0,1,0,elevated,1.0,1,32249804,2020,0.833,True
Allobaculum,Psoriasis,1,1,0,1,reduced,1.0,1,30264198,2019,0.5,True
Alloiococcus,Asthma,1,0,0,1,reduced,1.0,1,4433433,2015,0.333,True
Alloiococcus,Atopic dermatitis,1,0,1,0,elevated,1.0,1,31152265,2019,0.667,True
Alloiococcus,Bacterial vaginosis,1,0,0,1,reduced,1.0,1,20819230,2010,0.667,True
Alloiococcus,Parkinson's Disease,1,1,1,0,elevated,1.0,1,29776865,2018,0.667,True
Alloiococcus,Psoriasis,1,0,1,0,elevated,1.0,1,30185226,2018,0.667,True
Alloprevotella,Autism spectrum disorders,1,0,0,1,reduced,1.0,1,29371629,2018,0.833,True
Alloprevotella,Behcet's Disease,1,0,0,1,reduced,1.0,1,27283393,2016,0.833,True
Alloprevotella,Chronic kidney disease,1,1,1,0,elevated,1.0,1,31245306,2019,0.833,True
Alloprevotella,Colorectal cancer,1,0,0,1,reduced,1.0,1,28988196,2017,0.667,True
Alloprevotella,Cystic Fibrosis,1,0,0,1,reduced,1.0,1,29445257,2017,0.833,True
Alloprevotella,E-smoking,1,0,1,0,elevated,1.0,1,32105635,2020,0.667,True
Alloprevotella,Edentulism,1,0,0,1,reduced,1.0,1,30657624,2019,0.833,True
Alloprevotella,Endometriosis,1,0,1,0,elevated,1.0,1,30778155,2019,0.833,True
Alloprevotella,Gastric carcinoma,1,0,1,0,elevated,1.0,1,30619779,2018,0.667,True
Alloprevotella,Halitosis,1,0,1,0,elevated,1.0,1,31553956,2019,0.833,True
Alloprevotella,Helicobacter pylori infection,1,0,0,1,reduced,1.0,1,32197614,2020,0.833,True
Alloprevotella,Hepatitis C,1,1,1,0,elevated,1.0,1,28561276,2018,0.833,True
Alloprevotella,Hepatocellular cancer,1,1,1,0,elevated,1.0,1,30675188,2019,0.833,True
Alloprevotella,Invasive pneumococcal disease,1,0,1,0,elevated,1.0,1,6360994,2019,0.833,True
Alloprevotella,Kidney stone,1,1,1,0,elevated,1.0,1,29353409,2018,0.833,True
Alloprevotella,Oral cancer,1,0,1,0,elevated,1.0,1,31109865,2019,0.833,True
Alloprevotella,Oral leukoplakia,1,0,1,0,elevated,1.0,1,29250055,2017,0.833,True
Alloprevotella,Otitis Media,1,0,1,0,elevated,1.0,1,29458340,2018,0.833,True
Alloprevotella,Polycystic Ovary Syndrome,1,1,0,1,reduced,1.0,1,31972546,2020,0.833,True
Alloprevotella,Pulmonary tubercolosis,1,0,0,1,reduced,1.0,1,32303963,2020,0.667,True
Alloprevotella,Severe congenital neutropenia,1,0,0,1,reduced,1.0,1,32026584,2020,0.667,True
Alloprevotella,Sicca syndrome,1,0,1,0,elevated,1.0,1,30272305,2018,0.833,True
Alloprevotella,Sjögren Syndrome,1,0,0,1,reduced,1.0,1,30060225,2018,0.667,True
Alloprevotella,Thyroid carcinoma,1,1,0,1,reduced,1.0,1,30565661,2019,0.833,True
Alloprevotella,Urogenital Schistosomiasis,1,1,1,0,elevated,1.0,1,30696838,2019,0.833,True
Alloprevotella,periodontitis,1,0,1,0,elevated,1.0,1,31502122,2020,0.833,True
Alloscardovia,Aerobic vaginitis,1,0,1,0,elevated,1.0,1,31955954,2020,0.833,True
Alloscardovia,"Celiac Disease, Coaliac disease",1,0,0,1,reduced,1.0,1,,2017,0.667,True
Alloscardovia,Intrahepatic Cholangiocarcinoma,1,1,1,0,elevated,1.0,1,31298745,2019,0.833,True
Alloscardovia,Protracted bacterial bronchitis,1,0,1,0,elevated,1.0,1,29984544,2018,0.833,True
Alloscardovia,Refractory celiac disease,1,0,0,1,reduced,1.0,1,,2017,0.667,True
Alloscardovia,Sjögren Syndrome,1,0,1,0,elevated,1.0,1,30060225,2018,0.667,True
Alphaproteobacteria,Chronic prostatitis / Chronic pelvic pain syndrome,1,1,1,0,elevated,1.0,1,26930255,2016,0.667,False
Alphaproteobacteria,Hepatitis B associated liver failure,1,0,0,1,reduced,1.0,1,30864226,2019,0.833,False
Alphaproteobacteria,Nongonococcal urethritis,1,0,0,1,reduced,1.0,1,30052651,2018,0.833,False
Alternaria,Caries,1,0,0,1,reduced,1.0,1,6225480,2018,0.667,False
Alternaria,Crohn's Disease,1,0,1,0,elevated,1.0,1,24275714,2015,0.833,False
Alternaria,HIV infection,1,1,0,1,reduced,1.0,1,29385188,2018,0.667,False
Alternaria,Irritable Bowel Syndrome,1,1,1,0,elevated,1.0,1,28624575,2017,0.667,False
Alternaria,Oral lichen planus,1,0,1,0,elevated,1.0,1,31263096,2019,0.667,False
Alternaria,Vogt-Koyagani-Harada disease,1,1,1,0,elevated,1.0,1,31928124,2020,0.667,False
Alysiella,Obesity,1,0,0,1,reduced,1.0,1,6467948,2019,0.833,True
Alysiella,Sicca syndrome,1,0,0,1,reduced,1.0,1,30272305,2018,0.833,True
Amaricoccus,Azoospermia,1,0,0,1,reduced,1.0,1,29456693,2018,0.667,True
Aminobacterium,Appendicitis,1,0,1,0,elevated,1.0,1,3997405,2014,0.5,True
Ammoniphilus,T2D with hypertension,1,0,0,1,reduced,1.0,1,28316574,2017,0.667,True
Amphritea,Aerobic vaginitis,1,0,1,0,elevated,1.0,1,31955954,2020,0.833,True
Anabaena,Schizophrenia,1,1,0,1,reduced,1.0,1,28442250,2018,0.833,True
Anaerococcus,Acute lymphoblastic leukemia,1,0,0,1,reduced,1.0,1,32093640,2020,0.833,True
Anaerococcus,Alcoholic hepatitis,1,0,1,0,elevated,1.0,1,29083504,2018,0.833,True
Anaerococcus,Bacterial vaginosis,1,0,1,0,elevated,1.0,1,31315951,2019,0.833,True
Anaerococcus,Bladder cancer,1,0,1,0,elevated,1.0,1,29904624,2018,0.833,True
Anaerococcus,Cervical cancer,1,0,1,0,elevated,1.0,1,26574055,2015,0.833,True
Anaerococcus,Chlamydia,1,0,1,0,elevated,1.0,1,31830061,2019,0.833,True
Anaerococcus,Chronic Rhinosinusitis,1,0,0,1,reduced,1.0,1,29278464,2018,0.833,True
Anaerococcus,Colorectal cancer,1,1,1,0,elevated,1.0,1,22761885,2012,0.833,True
Anaerococcus,Macular degeneration,1,0,1,0,elevated,1.0,1,32123200,2020,0.833,True
Anaerococcus,Non-alcoholic fatty liver disease,1,1,1,0,elevated,1.0,1,27028797,2017,0.667,True
Anaerococcus,Obesity,1,0,1,0,elevated,1.0,1,30654751,2019,0.833,True
Anaerococcus,Obstructive sleep apnea-hypopnea syndrome,1,0,0,1,reduced,1.0,1,30976074,2019,0.667,True
Anaerococcus,Overactive bladder,1,0,0,1,reduced,1.0,1,29230385,2017,0.833,True
Anaerococcus,Preeclamsia,1,1,1,0,elevated,1.0,1,6608563,2019,0.833,True
Anaerococcus,Pregnancy,1,0,0,1,reduced,1.0,1,24484853,2014,0.833,True
Anaerococcus,Prostate cancer,1,0,1,0,elevated,1.0,1,28797714,2018,0.833,True
Anaerococcus,Psoriasis,1,0,0,1,reduced,1.0,1,30985920,2019,0.667,True
Anaerococcus,Schizophrenia,1,1,1,0,elevated,1.0,1,30268819,2018,0.833,True
Anaerofilum,Appendicitis,1,0,1,0,elevated,1.0,1,3997405,2014,0.5,True
Anaerofilum,Autism,1,1,1,0,elevated,1.0,1,24130822,2013,0.667,True
Anaerofilum,Pervasive developmental disorder NOS,1,1,1,0,elevated,1.0,1,24130822,2013,0.667,True
Anaerofilum,Rheumatoid Arthritis,1,1,1,0,elevated,1.0,1,30872359,2019,0.833,True
Anaerofustis,Crohn's Disease,1,1,0,1,reduced,1.0,1,26313691,2015,0.5,True
Anaerofustis,Cystic Fibrosis,1,1,0,1,reduced,1.0,1,31959989,2020,0.667,True
Anaerofustis,Multiple Sclerosis,1,1,1,0,elevated,1.0,1,30545401,2018,0.667,True
Anaerofustis,Rheumatoid Arthritis,1,1,0,1,reduced,1.0,1,30545401,2018,0.667,True
Anaerofustis,Ulcerative Colitis,1,1,1,0,elevated,1.0,1,30545401,2018,0.667,True
Anaeroglobus,Caries,1,0,1,0,elevated,1.0,1,31365560,2019,0.5,True
Anaeroglobus,Infantile eczema,1,1,0,1,reduced,1.0,1,27812181,2016,0.667,True
Anaeroglobus,Neuromyelitis optica,1,1,1,0,elevated,1.0,1,31841737,2020,0.833,True
Anaeroglobus,Pancreatic head cancer,1,0,1,0,elevated,1.0,1,30728915,2019,0.833,True
Anaeroglobus,Primary biliary cirrhosis,1,1,1,0,elevated,1.0,1,27243236,2016,0.833,True
Anaeroglobus,Rheumatoid Arthritis,1,0,1,0,elevated,1.0,1,,2012,0.667,True
Anaeroglobus,Silicosis,1,1,0,1,reduced,1.0,1,30867671,2019,0.833,True
Anaeroglobus,Sjögren Syndrome,1,0,1,0,elevated,1.0,1,30060225,2018,0.667,True
Anaerolineaceae,Periodontal disease,1,0,1,0,elevated,1.0,1,31329044,2019,0.833,False
Anaerolineaceae,periodontitis,1,0,1,0,elevated,1.0,1,31153098,2019,0.833,False
Anaeromyxobacter,Azoospermia,1,0,0,1,reduced,1.0,1,29456693,2018,0.667,True
Anaerorhabdus,Idiopathic Pulmonary Fibrosis,1,0,1,0,elevated,1.0,1,31165050,2019,0.833,True
Anaerorhabdus,Primary immune thrombocytopenia,1,1,1,0,elevated,1.0,1,32272276,2020,0.833,True
Anaerosporobacter,Chronic Obstructive Pulmonary Disease,1,0,1,0,elevated,1.0,1,23071781,2012,0.667,True
Anaerosporobacter,Coronary artery disease,1,1,0,1,reduced,1.0,1,31995569,2020,0.667,True
Anaerosporobacter,Gestational diabetes,1,1,0,1,reduced,1.0,1,29764499,2019,0.833,True
Anaerosporobacter,Non-alcoholic fatty liver disease,1,1,0,1,reduced,1.0,1,,2016,0.833,True
Anaerosporobacter,Transient Ischemic Attack,1,1,0,1,reduced,1.0,1,26597155,2015,0.833,True
Anaerostipes,Alcoholism,1,1,0,1,reduced,1.0,1,31951082,2020,0.833,True
Anaerostipes,Amyotrophic lateral sclerosis,1,1,1,0,elevated,1.0,1,27703453,2016,0.833,True
Anaerostipes,Anovulation,1,1,0,1,reduced,1.0,1,30773302,2019,0.667,True
Anaerostipes,Asthma,1,0,1,0,elevated,1.0,1,29031597,2018,0.5,True
Anaerostipes,Autism,1,1,0,1,reduced,1.0,1,29274915,2018,0.833,True
Anaerostipes,Biliary atresia,1,1,0,1,reduced,1.0,1,31271681,2019,0.833,True
Anaerostipes,"Celiac Disease, Coaliac disease",1,0,0,1,reduced,1.0,1,30800106,2019,0.833,True
Anaerostipes,Cholestasis,1,1,0,1,reduced,1.0,1,30483228,2018,0.667,True
Anaerostipes,Chronic alcoholic pancreatitis,1,1,0,1,reduced,1.0,1,29555983,2018,0.833,True
Anaerostipes,Clostridium difficile infection,1,1,0,1,reduced,1.0,1,30785932,2019,0.667,True
Anaerostipes,Colorectal cancer,1,1,0,1,reduced,1.0,1,22761885,2012,0.833,True
Anaerostipes,Covid-19,1,1,0,1,reduced,1.0,1,32497191,2020,0.833,True
Anaerostipes,Cystic Fibrosis,1,1,0,1,reduced,1.0,1,31959989,2020,0.667,True
Anaerostipes,Endometrial cancer,1,0,1,0,elevated,1.0,1,27884207,2016,0.333,True
Anaerostipes,Glycogen storage disease,1,1,0,1,reduced,1.0,1,30939160,2019,0.833,True
Anaerostipes,Graves' orbitopathy,1,1,0,1,reduced,1.0,1,30674011,2019,0.833,True
Anaerostipes,H1N1 Influenza,1,1,0,1,reduced,1.0,1,32497191,2020,0.833,True
Anaerostipes,Heart failure,1,1,1,0,elevated,1.0,1,29330424,2018,0.833,True
Anaerostipes,Hepatitis B,1,1,0,1,reduced,1.0,1,7098974,2020,0.833,True
Anaerostipes,Hepatocellular cancer,1,1,1,0,elevated,1.0,1,30045880,2018,0.833,True
Anaerostipes,Infantile eczema,1,1,1,0,elevated,1.0,1,27812181,2016,0.667,True
Anaerostipes,Irritable Bowel Syndrome,1,1,0,1,reduced,1.0,1,6650632,2019,0.833,True
Anaerostipes,Ischemic stroke,1,1,0,1,reduced,1.0,1,32473086,2020,0.833,True
Anaerostipes,Kidney stone,1,1,0,1,reduced,1.0,1,29353409,2018,0.833,True
Anaerostipes,Major depressive disorder,1,1,1,0,elevated,1.0,1,32040443,2020,0.833,True
Anaerostipes,Maturity-onset diabetes of the young 2,1,1,0,1,reduced,1.0,1,30224347,2018,0.833,True
Anaerostipes,Non-alcoholic fatty liver disease,1,1,0,1,reduced,1.0,1,29362454,2018,0.833,True
Anaerostipes,Pancreatic cancer,1,1,0,1,reduced,1.0,1,29221120,2017,0.833,True
Anaerostipes,Posttraumatic stress syndrome,1,1,0,1,reduced,1.0,1,31460790,2019,0.833,True
Anaerostipes,Severe fever with thrombocytopenia syndrome,1,1,0,1,reduced,1.0,1,30327643,2018,0.833,True
Anaerostipes,Type 1 Diabetes,1,1,0,1,reduced,1.0,1,30224347,2018,0.833,True
Anaerotruncus,Amyotrophic lateral sclerosis,1,1,1,0,elevated,1.0,1,32747678,2020,0.833,True
Anaerotruncus,Atrial fibrillation,1,1,0,1,reduced,1.0,1,6543127,2019,0.833,True
Anaerotruncus,Autism spectrum disorders,1,1,0,1,reduced,1.0,1,30670726,2019,0.833,True
Anaerotruncus,Behcet's Disease,1,1,0,1,reduced,1.0,1,30077182,2018,0.833,True
Anaerotruncus,Clostridium difficile infection,1,1,0,1,reduced,1.0,1,4863157,2016,0.833,True
Anaerotruncus,Common Variable Immunodeficieny,1,1,1,0,elevated,1.0,1,6700332,2019,0.667,True
Anaerotruncus,Cystic Fibrosis,1,1,0,1,reduced,1.0,1,31959989,2020,0.667,True
Anaerotruncus,Endometrial cancer,1,0,1,0,elevated,1.0,1,27884207,2016,0.333,True
Anaerotruncus,HIV infection,1,1,1,0,elevated,1.0,1,31748797,2020,0.667,True
Anaerotruncus,Hepatocellular cancer,1,1,1,0,elevated,1.0,1,30045880,2018,0.833,True
Anaerotruncus,Idiopathic REM Sleep Behavior Disorder,1,1,1,0,elevated,1.0,1,28843021,2018,0.667,True
Anaerotruncus,Infantile eczema,1,1,0,1,reduced,1.0,1,27812181,2016,0.667,True
Anaerotruncus,Macular degeneration,1,1,1,0,elevated,1.0,1,28094305,2017,0.833,True
Anaerotruncus,Microscopic colitis,1,1,0,1,reduced,1.0,1,31009268,2019,0.833,True
Anaerotruncus,Multiple Sclerosis,1,1,1,0,elevated,1.0,1,32162850,2020,0.833,True
Anaerotruncus,Non-alcoholic fatty liver disease,1,1,0,1,reduced,1.0,1,,2016,0.833,True
Anaerotruncus,Pancreatic cancer,1,1,0,1,reduced,1.0,1,29221120,2017,0.833,True
Anaerotruncus,Pressure ulcers,1,0,1,0,elevated,1.0,1,32249804,2020,0.833,True
Anaerotruncus,Schizophrenia,1,1,1,0,elevated,1.0,1,31759045,2020,0.833,True
Anaerovibrio,Obesity,1,1,0,1,reduced,1.0,1,30572569,2018,0.833,True
Anaerovorax,Appendicitis,1,0,1,0,elevated,1.0,1,3997405,2014,0.5,True
Anaerovorax,Asthma,1,0,0,1,reduced,1.0,1,30911282,2019,0.833,True
Anaerovorax,Crohn's Disease,1,1,1,0,elevated,1.0,1,20816835,2010,0.833,True
Anaerovorax,Kidney stone with hypertension,1,0,1,0,elevated,1.0,1,32183836,2020,0.833,True
Anaerovorax,Major depressive disorder,1,1,0,1,reduced,1.0,1,32040443,2020,0.833,True
Anaerovorax,Obesity,1,1,0,1,reduced,1.0,1,31399369,2019,0.833,True
Anelloviridae,Crohn's Disease,1,1,1,0,elevated,1.0,1,25619688,2015,0.333,False
Aneurinibacillus,Irritable Bowel Syndrome,1,1,1,0,elevated,1.0,1,21820992,2011,0.833,True
Anoxybacillus,Bladder cancer,1,0,1,0,elevated,1.0,1,31568654,2019,0.833,True
Anoxybacillus,Chronic alcoholic pancreatitis,1,1,1,0,elevated,1.0,1,29555983,2018,0.833,True
Anoxybacillus,Colorectal cancer,1,0,0,1,reduced,1.0,1,23497613,2013,0.333,True
Anoxybacillus,Opisthorchis felineus infection,1,0,1,0,elevated,1.0,1,4957795,2016,0.833,True
Anoxybacillus,Preeclamsia,1,0,1,0,elevated,1.0,1,25492799,2014,0.667,True
Anoxybacillus,Pulmonary tubercolosis,1,0,1,0,elevated,1.0,1,32303963,2020,0.667,True
Antrodiella,Tongue cancer,1,0,0,1,reduced,1.0,1,29228609,2017,0.667,False
Aquabacterium,Chronic alcoholic pancreatitis,1,1,1,0,elevated,1.0,1,29555983,2018,0.833,True
Aquabacterium,Colorectal cancer,1,0,1,0,elevated,1.0,1,22622349,2012,0.833,True
Aquabacterium,Disease-free ,1,0,0,1,reduced,1.0,1,,2016,0.5,True
Aquabacterium,Parkinson's Disease,1,1,1,0,elevated,1.0,1,29501802,2018,0.667,True
Aquabacterium,Sicca syndrome,1,0,0,1,reduced,1.0,1,30272305,2018,0.833,True
Aquabacterium,Type 2 Diabetes,1,0,0,1,reduced,1.0,1,30714640,2019,0.833,True
Aquicella,Azoospermia,1,0,0,1,reduced,1.0,1,29456693,2018,0.667,True
Arcanobacterium,Azoospermia,1,0,1,0,elevated,1.0,1,29456693,2018,0.667,True
Arcanobacterium,HIV infection,1,1,0,1,reduced,1.0,1,30649052,2019,0.667,True
Arcanobacterium,Type 2 Diabetes,1,0,0,1,reduced,1.0,1,31438919,2019,0.833,True
Arcobacter,Type 2 Diabetes,1,0,0,1,reduced,1.0,1,31438919,2019,0.833,True
Arhtrobacter,Urgency urinary incontinence,1,0,1,0,elevated,1.0,1,,2014,0.667,False
Armatimonadetes,Gestational diabetes,1,0,0,1,reduced,1.0,1,28932201,2017,0.667,False
Arsenicicoccus,Azoospermia,1,0,0,1,reduced,1.0,1,29456693,2018,0.667,True
Arsenicicoccus,Protracted bacterial bronchitis,1,0,1,0,elevated,1.0,1,29984544,2018,0.833,True
Arthrobacter,Chronic Obstructive Pulmonary Disease,1,0,0,1,reduced,1.0,1,23071781,2012,0.667,True
Arthrobacter,Endometriosis,1,0,1,0,elevated,1.0,1,7161132,2020,0.667,True
Arthrobacter,Kidney stone with hypertension,1,0,1,0,elevated,1.0,1,32183836,2020,0.833,True
Arthrospira,Endometrial cancer,1,0,1,0,elevated,1.0,1,27884207,2016,0.333,False
Asaccharobacter,Chronic fatigue syndrome,1,1,0,1,reduced,1.0,1,23791918,2013,0.667,False
Asaccharobacter,Crohn's Disease,1,1,0,1,reduced,1.0,1,30545401,2018,0.667,False
Asaccharobacter,Hepatitis B,1,1,0,1,reduced,1.0,1,5693892,2017,0.833,False
Ascomycota,HIV infection,1,1,0,1,reduced,1.0,1,29385188,2018,0.667,False
Ascomycota,Oral lichen planus,1,0,0,1,reduced,1.0,1,31263096,2019,0.667,False
Aspergillaceae,Schizophrenia,1,1,0,1,reduced,1.0,1,31759045,2020,0.833,False
Aspergillus,Caries,1,0,0,1,reduced,1.0,1,31953340,2020,0.667,False
Aspergillus,Crohn's Disease,1,1,1,0,elevated,1.0,1,24275714,2015,0.833,False
Aspergillus,Cystic fibrosis exacerbation,1,0,1,0,elevated,1.0,1,32108159,2020,0.667,False
Aspergillus,Dandruff,1,0,1,0,elevated,1.0,1,27909689,2016,0.667,False
Aspergillus,Keratitis,1,1,1,0,elevated,1.0,1,30541945,2018,0.167,False
Aspergillus,Oral lichen planus,1,0,1,0,elevated,1.0,1,31263096,2019,0.667,False
Aspergillus,Pediculosis,1,0,1,0,elevated,1.0,1,31121305,2019,0.667,False
Aspergillus,Seborrheic dermatitis,1,0,0,1,reduced,1.0,1,32219537,2020,0.833,False
Aspergillus,Uveitits,1,1,1,0,elevated,1.0,1,30938773,2019,0.667,False
Atopobium,Acute lymphoblastic leukemia,1,0,0,1,reduced,1.0,1,32093640,2020,0.833,True
Atopobium,Aerobic vaginitis,1,0,1,0,elevated,1.0,1,31955954,2020,0.833,True
Atopobium,Alcoholic hepatitis,1,1,1,0,elevated,1.0,1,29555983,2018,0.833,True
Atopobium,Anovulation,1,1,1,0,elevated,1.0,1,30773302,2019,0.667,True
Atopobium,Atherosclerosis,1,1,1,0,elevated,1.0,1,29018189,2017,0.667,True
Atopobium,Atopic dermatitis,1,0,0,1,reduced,1.0,1,31152265,2019,0.667,True
Atopobium,Autism spectrum disorders,1,0,0,1,reduced,1.0,1,29371629,2018,0.833,True
Atopobium,Autoimmune polyendocrine syndrome type 1,1,0,0,1,reduced,1.0,1,29503707,2018,0.833,True
Atopobium,Behcet's Disease,1,0,0,1,reduced,1.0,1,27283393,2016,0.833,True
Atopobium,Breast cancer,1,0,1,0,elevated,1.0,1,27485780,2016,0.833,True
Atopobium,"Celiac Disease, Coaliac disease",1,0,1,0,elevated,1.0,1,24657864,2014,0.667,True
Atopobium,Chronic Obstructive Pulmonary Disease,1,0,1,0,elevated,1.0,1,23071781,2012,0.667,True
Atopobium,Colon adenomas,1,1,1,0,elevated,1.0,1,30794590,2019,0.833,True
Atopobium,Drug-resistant Epilepsy,1,1,1,0,elevated,1.0,1,30291996,2018,0.833,True
Atopobium,Edentulism,1,0,1,0,elevated,1.0,1,27717873,2016,0.5,True
Atopobium,Endometrial cancer,1,0,1,0,elevated,1.0,1,27884207,2016,0.333,True
Atopobium,Halitosis,1,0,1,0,elevated,1.0,1,12574246,2003,0.167,True
Atopobium,Hepatitis B,1,1,1,0,elevated,1.0,1,31600845,2020,0.833,True
Atopobium,Influenza A,1,0,1,0,elevated,1.0,1,30581863,2018,0.833,True
Atopobium,Interstitial cystitis,1,0,1,0,elevated,1.0,1,22974186,2012,0.5,True
Atopobium,Invasive pneumococcal disease,1,0,1,0,elevated,1.0,1,6360994,2019,0.833,True
Atopobium,Ischemic stroke,1,1,1,0,elevated,1.0,1,28166278,2017,0.833,True
Atopobium,Obesity,1,1,0,1,reduced,1.0,1,31809363,2020,0.667,True
Atopobium,Oral cancer,1,0,0,1,reduced,1.0,1,16672398,2006,0.333,True
Atopobium,Osteoarthritis,1,0,1,0,elevated,1.0,1,30250232,2018,0.667,True
Atopobium,Pancreatic head cancer,1,0,1,0,elevated,1.0,1,30728915,2019,0.833,True
Atopobium,Periodontal abscess,1,0,1,0,elevated,1.0,1,31417518,2019,0.833,True
Atopobium,Periodontal disease,1,0,0,1,reduced,1.0,1,31329044,2019,0.833,True
Atopobium,Pregnancy,1,0,0,1,reduced,1.0,1,24484853,2014,0.833,True
Atopobium,Protracted bacterial bronchitis,1,0,1,0,elevated,1.0,1,29984544,2018,0.833,True
Atopobium,Recurrent miscarriage,1,0,1,0,elevated,1.0,1,30988706,2019,0.667,True
Atopobium,Type 2 Diabetes,1,1,0,1,reduced,1.0,1,24824547,2014,0.667,True
Atopobium,Vulvar vestibulitis syndrome,1,0,0,1,reduced,1.0,1,24961922,2014,0.667,True
Atopostipes,Bladder cancer,1,0,1,0,elevated,1.0,1,29904624,2018,0.833,True
Aureobasidium,Caries,1,0,0,1,reduced,1.0,1,31953340,2020,0.667,False
Azospirillum,Azoospermia,1,0,0,1,reduced,1.0,1,29456693,2018,0.667,True
Azospirillum,Vogt-Koyagani-Harada disease,1,1,0,1,reduced,1.0,1,31928124,2020,0.667,True
Bacillaceae,Parkinson's Disease,1,0,0,1,reduced,1.0,1,28843021,2018,0.667,False
Bacillaceae,Urogenital Schistosomiasis,1,0,0,1,reduced,1.0,1,28793309,2017,0.667,False
Bacillus,Acne,1,1,0,1,reduced,1.0,1,29756631,2018,0.667,True
Bacillus,Appendicitis,1,0,1,0,elevated,1.0,1,30982727,2019,0.5,True
Bacillus,Autism,1,1,1,0,elevated,1.0,1,21410934,2011,0.833,True
Bacillus,Autism spectrum disorders,1,1,1,0,elevated,1.0,1,30743242,2019,0.833,True
Bacillus,Chronic kidney disease,1,0,1,0,elevated,1.0,1,30962186,2019,0.833,True
Bacillus,Colorectal cancer,1,0,0,1,reduced,1.0,1,22761885,2012,0.833,True
Bacillus,Cystic Fibrosis,1,0,1,0,elevated,1.0,1,26492486,2016,0.0,True
Bacillus,Hirschsprung's disease,1,1,1,0,elevated,1.0,1,29652728,2018,0.833,True
Bacillus,Human end-stage renal disease,1,1,0,1,reduced,1.0,1,32304020,2020,0.667,True
Bacillus,Inflammatory Bowel Disease,1,0,1,0,elevated,1.0,1,17699621,2007,0.333,True
Bacillus,Intestinal metaplasia,1,0,0,1,reduced,1.0,1,,2019,0.833,True
Bacillus,Lung cancer,1,1,1,0,elevated,1.0,1,32240032,2020,0.833,True
Bacillus,Multiple Sclerosis,1,1,0,1,reduced,1.0,1,30417113,2018,0.667,True
Bacillus,Non-alcoholic fatty liver disease,1,1,0,1,reduced,1.0,1,30926798,2019,0.833,True
Bacillus,Obesity,1,1,1,0,elevated,1.0,1,29280312,2018,0.333,True
Bacillus,Opisthorchis felineus infection,1,0,1,0,elevated,1.0,1,4957795,2016,0.833,True
Bacillus,Parkinson's Disease,1,0,0,1,reduced,1.0,1,31247001,2019,0.833,True
Bacillus,Preeclamsia,1,0,1,0,elevated,1.0,1,25492799,2014,0.667,True
Bacillus,Protracted bacterial bronchitis,1,0,1,0,elevated,1.0,1,29600046,2018,0.833,True
Bacillus,Psoriasis,1,1,1,0,elevated,1.0,1,30264198,2019,0.5,True
Bacillus,Rectal Carcinoma,1,0,0,1,reduced,1.0,1,5145865,2016,0.667,True
Bacillus,Stevens-Johnson syndrome,1,0,1,0,elevated,1.0,1,32152391,2020,0.833,True
Bacillus,Urogenital Schistosomiasis,1,0,0,1,reduced,1.0,1,28793309,2017,0.667,True
Bacteriodes,Acquired Immunodeficiency Syndrome,1,1,0,1,reduced,1.0,1,29411528,2018,0.833,False
Bacteriodes,Acute lymphoblastic leukemia,1,0,1,0,elevated,1.0,1,32093640,2020,0.833,False
Bacteriodes,Attention Deficit Hyperactivity Disorder,1,1,1,0,elevated,1.0,1,31119393,2019,0.833,False
Bacteriodes,Autism,1,1,0,1,reduced,1.0,1,24130822,2013,0.667,False
Bacteriodes,Cirrhosis,1,1,0,1,reduced,1.0,1,25079328,2014,0.833,False
Bacteriodes,Colorectal cancer,1,0,0,1,reduced,1.0,1,26170900,2015,0.833,False
Bacteriodes,Cystic Fibrosis,1,1,0,1,reduced,1.0,1,31959989,2020,0.667,False
Bacteriodes,Fibromyalgia,1,1,0,1,reduced,1.0,1,31219947,2019,0.833,False
Bacteriodes,Functional dyspepsia,1,0,1,0,elevated,1.0,1,28761692,2017,0.833,False
Bacteriodes,Gastric carcinoma,1,0,0,1,reduced,1.0,1,30584008,2019,0.833,False
Bacteriodes,Irritable Bowel Syndrome,1,1,0,1,reduced,1.0,1,21820992,2011,0.833,False
Bacteriodes,Obesity,1,1,0,1,reduced,1.0,1,29338886,2018,0.833,False
Bacteriodes,Opisthorchis felineus infection,1,0,1,0,elevated,1.0,1,4957795,2016,0.833,False
Bacteriodes,Osteoarthritis,1,0,1,0,elevated,1.0,1,30250232,2018,0.667,False
Bacteriodes,Pervasive developmental disorder NOS,1,1,0,1,reduced,1.0,1,24130822,2013,0.667,False
Bacteriodes,Polycystic Ovary Syndrome,1,1,1,0,elevated,1.0,1,30292647,2019,0.667,False
Bacteriodes,Primary liver cancer,1,1,1,0,elevated,1.0,1,30661942,2019,0.833,False
Bacteriodes,Sjögren Syndrome,1,1,1,0,elevated,1.0,1,30416033,2019,0.833,False
Bacteriodes,Systemic lupus erythematosus,1,1,1,0,elevated,1.0,1,30416033,2019,0.833,False
Bacteriodes,Type 1 Diabetes,1,1,1,0,elevated,1.0,1,20613793,2011,0.5,False
Bacteriodes,Type 2 Diabetes,1,0,0,1,reduced,1.0,1,28008148,2017,0.833,False
Bacteriodes-Prevotella,Inactive Crohn's Disease,1,1,0,1,reduced,1.0,1,24398881,2014,0.667,False
Bacteroidaceae,Alzheimer's Disease,1,1,0,1,reduced,1.0,1,29758946,2018,0.833,False
Bacteroidaceae,Ankylosing spondylitis,1,0,1,0,elevated,1.0,1,25417597,2015,0.333,False
Bacteroidaceae,Cirrhosis,1,1,0,1,reduced,1.0,1,21574172,2011,0.833,False
Bacteroidaceae,Giardia intestinalis infection,1,1,0,1,reduced,1.0,1,6327884,2019,0.833,False
Bacteroidaceae,Hepatic encephalopathy,1,1,0,1,reduced,1.0,1,30816877,2019,0.833,False
Bacteroidaceae,Infantile eczema,1,1,1,0,elevated,1.0,1,27453732,2016,0.667,False
Bacteroidaceae,Major depressive disorder,1,1,1,0,elevated,1.0,1,32274300,2020,0.5,False
Bacteroidaceae,Multiple Sclerosis,1,1,0,1,reduced,1.0,1,25775034,2015,0.833,False
Bacteroidaceae,Non-alcoholic fatty liver disease,1,1,0,1,reduced,1.0,1,32243703,2020,0.833,False
Bacteroidaceae,Pancreatic cancer,1,0,1,0,elevated,1.0,1,31750624,2020,0.667,False
Bacteroidaceae,Primary liver cancer,1,1,1,0,elevated,1.0,1,30661942,2019,0.833,False
Bacteroidaceae,Schizophrenia,1,1,1,0,elevated,1.0,1,30775438,2019,0.833,False
Bacteroidaceae,Sjögren Syndrome,1,0,0,1,reduced,1.0,1,27770517,2016,0.667,False
Bacteroidaceae,Thyroid carcinoma,1,1,0,1,reduced,1.0,1,30584647,2019,0.833,False
Bacteroidaceae,Ulcerative Colitis,1,0,0,1,reduced,1.0,1,25596182,2015,0.833,False
Bacteroidales,Cystic Fibrosis,1,0,0,1,reduced,1.0,1,29445257,2017,0.833,False
Bacteroidales,Gestational diabetes,1,0,0,1,reduced,1.0,1,28932201,2017,0.667,False
Bacteroidales,Henoch-Schönlein Purpura,1,0,1,0,elevated,1.0,1,30342346,2018,0.833,False
Bacteroidales,Hirschsprung's disease,1,1,0,1,reduced,1.0,1,29652728,2018,0.833,False
Bacteroidales,Irritable Bowel Syndrome,1,1,0,1,reduced,1.0,1,28457228,2017,0.833,False
Bacteroidales,Major depressive disorder,1,1,1,0,elevated,1.0,1,24888394,2014,0.833,False
Bacteroidales,Pancreatic cancer,1,1,1,0,elevated,1.0,1,31727922,2019,0.833,False
Bacteroidales,Parkinson's Disease,1,1,0,1,reduced,1.0,1,31200089,2019,0.833,False
Bacteroidales,Type 1 Diabetes,1,1,0,1,reduced,1.0,1,32265922,2020,0.667,False
Bacteroidales,periodontitis,1,0,1,0,elevated,1.0,1,29718124,2018,0.667,False
Bacteroides,Acne,1,0,1,0,elevated,1.0,1,31290561,2019,0.667,True
Bacteroides,Adolescent idiopathic scoliosis,1,1,0,1,reduced,1.0,1,30481617,2019,0.833,True
Bacteroides,Aggressive periodontitis,1,0,0,1,reduced,1.0,1,28260061,2017,0.5,True
Bacteroides,Alcoholism,1,1,1,0,elevated,1.0,1,31951082,2020,0.833,True
Bacteroides,Allergy,1,1,0,1,reduced,1.0,1,29786876,2019,0.667,True
Bacteroides,Alopecia universalis,1,1,1,0,elevated,1.0,1,31419351,2019,0.833,True
Bacteroides,Anorexia Nervosa,1,1,0,1,reduced,1.0,1,26682545,2015,0.333,True
Bacteroides,Anti-N-methyl-D-aspartate receptor encephalitis,1,1,1,0,elevated,1.0,1,31448571,2019,0.833,True
Bacteroides,Arsenic exposure,1,1,0,1,reduced,1.0,1,30135504,2018,0.667,True
Bacteroides,Asthma,1,0,1,0,elevated,1.0,1,29031597,2018,0.5,True
Bacteroides,Atherosclerosis,1,1,0,1,reduced,1.0,1,29018189,2017,0.667,True
Bacteroides,Atopic dermatitis,1,1,1,0,elevated,1.0,1,30899033,2019,0.833,True
Bacteroides,Atopic wheeze,1,1,0,1,reduced,1.0,1,29241587,2017,0.833,True
Bacteroides,Atrial fibrillation,1,1,1,0,elevated,1.0,1,32188747,2020,0.667,True
Bacteroides,Atrophic gastritis,1,1,1,0,elevated,1.0,1,31781514,2019,0.833,True
Bacteroides,Autoimmune polyendocrine syndrome type 1,1,0,0,1,reduced,1.0,1,29503707,2018,0.833,True
Bacteroides,Behcet's Disease,1,1,1,0,elevated,1.0,1,30077182,2018,0.833,True
Bacteroides,Biliary atresia,1,1,0,1,reduced,1.0,1,31271681,2019,0.833,True
Bacteroides,Bipolar disorder,1,1,1,0,elevated,1.0,1,31380217,2019,0.833,True
Bacteroides,Bladder cancer,1,0,0,1,reduced,1.0,1,29904624,2018,0.833,True
Bacteroides,Caries,1,0,1,0,elevated,1.0,1,31452955,2019,0.5,True
Bacteroides,Chagas' disease,1,1,0,1,reduced,1.0,1,30807605,2019,0.667,True
Bacteroides,Chronic Rhinosinusitis,1,0,0,1,reduced,1.0,1,26272413,2015,0.667,True
Bacteroides,Chronic alcoholic pancreatitis,1,1,0,1,reduced,1.0,1,29555983,2018,0.833,True
Bacteroides,Chronic stress,1,1,1,0,elevated,1.0,1,31112792,2019,0.667,True
Bacteroides,Chronic urticaria,1,1,0,1,reduced,1.0,1,32154184,2020,0.833,True
Bacteroides,Clonorchis sinensis infection,1,1,0,1,reduced,1.0,1,30323795,2018,0.833,True
Bacteroides,Cognitive impairment,1,1,0,1,reduced,1.0,1,34869782,2021,0.333,True
Bacteroides,Collagenous colitis,1,1,1,0,elevated,1.0,1,31343467,2019,0.833,True
Bacteroides,Colon adenomas,1,0,0,1,reduced,1.0,1,20740058,2010,0.667,True
Bacteroides,Covid-19,1,1,1,0,elevated,1.0,1,7314193,2020,0.833,True
Bacteroides,Diarrhea,1,1,1,0,elevated,1.0,1,31062602,2019,0.167,True
Bacteroides,Diverticular disease,1,1,0,1,reduced,1.0,1,29533950,2018,0.833,True
Bacteroides,Edentulism,1,0,1,0,elevated,1.0,1,27717873,2016,0.5,True
Bacteroides,Endometrial cancer,1,0,1,0,elevated,1.0,1,27884207,2016,0.333,True
Bacteroides,Enthesitis-related arthritis ,1,1,1,0,elevated,1.0,1,29382366,2018,0.833,True
Bacteroides,Familial adenomatous polyposis,1,0,1,0,elevated,1.0,1,3292798,2010,0.667,True
Bacteroides,Fibromyalgia,1,1,0,1,reduced,1.0,1,31327695,2019,0.833,True
Bacteroides,Frailty,1,1,1,0,elevated,1.0,1,,2022,0.333,True
Bacteroides,Gestational diabetes,1,0,1,0,elevated,1.0,1,30421135,2019,0.667,True
Bacteroides,Graves' orbitopathy,1,1,0,1,reduced,1.0,1,30674011,2019,0.833,True
Bacteroides,H7N9,1,0,1,0,elevated,1.0,1,29259328,2017,0.667,True
Bacteroides,Hashimoto's thyroiditis,1,1,0,1,reduced,1.0,1,29320965,2018,0.833,True
Bacteroides,Helicobacter pylori infection,1,1,0,1,reduced,1.0,1,31250988,2019,0.5,True
Bacteroides,Hepatitis B associated liver failure,1,0,0,1,reduced,1.0,1,30864226,2019,0.833,True
Bacteroides,Hepatocellular cancer,1,1,1,0,elevated,1.0,1,31600845,2020,0.833,True
Bacteroides,Hyperlipidemia,1,1,0,1,reduced,1.0,1,29566154,2018,0.833,True
Bacteroides,Idiopathic focal epilepsy,1,1,0,1,reduced,1.0,1,31730997,2020,0.833,True
Bacteroides,Infective colitis,1,1,1,0,elevated,1.0,1,16432374,2006,0.5,True
Bacteroides,Interstitial cystitis,1,0,1,0,elevated,1.0,1,22974186,2012,0.5,True
Bacteroides,Lung cancer,1,1,1,0,elevated,1.0,1,32240032,2020,0.833,True
Bacteroides,Macular degeneration,1,1,0,1,reduced,1.0,1,28094305,2017,0.833,True
Bacteroides,Mucosa-associated lymphoid tissue lymphoma,1,0,0,1,reduced,1.0,1,,2019,0.833,True
Bacteroides,Myasthenia gravis,1,1,1,0,elevated,1.0,1,30258104,2018,0.833,True
Bacteroides,Neuromyelitis optica,1,1,1,0,elevated,1.0,1,27398819,2016,0.667,True
Bacteroides,Non alcoholic steatohepatitis,1,1,1,0,elevated,1.0,1,32204538,2020,0.833,True
Bacteroides,Oral lichen planus,1,0,0,1,reduced,1.0,1,32245419,2020,0.833,True
Bacteroides,Osteoporosis,1,1,1,0,elevated,1.0,1,30666372,2019,0.833,True
Bacteroides,Pancreatitis,1,0,1,0,elevated,1.0,1,29423379,2018,0.667,True
Bacteroides,Pouchitis,1,1,0,1,reduced,1.0,1,20845425,2011,0.667,True
Bacteroides,Pressure ulcers,1,0,1,0,elevated,1.0,1,32249804,2020,0.833,True
Bacteroides,Preterm birth,1,1,0,1,reduced,1.0,1,25372390,2014,0.833,True
Bacteroides,Primary Open-Angle Glaucoma,1,1,0,1,reduced,1.0,1,31917963,2020,0.833,True
Bacteroides,Primary biliary cholangitis,1,1,0,1,reduced,1.0,1,30900136,2019,0.667,True
Bacteroides,Primary biliary cirrhosis,1,1,0,1,reduced,1.0,1,27243236,2016,0.833,True
Bacteroides,Primary liver cancer,1,1,1,0,elevated,1.0,1,30661942,2019,0.833,True
Bacteroides,Primary sclerosing cholangitis,1,1,1,0,elevated,1.0,1,31250469,2019,0.667,True
Bacteroides,Primary sclerosing cholangitis-IBD,1,1,0,1,reduced,1.0,1,30666146,2019,0.833,True
Bacteroides,Pulmonary tubercolosis,1,1,1,0,elevated,1.0,1,29322681,2018,0.833,True
Bacteroides,Radiation enteritis,1,1,0,1,reduced,1.0,1,30908851,2019,0.667,True
Bacteroides,Rectal Carcinoma,1,0,1,0,elevated,1.0,1,5145865,2016,0.667,True
Bacteroides,Rett Syndrome,1,1,0,1,reduced,1.0,1,4967335,2016,0.667,True
Bacteroides,Seborrheic dermatitis,1,0,0,1,reduced,1.0,1,32219537,2020,0.833,True
Bacteroides,Short Bowel Syndrome,1,1,0,1,reduced,1.0,1,28425133,2017,0.833,True
Bacteroides,Silicosis,1,1,0,1,reduced,1.0,1,30867671,2019,0.833,True
Bacteroides,Smoking,1,0,1,0,elevated,1.0,1,31201984,2019,0.667,True
Bacteroides,Spleen deficiency syndrome,1,1,1,0,elevated,1.0,1,32227775,2020,0.667,True
Bacteroides,Stevens-Johnson syndrome,1,0,1,0,elevated,1.0,1,32152391,2020,0.833,True
Bacteroides,Transient Ischemic Attack,1,1,0,1,reduced,1.0,1,26597155,2015,0.833,True
Bacteroides,Traumatic Brain Injury,1,1,1,0,elevated,1.0,1,31868094,2020,0.833,True
Bacteroides,Urogenital Schistosomiasis,1,0,1,0,elevated,1.0,1,28793309,2017,0.667,True
Bacteroides,Uveitits,1,1,0,1,reduced,1.0,1,30262956,2018,0.0,True
Bacteroides,Viral Diarrhea,1,1,0,1,reduced,1.0,1,21739252,2011,0.667,True
Bacteroides,Wilson's Disease,1,1,1,0,elevated,1.0,1,30075590,2018,0.833,True
Bacteroides,Wiskott-Aldrich syndrome,1,1,0,1,reduced,1.0,1,31267543,2020,0.667,True
Bacteroides-Prevotella,"Celiac Disease, Coaliac disease",1,1,1,0,elevated,1.0,1,20181275,2010,0.5,False
Bacteroides-Prevotella,Crohn's Disease,1,1,1,0,elevated,1.0,1,22102318,2012,0.5,False
Bacteroidetes,Alcoholic hepatitis,1,0,0,1,reduced,1.0,1,29083504,2018,0.833,False
Bacteroidetes,Alcoholism,1,0,0,1,reduced,1.0,1,22241860,2012,0.833,False
Bacteroidetes,Alzheimer's Disease,1,1,0,1,reduced,1.0,1,31063846,2019,0.833,False
Bacteroidetes,Atrial fibrillation,1,1,0,1,reduced,1.0,1,32188747,2020,0.667,False
Bacteroidetes,Autism spectrum disorders,1,1,0,1,reduced,1.0,1,31489949,2019,0.833,False
Bacteroidetes,Autoimmune polyendocrine syndrome type 1,1,0,0,1,reduced,1.0,1,29503707,2018,0.833,False
Bacteroidetes,Behcet's Disease,1,0,0,1,reduced,1.0,1,27283393,2016,0.833,False
Bacteroidetes,Bipolar disorder,1,1,0,1,reduced,1.0,1,32274300,2020,0.5,False
Bacteroidetes,Breast cancer,1,0,1,0,elevated,1.0,1,27342554,2016,0.333,False
Bacteroidetes,Caries,1,0,0,1,reduced,1.0,1,25658087,2015,0.833,False
Bacteroidetes,"Celiac Disease, Coaliac disease",1,0,0,1,reduced,1.0,1,30400238,2018,0.833,False
Bacteroidetes,Chronic Obstructive Pulmonary Disease,1,0,0,1,reduced,1.0,1,27428540,2016,0.667,False
Bacteroidetes,Chronic Rhinosinusitis,1,0,0,1,reduced,1.0,1,24611950,2014,0.833,False
Bacteroidetes,Clostridium difficile associated disease,1,1,0,1,reduced,1.0,1,21050115,2010,0.833,False
Bacteroidetes,Colon adenomas,1,0,1,0,elevated,1.0,1,4872055,2016,0.5,False
Bacteroidetes,Coronary Heart Disease,1,1,0,1,reduced,1.0,1,28497047,2017,0.833,False
Bacteroidetes,Coronary artery disease,1,1,1,0,elevated,1.0,1,32100534,2020,0.833,False
Bacteroidetes,Crohn's Disease,1,0,0,1,reduced,1.0,1,29848021,2018,0.833,False
Bacteroidetes,Generalized anxiety disorder,1,1,1,0,elevated,1.0,1,30029052,2018,0.833,False
Bacteroidetes,HIV infection,1,1,0,1,reduced,1.0,1,27477587,2016,0.667,False
Bacteroidetes,HIV-infected pneumonia,1,0,1,0,elevated,1.0,1,22760045,2012,0.5,False
Bacteroidetes,Helicobacter pylori infection,1,0,0,1,reduced,1.0,1,31762120,2020,0.833,False
Bacteroidetes,Hepatocellular cancer,1,0,0,1,reduced,1.0,1,27605161,2016,0.833,False
Bacteroidetes,Hirschsprung-associated enterocolitis,1,1,1,0,elevated,1.0,1,25909773,2015,0.667,False
Bacteroidetes,Juvenile idiopathic arthritis,1,1,1,0,elevated,1.0,1,26718942,2016,0.667,False
Bacteroidetes,Major depressive disorder,1,1,1,0,elevated,1.0,1,32274300,2020,0.5,False
Bacteroidetes,Preeclamsia,1,1,1,0,elevated,1.0,1,32265423,2020,0.833,False
Bacteroidetes,Primary biliary cholangitis,1,1,0,1,reduced,1.0,1,28213609,2017,0.833,False
Bacteroidetes,Psoriasis,1,1,0,1,reduced,1.0,1,25319745,2015,0.667,False
Bacteroidetes,Pulmonary tubercolosis,1,1,0,1,reduced,1.0,1,29204120,2017,0.667,False
Bacteroidetes,Short Bowel Syndrome,1,1,0,1,reduced,1.0,1,20172013,2010,0.667,False
Bacteroidetes,Systemic lupus erythematosus,1,1,1,0,elevated,1.0,1,4196225,2014,0.833,False
Bacteroidetes,Ulcerative Colitis,1,0,1,0,elevated,1.0,1,21987382,2012,0.667,False
Bacteroidetes,Undernourishment,1,1,0,1,reduced,1.0,1,30386323,2018,0.833,False
Bacteroidetes,periodontitis,1,0,1,0,elevated,1.0,1,23303375,2013,0.833,False
Balneimonas,Chronic Obstructive Pulmonary Disease,1,0,1,0,elevated,1.0,1,23071781,2012,0.667,False
Barnesiella,Adolescent idiopathic scoliosis,1,1,1,0,elevated,1.0,1,30481617,2019,0.833,True
Barnesiella,Autism spectrum disorders,1,1,1,0,elevated,1.0,1,30670726,2019,0.833,True
Barnesiella,Chronic kidney disease,1,1,0,1,reduced,1.0,1,28588309,2017,0.833,True
Barnesiella,Clostridium difficile infection,1,1,0,1,reduced,1.0,1,4863157,2016,0.833,True
Barnesiella,Endometriosis,1,1,0,1,reduced,1.0,1,30778155,2019,0.833,True
Barnesiella,Glycogen storage disease,1,1,0,1,reduced,1.0,1,30939160,2019,0.833,True
Barnesiella,Hepatocellular cancer,1,1,1,0,elevated,1.0,1,30675188,2019,0.833,True
Barnesiella,Idiopathic central precocious puberty,1,1,1,0,elevated,1.0,1,6987398,2020,0.833,True
Barnesiella,Inflammatory Bowel Disease,1,0,0,1,reduced,1.0,1,29893034,2018,0.833,True
Barnesiella,Obesity,1,1,0,1,reduced,1.0,1,31399369,2019,0.833,True
Barnesiella,Parkinson's Disease,1,1,1,0,elevated,1.0,1,32161568,2020,0.833,True
Barnesiella,Pervasive developmental disorder NOS,1,1,0,1,reduced,1.0,1,24130822,2013,0.667,True
Barnesiella,Psoriasis,1,1,0,1,reduced,1.0,1,30920647,2019,0.667,True
Barnesiella,Pulmonary arterial hypertension,1,1,0,1,reduced,1.0,1,32088998,2020,0.5,True
Barnesiella,Spleen deficiency syndrome,1,1,0,1,reduced,1.0,1,32227775,2020,0.667,True
Barnesiellaceae,Cerebral autosomal dominant arteriopathy with subcortical infarcts and leukoencephalopathy,1,1,1,0,elevated,1.0,1,31777426,2019,0.833,False
Barnesiellaceae,Clostridium difficile infection,1,1,0,1,reduced,1.0,1,31462412,2019,0.667,False
Barnesiellaceae,Coronary artery disease,1,1,1,0,elevated,1.0,1,32100534,2020,0.833,False
Barnesiellaceae,HIV infection,1,1,0,1,reduced,1.0,1,24586144,2014,0.667,False
Barnesiellaceae,Juvenile idiopathic arthritis,1,1,0,1,reduced,1.0,1,30592383,2019,0.833,False
Barnesiellaceae,Parkinson's Disease,1,1,1,0,elevated,1.0,1,,2017,0.833,False
Barnesiellaceae,Primary biliary cholangitis,1,1,0,1,reduced,1.0,1,30900136,2019,0.667,False
Barnesiellaceae,Uveitits,1,1,0,1,reduced,1.0,1,29625474,2018,0.667,False
Bartonellaceae,Dandruff,1,0,1,0,elevated,1.0,1,27909689,2016,0.667,False
Bdellovibrio,Interstitial cystitis,1,0,0,1,reduced,1.0,1,22974186,2012,0.5,True
Beijerinckiaceae,Non-alcoholic fatty liver disease,1,0,0,1,reduced,1.0,1,30870486,2019,0.833,False
Bergeriella,Caries,1,0,0,1,reduced,1.0,1,28932895,2018,0.667,False
Bergeriella,"Celiac Disease, Coaliac disease",1,0,0,1,reduced,1.0,1,25403367,2014,0.833,False
Bergeriella,Obesity,1,0,0,1,reduced,1.0,1,6467948,2019,0.833,False
Bergeyella,Appendicitis,1,0,0,1,reduced,1.0,1,3997405,2014,0.5,True
Bergeyella,COPD Exacerbation,1,0,0,1,reduced,1.0,1,31174538,2019,0.833,True
Bergeyella,Chronic kidney disease,1,0,1,0,elevated,1.0,1,30300382,2018,0.833,True
Bergeyella,Cystic Fibrosis,1,0,0,1,reduced,1.0,1,29445257,2017,0.833,True
Bergeyella,Halitosis,1,0,0,1,reduced,1.0,1,31553956,2019,0.833,True
Bergeyella,Obesity,1,0,0,1,reduced,1.0,1,29576948,2018,0.833,True
Bergeyella,Otitis Media,1,0,1,0,elevated,1.0,1,29458340,2018,0.833,True
Bergeyella,Periodontal abscess,1,0,0,1,reduced,1.0,1,31417518,2019,0.833,True
Bergeyella,periodontitis,1,0,0,1,reduced,1.0,1,31502122,2020,0.833,True
Betabaculovirus,Colorectal cancer,1,1,1,0,elevated,1.0,1,29689266,2018,0.667,False
Bifidobacteriaceae,Atrophic gastritis,1,1,0,1,reduced,1.0,1,31781514,2019,0.833,False
Bifidobacteriaceae,Biliary tract cancer,1,0,1,0,elevated,1.0,1,31980025,2020,0.833,False
Bifidobacteriaceae,Chronic fatigue syndrome,1,1,0,1,reduced,1.0,1,27338587,2016,0.667,False
Bifidobacteriaceae,Cystic Fibrosis,1,1,0,1,reduced,1.0,1,28279152,2017,0.667,False
Bifidobacteriaceae,H7N9,1,0,1,0,elevated,1.0,1,29259328,2017,0.667,False
Bifidobacteriaceae,Human papilloma virus infection,1,0,0,1,reduced,1.0,1,31749298,2020,0.833,False
Bifidobacteriaceae,Major depressive disorder,1,1,1,0,elevated,1.0,1,32274300,2020,0.5,False
Bifidobacteriaceae,Myasthenia gravis,1,1,0,1,reduced,1.0,1,30258104,2018,0.833,False
Bifidobacteriaceae,Parkinson's Disease,1,1,1,0,elevated,1.0,1,30576008,2019,0.833,False
Bifidobacteriaceae,Rheumatoid Arthritis,1,1,0,1,reduced,1.0,1,28606969,2017,0.833,False
Bifidobacteriaceae,Type 2 Diabetes,1,1,1,0,elevated,1.0,1,30888537,2019,0.833,False
Bifidobacteriaceae,Ulcerative Colitis,1,0,1,0,elevated,1.0,1,25596182,2015,0.833,False
Bifidobacterium,Acne,1,1,0,1,reduced,1.0,1,30101990,2018,0.833,True
Bifidobacterium,Acute lymphoblastic leukemia,1,0,0,1,reduced,1.0,1,32093640,2020,0.833,True
Bifidobacterium,Aggressive periodontitis,1,0,0,1,reduced,1.0,1,28260061,2017,0.5,True
Bifidobacterium,Alcoholism,1,1,0,1,reduced,1.0,1,31951082,2020,0.833,True
Bifidobacterium,Ankylosing spondylitis,1,1,1,0,elevated,1.0,1,28750650,2017,0.667,True
Bifidobacterium,Arsenic exposure,1,1,0,1,reduced,1.0,1,30135504,2018,0.667,True
Bifidobacterium,Asthma,1,1,0,1,reduced,1.0,1,30290688,2018,0.833,True
Bifidobacterium,Atopic wheeze,1,1,0,1,reduced,1.0,1,29241587,2017,0.833,True
Bifidobacterium,Attention Deficit Hyperactivity Disorder,1,1,1,0,elevated,1.0,1,28863139,2017,0.833,True
Bifidobacterium,Autoimmune hepatitis,1,0,0,1,reduced,1.0,1,26191211,2015,0.833,True
Bifidobacterium,Biliary atresia,1,1,0,1,reduced,1.0,1,31271681,2019,0.833,True
Bifidobacterium,Bladder cancer,1,0,0,1,reduced,1.0,1,31418671,2019,0.167,True
Bifidobacterium,Bronchiolitis,1,1,0,1,reduced,1.0,1,30290688,2018,0.833,True
Bifidobacterium,Chronic Obstructive Pulmonary Disease,1,0,1,0,elevated,1.0,1,23071781,2012,0.667,True
Bifidobacterium,Chronic rhinosinusitis with nasal polyps,1,0,0,1,reduced,1.0,1,29784985,2018,0.833,True
Bifidobacterium,Chronic urticaria,1,1,0,1,reduced,1.0,1,32154184,2020,0.833,True
Bifidobacterium,Diaper dermatitis,1,0,0,1,reduced,1.0,1,31472099,2019,0.833,True
Bifidobacterium,Diarrhea,1,1,0,1,reduced,1.0,1,31062602,2019,0.167,True
Bifidobacterium,Fibromyalgia,1,1,0,1,reduced,1.0,1,31327695,2019,0.833,True
Bifidobacterium,Functional dyspepsia,1,0,1,0,elevated,1.0,1,28761692,2017,0.833,True
Bifidobacterium,Gastric carcinoma,1,1,1,0,elevated,1.0,1,30535886,2019,0.833,True
Bifidobacterium,Glycogen storage disease,1,1,1,0,elevated,1.0,1,30939160,2019,0.833,True
Bifidobacterium,Graves' disease,1,1,0,1,reduced,1.0,1,6158725,2018,0.667,True
Bifidobacterium,"Hand, foot and mouth disease",1,1,1,0,elevated,1.0,1,30427066,2018,0.833,True
Bifidobacterium,Hashimoto's thyroiditis,1,1,0,1,reduced,1.0,1,28903182,2017,0.833,True
Bifidobacterium,Hepatic encephalopathy,1,0,1,0,elevated,1.0,1,22821944,2012,0.833,True
Bifidobacterium,Hepatitis B,1,1,0,1,reduced,1.0,1,21286703,2011,0.667,True
Bifidobacterium,Hepatocellular cancer,1,1,0,1,reduced,1.0,1,29665135,2018,0.667,True
Bifidobacterium,Human end-stage renal disease,1,1,0,1,reduced,1.0,1,32304020,2020,0.667,True
Bifidobacterium,Hyperthyroidism,1,1,0,1,reduced,1.0,1,24969306,2014,0.667,True
Bifidobacterium,Idiopathic focal epilepsy,1,1,0,1,reduced,1.0,1,31730997,2020,0.833,True
Bifidobacterium,Inactive Crohn's Disease,1,1,0,1,reduced,1.0,1,24398881,2014,0.667,True
Bifidobacterium,Infant colic,1,1,0,1,reduced,1.0,1,30177353,2018,0.833,True
Bifidobacterium,Infective colitis,1,1,0,1,reduced,1.0,1,19235886,2009,0.667,True
Bifidobacterium,Inflammatory Bowel Disease,1,1,0,1,reduced,1.0,1,30774408,2019,0.833,True
Bifidobacterium,Interstitial cystitis,1,0,1,0,elevated,1.0,1,22974186,2012,0.5,True
Bifidobacterium,Keratitis,1,1,0,1,reduced,1.0,1,6014669,2018,0.833,True
Bifidobacterium,Liver transplant,1,1,0,1,reduced,1.0,1,22251469,2012,0.667,True
Bifidobacterium,Major depressive disorder,1,1,0,1,reduced,1.0,1,27288567,2016,0.667,True
Bifidobacterium,Metabolic syndrome,1,1,0,1,reduced,1.0,1,30924020,2019,0.833,True
Bifidobacterium,Migraine,1,1,0,1,reduced,1.0,1,32083024,2020,0.833,True
Bifidobacterium,Multiple Sclerosis,1,1,1,0,elevated,1.0,1,27176462,2016,0.833,True
Bifidobacterium,Multiple system atrophy,1,1,0,1,reduced,1.0,1,31680836,2019,0.833,True
Bifidobacterium,Obstructive sleep apnea-hypopnea syndrome,1,1,0,1,reduced,1.0,1,30957778,2019,0.667,True
Bifidobacterium,Pancreatic cancer,1,1,0,1,reduced,1.0,1,29221120,2017,0.833,True
Bifidobacterium,Pancreatitis,1,1,0,1,reduced,1.0,1,30519748,2019,0.833,True
Bifidobacterium,Pervasive developmental disorder NOS,1,1,1,0,elevated,1.0,1,24130822,2013,0.667,True
Bifidobacterium,Primary sclerosing cholangitis-IBD,1,1,1,0,elevated,1.0,1,30666146,2019,0.833,True
Bifidobacterium,Protracted bacterial bronchitis,1,0,1,0,elevated,1.0,1,29984544,2018,0.833,True
Bifidobacterium,Psoriasis,1,1,1,0,elevated,1.0,1,30920647,2019,0.667,True
Bifidobacterium,Pulmonary arterial hypertension,1,1,1,0,elevated,1.0,1,32088998,2020,0.5,True
Bifidobacterium,Rectal Carcinoma,1,1,0,1,reduced,1.0,1,29995183,2018,0.5,True
Bifidobacterium,Rett Syndrome,1,1,1,0,elevated,1.0,1,4967335,2016,0.667,True
Bifidobacterium,Rheumatoid Arthritis,1,1,0,1,reduced,1.0,1,18528968,2008,0.667,True
Bifidobacterium,Sarcopenia,1,1,0,1,reduced,1.0,1,10005572,2023,0.333,True
Bifidobacterium,Shiga Toxin-producing E. coli infection,1,1,0,1,reduced,1.0,1,29468143,2018,0.333,True
Bifidobacterium,Silicosis,1,1,0,1,reduced,1.0,1,30867671,2019,0.833,True
Bifidobacterium,Smoking,1,0,1,0,elevated,1.0,1,27015003,2016,0.833,True
Bifidobacterium,Stevens-Johnson syndrome,1,0,1,0,elevated,1.0,1,32152391,2020,0.833,True
Bifidobacterium,Systemic lupus erythematosus,1,1,0,1,reduced,1.0,1,30872359,2019,0.833,True
Bifidobacterium,Viral Diarrhea,1,1,0,1,reduced,1.0,1,21739252,2011,0.667,True
Bifidobacterium,Vogt-Koyagani-Harada disease,1,1,0,1,reduced,1.0,1,31928124,2020,0.667,True
Bilophila,Acne,1,1,0,1,reduced,1.0,1,29756631,2018,0.667,True
Bilophila,Alcoholism,1,1,1,0,elevated,1.0,1,31951082,2020,0.833,True
Bilophila,Alzheimer's Disease,1,1,1,0,elevated,1.0,1,,2017,0.833,True
Bilophila,Atrial fibrillation,1,1,0,1,reduced,1.0,1,6543127,2019,0.833,True
Bilophila,Behcet's Disease,1,1,1,0,elevated,1.0,1,30077182,2018,0.833,True
Bilophila,Chronic alcoholic pancreatitis,1,1,0,1,reduced,1.0,1,29555983,2018,0.833,True
Bilophila,Cirrhosis,1,1,0,1,reduced,1.0,1,25079328,2014,0.833,True
Bilophila,Colorectal cancer,1,1,1,0,elevated,1.0,1,31171880,2019,0.667,True
Bilophila,HIV infection,1,1,0,1,reduced,1.0,1,27048741,2016,0.5,True
Bilophila,Heart failure,1,1,0,1,reduced,1.0,1,29330424,2018,0.833,True
Bilophila,Hepatitis C,1,1,0,1,reduced,1.0,1,28561276,2018,0.833,True
Bilophila,Infantile eczema,1,1,1,0,elevated,1.0,1,27812181,2016,0.667,True
Bilophila,Kidney stone,1,1,0,1,reduced,1.0,1,29353409,2018,0.833,True
Bilophila,Kidney stone with hypertension,1,0,0,1,reduced,1.0,1,32183836,2020,0.833,True
Bilophila,Myasthenia gravis,1,1,1,0,elevated,1.0,1,30483222,2018,0.833,True
Bilophila,Non-alcoholic fatty liver disease,1,1,0,1,reduced,1.0,1,30870486,2019,0.833,True
Bilophila,Pancreatic cancer,1,1,0,1,reduced,1.0,1,29221120,2017,0.833,True
Bilophila,Preeclamsia,1,1,1,0,elevated,1.0,1,6608563,2019,0.833,True
Bilophila,Schizophrenia,1,1,1,0,elevated,1.0,1,31759045,2020,0.833,True
Bilophila,Type 2 Diabetes,1,0,0,1,reduced,1.0,1,28008148,2017,0.833,True
Bionectriaceae,Schizophrenia,1,1,0,1,reduced,1.0,1,31759045,2020,0.833,False
Bipolaris,Pediculosis,1,0,1,0,elevated,1.0,1,31121305,2019,0.667,False
Blastocystis,HIV infection,1,1,0,1,reduced,1.0,1,31479472,2019,0.833,False
Blastomonas,Lung cancer,1,0,1,0,elevated,1.0,1,30524957,2018,0.833,True
Blautia,AA amyloidosis,1,1,1,0,elevated,1.0,1,31377728,2019,0.667,True
Blautia,Acne,1,1,0,1,reduced,1.0,1,29756631,2018,0.667,True
Blautia,Acquired Immunodeficiency Syndrome,1,1,0,1,reduced,1.0,1,29411528,2018,0.833,True
Blautia,Acute cerbral infarction,1,1,0,1,reduced,1.0,1,31223522,2019,0.833,True
Blautia,Acute fatty liver,1,1,0,1,reduced,1.0,1,31776707,2020,0.667,True
Blautia,Alcoholism,1,1,0,1,reduced,1.0,1,31951082,2020,0.833,True
Blautia,Allergy,1,1,1,0,elevated,1.0,1,29786876,2019,0.667,True
Blautia,Ankylosing spondylitis,1,1,1,0,elevated,1.0,1,31377126,2019,0.667,True
Blautia,Arsenic exposure,1,1,1,0,elevated,1.0,1,30135504,2018,0.667,True
Blautia,Atopic dermatitis,1,1,0,1,reduced,1.0,1,30899033,2019,0.833,True
Blautia,Autism,1,1,1,0,elevated,1.0,1,24130822,2013,0.667,True
Blautia,Autism spectrum disorders,1,1,0,1,reduced,1.0,1,30619212,2018,0.833,True
Blautia,Biliary atresia,1,1,0,1,reduced,1.0,1,31271681,2019,0.833,True
Blautia,Cardiac valve calcification,1,1,0,1,reduced,1.0,1,30897381,2019,0.833,True
Blautia,"Celiac Disease, Coaliac disease",1,1,0,1,reduced,1.0,1,30800106,2019,0.833,True
Blautia,Chagas' disease,1,1,1,0,elevated,1.0,1,30807605,2019,0.667,True
Blautia,Chronic alcoholic pancreatitis,1,1,0,1,reduced,1.0,1,29555983,2018,0.833,True
Blautia,Cirrhosis,1,1,0,1,reduced,1.0,1,23333527,2013,0.833,True
Blautia,Coronary artery disease,1,1,0,1,reduced,1.0,1,32100534,2020,0.833,True
Blautia,Covid-19,1,1,0,1,reduced,1.0,1,7314193,2020,0.833,True
Blautia,Excessive vomiting,1,1,0,1,reduced,1.0,1,31776707,2020,0.667,True
Blautia,Familial Mediterranean fever,1,1,1,0,elevated,1.0,1,31377728,2019,0.667,True
Blautia,Frailty,1,1,0,1,reduced,1.0,1,34485176,2021,0.5,True
Blautia,Glycogen storage disease,1,1,0,1,reduced,1.0,1,30939160,2019,0.833,True
Blautia,Graves' orbitopathy,1,1,0,1,reduced,1.0,1,30674011,2019,0.833,True
Blautia,H1N1 Influenza,1,1,0,1,reduced,1.0,1,32497191,2020,0.833,True
Blautia,Hashimoto's thyroiditis,1,1,1,0,elevated,1.0,1,29320965,2018,0.833,True
Blautia,Hypertension,1,1,0,1,reduced,1.0,1,28143587,2017,0.833,True
Blautia,Idiopathic Pulmonary Fibrosis,1,0,1,0,elevated,1.0,1,31165050,2019,0.833,True
Blautia,Idiopathic focal epilepsy,1,1,0,1,reduced,1.0,1,31730997,2020,0.833,True
Blautia,Infective colitis,1,1,0,1,reduced,1.0,1,19235886,2009,0.667,True
Blautia,Inflammatory Bowel Disease,1,1,0,1,reduced,1.0,1,26843508,2017,0.833,True
Blautia,Ischemic stroke,1,1,0,1,reduced,1.0,1,32473086,2020,0.833,True
Blautia,Juvenile idiopathic arthritis,1,1,0,1,reduced,1.0,1,30592383,2019,0.833,True
Blautia,Kawasaki disease,1,1,1,0,elevated,1.0,1,26322033,2015,0.5,True
Blautia,Migraine,1,1,1,0,elevated,1.0,1,32083024,2020,0.833,True
Blautia,Multiple system atrophy,1,1,0,1,reduced,1.0,1,31680836,2019,0.833,True
Blautia,Neuromyelitis optica,1,1,0,1,reduced,1.0,1,31841737,2020,0.833,True
Blautia,Non-alcoholic fatty liver disease,1,1,0,1,reduced,1.0,1,29362454,2018,0.833,True
Blautia,Osteoporosis,1,1,1,0,elevated,1.0,1,28630804,2017,0.833,True
Blautia,Pancreatic cancer,1,1,0,1,reduced,1.0,1,29221120,2017,0.833,True
Blautia,Pancreatitis,1,1,0,1,reduced,1.0,1,30519748,2019,0.833,True
Blautia,Preeclamsia,1,1,1,0,elevated,1.0,1,6608563,2019,0.833,True
Blautia,Pressure ulcers,1,0,1,0,elevated,1.0,1,32249804,2020,0.833,True
Blautia,Primary biliary cholangitis,1,1,0,1,reduced,1.0,1,30900136,2019,0.667,True
Blautia,Primary sclerosing cholangitis-IBD,1,1,0,1,reduced,1.0,1,29435321,2018,0.833,True
Blautia,Radiation enteritis,1,1,0,1,reduced,1.0,1,30908851,2019,0.667,True
Blautia,Reactive arthritis,1,1,0,1,reduced,1.0,1,29073348,2018,0.833,True
Blautia,Rett Syndrome,1,1,1,0,elevated,1.0,1,4967335,2016,0.667,True
Blautia,Sarcopenia,1,1,1,0,elevated,1.0,1,,2023,0.333,True
Blautia,Severe fever with thrombocytopenia syndrome,1,1,0,1,reduced,1.0,1,30327643,2018,0.833,True
Blautia,Silicosis,1,1,0,1,reduced,1.0,1,30867671,2019,0.833,True
Blautia,Spondyloarthritis,1,1,1,0,elevated,1.0,1,28606969,2017,0.833,True
Blautia,Stevens-Johnson syndrome,1,0,1,0,elevated,1.0,1,32152391,2020,0.833,True
Blautia,Thyroid carcinoma,1,1,1,0,elevated,1.0,1,30565661,2019,0.833,True
Blautia,Uveitits,1,1,0,1,reduced,1.0,1,29625474,2018,0.667,True
Boletus,Tongue cancer,1,0,0,1,reduced,1.0,1,29228609,2017,0.667,False
Bosea,Liver fibrosis,1,0,1,0,elevated,1.0,1,27639192,2016,0.833,True
Bosea,Silicosis,1,1,0,1,reduced,1.0,1,30867671,2019,0.833,True
Brachybacterium,Breast cancer,1,0,1,0,elevated,1.0,1,29190829,2017,0.5,True
Brachybacterium,Infantile eczema,1,1,0,1,reduced,1.0,1,27812181,2016,0.667,True
Brachyspira,Crohn's Disease,1,0,0,1,reduced,1.0,1,28852861,2018,0.833,True
Brachyspira,Ulcerative Colitis,1,0,0,1,reduced,1.0,1,28852861,2018,0.833,True
Bradyrhizobiaceae,Alcoholic hepatitis,1,0,1,0,elevated,1.0,1,29083504,2018,0.833,False
Bradyrhizobiaceae,Inflammatory Bowel Disease,1,0,1,0,elevated,1.0,1,25939040,2015,0.333,False
Bradyrhizobiaceae,Type 2 Diabetes,1,0,0,1,reduced,1.0,1,29172724,2018,0.833,False
Bradyrhizobium,Kidney stone with hypertension,1,0,0,1,reduced,1.0,1,32183836,2020,0.833,True
Bradyrhizobium,Non-alcoholic fatty liver disease,1,1,1,0,elevated,1.0,1,27028797,2017,0.667,True
Bradyrhizobium,Obesity,1,1,1,0,elevated,1.0,1,30572569,2018,0.833,True
Brevibacillus,Gestational diabetes,1,0,0,1,reduced,1.0,1,28932201,2017,0.667,True
Brevibacterium,Infantile eczema,1,1,0,1,reduced,1.0,1,27812181,2016,0.667,True
Brevibacterium,Kidney stone with hypertension,1,0,0,1,reduced,1.0,1,32183836,2020,0.833,True
Brevibacterium,Parkinson's Disease,1,1,0,1,reduced,1.0,1,29776865,2018,0.667,True
Brevibacterium,Psoriasis,1,0,1,0,elevated,1.0,1,30949136,2019,0.5,True
Brevibacterium,Seborrheic dermatitis,1,0,1,0,elevated,1.0,1,32219537,2020,0.833,True
Brevundimonas,Asthma,1,0,0,1,reduced,1.0,1,30911282,2019,0.833,True
Brevundimonas,Chronic Obstructive Pulmonary Disease,1,0,1,0,elevated,1.0,1,23874580,2013,0.667,True
Brevundimonas,Irritable Bowel Syndrome,1,0,0,1,reduced,1.0,1,23757279,2012,0.5,True
Brevundimonas,Mucosa-associated lymphoid tissue lymphoma,1,0,1,0,elevated,1.0,1,,2019,0.833,True
Brevundimonas,Pancreatic cancer,1,1,0,1,reduced,1.0,1,29221120,2017,0.833,True
Brevundimonas,Pancreatitis,1,0,0,1,reduced,1.0,1,29423379,2018,0.667,True
Brevundimonas,Parkinson's Disease,1,1,0,1,reduced,1.0,1,29776865,2018,0.667,True
Brevundimonas,Periodontal disease,1,0,0,1,reduced,1.0,1,31329044,2019,0.833,True
Brevundimonas,Rheumatoid Arthritis,1,0,0,1,reduced,1.0,1,30459400,2018,0.667,True
Brevundimonas,periodontitis,1,0,1,0,elevated,1.0,1,19722792,2009,0.833,True
Brucella,Parkinson's Disease,1,0,1,0,elevated,1.0,1,31247001,2019,0.833,True
Brucellaceae,Bladder cancer,1,0,1,0,elevated,1.0,1,31568654,2019,0.833,False
Brucellaceae,HIV infection,1,0,1,0,elevated,1.0,1,24399150,2014,0.833,False
Buchnera,Generalized anxiety disorder,1,1,0,1,reduced,1.0,1,31437702,2019,0.833,True
Buchnera,Parkinson's Disease,1,0,0,1,reduced,1.0,1,31247001,2019,0.833,True
Bulleidia,Alcoholism,1,1,1,0,elevated,1.0,1,30894059,2019,0.833,True
Bulleidia,Asthma,1,0,0,1,reduced,1.0,1,30911282,2019,0.833,True
Bulleidia,Atherosclerosis,1,1,1,0,elevated,1.0,1,29018189,2017,0.667,True
Bulleidia,Atopic dermatitis,1,1,0,1,reduced,1.0,1,30899033,2019,0.833,True
Bulleidia,Autism spectrum disorders,1,1,0,1,reduced,1.0,1,30228282,2018,0.667,True
Bulleidia,Autoimmune polyendocrine syndrome type 1,1,0,0,1,reduced,1.0,1,29503707,2018,0.833,True
Bulleidia,Barrett's oesophagus,1,0,1,0,elevated,1.0,1,19394334,2009,0.333,True
Bulleidia,Behcet's Disease,1,0,0,1,reduced,1.0,1,27283393,2016,0.833,True
Bulleidia,Chronic Obstructive Pulmonary Disease,1,0,1,0,elevated,1.0,1,23071781,2012,0.667,True
Bulleidia,Cirrhosis,1,0,1,0,elevated,1.0,1,26099252,2015,0.833,True
Bulleidia,Coronary artery disease,1,1,1,0,elevated,1.0,1,32100534,2020,0.833,True
Bulleidia,HIV infection,1,1,1,0,elevated,1.0,1,24034618,2013,0.5,True
Bulleidia,Halitosis,1,0,1,0,elevated,1.0,1,12574246,2003,0.167,True
Bulleidia,Oropharyngeal cancer,1,0,0,1,reduced,1.0,1,31832691,2020,0.833,True
Bulleidia,Parkinson's Disease,1,1,0,1,reduced,1.0,1,29776865,2018,0.667,True
Bulleidia,Preeclamsia,1,1,1,0,elevated,1.0,1,27988814,2016,0.667,True
Bulleidia,Trichomonas vaginalis infection,1,0,1,0,elevated,1.0,1,23482642,2013,0.833,True
Burkholderia,Aerobic vaginitis,1,0,0,1,reduced,1.0,1,31315951,2019,0.833,True
Burkholderia,Anovulation,1,1,0,1,reduced,1.0,1,30773302,2019,0.667,True
Burkholderia,Atopic dermatitis,1,0,0,1,reduced,1.0,1,31619666,2019,0.833,True
Burkholderia,Autism spectrum disorders,1,1,1,0,elevated,1.0,1,31765662,2020,0.667,True
Burkholderia,Caries,1,0,0,1,reduced,1.0,1,20927511,2011,0.333,True
Burkholderia,Chronic Obstructive Pulmonary Disease,1,0,1,0,elevated,1.0,1,22427533,2012,0.667,True
Burkholderia,Cirrhosis,1,0,1,0,elevated,1.0,1,22821944,2012,0.833,True
Burkholderia,Colorectal cancer,1,1,1,0,elevated,1.0,1,31971861,2020,0.833,True
Burkholderia,Crohn's Disease,1,0,1,0,elevated,1.0,1,26574491,2016,0.833,True
Burkholderia,Generalized anxiety disorder,1,1,1,0,elevated,1.0,1,31437702,2019,0.833,True
Burkholderia,Heart failure,1,1,0,1,reduced,1.0,1,29330424,2018,0.833,True
Burkholderia,Hepatic encephalopathy,1,0,1,0,elevated,1.0,1,22821944,2012,0.833,True
Burkholderia,Hepatitis B associated liver failure,1,0,1,0,elevated,1.0,1,30864226,2019,0.833,True
Burkholderia,Huntington's Disease,1,0,1,0,elevated,1.0,1,31798558,2019,0.667,True
Burkholderia,Laryngeal carcinoma,1,0,1,0,elevated,1.0,1,25239901,2014,0.667,True
Burkholderia,Neuropathic bladder,1,0,1,0,elevated,1.0,1,30275977,2018,0.167,True
Burkholderia,Psoriasis,1,0,0,1,reduced,1.0,1,31619666,2019,0.833,True
Burkholderia,Sicca syndrome,1,0,0,1,reduced,1.0,1,30272305,2018,0.833,True
Burkholderia,Systemic sclerosis,1,0,1,0,elevated,1.0,1,30728065,2019,0.833,True
Burkholderia,Type 2 Diabetes,1,0,1,0,elevated,1.0,1,29172724,2018,0.833,True
Burkholderia,Ulcerative Colitis,1,1,1,0,elevated,1.0,1,31055592,2019,0.833,True
Burkholderia,Uveitits,1,1,1,0,elevated,1.0,1,29625474,2018,0.667,True
Burkholderia,periodontitis,1,0,0,1,reduced,1.0,1,23303375,2013,0.833,True
Burkholderiaceae,Caries,1,0,1,0,elevated,1.0,1,31365560,2019,0.5,False
Burkholderiaceae,Schizophrenia,1,1,1,0,elevated,1.0,1,31759045,2020,0.833,False
Burkholderiales,Hypertension,1,1,0,1,reduced,1.0,1,29507058,2018,0.833,False
Butiricimonas,Hepatitis C,1,1,0,1,reduced,1.0,1,27625705,2016,0.667,False
Buttiauxella,Colorectal cancer,1,0,0,1,reduced,1.0,1,25699023,2015,0.667,True
Butyricicoccus,Atrial fibrillation,1,1,0,1,reduced,1.0,1,6543127,2019,0.833,True
Butyricicoccus,Autism,1,1,0,1,reduced,1.0,1,29274915,2018,0.833,True
Butyricicoccus,Chronic pancreatitis,1,1,0,1,reduced,1.0,1,31806503,2019,0.833,True
Butyricicoccus,Colon adenomas,1,1,0,1,reduced,1.0,1,30794590,2019,0.833,True
Butyricicoccus,Crohn's Disease,1,1,0,1,reduced,1.0,1,27542127,2016,0.833,True
Butyricicoccus,Generalized anxiety disorder,1,1,0,1,reduced,1.0,1,30029052,2018,0.833,True
Butyricicoccus,Graves' orbitopathy,1,1,0,1,reduced,1.0,1,30674011,2019,0.833,True
Butyricicoccus,Heart failure,1,1,0,1,reduced,1.0,1,29330424,2018,0.833,True
Butyricicoccus,Infantile eczema,1,1,0,1,reduced,1.0,1,27812181,2016,0.667,True
Butyricicoccus,Irritable Bowel Syndrome,1,0,0,1,reduced,1.0,1,23757279,2012,0.5,True
Butyricicoccus,Kidney stone with hypertension,1,0,0,1,reduced,1.0,1,32183836,2020,0.833,True
Butyricicoccus,Myasthenia gravis,1,1,0,1,reduced,1.0,1,30483222,2018,0.833,True
Butyricicoccus,Obesity,1,1,1,0,elevated,1.0,1,31399369,2019,0.833,True
Butyricicoccus,Pancreatic cancer,1,1,0,1,reduced,1.0,1,29221120,2017,0.833,True
Butyricicoccus,Parkinson's Disease,1,1,1,0,elevated,1.0,1,29501802,2018,0.667,True
Butyricicoccus,Schizophrenia,1,1,0,1,reduced,1.0,1,31759045,2020,0.833,True
Butyricimonas,Colon adenomas,1,1,0,1,reduced,1.0,1,30794590,2019,0.833,True
Butyricimonas,Coronary artery disease,1,1,1,0,elevated,1.0,1,32100534,2020,0.833,True
Butyricimonas,Helicobacter pylori infection,1,1,1,0,elevated,1.0,1,31211818,2019,0.5,True
Butyricimonas,Hepatitis C,1,1,0,1,reduced,1.0,1,28561276,2018,0.833,True
Butyricimonas,Inflammatory Bowel Disease,1,1,1,0,elevated,1.0,1,26843508,2017,0.833,True
Butyricimonas,Lung cancer,1,1,1,0,elevated,1.0,1,32240032,2020,0.833,True
Butyricimonas,Obesity,1,1,0,1,reduced,1.0,1,31399369,2019,0.833,True
Butyricimonas,Primary biliary cholangitis,1,1,0,1,reduced,1.0,1,30900136,2019,0.667,True
Butyricimonas,Thyroid carcinoma,1,1,0,1,reduced,1.0,1,30584647,2019,0.833,True
Butyricimonas,Type 2 Diabetes,1,0,0,1,reduced,1.0,1,28008148,2017,0.833,True
Butyrivibrio,Ankylosing spondylitis,1,1,0,1,reduced,1.0,1,28750650,2017,0.667,True
Butyrivibrio,Asthma,1,0,0,1,reduced,1.0,1,30911282,2019,0.833,True
Butyrivibrio,Autism spectrum disorders,1,0,0,1,reduced,1.0,1,29371629,2018,0.833,True
Butyrivibrio,Behcet's Disease,1,1,0,1,reduced,1.0,1,30628011,2019,0.667,True
Butyrivibrio,Chagas' disease,1,1,1,0,elevated,1.0,1,30807605,2019,0.667,True
Butyrivibrio,Chronic Obstructive Pulmonary Disease,1,0,1,0,elevated,1.0,1,23071781,2012,0.667,True
Butyrivibrio,Cystic Fibrosis,1,0,0,1,reduced,1.0,1,29445257,2017,0.833,True
Butyrivibrio,HIV infection,1,1,0,1,reduced,1.0,1,31894240,2020,0.833,True
Butyrivibrio,Hypertension,1,1,0,1,reduced,1.0,1,28143587,2017,0.833,True
Butyrivibrio,Kidney stone with hypertension,1,0,0,1,reduced,1.0,1,32183836,2020,0.833,True
Butyrivibrio,Protracted bacterial bronchitis,1,0,1,0,elevated,1.0,1,29984544,2018,0.833,True
Butyrivibrio,Pulmonary arterial hypertension,1,1,0,1,reduced,1.0,1,32088998,2020,0.5,True
Butyrivibrio,Sjögren Syndrome,1,0,0,1,reduced,1.0,1,27087247,2016,0.5,True
Byssochlamys,Clostridium difficile infection,1,1,1,0,elevated,1.0,1,31462412,2019,0.667,False
CMV,Atherosclerosis,1,0,1,0,elevated,1.0,1,11940204,2002,0.333,False
Caldalkalibacillus,Cutaneous burn,1,0,1,0,elevated,1.0,1,28333758,2017,0.5,True
Caldithrix,Non-alcoholic fatty liver disease,1,0,1,0,elevated,1.0,1,30870486,2019,0.833,True
Caloramator,Acne,1,0,0,1,reduced,1.0,1,31173650,2019,0.833,True
Caloramator,Autism,1,1,1,0,elevated,1.0,1,24130822,2013,0.667,True
Calyptella,Uveitits,1,1,0,1,reduced,1.0,1,30938773,2019,0.667,False
Calyptogena,Cystic Fibrosis,1,1,0,1,reduced,1.0,1,22538067,2012,0.5,False
Campylobacter,Acute lymphoblastic leukemia,1,0,0,1,reduced,1.0,1,32093640,2020,0.833,True
Campylobacter,Adolescent idiopathic scoliosis,1,1,0,1,reduced,1.0,1,30481617,2019,0.833,True
Campylobacter,Ankylosing spondylitis,1,1,0,1,reduced,1.0,1,28750650,2017,0.667,True
Campylobacter,Autism spectrum disorders,1,1,0,1,reduced,1.0,1,30701194,2019,0.833,True
Campylobacter,Autoimmune polyendocrine syndrome type 1,1,0,0,1,reduced,1.0,1,29503707,2018,0.833,True
Campylobacter,COPD Exacerbation,1,0,0,1,reduced,1.0,1,31174538,2019,0.833,True
Campylobacter,Caries,1,0,1,0,elevated,1.0,1,32040467,2020,0.5,True
Campylobacter,Chronic Rhinosinusitis,1,0,1,0,elevated,1.0,1,26272413,2015,0.667,True
Campylobacter,Cirrhosis,1,0,0,1,reduced,1.0,1,26099252,2015,0.833,True
Campylobacter,Common Variable Immunodeficieny,1,1,1,0,elevated,1.0,1,6700332,2019,0.667,True
Campylobacter,Crohn's Disease,1,0,1,0,elevated,1.0,1,23060013,2013,0.833,True
Campylobacter,Cystic Fibrosis,1,0,0,1,reduced,1.0,1,29445257,2017,0.833,True
Campylobacter,Eosinophilic esophagitis,1,0,1,0,elevated,1.0,1,26034601,2015,0.833,True
Campylobacter,Exacerbations of idiopathic pulmonary fibrosis,1,0,1,0,elevated,1.0,1,28143484,2017,0.833,True
Campylobacter,Extrinsic black stain,1,0,0,1,reduced,1.0,1,26340752,2015,0.5,True
Campylobacter,Gastro-oesophageal reflux disease,1,0,1,0,elevated,1.0,1,23600758,2013,0.5,True
Campylobacter,Halitosis,1,0,1,0,elevated,1.0,1,28875948,2017,0.833,True
Campylobacter,Heart failure,1,1,1,0,elevated,1.0,1,29330424,2018,0.833,True
Campylobacter,Hepatitis B,1,0,0,1,reduced,1.0,1,26606973,2015,0.833,True
Campylobacter,Hepatocellular cancer,1,0,1,0,elevated,1.0,1,27605161,2016,0.833,True
Campylobacter,Human papilloma virus infection,1,0,0,1,reduced,1.0,1,31111067,2019,0.5,True
Campylobacter,Hyperglycemia,1,0,1,0,elevated,1.0,1,31981541,2020,0.833,True
Campylobacter,Hypopharyngeal cancer,1,0,0,1,reduced,1.0,1,31832691,2020,0.833,True
Campylobacter,Idiopathic Pulmonary Fibrosis,1,0,1,0,elevated,1.0,1,31165050,2019,0.833,True
Campylobacter,Idiopathic focal epilepsy,1,1,1,0,elevated,1.0,1,31730997,2020,0.833,True
Campylobacter,Interstitial cystitis,1,0,0,1,reduced,1.0,1,22974186,2012,0.5,True
Campylobacter,Macular degeneration,1,0,1,0,elevated,1.0,1,32123200,2020,0.833,True
Campylobacter,Meningococcal disease,1,0,1,0,elevated,1.0,1,31959912,2020,0.667,True
Campylobacter,Oral leukoplakia,1,0,1,0,elevated,1.0,1,29250055,2017,0.833,True
Campylobacter,Oral lichen planus,1,0,1,0,elevated,1.0,1,,2019,0.833,True
Campylobacter,Oral potentially malignant disorder,1,0,1,0,elevated,1.0,1,30054809,2018,0.833,True
Campylobacter,Oropharyngeal cancer,1,0,0,1,reduced,1.0,1,31832691,2020,0.833,True
Campylobacter,Overactive bladder,1,0,0,1,reduced,1.0,1,29230385,2017,0.833,True
Campylobacter,Pancreatic cancer,1,1,1,0,elevated,1.0,1,29221120,2017,0.833,True
Campylobacter,Pancreatic head cancer,1,0,1,0,elevated,1.0,1,30728915,2019,0.833,True
Campylobacter,Parkinson's Disease,1,0,0,1,reduced,1.0,1,31247001,2019,0.833,True
Campylobacter,Rheumatoid Arthritis,1,1,1,0,elevated,1.0,1,30321331,2018,0.667,True
Campylobacter,Rosacea,1,0,1,0,elevated,1.0,1,31502207,2019,0.833,True
Campylobacter,Smoking,1,0,1,0,elevated,1.0,1,21208407,2011,0.833,True
Campylobacter,Systemic lupus erythematosus,1,1,1,0,elevated,1.0,1,30872359,2019,0.833,True
Campylobacter,Tetratricopeptide repeat domain 7A deficiency,1,1,1,0,elevated,1.0,1,30312711,2019,0.333,True
Campylobacter,Tongue cancer,1,0,0,1,reduced,1.0,1,29228609,2017,0.667,True
Campylobacter,Trichomonas vaginalis infection,1,0,1,0,elevated,1.0,1,23482642,2013,0.833,True
Candida,Alcoholic hepatitis,1,1,1,0,elevated,1.0,1,31228214,2019,0.833,False
Candida,Autism spectrum disorders,1,1,1,0,elevated,1.0,1,28222761,2017,0.833,False
Candida,Clostridium difficile associated disease,1,1,1,0,elevated,1.0,1,30202057,2018,0.833,False
Candida,Cystic fibrosis exacerbation,1,0,0,1,reduced,1.0,1,32108159,2020,0.667,False
Candida,Dandruff,1,0,1,0,elevated,1.0,1,27909689,2016,0.667,False
Candida,Helicobacter pylori infection,1,1,1,0,elevated,1.0,1,31211818,2019,0.5,False
Candida,Huntington's Disease,1,0,1,0,elevated,1.0,1,31798558,2019,0.667,False
Candida,Inflammatory Bowel Disease,1,1,1,0,elevated,1.0,1,26843508,2017,0.833,False
Candida,Oral lichen planus,1,0,1,0,elevated,1.0,1,31263096,2019,0.667,False
Candida,Psoriasis,1,0,1,0,elevated,1.0,1,30949136,2019,0.5,False
Candida,Uveitits,1,1,1,0,elevated,1.0,1,30938773,2019,0.667,False
Candida,periodontitis,1,0,1,0,elevated,1.0,1,28701186,2017,0.833,False
Candidatus,Aerobic vaginitis,1,0,1,0,elevated,1.0,1,31955954,2020,0.833,False
Candidatus,Aggressive periodontitis,1,0,1,0,elevated,1.0,1,30710838,2019,0.833,False
Candidatus,Anovulation,1,1,0,1,reduced,1.0,1,30773302,2019,0.667,False
Candidatus,Autism spectrum disorders,1,1,0,1,reduced,1.0,1,30670726,2019,0.833,False
Candidatus,Cervical intraneoplasia,1,0,1,0,elevated,1.0,1,30841606,2019,0.667,False
Candidatus,Chronic kidney disease,1,0,0,1,reduced,1.0,1,30962186,2019,0.833,False
Candidatus,Colorectal cancer,1,0,1,0,elevated,1.0,1,26170900,2015,0.833,False
Candidatus,Gastric carcinoma,1,0,0,1,reduced,1.0,1,28765474,2018,0.833,False
Candidatus,Gestational diabetes,1,0,0,1,reduced,1.0,1,28932201,2017,0.667,False
Candidatus,Neuromyelitis optica,1,1,0,1,reduced,1.0,1,27398819,2016,0.667,False
Candidatus,Obesity,1,1,1,0,elevated,1.0,1,30572569,2018,0.833,False
Candidatus,Vogt-Koyagani-Harada disease,1,1,0,1,reduced,1.0,1,31928124,2020,0.667,False
Capnocytophaga,Aggressive periodontitis,1,0,0,1,reduced,1.0,1,25814980,2015,0.5,True
Capnocytophaga,Aphthous ulcer,1,0,1,0,elevated,1.0,1,32169076,2020,0.833,True
Capnocytophaga,Asthma,1,0,0,1,reduced,1.0,1,29031597,2018,0.5,True
Capnocytophaga,Autoimmune polyendocrine syndrome type 1,1,0,1,0,elevated,1.0,1,29503707,2018,0.833,True
Capnocytophaga,COPD Exacerbation,1,0,0,1,reduced,1.0,1,31174538,2019,0.833,True
Capnocytophaga,Cirrhosis,1,0,0,1,reduced,1.0,1,26606973,2015,0.833,True
Capnocytophaga,Crohn's Disease,1,0,1,0,elevated,1.0,1,,2015,0.667,True
Capnocytophaga,Cystic Fibrosis,1,0,0,1,reduced,1.0,1,29445257,2017,0.833,True
Capnocytophaga,Edentulism,1,0,1,0,elevated,1.0,1,27717873,2016,0.5,True
Capnocytophaga,Halitosis,1,0,1,0,elevated,1.0,1,28875948,2017,0.833,True
Capnocytophaga,Head/Neck cancer,1,0,0,1,reduced,1.0,1,32071121,2020,0.833,True
Capnocytophaga,Hepatitis B,1,0,0,1,reduced,1.0,1,26606973,2015,0.833,True
Capnocytophaga,Human papilloma virus infection,1,0,1,0,elevated,1.0,1,31111067,2019,0.5,True
Capnocytophaga,Hypopharyngeal cancer,1,0,0,1,reduced,1.0,1,31832691,2020,0.833,True
Capnocytophaga,Invasive pneumococcal disease,1,0,1,0,elevated,1.0,1,6360994,2019,0.833,True
Capnocytophaga,Iron-deficiency anaemia,1,0,0,1,reduced,1.0,1,31752810,2019,0.833,True
Capnocytophaga,Laryngeal carcinoma,1,0,1,0,elevated,1.0,1,23824228,2013,0.833,True
Capnocytophaga,Oropharyngeal cancer,1,0,0,1,reduced,1.0,1,31832691,2020,0.833,True
Capnocytophaga,Periodontal abscess,1,0,0,1,reduced,1.0,1,31417518,2019,0.833,True
Capnocytophaga,Periodontal disease,1,0,0,1,reduced,1.0,1,31329044,2019,0.833,True
Capnocytophaga,Rheumatoid Arthritis,1,0,0,1,reduced,1.0,1,,2012,0.667,True
Capnocytophaga,Sicca syndrome,1,0,1,0,elevated,1.0,1,31211815,2019,0.833,True
Capnocytophaga,Systemic lupus erythematosus,1,0,0,1,reduced,1.0,1,28320468,2017,0.833,True
Capnocytophaga,Tongue cancer,1,0,0,1,reduced,1.0,1,29228609,2017,0.667,True
Capnodiales,Psoriasis,1,0,1,0,elevated,1.0,1,30949136,2019,0.5,False
Carboxydothermus,Autism spectrum disorders,1,1,0,1,reduced,1.0,1,31765662,2020,0.667,True
Cardiobacterium,Aggressive periodontitis,1,0,1,0,elevated,1.0,1,28260061,2017,0.5,True
Cardiobacterium,Alcoholism,1,0,1,0,elevated,1.0,1,29685174,2018,0.833,True
Cardiobacterium,Autism spectrum disorders,1,0,1,0,elevated,1.0,1,29371629,2018,0.833,True
Cardiobacterium,Caries,1,0,0,1,reduced,1.0,1,28709393,2017,0.667,True
Cardiobacterium,Cirrhosis,1,0,0,1,reduced,1.0,1,26606973,2015,0.833,True
Cardiobacterium,Edentulism,1,0,0,1,reduced,1.0,1,30657624,2019,0.833,True
Cardiobacterium,Extrinsic black stain,1,0,1,0,elevated,1.0,1,26340752,2015,0.5,True
Cardiobacterium,Iron-deficiency anaemia,1,0,0,1,reduced,1.0,1,31752810,2019,0.833,True
Cardiobacterium,Obesity,1,0,0,1,reduced,1.0,1,29576948,2018,0.833,True
Cardiobacterium,Type 2 Diabetes,1,0,0,1,reduced,1.0,1,23613868,2013,0.833,True
Carnobacteriaceae,Cirrhosis,1,1,0,1,reduced,1.0,1,28578302,2018,0.833,False
Carnobacteriaceae,Pemphigus vulgaris,1,1,0,1,reduced,1.0,1,31211854,2019,0.833,False
Carnobacteriaceae,Primary immune thrombocytopenia,1,1,0,1,reduced,1.0,1,32272276,2020,0.833,False
Carnobacterium,Acne,1,1,0,1,reduced,1.0,1,29756631,2018,0.667,True
Carnobacterium,Acute fatty liver,1,1,1,0,elevated,1.0,1,31776707,2020,0.667,True
Carnobacterium,Chronic Rhinosinusitis,1,0,0,1,reduced,1.0,1,22972842,2012,0.0,True
Carnobacterium,Chronic kidney disease,1,1,0,1,reduced,1.0,1,30088332,2018,0.667,True
Carnobacterium,Constipation,1,1,1,0,elevated,1.0,1,31776707,2020,0.667,True
Carnobacterium,Excessive vomiting,1,1,1,0,elevated,1.0,1,31776707,2020,0.667,True
Carnobacterium,Psoriasis,1,1,0,1,reduced,1.0,1,30264198,2019,0.5,True
Catenibacterium,Alcoholic cirrhosis,1,1,0,1,reduced,1.0,1,31951082,2020,0.833,True
Catenibacterium,Alcoholism,1,1,1,0,elevated,1.0,1,31951082,2020,0.833,True
Catenibacterium,Chronic kidney disease,1,1,0,1,reduced,1.0,1,28588309,2017,0.833,True
Catenibacterium,Clostridium difficile infection,1,1,0,1,reduced,1.0,1,30785932,2019,0.667,True
Catenibacterium,Idiopathic REM Sleep Behavior Disorder,1,1,0,1,reduced,1.0,1,28843021,2018,0.667,True
Catenibacterium,Intrahepatic Cholangiocarcinoma,1,1,0,1,reduced,1.0,1,31298745,2019,0.833,True
Catenibacterium,Metabolic syndrome,1,1,1,0,elevated,1.0,1,32143621,2020,0.833,True
Catenibacterium,Non-alcoholic fatty liver disease,1,1,0,1,reduced,1.0,1,30926798,2019,0.833,True
Catenibacterium,Pancreatic cancer,1,1,1,0,elevated,1.0,1,29221120,2017,0.833,True
Catenibacterium,Schizophrenia,1,0,1,0,elevated,1.0,1,26336637,2015,0.667,True
Catenibacterium,Ulcerative Colitis,1,1,0,1,reduced,1.0,1,20816835,2010,0.833,True
Catonella,Asthma,1,0,0,1,reduced,1.0,1,30911282,2019,0.833,True
Catonella,Autism spectrum disorders,1,0,0,1,reduced,1.0,1,29371629,2018,0.833,True
Catonella,Autoimmune polyendocrine syndrome type 1,1,0,0,1,reduced,1.0,1,29503707,2018,0.833,True
Catonella,Chronic Obstructive Pulmonary Disease,1,0,1,0,elevated,1.0,1,23071781,2012,0.667,True
Catonella,Cirrhosis,1,0,1,0,elevated,1.0,1,26606973,2015,0.833,True
Catonella,Cystic Fibrosis,1,0,1,0,elevated,1.0,1,29445257,2017,0.833,True
Catonella,Edentulism,1,0,1,0,elevated,1.0,1,27717873,2016,0.5,True
Catonella,Meningococcal disease,1,0,1,0,elevated,1.0,1,31959912,2020,0.667,True
Catonella,Neisseria gonorrhoeae infection,1,0,1,0,elevated,1.0,1,31945133,2020,0.833,True
Catonella,Obesity,1,0,1,0,elevated,1.0,1,29576948,2018,0.833,True
Catonella,Orofacial granulomatosis,1,0,1,0,elevated,1.0,1,30796823,2019,0.667,True
Catonella,Pancreatic head cancer,1,0,1,0,elevated,1.0,1,30728915,2019,0.833,True
Catonella,Periodontal disease,1,0,1,0,elevated,1.0,1,22675498,2012,0.667,True
Catonella,Sjögren Syndrome,1,0,0,1,reduced,1.0,1,27770517,2016,0.667,True
Caudovirales,Inflammatory Bowel Disease,1,1,1,0,elevated,1.0,1,25619688,2015,0.333,False
Caulobacter,Aphthous stomatitis,1,0,1,0,elevated,1.0,1,25540188,2015,0.833,True
Caulobacter,Colorectal cancer,1,0,0,1,reduced,1.0,1,25699023,2015,0.667,True
Caulobacteriaceae,Breast cancer,1,0,1,0,elevated,1.0,1,30175072,2018,0.833,False
Caulobacteriaceae,Crohn's Disease,1,0,1,0,elevated,1.0,1,26574491,2016,0.833,False
Ceduovirus,Colorectal cancer,1,1,1,0,elevated,1.0,1,29689266,2018,0.667,False
Cellulomonas,Asthma,1,0,1,0,elevated,1.0,1,30911282,2019,0.833,True
Cellulosilyticum,Crohn's Disease,1,1,0,1,reduced,1.0,1,26789999,2016,0.667,True
Cellulosilyticum,Type 2 Diabetes,1,1,0,1,reduced,1.0,1,7052266,2020,0.833,True
Cellulosimicrobium,Parkinson's Disease,1,0,1,0,elevated,1.0,1,31247001,2019,0.833,True
Cellvibrio,Kidney stone with hypertension,1,0,0,1,reduced,1.0,1,32183836,2020,0.833,True
Cellvibrio,Vitiligo,1,0,1,0,elevated,1.0,1,26758568,2016,0.667,True
Centipeda,Pancreatic cancer,1,1,1,0,elevated,1.0,1,29221120,2017,0.833,True
Cephalotrichum,Schizophrenia,1,1,0,1,reduced,1.0,1,31759045,2020,0.833,False
Cetobacterium,Normal weight obesity,1,1,0,1,reduced,1.0,1,32296838,2020,0.833,True
Cetobacterium,Stevens-Johnson syndrome,1,0,0,1,reduced,1.0,1,32152391,2020,0.833,True
Chaetomiaceae,Colorectal cancer,1,1,1,0,elevated,1.0,1,30472682,2019,0.833,False
Chaetomium,Pediculosis,1,0,1,0,elevated,1.0,1,31121305,2019,0.667,False
Chaetomium,Schizophrenia,1,1,1,0,elevated,1.0,1,31759045,2020,0.833,False
Chitinimonas,Azoospermia,1,0,0,1,reduced,1.0,1,29456693,2018,0.667,True
Chitinophagaceae,Alcoholic hepatitis,1,0,1,0,elevated,1.0,1,29083504,2018,0.833,False
Chlamydia,Coronary Heart Disease,1,0,1,0,elevated,1.0,1,,2006,0.833,True
Chloracidobacterium,Autism spectrum disorders,1,1,0,1,reduced,1.0,1,30701194,2019,0.833,True
Chlorobaculum,Azoospermia,1,0,0,1,reduced,1.0,1,29456693,2018,0.667,True
Chloroflexi,Colon adenomas,1,0,1,0,elevated,1.0,1,4872055,2016,0.5,False
Chloroflexi,HIV-infected pneumonia,1,0,1,0,elevated,1.0,1,22760045,2012,0.5,False
Christensenella,Autism,1,1,0,1,reduced,1.0,1,29274915,2018,0.833,True
Christensenella,Cirrhosis,1,1,1,0,elevated,1.0,1,29665135,2018,0.667,True
Christensenella,Colorectal cancer,1,0,0,1,reduced,1.0,1,30576312,2018,0.833,True
Christensenella,Multiple Sclerosis,1,1,1,0,elevated,1.0,1,27176462,2016,0.833,True
Christensenella,Pressure ulcers,1,0,1,0,elevated,1.0,1,32249804,2020,0.833,True
Christensenella,Schizophrenia,1,1,1,0,elevated,1.0,1,31759045,2020,0.833,True
Christensenella,Ulcerative Colitis,1,0,0,1,reduced,1.0,1,28852861,2018,0.833,True
Christensenellaceae,Alcoholic hepatitis,1,1,0,1,reduced,1.0,1,30144108,2018,0.833,False
Christensenellaceae,Clostridium difficile infection,1,1,0,1,reduced,1.0,1,4863157,2016,0.833,False
Christensenellaceae,Gastric carcinoma,1,1,1,0,elevated,1.0,1,30535886,2019,0.833,False
Christensenellaceae,Glycogen storage disease,1,1,0,1,reduced,1.0,1,30939160,2019,0.833,False
Christensenellaceae,HIV infection,1,0,0,1,reduced,1.0,1,24399150,2014,0.833,False
Christensenellaceae,Inflammatory Bowel Disease,1,1,0,1,reduced,1.0,1,26843508,2017,0.833,False
Christensenellaceae,Irritable Bowel Syndrome,1,0,0,1,reduced,1.0,1,31953505,2020,0.833,False
Christensenellaceae,Microscopic colitis,1,1,0,1,reduced,1.0,1,31009268,2019,0.833,False
Christensenellaceae,Obesity,1,1,0,1,reduced,1.0,1,29388394,2018,0.667,False
Christensenellaceae,Parkinson's Disease,1,1,1,0,elevated,1.0,1,30576008,2019,0.833,False
Christensenellaceae,Primary biliary cholangitis,1,1,0,1,reduced,1.0,1,30900136,2019,0.667,False
Christensenellaceae,Primary sclerosing cholangitis,1,1,0,1,reduced,1.0,1,26887816,2017,0.667,False
Christensenellaceae,Ulcerative Colitis,1,1,0,1,reduced,1.0,1,31055592,2019,0.833,False
Chryseobacterium,Chronic Obstructive Pulmonary Disease,1,0,1,0,elevated,1.0,1,27428540,2016,0.667,True
Chryseobacterium,Mucosa-associated lymphoid tissue lymphoma,1,0,0,1,reduced,1.0,1,,2019,0.833,True
Chryseobacterium,Rheumatoid Arthritis,1,0,0,1,reduced,1.0,1,30459400,2018,0.667,True
Chryseobacterium,Type 2 Diabetes,1,0,1,0,elevated,1.0,1,31263683,2019,0.667,True
Circoviridae,Type 1 Diabetes,1,1,0,1,reduced,1.0,1,28696303,2017,0.5,False
Circovirus,Colorectal cancer,1,1,1,0,elevated,1.0,1,29689266,2018,0.667,False
Citricoccus,Acne,1,0,0,1,reduced,1.0,1,31173650,2019,0.833,True
Citricoccus,Chagas' disease,1,0,0,1,reduced,1.0,1,30807605,2019,0.667,True
Citrobacter,Ankylosing spondylitis,1,1,0,1,reduced,1.0,1,28750650,2017,0.667,True
Citrobacter,Bacterial vaginosis,1,0,1,0,elevated,1.0,1,18717638,2008,0.5,True
Citrobacter,Chronic Obstructive Pulmonary Disease,1,0,0,1,reduced,1.0,1,23071781,2012,0.667,True
Citrobacter,Chronic kidney disease,1,1,1,0,elevated,1.0,1,32236095,2020,0.833,True
Citrobacter,Clostridium difficile infection,1,1,1,0,elevated,1.0,1,4863157,2016,0.833,True
Citrobacter,Colorectal cancer,1,1,1,0,elevated,1.0,1,23940645,2013,0.833,True
Citrobacter,Coronary Heart Disease,1,1,0,1,reduced,1.0,1,30202890,2019,0.667,True
Citrobacter,Gastric carcinoma,1,0,1,0,elevated,1.0,1,29102920,2018,0.667,True
Citrobacter,Gastroenteritis,1,1,1,0,elevated,1.0,1,5118858,2016,0.667,True
Citrobacter,HIV infection,1,0,1,0,elevated,1.0,1,24817204,2014,0.667,True
Citrobacter,Hepatitis C,1,1,1,0,elevated,1.0,1,28561276,2018,0.833,True
Citrobacter,Necrotizing enterocolitis,1,1,1,0,elevated,1.0,1,19783002,2010,0.667,True
Citrobacter,Non-alcoholic fatty liver disease,1,1,0,1,reduced,1.0,1,30870486,2019,0.833,True
Citrobacter,Parkinson's Disease,1,1,1,0,elevated,1.0,1,31174953,2019,0.667,True
Citrobacter,Pouchitis,1,1,1,0,elevated,1.0,1,20845425,2011,0.667,True
Citrobacter,Primary biliary cholangitis,1,1,1,0,elevated,1.0,1,30900136,2019,0.667,True
Citrobacter,Systemic sclerosis,1,0,1,0,elevated,1.0,1,30728065,2019,0.833,True
Cladosporium,Oral cancer,1,0,0,1,reduced,1.0,1,29152157,2017,0.833,False
Clavibacter,Oral cancer,1,0,1,0,elevated,1.0,1,18033835,2007,0.333,True
Clavibacter,Parkinson's Disease,1,0,1,0,elevated,1.0,1,31247001,2019,0.833,True
Cloacibacillus,Chronic kidney disease,1,1,1,0,elevated,1.0,1,28588309,2017,0.833,True
Cloacibacillus,Clonorchis sinensis infection,1,1,1,0,elevated,1.0,1,30323795,2018,0.833,True
Cloacibacillus,Crohn's Disease,1,0,0,1,reduced,1.0,1,28852861,2018,0.833,True
Cloacibacillus,Ulcerative Colitis,1,0,0,1,reduced,1.0,1,28852861,2018,0.833,True
Cloacibacterium,Chlamydia,1,0,1,0,elevated,1.0,1,31738795,2019,0.833,True
Cloacibacterium,Chronic Rhinosinusitis,1,0,0,1,reduced,1.0,1,28005692,2016,0.667,True
Cloacibacterium,Colorectal cancer,1,0,1,0,elevated,1.0,1,22622349,2012,0.833,True
Cloacibacterium,Disease-free ,1,0,0,1,reduced,1.0,1,,2016,0.5,True
Cloacibacterium,Kidney stone with hypertension,1,0,1,0,elevated,1.0,1,32183836,2020,0.833,True
Cloacibacterium,Parkinson's Disease,1,0,1,0,elevated,1.0,1,29881345,2018,0.833,True
Cloacibacterium,Pregnancy,1,0,1,0,elevated,1.0,1,29497601,2018,0.833,True
Cloacibacterium,Ulcerative Colitis,1,0,1,0,elevated,1.0,1,29462845,2018,0.833,True
Clostridia,Autism,1,1,1,0,elevated,1.0,1,25446201,2015,0.667,False
Clostridia,Juvenile Idiopathic Arthritis,1,1,0,1,reduced,1.0,1,5080347,2016,0.667,False
Clostridiaceae,Aggressive periodontitis,1,0,0,1,reduced,1.0,1,28260061,2017,0.5,False
Clostridiaceae,Alzheimer's Disease,1,1,0,1,reduced,1.0,1,31063846,2019,0.833,False
Clostridiaceae,Asthma,1,1,1,0,elevated,1.0,1,27634868,2016,0.833,False
Clostridiaceae,Autism spectrum disorders,1,1,0,1,reduced,1.0,1,30228282,2018,0.667,False
Clostridiaceae,Bipolar disorder,1,1,1,0,elevated,1.0,1,31132957,2019,0.667,False
Clostridiaceae,Cardiac valve calcification,1,1,0,1,reduced,1.0,1,30897381,2019,0.833,False
Clostridiaceae,Cirrhosis,1,0,0,1,reduced,1.0,1,30905718,2019,0.833,False
Clostridiaceae,Coronary artery disease,1,1,0,1,reduced,1.0,1,30897381,2019,0.833,False
Clostridiaceae,Hepatic encephalopathy,1,0,1,0,elevated,1.0,1,30816877,2019,0.833,False
Clostridiaceae,Obstructive sleep apnea-hypopnea syndrome,1,0,0,1,reduced,1.0,1,30976074,2019,0.667,False
Clostridiaceae,Primary biliary cholangitis,1,1,1,0,elevated,1.0,1,30900136,2019,0.667,False
Clostridiaceae,Ulcerative Colitis,1,0,1,0,elevated,1.0,1,25596182,2015,0.833,False
Clostridiales,AA amyloidosis,1,1,1,0,elevated,1.0,1,31377728,2019,0.667,False
Clostridiales,Amyotrophic lateral sclerosis,1,1,1,0,elevated,1.0,1,27703453,2016,0.833,False
Clostridiales,Anti-N-methyl-D-aspartate receptor encephalitis,1,1,0,1,reduced,1.0,1,31448571,2019,0.833,False
Clostridiales,Attention Deficit Hyperactivity Disorder,1,1,0,1,reduced,1.0,1,28863139,2017,0.833,False
Clostridiales,Autoimmune hepatitis,1,1,0,1,reduced,1.0,1,31201284,2019,0.833,False
Clostridiales,Behcet's Disease,1,0,0,1,reduced,1.0,1,27283393,2016,0.833,False
Clostridiales,Breast cancer,1,0,0,1,reduced,1.0,1,30175072,2018,0.833,False
Clostridiales,Chronic Rhinosinusitis,1,0,0,1,reduced,1.0,1,26272413,2015,0.667,False
Clostridiales,Colorectal cancer,1,1,0,1,reduced,1.0,1,25104642,2014,0.667,False
Clostridiales,Common Variable Immunodeficieny,1,1,0,1,reduced,1.0,1,6700332,2019,0.667,False
Clostridiales,Familial Mediterranean fever,1,1,1,0,elevated,1.0,1,31377728,2019,0.667,False
Clostridiales,Halitosis,1,0,1,0,elevated,1.0,1,28875948,2017,0.833,False
Clostridiales,Hepatic encephalopathy,1,1,0,1,reduced,1.0,1,29923681,2018,0.833,False
Clostridiales,Hidradenitis suppurativa,1,0,1,0,elevated,1.0,1,31539533,2019,0.5,False
Clostridiales,Invasive colorectal cancer,1,1,0,1,reduced,1.0,1,31609493,2020,0.667,False
Clostridiales,Shiga Toxin-producing E. coli infection,1,1,0,1,reduced,1.0,1,29468143,2018,0.333,False
Clostridiales,Type 1 Diabetes,1,1,1,0,elevated,1.0,1,32265922,2020,0.667,False
Clostridioides,Atopic dermatitis,1,1,1,0,elevated,1.0,1,17047098,2007,0.833,True
Clostridioides,Atopic eczema,1,1,1,0,elevated,1.0,1,17047098,2007,0.833,True
Clostridioides,Atopic wheeze,1,1,1,0,elevated,1.0,1,17047098,2007,0.833,True
Clostridioides,Autism,1,1,1,0,elevated,1.0,1,12173102,2002,0.333,True
Clostridioides,Clostridium difficile infection,1,1,1,0,elevated,1.0,1,32296918,2020,0.5,True
Clostridioides,Colorectal cancer,1,1,1,0,elevated,1.0,1,26691472,2015,0.5,True
Clostridioides,Cystic Fibrosis,1,1,1,0,elevated,1.0,1,4778032,2016,0.667,True
Clostridioides,Irritable Bowel Syndrome,1,1,1,0,elevated,1.0,1,21820992,2011,0.833,True
Clostridium,Alcoholic hepatitis,1,0,1,0,elevated,1.0,1,29083504,2018,0.833,True
Clostridium,Alcoholism,1,1,1,0,elevated,1.0,1,30894059,2019,0.833,True
Clostridium,Allergy,1,1,1,0,elevated,1.0,1,29786876,2019,0.667,True
Clostridium,Alzheimer's Disease,1,1,0,1,reduced,1.0,1,,2017,0.833,True
Clostridium,Amyotrophic lateral sclerosis,1,1,0,1,reduced,1.0,1,29782468,2018,0.333,True
Clostridium,Aphthous stomatitis,1,0,0,1,reduced,1.0,1,25540188,2015,0.833,True
Clostridium,Asthma,1,1,1,0,elevated,1.0,1,27634868,2016,0.833,True
Clostridium,Atopy,1,1,0,1,reduced,1.0,1,3404014,2012,0.667,True
Clostridium,Autoimmune hepatitis,1,1,0,1,reduced,1.0,1,29969462,2018,0.833,True
Clostridium,Behcet's Disease,1,1,0,1,reduced,1.0,1,30077182,2018,0.833,True
Clostridium,Biliary atresia,1,1,0,1,reduced,1.0,1,31271681,2019,0.833,True
Clostridium,"Celiac Disease, Coaliac disease",1,1,0,1,reduced,1.0,1,20181275,2010,0.5,True
Clostridium,Chronic alcoholic pancreatitis,1,1,1,0,elevated,1.0,1,29555983,2018,0.833,True
Clostridium,Collagenous colitis,1,1,0,1,reduced,1.0,1,31343467,2019,0.833,True
Clostridium,Diarrhea,1,1,1,0,elevated,1.0,1,31062602,2019,0.167,True
Clostridium,Drug-resistant Epilepsy,1,1,1,0,elevated,1.0,1,30291996,2018,0.833,True
Clostridium,Generalized anxiety disorder,1,1,0,1,reduced,1.0,1,31437702,2019,0.833,True
Clostridium,HIV infection,1,1,0,1,reduced,1.0,1,31078141,2019,0.833,True
Clostridium,Heart failure,1,1,0,1,reduced,1.0,1,28328981,2017,0.833,True
Clostridium,Hepatitis B associated liver failure,1,0,1,0,elevated,1.0,1,30864226,2019,0.833,True
Clostridium,Human end-stage renal disease,1,1,0,1,reduced,1.0,1,32241904,2020,0.833,True
Clostridium,Idiopathic REM Sleep Behavior Disorder,1,1,1,0,elevated,1.0,1,28843021,2018,0.667,True
Clostridium,Idiopathic central precocious puberty,1,1,1,0,elevated,1.0,1,6987398,2020,0.833,True
Clostridium,Inactive Crohn's Disease,1,1,0,1,reduced,1.0,1,24398881,2014,0.667,True
Clostridium,Infective colitis,1,1,0,1,reduced,1.0,1,19235886,2009,0.667,True
Clostridium,Ischemic stroke,1,1,0,1,reduced,1.0,1,28166278,2017,0.833,True
Clostridium,Kawasaki disease,1,1,1,0,elevated,1.0,1,26322033,2015,0.5,True
Clostridium,Keratitis,1,1,0,1,reduced,1.0,1,6014669,2018,0.833,True
Clostridium,Kidney stone,1,0,1,0,elevated,1.0,1,32111156,2020,0.833,True
Clostridium,Kidney stone with hypertension,1,0,0,1,reduced,1.0,1,32183836,2020,0.833,True
Clostridium,Lung cancer,1,1,0,1,reduced,1.0,1,32240032,2020,0.833,True
Clostridium,Microscopic colitis,1,1,0,1,reduced,1.0,1,31009268,2019,0.833,True
Clostridium,Myasthenia gravis,1,1,0,1,reduced,1.0,1,30483222,2018,0.833,True
Clostridium,Neuromyelitis optica,1,1,1,0,elevated,1.0,1,27398819,2016,0.667,True
Clostridium,Obstructive sleep apnea-hypopnea syndrome,1,0,0,1,reduced,1.0,1,30976074,2019,0.667,True
Clostridium,Oral cancer,1,0,1,0,elevated,1.0,1,9813727,1998,0.5,True
Clostridium,Osteoporosis,1,1,1,0,elevated,1.0,1,31378815,2019,0.833,True
Clostridium,Pancreatitis,1,0,1,0,elevated,1.0,1,29423379,2018,0.667,True
Clostridium,Polycystic Ovary Syndrome,1,1,0,1,reduced,1.0,1,28293234,2017,0.667,True
Clostridium,Posttraumatic stress syndrome,1,1,0,1,reduced,1.0,1,31460790,2019,0.833,True
Clostridium,Prediabetes,1,1,0,1,reduced,1.0,1,29379988,2018,0.833,True
Clostridium,Primary immune thrombocytopenia,1,1,0,1,reduced,1.0,1,32272276,2020,0.833,True
Clostridium,Primary sclerosing cholangitis,1,1,1,0,elevated,1.0,1,5504370,2017,0.833,True
Clostridium,Psoriasis,1,1,1,0,elevated,1.0,1,29130553,2018,0.833,True
Clostridium,Pulmonary tubercolosis,1,1,1,0,elevated,1.0,1,31001490,2019,0.667,True
Clostridium,Sjögren Syndrome,1,1,0,1,reduced,1.0,1,30416033,2019,0.833,True
Clostridium,Stevens-Johnson syndrome,1,0,0,1,reduced,1.0,1,32152391,2020,0.833,True
Clostridium,Systemic lupus erythematosus,1,1,0,1,reduced,1.0,1,30416033,2019,0.833,True
Clostridium,Systemic sclerosis,1,1,0,1,reduced,1.0,1,26749064,2016,0.667,True
Clostridium,Tetratricopeptide repeat domain 7A deficiency,1,1,1,0,elevated,1.0,1,30312711,2019,0.333,True
Clostridium,Vogt-Koyagani-Harada disease,1,1,0,1,reduced,1.0,1,31928124,2020,0.667,True
Coccolithovirus,Ulcerative Colitis,1,0,0,1,reduced,1.0,1,30842211,2019,0.833,False
Cohaesibacter,Stevens-Johnson syndrome,1,0,0,1,reduced,1.0,1,32152391,2020,0.833,True
Collimonas,Urogenital Schistosomiasis,1,0,0,1,reduced,1.0,1,28793309,2017,0.667,True
Collinsella,Ankylosing spondylitis,1,1,1,0,elevated,1.0,1,28750650,2017,0.667,True
Collinsella,Atherosclerosis,1,1,1,0,elevated,1.0,1,23212374,2012,0.667,True
Collinsella,Autism,1,1,0,1,reduced,1.0,1,20603222,2010,0.5,True
Collinsella,Autism spectrum disorders,1,1,1,0,elevated,1.0,1,28222761,2017,0.833,True
Collinsella,Behcet's Disease,1,1,1,0,elevated,1.0,1,30077182,2018,0.833,True
Collinsella,Chlamydia,1,0,1,0,elevated,1.0,1,31830061,2019,0.833,True
Collinsella,Cholestasis,1,1,0,1,reduced,1.0,1,30483228,2018,0.667,True
Collinsella,Chronic kidney disease,1,1,0,1,reduced,1.0,1,30088332,2018,0.667,True
Collinsella,Chronic pancreatitis,1,1,0,1,reduced,1.0,1,31806503,2019,0.833,True
Collinsella,Collagenous colitis,1,1,0,1,reduced,1.0,1,31343467,2019,0.833,True
Collinsella,Colon adenomas,1,1,0,1,reduced,1.0,1,30794590,2019,0.833,True
Collinsella,Colon polyps,1,1,0,1,reduced,1.0,1,7574628,1995,0.667,True
Collinsella,Coronary Heart Disease,1,1,0,1,reduced,1.0,1,31726978,2019,0.833,True
Collinsella,Diaper dermatitis,1,0,1,0,elevated,1.0,1,31472099,2019,0.833,True
Collinsella,Gestational diabetes,1,1,1,0,elevated,1.0,1,29764499,2019,0.833,True
Collinsella,Graves' orbitopathy,1,1,0,1,reduced,1.0,1,30674011,2019,0.833,True
Collinsella,HIV infection,1,1,0,1,reduced,1.0,1,31748797,2020,0.667,True
Collinsella,Heart failure,1,1,0,1,reduced,1.0,1,29330424,2018,0.833,True
Collinsella,Idiopathic focal epilepsy,1,1,0,1,reduced,1.0,1,31730997,2020,0.833,True
Collinsella,Infantile eczema,1,1,0,1,reduced,1.0,1,27812181,2016,0.667,True
Collinsella,Metabolic syndrome,1,1,1,0,elevated,1.0,1,32143621,2020,0.833,True
Collinsella,Multiple Sclerosis,1,1,1,0,elevated,1.0,1,27346372,2016,0.833,True
Collinsella,Obesity,1,1,1,0,elevated,1.0,1,30572569,2018,0.833,True
Collinsella,Parkinson's Disease,1,1,0,1,reduced,1.0,1,31200089,2019,0.833,True
Collinsella,Pemphigus vulgaris,1,1,1,0,elevated,1.0,1,31211854,2019,0.833,True
Collinsella,Pervasive developmental disorder NOS,1,1,1,0,elevated,1.0,1,24130822,2013,0.667,True
Collinsella,Primary sclerosing cholangitis-IBD,1,0,1,0,elevated,1.0,1,26526357,2016,0.833,True
Collinsella,Pulmonary arterial hypertension,1,1,1,0,elevated,1.0,1,32088998,2020,0.5,True
Collinsella,Reactive arthritis,1,1,0,1,reduced,1.0,1,29073348,2018,0.833,True
Collinsella,Schizophrenia,1,1,1,0,elevated,1.0,1,29352709,2018,0.833,True
Collinsella,Short Bowel Syndrome,1,1,0,1,reduced,1.0,1,31493882,2019,0.833,True
Collinsella,Stevens-Johnson syndrome,1,0,1,0,elevated,1.0,1,32152391,2020,0.833,True
Collinsella,T2D with hyperlipidemia,1,0,1,0,elevated,1.0,1,28316574,2017,0.667,True
Collinsella,Ulcerative Colitis,1,1,0,1,reduced,1.0,1,31329473,2019,0.667,True
Comamonadaceae,Asthma,1,0,1,0,elevated,1.0,1,21194740,2011,0.833,False
Comamonadaceae,Breast cancer,1,0,1,0,elevated,1.0,1,27342554,2016,0.333,False
Comamonadaceae,Chagas' disease,1,0,0,1,reduced,1.0,1,30807605,2019,0.667,False
Comamonadaceae,Clostridium difficile infection,1,1,0,1,reduced,1.0,1,31462412,2019,0.667,False
Comamonadaceae,Disease-free ,1,0,0,1,reduced,1.0,1,,2016,0.5,False
Comamonadaceae,Endometriosis,1,0,1,0,elevated,1.0,1,7161132,2020,0.667,False
Comamonadaceae,Gastric carcinoma,1,0,0,1,reduced,1.0,1,28765474,2018,0.833,False
Comamonadaceae,Head/Neck cancer,1,0,1,0,elevated,1.0,1,32071121,2020,0.833,False
Comamonadaceae,Inflammatory Bowel Disease,1,0,1,0,elevated,1.0,1,25939040,2015,0.333,False
Comamonas,Biliary tract cancer,1,0,0,1,reduced,1.0,1,31980025,2020,0.833,True
Comamonas,Constipation,1,0,0,1,reduced,1.0,1,26460205,2016,0.833,True
Comamonas,Coronary artery disease,1,1,1,0,elevated,1.0,1,32100534,2020,0.833,True
Comamonas,Edentulism,1,0,1,0,elevated,1.0,1,27717873,2016,0.5,True
Comamonas,Gastric carcinoma,1,0,0,1,reduced,1.0,1,6629868,2019,0.667,True
Comamonas,Halitosis,1,0,0,1,reduced,1.0,1,31553956,2019,0.833,True
Comamonas,Hepatitis B associated liver failure,1,0,1,0,elevated,1.0,1,30864226,2019,0.833,True
Comamonas,Kidney stone with hypertension,1,0,0,1,reduced,1.0,1,32183836,2020,0.833,True
Comamonas,Psoriasis,1,0,1,0,elevated,1.0,1,30185226,2018,0.667,True
Comamonas,Sicca syndrome,1,0,0,1,reduced,1.0,1,30272305,2018,0.833,True
Comamonas,Sjögren Syndrome,1,0,0,1,reduced,1.0,1,27351333,2016,0.833,True
Comamonas,Type 2 Diabetes,1,0,1,0,elevated,1.0,1,23300163,2013,0.5,True
Conexibacteraceae,Obesity,1,1,0,1,reduced,1.0,1,30572569,2018,0.833,False
Coniochaeta,Dandruff,1,0,0,1,reduced,1.0,1,22393454,2012,0.5,False
Constrictibacter,Autism spectrum disorders,1,1,1,0,elevated,1.0,1,31765662,2020,0.667,False
Coprobacillus,Acne,1,1,0,1,reduced,1.0,1,30101990,2018,0.833,True
Coprobacillus,Acute fatty liver,1,1,1,0,elevated,1.0,1,31776707,2020,0.667,True
Coprobacillus,Atrial fibrillation,1,1,1,0,elevated,1.0,1,6543127,2019,0.833,True
Coprobacillus,Chronic kidney disease,1,1,1,0,elevated,1.0,1,32236095,2020,0.833,True
Coprobacillus,Colorectal cancer,1,1,1,0,elevated,1.0,1,31971861,2020,0.833,True
Coprobacillus,Constipation,1,1,1,0,elevated,1.0,1,31776707,2020,0.667,True
Coprobacillus,Covid-19,1,1,1,0,elevated,1.0,1,7314193,2020,0.833,True
Coprobacillus,Crohn's Disease,1,0,0,1,reduced,1.0,1,22068912,2011,0.333,True
Coprobacillus,Drug-resistant Epilepsy,1,1,1,0,elevated,1.0,1,30291996,2018,0.833,True
Coprobacillus,Excessive vomiting,1,1,1,0,elevated,1.0,1,31776707,2020,0.667,True
Coprobacillus,Fatigue,1,1,1,0,elevated,1.0,1,32184182,2020,0.833,True
Coprobacillus,Heart failure,1,1,1,0,elevated,1.0,1,29330424,2018,0.833,True
Coprobacillus,Hepatocellular cancer,1,1,0,1,reduced,1.0,1,30045880,2018,0.833,True
Coprobacillus,Multiple Sclerosis,1,1,1,0,elevated,1.0,1,27346372,2016,0.833,True
Coprobacillus,Primary sclerosing cholangitis-IBD,1,1,1,0,elevated,1.0,1,5504370,2017,0.833,True
Coprobacillus,Psoriasis,1,1,0,1,reduced,1.0,1,25319745,2015,0.667,True
Coprobacillus,Pulmonary tubercolosis,1,1,1,0,elevated,1.0,1,31001490,2019,0.667,True
Coprobacillus,Ulcerative Colitis,1,0,1,0,elevated,1.0,1,28852861,2018,0.833,True
Coprobacter,Idiopathic central precocious puberty,1,1,1,0,elevated,1.0,1,6987398,2020,0.833,True
Coprobacter,Pulmonary arterial hypertension,1,1,0,1,reduced,1.0,1,32088998,2020,0.5,True
Coprobacter,Sarcopenia,1,1,1,0,elevated,1.0,1,35851765,2022,0.5,True
Coprobacter,Ulcerative Colitis,1,1,0,1,reduced,1.0,1,31329473,2019,0.667,True
Coprococcus,Allergy,1,1,0,1,reduced,1.0,1,29786876,2019,0.667,True
Coprococcus,Arsenic exposure,1,1,0,1,reduced,1.0,1,30135504,2018,0.667,True
Coprococcus,Atopic dermatitis,1,1,0,1,reduced,1.0,1,30899033,2019,0.833,True
Coprococcus,Atopic eczema,1,1,0,1,reduced,1.0,1,,2015,0.333,True
Coprococcus,Autism spectrum disorders,1,1,0,1,reduced,1.0,1,30619212,2018,0.833,True
Coprococcus,Autoimmune hepatitis,1,1,0,1,reduced,1.0,1,31201284,2019,0.833,True
Coprococcus,Azoospermia,1,0,0,1,reduced,1.0,1,29456693,2018,0.667,True
Coprococcus,Behcet's Disease,1,1,0,1,reduced,1.0,1,30077182,2018,0.833,True
Coprococcus,Bipolar disorder,1,1,0,1,reduced,1.0,1,31380217,2019,0.833,True
Coprococcus,"Celiac Disease, Coaliac disease",1,1,1,0,elevated,1.0,1,32294965,2020,0.833,True
Coprococcus,Cholestasis,1,1,0,1,reduced,1.0,1,31848302,2019,0.833,True
Coprococcus,Clostridium difficile infection,1,1,0,1,reduced,1.0,1,30785932,2019,0.667,True
Coprococcus,Collagenous colitis,1,1,0,1,reduced,1.0,1,31343467,2019,0.833,True
Coprococcus,Colon adenomas,1,0,0,1,reduced,1.0,1,20740058,2010,0.667,True
Coprococcus,Constipation,1,1,1,0,elevated,1.0,1,25073603,2014,0.833,True
Coprococcus,Covid-19,1,1,0,1,reduced,1.0,1,7314193,2020,0.833,True
Coprococcus,Drug-resistant Epilepsy,1,1,1,0,elevated,1.0,1,30291996,2018,0.833,True
Coprococcus,Familial Mediterranean fever,1,1,1,0,elevated,1.0,1,31377728,2019,0.667,True
Coprococcus,Generalized anxiety disorder,1,1,0,1,reduced,1.0,1,31437702,2019,0.833,True
Coprococcus,Glycogen storage disease,1,1,0,1,reduced,1.0,1,30939160,2019,0.833,True
Coprococcus,Hepatocellular cancer,1,1,1,0,elevated,1.0,1,30045880,2018,0.833,True
Coprococcus,Idiopathic Pulmonary Fibrosis,1,0,0,1,reduced,1.0,1,31165050,2019,0.833,True
Coprococcus,Idiopathic central precocious puberty,1,1,1,0,elevated,1.0,1,6987398,2020,0.833,True
Coprococcus,Idiopathic focal epilepsy,1,1,0,1,reduced,1.0,1,31730997,2020,0.833,True
Coprococcus,Infantile eczema,1,1,1,0,elevated,1.0,1,27812181,2016,0.667,True
Coprococcus,Inflammatory Bowel Disease,1,1,0,1,reduced,1.0,1,26843508,2017,0.833,True
Coprococcus,Interstitial cystitis,1,0,0,1,reduced,1.0,1,22974186,2012,0.5,True
Coprococcus,Kawasaki disease,1,1,1,0,elevated,1.0,1,26322033,2015,0.5,True
Coprococcus,Lung cancer,1,1,1,0,elevated,1.0,1,32240032,2020,0.833,True
Coprococcus,Metabolic syndrome,1,1,1,0,elevated,1.0,1,32143621,2020,0.833,True
Coprococcus,Microscopic colitis,1,1,0,1,reduced,1.0,1,31009268,2019,0.833,True
Coprococcus,Multiple Sclerosis,1,1,1,0,elevated,1.0,1,31172918,2019,0.833,True
Coprococcus,Non alcoholic steatohepatitis,1,1,0,1,reduced,1.0,1,23055155,2013,0.667,True
Coprococcus,Normal weight obesity,1,1,0,1,reduced,1.0,1,32296838,2020,0.833,True
Coprococcus,Pancreatic cancer,1,1,0,1,reduced,1.0,1,29221120,2017,0.833,True
Coprococcus,Pemphigus vulgaris,1,1,1,0,elevated,1.0,1,31211854,2019,0.833,True
Coprococcus,Pervasive developmental disorder NOS,1,1,0,1,reduced,1.0,1,24130822,2013,0.667,True
Coprococcus,Preeclamsia,1,1,0,1,reduced,1.0,1,27988814,2016,0.667,True
Coprococcus,Primary sclerosing cholangitis-IBD,1,1,0,1,reduced,1.0,1,5504370,2017,0.833,True
Coprococcus,Psoriatic Arthritis,1,1,0,1,reduced,1.0,1,25319745,2015,0.667,True
Coprococcus,Pulmonary arterial hypertension,1,1,0,1,reduced,1.0,1,32088998,2020,0.5,True
Coprococcus,Reactive arthritis,1,1,0,1,reduced,1.0,1,29073348,2018,0.833,True
Coprococcus,Severe fever with thrombocytopenia syndrome,1,1,1,0,elevated,1.0,1,30327643,2018,0.833,True
Coprococcus,Spondyloarthritis,1,1,1,0,elevated,1.0,1,28606969,2017,0.833,True
Coprococcus,Stevens-Johnson syndrome,1,0,1,0,elevated,1.0,1,32152391,2020,0.833,True
Coprococcus,Type 2 Diabetes,1,0,0,1,reduced,1.0,1,28008148,2017,0.833,True
Coraliomargarita,Autism spectrum disorders,1,1,0,1,reduced,1.0,1,30701194,2019,0.833,True
Coriobacteriaceae,Alcoholism,1,1,0,1,reduced,1.0,1,30894059,2019,0.833,False
Coriobacteriaceae,Anorexia Nervosa,1,1,1,0,elevated,1.0,1,29131365,2017,0.667,False
Coriobacteriaceae,Autism spectrum disorders,1,1,0,1,reduced,1.0,1,30670726,2019,0.833,False
Coriobacteriaceae,Bacterial vaginosis,1,0,1,0,elevated,1.0,1,18717638,2008,0.5,False
Coriobacteriaceae,Bipolar disorder,1,1,1,0,elevated,1.0,1,30051546,2019,0.833,False
Coriobacteriaceae,"Celiac Disease, Coaliac disease",1,1,1,0,elevated,1.0,1,32294965,2020,0.833,False
Coriobacteriaceae,Chronic prostatitis / Chronic pelvic pain syndrome,1,1,0,1,reduced,1.0,1,26930255,2016,0.667,False
Coriobacteriaceae,Cirrhosis,1,1,0,1,reduced,1.0,1,30905718,2019,0.833,False
Coriobacteriaceae,Clostridium difficile infection,1,1,0,1,reduced,1.0,1,31462412,2019,0.667,False
Coriobacteriaceae,Common Variable Immunodeficieny,1,1,0,1,reduced,1.0,1,6700332,2019,0.667,False
Coriobacteriaceae,Coronary artery disease,1,1,1,0,elevated,1.0,1,32100534,2020,0.833,False
Coriobacteriaceae,Diabetic nephropathy,1,1,1,0,elevated,1.0,1,30888537,2019,0.833,False
Coriobacteriaceae,Dry eye syndrome,1,1,1,0,elevated,1.0,1,32293464,2020,0.833,False
Coriobacteriaceae,Fibromyalgia,1,1,1,0,elevated,1.0,1,31219947,2019,0.833,False
Coriobacteriaceae,Helicobacter pylori infection,1,1,1,0,elevated,1.0,1,31211818,2019,0.5,False
Coriobacteriaceae,Inflammatory Bowel Disease,1,1,0,1,reduced,1.0,1,26843508,2017,0.833,False
Coriobacteriaceae,Liver fibrosis,1,1,0,1,reduced,1.0,1,27639192,2016,0.833,False
Coriobacteriaceae,Lung cancer,1,1,0,1,reduced,1.0,1,6489541,2019,0.667,False
Coriobacteriaceae,Microscopic colitis,1,0,0,1,reduced,1.0,1,30324555,2018,0.833,False
Coriobacteriaceae,Multiple Sclerosis,1,1,1,0,elevated,1.0,1,31172918,2019,0.833,False
Coriobacteriaceae,Myasthenia gravis,1,1,0,1,reduced,1.0,1,30258104,2018,0.833,False
Coriobacteriaceae,Pancreatic head cancer,1,0,1,0,elevated,1.0,1,30728915,2019,0.833,False
Coriobacteriaceae,Psoriasis,1,0,0,1,reduced,1.0,1,30949136,2019,0.5,False
Coriobacteriaceae,Rheumatoid Arthritis,1,1,0,1,reduced,1.0,1,6572219,2019,0.667,False
Coriobacteriaceae,Schizophrenia,1,1,1,0,elevated,1.0,1,30775438,2019,0.833,False
Coriobacteriaceae,Sicca syndrome,1,0,1,0,elevated,1.0,1,30272305,2018,0.833,False
Coriobacteriaceae,Smoking,1,0,1,0,elevated,1.0,1,27015003,2016,0.833,False
Coriobacteriaceae,Ulcerative Colitis,1,1,0,1,reduced,1.0,1,26351391,2015,0.5,False
Coriobacteriaceae,Urogenital Schistosomiasis,1,1,1,0,elevated,1.0,1,30696838,2019,0.833,False
Cortinariaceae,Crohn's Disease,1,1,1,0,elevated,1.0,1,27811291,2017,0.667,False
Corynebacteriaceae,Alcoholic hepatitis,1,0,1,0,elevated,1.0,1,29083504,2018,0.833,False
Corynebacteriaceae,Macular degeneration,1,0,1,0,elevated,1.0,1,32123200,2020,0.833,False
Corynebacterium,Alcoholism,1,0,1,0,elevated,1.0,1,29685174,2018,0.833,True
Corynebacterium,Ankylosing spondylitis,1,1,1,0,elevated,1.0,1,28750650,2017,0.667,True
Corynebacterium,Biliary tract cancer,1,0,0,1,reduced,1.0,1,31980025,2020,0.833,True
Corynebacterium,Blepharitis,1,0,1,0,elevated,1.0,1,22836761,2012,0.5,True
Corynebacterium,Bullous pemphigoid,1,0,1,0,elevated,1.0,1,31705881,2020,0.667,True
Corynebacterium,"Celiac Disease, Coaliac disease",1,0,1,0,elevated,1.0,1,24657864,2014,0.667,True
Corynebacterium,Chlamydia,1,0,1,0,elevated,1.0,1,31830061,2019,0.833,True
Corynebacterium,Chronic Rhinosinusitis with asthma,1,0,0,1,reduced,1.0,1,27879060,2016,0.833,True
Corynebacterium,Chronic Rhinosinusitis with cystic fibrosis,1,0,0,1,reduced,1.0,1,27879060,2016,0.833,True
Corynebacterium,Chronic lung disease,1,0,1,0,elevated,1.0,1,27388563,2016,0.833,True
Corynebacterium,Chronic mucocutaneous candidiasis,1,0,0,1,reduced,1.0,1,23796786,2014,0.667,True
Corynebacterium,Chronic ocular graft-versus-host disease,1,0,1,0,elevated,1.0,1,30742990,2019,0.833,True
Corynebacterium,Clostridium difficile infection,1,1,1,0,elevated,1.0,1,4863157,2016,0.833,True
Corynebacterium,Conjunctival scarring,1,0,1,0,elevated,1.0,1,25484919,2014,0.833,True
Corynebacterium,E-smoking,1,0,1,0,elevated,1.0,1,32105635,2020,0.667,True
Corynebacterium,Edentulism,1,0,0,1,reduced,1.0,1,30657624,2019,0.833,True
Corynebacterium,Endometriosis,1,0,1,0,elevated,1.0,1,31087436,2019,0.667,True
Corynebacterium,Eosinophilic esophagitis,1,0,1,0,elevated,1.0,1,26034601,2015,0.833,True
Corynebacterium,Extrinsic black stain,1,0,1,0,elevated,1.0,1,26340752,2015,0.5,True
Corynebacterium,Gastric carcinoma,1,0,1,0,elevated,1.0,1,30584008,2019,0.833,True
Corynebacterium,Granulomatous mastitis,1,0,1,0,elevated,1.0,1,27777091,2016,0.5,True
Corynebacterium,Hepatitis B,1,0,0,1,reduced,1.0,1,26606973,2015,0.833,True
Corynebacterium,Hyper IgE syndrome,1,0,0,1,reduced,1.0,1,23796786,2014,0.667,True
Corynebacterium,Infantile eczema,1,1,0,1,reduced,1.0,1,27812181,2016,0.667,True
Corynebacterium,Influenza A,1,0,0,1,reduced,1.0,1,30581863,2018,0.833,True
Corynebacterium,Invasive colorectal cancer,1,1,1,0,elevated,1.0,1,31609493,2020,0.667,True
Corynebacterium,Iron-deficiency anaemia,1,0,0,1,reduced,1.0,1,31752810,2019,0.833,True
Corynebacterium,Kaposi's sarcoma,1,0,1,0,elevated,1.0,1,31951641,2020,0.833,True
Corynebacterium,Lower respiratory tract infection,1,0,0,1,reduced,1.0,1,30885620,2019,0.833,True
Corynebacterium,Lung cancer,1,0,1,0,elevated,1.0,1,32255852,2020,0.667,True
Corynebacterium,Nasolacrimal duct obstruction,1,0,0,1,reduced,1.0,1,31809480,2020,0.833,True
Corynebacterium,Neuromyelitis optica,1,1,1,0,elevated,1.0,1,27398819,2016,0.667,True
Corynebacterium,Opisthorchis felineus infection,1,0,1,0,elevated,1.0,1,4957795,2016,0.833,True
Corynebacterium,Otitis Media,1,0,0,1,reduced,1.0,1,29458340,2018,0.833,True
Corynebacterium,Pancreatic head cancer,1,0,1,0,elevated,1.0,1,30728915,2019,0.833,True
Corynebacterium,Pancreatitis,1,0,0,1,reduced,1.0,1,29423379,2018,0.667,True
Corynebacterium,Parkinson's Disease,1,0,0,1,reduced,1.0,1,28259623,2017,0.833,True
Corynebacterium,Periodontal disease,1,0,0,1,reduced,1.0,1,,2012,0.667,True
Corynebacterium,Rosacea,1,0,1,0,elevated,1.0,1,31502207,2019,0.833,True
Corynebacterium,Spinal cord injury,1,0,1,0,elevated,1.0,1,26942354,2016,0.5,True
Corynebacterium,Systemic lupus erythematosus,1,0,1,0,elevated,1.0,1,31883828,2020,0.833,True
Corynebacterium,Tongue cancer,1,0,1,0,elevated,1.0,1,29228609,2017,0.667,True
Corynebacterium,Trachoma,1,0,1,0,elevated,1.0,1,25484919,2014,0.833,True
Corynebacterium,Vitiligo,1,0,0,1,reduced,1.0,1,26758568,2016,0.667,True
Cronobacter,Infantile eczema,1,1,1,0,elevated,1.0,1,27812181,2016,0.667,True
Cronobacter,Interstitial cystitis,1,0,1,0,elevated,1.0,1,22974186,2012,0.5,True
Cronobacter,Necrotizing enterocolitis,1,1,1,0,elevated,1.0,1,21674011,2011,0.667,True
Cronobacter,Pancreatic cancer,1,1,1,0,elevated,1.0,1,29221120,2017,0.833,True
Cronobacter,Schizophrenia,1,1,1,0,elevated,1.0,1,32235826,2020,0.667,True
Cryptobacterium,Caries,1,0,1,0,elevated,1.0,1,31365560,2019,0.5,True
Cryptobacterium,Chronic Obstructive Pulmonary Disease,1,0,1,0,elevated,1.0,1,23071781,2012,0.667,True
Cryptococcus,Asthma,1,0,0,1,reduced,1.0,1,29031597,2018,0.5,False
Cryptococcus,Caries,1,0,1,0,elevated,1.0,1,7048226,2020,0.5,False
Cryptococcus,Dandruff,1,0,0,1,reduced,1.0,1,22393454,2012,0.5,False
Cupriavidus,Bladder cancer,1,0,1,0,elevated,1.0,1,31568654,2019,0.833,True
Curtobacterium,Chronic Rhinosinusitis,1,0,1,0,elevated,1.0,1,28005692,2016,0.667,True
Curvibacter,Chronic Obstructive Pulmonary Disease,1,0,1,0,elevated,1.0,1,23874580,2013,0.667,True
Cutibacterium,Acne,1,0,0,1,reduced,1.0,1,32278334,2020,0.833,True
Cutibacterium,Huntington's Disease,1,0,1,0,elevated,1.0,1,31798558,2019,0.667,True
Cutibacterium,Systemic lupus erythematosus,1,0,0,1,reduced,1.0,1,31883828,2020,0.833,True
Cyanobacteria,Gestational diabetes,1,0,0,1,reduced,1.0,1,28932201,2017,0.667,False
Cyanobacteria,HIV-infected pneumonia,1,0,1,0,elevated,1.0,1,22760045,2012,0.5,False
Cyanobacteria,Intestinal metaplasia,1,0,0,1,reduced,1.0,1,30440093,2019,0.833,False
Cyanobacteria,Psoriasis,1,1,1,0,elevated,1.0,1,30264198,2019,0.5,False
Cyanothece,Colorectal cancer,1,1,1,0,elevated,1.0,1,31971861,2020,0.833,False
Cyprinivirus,Colorectal cancer,1,1,1,0,elevated,1.0,1,29689266,2018,0.667,False
Cystofilobasidiaceae,Crohn's Disease,1,0,1,0,elevated,1.0,1,26574491,2016,0.833,False
Cystofilobasidium,Caries,1,0,0,1,reduced,1.0,1,6225480,2018,0.667,False
Cytomegalovirus,Antrochoanal polyps,1,0,0,1,reduced,1.0,1,31837561,2020,0.833,False
Cytomegalovirus,Colorectal cancer,1,1,1,0,elevated,1.0,1,29689266,2018,0.667,False
Davidiella,Asthma,1,0,0,1,reduced,1.0,1,29031597,2018,0.5,False
Davidiella,Huntington's Disease,1,0,1,0,elevated,1.0,1,31798558,2019,0.667,False
Davidiella,Irritable Bowel Syndrome,1,1,0,1,reduced,1.0,1,28624575,2017,0.667,False
Debaryomyces,Alcoholic hepatitis,1,1,0,1,reduced,1.0,1,31228214,2019,0.833,False
Debaryomyces,Alcoholism,1,1,0,1,reduced,1.0,1,28530644,2017,0.5,False
Debaryomyces,Caries,1,0,0,1,reduced,1.0,1,31953340,2020,0.667,False
Debaryomyces,Pediculosis,1,0,0,1,reduced,1.0,1,31121305,2019,0.667,False
Debaryomyces,Psoriasis,1,0,0,1,reduced,1.0,1,30949136,2019,0.5,False
Dechloromonas,Disease-free ,1,0,0,1,reduced,1.0,1,,2016,0.5,False
Deferribacter,Schizophrenia,1,1,1,0,elevated,1.0,1,28442250,2018,0.833,True
Deferribacteriales,Non-alcoholic fatty liver disease,1,0,1,0,elevated,1.0,1,30870486,2019,0.833,False
Defluviitalea,Crohn's Disease,1,0,0,1,reduced,1.0,1,28852861,2018,0.833,True
Defluviitalea,Rheumatoid Arthritis,1,0,0,1,reduced,1.0,1,32039051,2020,0.833,True
Defluviitalea,Ulcerative Colitis,1,0,0,1,reduced,1.0,1,28852861,2018,0.833,True
Dehalobacter,Gestational diabetes,1,1,1,0,elevated,1.0,1,29764499,2019,0.833,True
Dehalobacter,Inflammatory Bowel Disease,1,1,0,1,reduced,1.0,1,26843508,2017,0.833,True
Dehalobacter,Irritable Bowel Syndrome,1,1,0,1,reduced,1.0,1,22986438,2012,0.833,True
Dehalobacterium,Cirrhosis,1,1,0,1,reduced,1.0,1,,2016,0.833,True
Dehalobacterium,Crohn's Disease,1,0,0,1,reduced,1.0,1,26574491,2016,0.833,True
Deinococcaceae,Infantile eczema,1,1,1,0,elevated,1.0,1,27453732,2016,0.667,False
Deinococcus,Asthma,1,0,0,1,reduced,1.0,1,30911282,2019,0.833,True
Deinococcus,Cirrhosis,1,0,0,1,reduced,1.0,1,30905718,2019,0.833,True
Deinococcus,Hepatitis B associated liver failure,1,0,0,1,reduced,1.0,1,30864226,2019,0.833,True
Deinococcus,Mucosa-associated lymphoid tissue lymphoma,1,0,0,1,reduced,1.0,1,,2019,0.833,True
Deinococcus,Non-alcoholic fatty liver disease,1,0,0,1,reduced,1.0,1,30870486,2019,0.833,True
Deinococcus,Systemic lupus erythematosus,1,0,1,0,elevated,1.0,1,31883828,2020,0.833,True
Deinococcus,Type 2 Diabetes,1,0,1,0,elevated,1.0,1,31438919,2019,0.833,True
Delftia,Bronchiectasis,1,0,1,0,elevated,1.0,1,32255852,2020,0.667,False
Delftia,Caries,1,0,0,1,reduced,1.0,1,25658087,2015,0.833,False
Delftia,Chlamydia,1,0,1,0,elevated,1.0,1,31738795,2019,0.833,False
Delftia,Constipation,1,0,0,1,reduced,1.0,1,26460205,2016,0.833,False
Delftia,Coronary artery disease,1,1,0,1,reduced,1.0,1,32100534,2020,0.833,False
Delftia,Drug-resistant Epilepsy,1,1,1,0,elevated,1.0,1,30291996,2018,0.833,False
Delftia,Idiopathic focal epilepsy,1,1,1,0,elevated,1.0,1,31730997,2020,0.833,False
Delftia,Kidney stone with hypertension,1,0,0,1,reduced,1.0,1,32183836,2020,0.833,False
Delftia,Lung cancer,1,0,1,0,elevated,1.0,1,32255852,2020,0.667,False
Delftia,Oral potentially malignant disorder,1,0,1,0,elevated,1.0,1,30054809,2018,0.833,False
Delftia,Sjögren Syndrome,1,0,1,0,elevated,1.0,1,27351333,2016,0.833,False
Delftia,Type 2 Diabetes,1,0,1,0,elevated,1.0,1,31438919,2019,0.833,False
Deltaproteobacteria,Chronic kidney disease,1,1,1,0,elevated,1.0,1,28588309,2017,0.833,False
Deltaproteobacteria,Transient Ischemic Attack,1,1,1,0,elevated,1.0,1,26597155,2015,0.833,False
Dermabacter,Asthma,1,0,0,1,reduced,1.0,1,30911282,2019,0.833,True
Dermabacter,Psoriasis,1,0,1,0,elevated,1.0,1,30185226,2018,0.667,True
Dermabacteraceae,Alcoholic hepatitis,1,0,1,0,elevated,1.0,1,29083504,2018,0.833,False
Dermacoccus,Type 2 Diabetes,1,0,1,0,elevated,1.0,1,23300163,2013,0.5,True
Dermacoccus,Vitiligo,1,0,1,0,elevated,1.0,1,26758568,2016,0.667,True
Desemzia,Uveitits,1,1,0,1,reduced,1.0,1,29625474,2018,0.667,True
Desulfobacteraceae,Non-alcoholic fatty liver disease,1,0,0,1,reduced,1.0,1,30870486,2019,0.833,False
Desulfobulbus,Chronic Obstructive Pulmonary Disease,1,0,1,0,elevated,1.0,1,23071781,2012,0.667,True
Desulfobulbus,Periodontal abscess,1,0,0,1,reduced,1.0,1,31417518,2019,0.833,True
Desulfobulbus,Periodontal disease,1,0,1,0,elevated,1.0,1,31329044,2019,0.833,True
Desulfobulbus,Tongue cancer,1,0,0,1,reduced,1.0,1,29228609,2017,0.667,True
Desulfobulbus,Uveitits,1,1,0,1,reduced,1.0,1,29625474,2018,0.667,True
Desulfohalobium,Autism spectrum disorders,1,1,1,0,elevated,1.0,1,31765662,2020,0.667,True
Desulfomicrobium,Asthma,1,0,0,1,reduced,1.0,1,30911282,2019,0.833,True
Desulfosporosinus,Pouchitis,1,1,1,0,elevated,1.0,1,19617766,2009,0.667,True
Desulfotomaculum,Multiple Sclerosis,1,1,0,1,reduced,1.0,1,26367776,2015,0.5,True
Desulfovibrio,Adolescent idiopathic scoliosis,1,1,1,0,elevated,1.0,1,30481617,2019,0.833,True
Desulfovibrio,Alcoholic hepatitis,1,1,0,1,reduced,1.0,1,29555983,2018,0.833,True
Desulfovibrio,Alcoholism,1,1,1,0,elevated,1.0,1,31951082,2020,0.833,True
Desulfovibrio,Autism,1,1,1,0,elevated,1.0,1,25446201,2015,0.667,True
Desulfovibrio,Autism spectrum disorders,1,1,1,0,elevated,1.0,1,31765662,2020,0.667,True
Desulfovibrio,Autoimmune polyendocrine syndrome type 1,1,0,0,1,reduced,1.0,1,29503707,2018,0.833,True
Desulfovibrio,Azoospermia,1,0,0,1,reduced,1.0,1,29456693,2018,0.667,True
Desulfovibrio,Chronic alcoholic pancreatitis,1,1,0,1,reduced,1.0,1,29555983,2018,0.833,True
Desulfovibrio,Chronic kidney disease,1,1,1,0,elevated,1.0,1,31245306,2019,0.833,True
Desulfovibrio,Coronary artery disease,1,1,1,0,elevated,1.0,1,32100534,2020,0.833,True
Desulfovibrio,Gestational diabetes,1,1,1,0,elevated,1.0,1,29764499,2019,0.833,True
Desulfovibrio,HIV infection,1,1,1,0,elevated,1.0,1,24034618,2013,0.5,True
Desulfovibrio,Helicobacter pylori infection,1,1,1,0,elevated,1.0,1,31211818,2019,0.5,True
Desulfovibrio,Hepatitis B,1,1,1,0,elevated,1.0,1,7098974,2020,0.833,True
Desulfovibrio,Hypertension,1,1,1,0,elevated,1.0,1,28143587,2017,0.833,True
Desulfovibrio,Infantile eczema,1,1,1,0,elevated,1.0,1,27812181,2016,0.667,True
Desulfovibrio,Inflammatory Bowel Disease,1,1,0,1,reduced,1.0,1,26843508,2017,0.833,True
Desulfovibrio,Invasive colorectal cancer,1,1,0,1,reduced,1.0,1,31609493,2020,0.667,True
Desulfovibrio,Irritable Bowel Syndrome,1,0,0,1,reduced,1.0,1,23757279,2012,0.5,True
Desulfovibrio,Metabolic syndrome,1,1,0,1,reduced,1.0,1,30924020,2019,0.833,True
Desulfovibrio,Microscopic colitis,1,0,1,0,elevated,1.0,1,30324555,2018,0.833,True
Desulfovibrio,Multiple Sclerosis,1,1,1,0,elevated,1.0,1,27176462,2016,0.833,True
Desulfovibrio,Primary sclerosing cholangitis,1,1,0,1,reduced,1.0,1,26887816,2017,0.667,True
Desulfovibrio,Rectal Carcinoma,1,0,1,0,elevated,1.0,1,5145865,2016,0.667,True
Desulfovibrio,Sarcopenia,1,1,1,0,elevated,1.0,1,35851765,2022,0.5,True
Desulfovibrio,Transient Ischemic Attack,1,1,1,0,elevated,1.0,1,26597155,2015,0.833,True
Desulfovibrio,Traumatic Brain Injury,1,1,1,0,elevated,1.0,1,31868094,2020,0.833,True
Desulfovibrio,Type 2 Diabetes,1,1,1,0,elevated,1.0,1,7052266,2020,0.833,True
Desulfovibrio,Urogenital Schistosomiasis,1,1,1,0,elevated,1.0,1,30696838,2019,0.833,True
Desulfovibrionaceae,Cirrhosis,1,1,0,1,reduced,1.0,1,28578302,2018,0.833,False
Desulfovibrionaceae,Idiopathic REM Sleep Behavior Disorder,1,0,0,1,reduced,1.0,1,28843021,2018,0.667,False
Desulfovibrionaceae,Myasthenia gravis,1,1,1,0,elevated,1.0,1,30258104,2018,0.833,False
Desulfovibrionaceae,Non-alcoholic fatty liver disease,1,1,0,1,reduced,1.0,1,30870486,2019,0.833,False
Desulfovibrionaceae,Parkinson's Disease,1,0,0,1,reduced,1.0,1,28843021,2018,0.667,False
Desulfovibrionaceae,Rheumatoid Arthritis,1,1,1,0,elevated,1.0,1,28606969,2017,0.833,False
Desulfurispirillum,Type 2 Diabetes,1,1,0,1,reduced,1.0,1,23719380,2013,0.5,True
Devosia,Colorectal cancer,1,0,1,0,elevated,1.0,1,31250341,2019,0.667,True
Devosia,Seborrheic dermatitis,1,0,0,1,reduced,1.0,1,32219537,2020,0.833,True
Devosia,Silicosis,1,1,0,1,reduced,1.0,1,30867671,2019,0.833,True
Dialister,Acquired Immunodeficiency Syndrome,1,1,0,1,reduced,1.0,1,29411528,2018,0.833,True
Dialister,Alcoholic cirrhosis,1,1,0,1,reduced,1.0,1,29923681,2018,0.833,True
Dialister,Alcoholism,1,1,1,0,elevated,1.0,1,31951082,2020,0.833,True
Dialister,Alzheimer's Disease,1,1,0,1,reduced,1.0,1,,2017,0.833,True
Dialister,Anovulation,1,1,1,0,elevated,1.0,1,30773302,2019,0.667,True
Dialister,Appendicitis,1,1,1,0,elevated,1.0,1,3997405,2014,0.5,True
Dialister,Asthma,1,0,0,1,reduced,1.0,1,30911282,2019,0.833,True
Dialister,Attention Deficit Hyperactivity Disorder,1,1,0,1,reduced,1.0,1,29580894,2018,0.833,True
Dialister,Behcet's Disease,1,1,0,1,reduced,1.0,1,30077182,2018,0.833,True
Dialister,Chronic Obstructive Pulmonary Disease,1,0,1,0,elevated,1.0,1,23071781,2012,0.667,True
Dialister,Chronic alcoholic pancreatitis,1,1,0,1,reduced,1.0,1,29555983,2018,0.833,True
Dialister,Chronic pancreatitis,1,1,1,0,elevated,1.0,1,31806503,2019,0.833,True
Dialister,Clostridium difficile infection,1,1,0,1,reduced,1.0,1,30785932,2019,0.667,True
Dialister,E-smoking,1,0,1,0,elevated,1.0,1,32105635,2020,0.667,True
Dialister,Endometrial cancer,1,0,1,0,elevated,1.0,1,27884207,2016,0.333,True
Dialister,Endometriosis,1,0,0,1,reduced,1.0,1,30778155,2019,0.833,True
Dialister,Generalized anxiety disorder,1,1,0,1,reduced,1.0,1,31437702,2019,0.833,True
Dialister,Genitourinary lichen sclerosus,1,0,0,1,reduced,1.0,1,32274566,2020,0.667,True
Dialister,Gestational diabetes,1,1,0,1,reduced,1.0,1,32175285,2020,0.833,True
Dialister,Hashimoto's thyroiditis,1,1,0,1,reduced,1.0,1,28903182,2017,0.833,True
Dialister,Henoch-Schönlein Purpura,1,1,0,1,reduced,1.0,1,,2018,0.833,True
Dialister,Hepatitis B,1,1,0,1,reduced,1.0,1,7098974,2020,0.833,True
Dialister,Hepatocellular cancer,1,1,0,1,reduced,1.0,1,29665135,2018,0.667,True
Dialister,Hirschsprung's disease,1,1,1,0,elevated,1.0,1,29652728,2018,0.833,True
Dialister,Human end-stage renal disease,1,1,0,1,reduced,1.0,1,32304020,2020,0.667,True
Dialister,Human papilloma virus infection,1,0,1,0,elevated,1.0,1,31749298,2020,0.833,True
Dialister,Infantile eczema,1,1,0,1,reduced,1.0,1,27812181,2016,0.667,True
Dialister,Interstitial cystitis,1,0,0,1,reduced,1.0,1,22974186,2012,0.5,True
Dialister,Kaposi's sarcoma,1,0,1,0,elevated,1.0,1,31951641,2020,0.833,True
Dialister,Kidney stone,1,1,0,1,reduced,1.0,1,29353409,2018,0.833,True
Dialister,Obstructive sleep apnea-hypopnea syndrome,1,1,0,1,reduced,1.0,1,30957778,2019,0.667,True
Dialister,Overactive bladder,1,0,0,1,reduced,1.0,1,29230385,2017,0.833,True
Dialister,Parkinson's Disease,1,1,1,0,elevated,1.0,1,29776865,2018,0.667,True
Dialister,Periodontal disease,1,0,1,0,elevated,1.0,1,31329044,2019,0.833,True
Dialister,Pregnancy,1,0,0,1,reduced,1.0,1,24484853,2014,0.833,True
Dialister,Primary liver cancer,1,1,1,0,elevated,1.0,1,30661942,2019,0.833,True
Dialister,Psoriasis,1,1,1,0,elevated,1.0,1,30238519,2018,0.833,True
Dialister,Schizophrenia,1,1,1,0,elevated,1.0,1,32235826,2020,0.667,True
Dialister,Silicosis,1,1,1,0,elevated,1.0,1,30867671,2019,0.833,True
Dialister,Systemic lupus erythematosus,1,1,1,0,elevated,1.0,1,,2016,0.333,True
Dialister,Trichomonas vaginalis infection,1,0,1,0,elevated,1.0,1,23482642,2013,0.833,True
Dialister,Ulcerative Colitis,1,1,0,1,reduced,1.0,1,29533950,2018,0.833,True
Dialister,Urogenital Schistosomiasis,1,1,1,0,elevated,1.0,1,30696838,2019,0.833,True
Diaphorobacter,Autism spectrum disorders,1,1,0,1,reduced,1.0,1,31765662,2020,0.667,True
Diaphorobacter,Lung cancer,1,0,0,1,reduced,1.0,1,30323970,2018,0.833,True
Dichelobacter,Autism spectrum disorders,1,1,1,0,elevated,1.0,1,31765662,2020,0.667,True
Dickeya,Obesity,1,1,1,0,elevated,1.0,1,30572569,2018,0.833,True
Didymella,Dandruff,1,0,0,1,reduced,1.0,1,22393454,2012,0.5,False
Dietzia,Atopic dermatitis,1,0,0,1,reduced,1.0,1,18033838,2007,0.5,True
Dietzia,Cystic Fibrosis,1,1,0,1,reduced,1.0,1,22538067,2012,0.5,True
Dietzia,HIV infection,1,1,1,0,elevated,1.0,1,30649052,2019,0.667,True
Dietzia,Pancreatitis,1,0,0,1,reduced,1.0,1,29423379,2018,0.667,True
Dietzia,Parkinson's Disease,1,1,0,1,reduced,1.0,1,29776865,2018,0.667,True
Dioszegia,Crohn's Disease,1,0,1,0,elevated,1.0,1,26574491,2016,0.833,False
Dipodascus,Crohn's Disease,1,1,1,0,elevated,1.0,1,30478724,2019,0.833,False
Dipodascus,Ulcerative Colitis,1,1,1,0,elevated,1.0,1,30478724,2019,0.833,False
Dokdonella,Azoospermia,1,0,0,1,reduced,1.0,1,29456693,2018,0.667,True
Dolosigranulum,Allergic rhinoconjunctivitis,1,0,0,1,reduced,1.0,1,31132163,2019,0.667,True
Dolosigranulum,Chronic rhinosinusitis with nasal polyps,1,0,0,1,reduced,1.0,1,30720930,2019,0.833,True
Dolosigranulum,Influenza A,1,0,0,1,reduced,1.0,1,30581863,2018,0.833,True
Dolosigranulum,Lower respiratory tract infection,1,0,0,1,reduced,1.0,1,30885620,2019,0.833,True
Dolosigranulum,Otitis Media,1,0,0,1,reduced,1.0,1,29458340,2018,0.833,True
Dolosigranulum,Viral respiratory tract infection,1,0,1,0,elevated,1.0,1,,2018,0.667,True
Dorea,Alcoholic hepatitis,1,1,1,0,elevated,1.0,1,30144108,2018,0.833,True
Dorea,Alcoholism,1,1,0,1,reduced,1.0,1,31951082,2020,0.833,True
Dorea,Allergy,1,1,1,0,elevated,1.0,1,29786876,2019,0.667,True
Dorea,Alopecia universalis,1,1,0,1,reduced,1.0,1,31419351,2019,0.833,True
Dorea,Alzheimer's Disease,1,1,1,0,elevated,1.0,1,31434623,2019,0.5,True
Dorea,Amyotrophic lateral sclerosis,1,1,0,1,reduced,1.0,1,27703453,2016,0.833,True
Dorea,Ankylosing spondylitis,1,1,1,0,elevated,1.0,1,31377126,2019,0.667,True
Dorea,Autism,1,1,1,0,elevated,1.0,1,24130822,2013,0.667,True
Dorea,Autism spectrum disorders,1,1,1,0,elevated,1.0,1,28222761,2017,0.833,True
Dorea,Cardiac valve calcification,1,1,0,1,reduced,1.0,1,30897381,2019,0.833,True
Dorea,Cervical cancer,1,1,1,0,elevated,1.0,1,6431307,2019,0.833,True
Dorea,Chronic kidney disease,1,1,0,1,reduced,1.0,1,28588309,2017,0.833,True
Dorea,Chronic pancreatitis,1,1,0,1,reduced,1.0,1,31806503,2019,0.833,True
Dorea,Cirrhosis,1,0,0,1,reduced,1.0,1,22821944,2012,0.833,True
Dorea,Clonorchis sinensis infection,1,1,1,0,elevated,1.0,1,30323795,2018,0.833,True
Dorea,Clostridium difficile infection,1,1,1,0,elevated,1.0,1,31462412,2019,0.667,True
Dorea,Colon adenomas,1,0,1,0,elevated,1.0,1,20740058,2010,0.667,True
Dorea,Coronary artery disease,1,1,0,1,reduced,1.0,1,32100534,2020,0.833,True
Dorea,Covid-19,1,1,0,1,reduced,1.0,1,7314193,2020,0.833,True
Dorea,Crohn's Disease,1,0,0,1,reduced,1.0,1,26574491,2016,0.833,True
Dorea,Cystic Fibrosis,1,1,0,1,reduced,1.0,1,5155554,2017,0.667,True
Dorea,Drug-resistant Epilepsy,1,1,1,0,elevated,1.0,1,30291996,2018,0.833,True
Dorea,Fibromyalgia,1,1,1,0,elevated,1.0,1,31327695,2019,0.833,True
Dorea,Frailty,1,1,1,0,elevated,1.0,1,26822992,2016,0.667,True
Dorea,H1N1 Influenza,1,1,0,1,reduced,1.0,1,32497191,2020,0.833,True
Dorea,HIV infection,1,1,0,1,reduced,1.0,1,24586144,2014,0.667,True
Dorea,"Hand, foot and mouth disease",1,1,0,1,reduced,1.0,1,30427066,2018,0.833,True
Dorea,Hashimoto's thyroiditis,1,1,1,0,elevated,1.0,1,29320965,2018,0.833,True
Dorea,Hepatocellular cancer,1,1,1,0,elevated,1.0,1,30045880,2018,0.833,True
Dorea,Idiopathic Pulmonary Fibrosis,1,0,0,1,reduced,1.0,1,31165050,2019,0.833,True
Dorea,Infantile eczema,1,1,0,1,reduced,1.0,1,27812181,2016,0.667,True
Dorea,Inflammatory Bowel Disease,1,1,0,1,reduced,1.0,1,26843508,2017,0.833,True
Dorea,Juvenile idiopathic arthritis,1,1,1,0,elevated,1.0,1,30592383,2019,0.833,True
Dorea,Kidney stone,1,1,0,1,reduced,1.0,1,29353409,2018,0.833,True
Dorea,Non alcoholic steatohepatitis,1,1,1,0,elevated,1.0,1,27028797,2017,0.667,True
Dorea,Obesity,1,1,0,1,reduced,1.0,1,30366118,2019,0.667,True
Dorea,Pancreatic cancer,1,1,0,1,reduced,1.0,1,29221120,2017,0.833,True
Dorea,Pervasive developmental disorder NOS,1,1,1,0,elevated,1.0,1,24130822,2013,0.667,True
Dorea,Prediabetes,1,1,1,0,elevated,1.0,1,29379988,2018,0.833,True
Dorea,Pressure ulcers,1,0,1,0,elevated,1.0,1,32249804,2020,0.833,True
Dorea,Primary sclerosing cholangitis-IBD,1,1,0,1,reduced,1.0,1,29435321,2018,0.833,True
Dorea,Schizophrenia,1,1,1,0,elevated,1.0,1,31759045,2020,0.833,True
Dorea,Short Bowel Syndrome,1,1,0,1,reduced,1.0,1,28425133,2017,0.833,True
Dorea,Sjögren Syndrome,1,1,0,1,reduced,1.0,1,32059038,2020,0.833,True
Dorea,Spondyloarthritis,1,1,1,0,elevated,1.0,1,28606969,2017,0.833,True
Dorea,Uveitits,1,1,0,1,reduced,1.0,1,29625474,2018,0.667,True
Dyadobacter,Vitiligo,1,0,1,0,elevated,1.0,1,26758568,2016,0.667,True
Dyella,Gestational diabetes,1,0,0,1,reduced,1.0,1,28932201,2017,0.667,True
Dysgonomonas,Acute fatty liver,1,1,0,1,reduced,1.0,1,31776707,2020,0.667,True
Dysgonomonas,Aggressive periodontitis,1,0,1,0,elevated,1.0,1,30710838,2019,0.833,True
Dysgonomonas,Chronic Obstructive Pulmonary Disease,1,0,1,0,elevated,1.0,1,23071781,2012,0.667,True
Dysgonomonas,Constipation,1,1,0,1,reduced,1.0,1,31776707,2020,0.667,True
Dysgonomonas,Endometriosis,1,0,1,0,elevated,1.0,1,7161132,2020,0.667,True
Dysgonomonas,Excessive vomiting,1,1,0,1,reduced,1.0,1,31776707,2020,0.667,True
Dysgonomonas,Heart failure,1,1,1,0,elevated,1.0,1,29330424,2018,0.833,True
Dysgonomonas,periodontitis,1,0,1,0,elevated,1.0,1,30710838,2019,0.833,True
EBV,Atherosclerosis,1,0,1,0,elevated,1.0,1,11940204,2002,0.333,False
Edaphobacter,Functional dyspepsia,1,0,0,1,reduced,1.0,1,28761692,2017,0.833,True
Edwardsiella,Urogenital Schistosomiasis,1,0,0,1,reduced,1.0,1,28793309,2017,0.667,True
Eggerthella,Ankylosing spondylitis,1,1,1,0,elevated,1.0,1,28750650,2017,0.667,True
Eggerthella,Atherosclerosis,1,1,1,0,elevated,1.0,1,29018189,2017,0.667,True
Eggerthella,Atopic dermatitis,1,1,0,1,reduced,1.0,1,30899033,2019,0.833,True
Eggerthella,Autism,1,1,0,1,reduced,1.0,1,29274915,2018,0.833,True
Eggerthella,Cervicitis,1,0,1,0,elevated,1.0,1,21287345,2011,0.667,True
Eggerthella,Cholestasis,1,1,0,1,reduced,1.0,1,31848302,2019,0.833,True
Eggerthella,Chronic kidney disease,1,1,1,0,elevated,1.0,1,30088332,2018,0.667,True
Eggerthella,Clostridium difficile infection,1,1,1,0,elevated,1.0,1,30540709,2019,0.667,True
Eggerthella,Common Variable Immunodeficieny,1,1,1,0,elevated,1.0,1,6700332,2019,0.667,True
Eggerthella,Coronary Heart Disease,1,1,1,0,elevated,1.0,1,30202890,2019,0.667,True
Eggerthella,Coronary artery disease,1,1,0,1,reduced,1.0,1,32100534,2020,0.833,True
Eggerthella,Crohn's Disease,1,1,1,0,elevated,1.0,1,30545401,2018,0.667,True
Eggerthella,Frailty,1,1,1,0,elevated,1.0,1,26822992,2016,0.667,True
Eggerthella,Hepatocellular cancer,1,1,1,0,elevated,1.0,1,30045880,2018,0.833,True
Eggerthella,Human end-stage renal disease,1,1,1,0,elevated,1.0,1,32241904,2020,0.833,True
Eggerthella,Human papilloma virus infection,1,0,1,0,elevated,1.0,1,31749298,2020,0.833,True
Eggerthella,Hypertension,1,1,1,0,elevated,1.0,1,28884091,2017,0.833,True
Eggerthella,Idiopathic REM Sleep Behavior Disorder,1,1,1,0,elevated,1.0,1,28843021,2018,0.667,True
Eggerthella,Interstitial cystitis,1,0,0,1,reduced,1.0,1,22974186,2012,0.5,True
Eggerthella,Major depressive disorder,1,1,1,0,elevated,1.0,1,32040443,2020,0.833,True
Eggerthella,Migraine,1,1,1,0,elevated,1.0,1,32083024,2020,0.833,True
Eggerthella,Osteoporosis,1,1,1,0,elevated,1.0,1,31378815,2019,0.833,True
Eggerthella,Pancreatic cancer,1,1,0,1,reduced,1.0,1,29221120,2017,0.833,True
Eggerthella,Pregnancy,1,0,0,1,reduced,1.0,1,24484853,2014,0.833,True
Eggerthella,Short Bowel Syndrome,1,1,0,1,reduced,1.0,1,28501098,2017,0.833,True
Eggerthella,Systemic lupus erythematosus,1,1,1,0,elevated,1.0,1,,2016,0.333,True
Eggerthellaceae,Alopecia universalis,1,1,1,0,elevated,1.0,1,31419351,2019,0.833,False
Eggerthellaceae,Dry eye syndrome,1,1,1,0,elevated,1.0,1,32293464,2020,0.833,False
Eikenella,Alcoholism,1,0,1,0,elevated,1.0,1,29685174,2018,0.833,True
Eikenella,Caries,1,0,0,1,reduced,1.0,1,29670544,2018,0.833,True
Eikenella,Chronic Obstructive Pulmonary Disease,1,0,0,1,reduced,1.0,1,25253795,2014,0.5,True
Eikenella,Colorectal cancer,1,0,1,0,elevated,1.0,1,25875428,2015,0.667,True
Eikenella,Crohn's Disease,1,0,1,0,elevated,1.0,1,28852861,2018,0.833,True
Eikenella,Halitosis,1,0,0,1,reduced,1.0,1,31553956,2019,0.833,True
Eikenella,Infantile eczema,1,1,0,1,reduced,1.0,1,27812181,2016,0.667,True
Eikenella,Obesity,1,0,0,1,reduced,1.0,1,19587155,2009,0.5,True
Eikenella,Oral lichen planus,1,0,0,1,reduced,1.0,1,32245419,2020,0.833,True
Eikenella,Otitis Media,1,0,1,0,elevated,1.0,1,29458340,2018,0.833,True
Eikenella,Parkinson's Disease,1,1,0,1,reduced,1.0,1,29776865,2018,0.667,True
Eikenella,Periodontal abscess,1,0,0,1,reduced,1.0,1,31417518,2019,0.833,True
Eikenella,Sicca syndrome,1,0,0,1,reduced,1.0,1,30272305,2018,0.833,True
Eikenella,Tongue cancer,1,0,0,1,reduced,1.0,1,29228609,2017,0.667,True
Eikenella,periodontitis,1,0,1,0,elevated,1.0,1,19722792,2009,0.833,True
Eisenbergiella,Amyotrophic lateral sclerosis,1,1,1,0,elevated,1.0,1,32747678,2020,0.833,True
Eisenbergiella,Asthma,1,0,1,0,elevated,1.0,1,29031597,2018,0.5,True
Eisenbergiella,Coronary artery disease,1,1,0,1,reduced,1.0,1,31995569,2020,0.667,True
Eisenbergiella,Gestational diabetes,1,1,1,0,elevated,1.0,1,32175285,2020,0.833,True
Eisenbergiella,HIV infection,1,1,1,0,elevated,1.0,1,31894240,2020,0.833,True
Eisenbergiella,Parkinson's Disease,1,1,1,0,elevated,1.0,1,31200089,2019,0.833,True
Eisenbergiella,Posttraumatic stress syndrome,1,1,0,1,reduced,1.0,1,31460790,2019,0.833,True
Eisenbergiella,Schizophrenia,1,1,1,0,elevated,1.0,1,31759045,2020,0.833,True
Elusimicrobiaceae,Obesity,1,1,1,0,elevated,1.0,1,30572569,2018,0.833,False
Embellisia,Keratitis,1,1,0,1,reduced,1.0,1,30541945,2018,0.167,False
Embellisia,Uveitits,1,1,0,1,reduced,1.0,1,30938773,2019,0.667,False
Engyodontium,Seborrheic dermatitis,1,0,0,1,reduced,1.0,1,32219537,2020,0.833,False
Enhydrobacter,Blepharitis,1,0,1,0,elevated,1.0,1,22836761,2012,0.5,False
Enhydrobacter,Clonorchis sinensis infection,1,1,0,1,reduced,1.0,1,30323795,2018,0.833,False
Enhydrobacter,Coronary artery disease,1,1,1,0,elevated,1.0,1,32100534,2020,0.833,False
Enhydrobacter,Dandruff,1,0,1,0,elevated,1.0,1,27909689,2016,0.667,False
Enhydrobacter,Intestinal metaplasia,1,0,1,0,elevated,1.0,1,,2019,0.833,False
Enhydrobacter,Kidney stone with hypertension,1,0,1,0,elevated,1.0,1,32183836,2020,0.833,False
Enhydrobacter,Obesity,1,0,0,1,reduced,1.0,1,6467948,2019,0.833,False
Enhydrobacter,Oral potentially malignant disorder,1,0,0,1,reduced,1.0,1,30054809,2018,0.833,False
Enhydrobacter,Parkinson's Disease,1,0,1,0,elevated,1.0,1,29881345,2018,0.833,False
Enhydrobacter,Rheumatoid Arthritis,1,0,0,1,reduced,1.0,1,30459400,2018,0.667,False
Enterobacter,Ankylosing spondylitis,1,1,0,1,reduced,1.0,1,28750650,2017,0.667,True
Enterobacter,Atherosclerosis,1,1,1,0,elevated,1.0,1,29018189,2017,0.667,True
Enterobacter,Chronic alcoholic pancreatitis,1,1,1,0,elevated,1.0,1,29555983,2018,0.833,True
Enterobacter,Chronic kidney disease,1,1,0,1,reduced,1.0,1,31315634,2019,0.833,True
Enterobacter,Chronic ocular graft-versus-host disease,1,0,0,1,reduced,1.0,1,30742990,2019,0.833,True
Enterobacter,Cirrhosis,1,1,1,0,elevated,1.0,1,15612659,2004,0.5,True
Enterobacter,Clonorchis sinensis infection,1,1,0,1,reduced,1.0,1,30323795,2018,0.833,True
Enterobacter,Coronary artery disease,1,1,0,1,reduced,1.0,1,32100534,2020,0.833,True
Enterobacter,Gestational diabetes,1,0,1,0,elevated,1.0,1,30421135,2019,0.667,True
Enterobacter,HIV infection,1,1,1,0,elevated,1.0,1,30685386,2019,0.833,True
Enterobacter,Helicobacter pylori infection,1,1,1,0,elevated,1.0,1,31250988,2019,0.5,True
Enterobacter,Hypertension,1,1,1,0,elevated,1.0,1,28143587,2017,0.833,True
Enterobacter,Infantile eczema,1,1,1,0,elevated,1.0,1,27812181,2016,0.667,True
Enterobacter,Irritable Bowel Syndrome,1,1,1,0,elevated,1.0,1,22986438,2012,0.833,True
Enterobacter,Microscopic colitis,1,0,0,1,reduced,1.0,1,30324555,2018,0.833,True
Enterobacter,Necrotizing enterocolitis,1,1,1,0,elevated,1.0,1,21674011,2011,0.667,True
Enterobacter,Pancreatic cancer,1,1,1,0,elevated,1.0,1,29221120,2017,0.833,True
Enterobacter,Primary biliary cirrhosis,1,1,1,0,elevated,1.0,1,27243236,2016,0.833,True
Enterobacter,T2D with hypertension,1,0,0,1,reduced,1.0,1,28316574,2017,0.667,True
Enterobacter,Transient Ischemic Attack,1,1,1,0,elevated,1.0,1,26597155,2015,0.833,True
Enterobacter,Type 1 Diabetes,1,1,1,0,elevated,1.0,1,30224347,2018,0.833,True
Enterobacteriaceae,Acne,1,0,1,0,elevated,1.0,1,31173650,2019,0.833,False
Enterobacteriaceae,Aggressive periodontitis,1,0,0,1,reduced,1.0,1,28260061,2017,0.5,False
Enterobacteriaceae,Alcoholic hepatitis,1,1,1,0,elevated,1.0,1,30144108,2018,0.833,False
Enterobacteriaceae,Alcoholism,1,1,1,0,elevated,1.0,1,30894059,2019,0.833,False
Enterobacteriaceae,Alzheimer's Disease,1,1,1,0,elevated,1.0,1,31063846,2019,0.833,False
Enterobacteriaceae,Anorexia Nervosa,1,1,1,0,elevated,1.0,1,28636668,2017,0.833,False
Enterobacteriaceae,Arsenic exposure,1,1,0,1,reduced,1.0,1,30135504,2018,0.667,False
Enterobacteriaceae,Asthma,1,0,1,0,elevated,1.0,1,28947029,2017,0.833,False
Enterobacteriaceae,Atrophic gastritis,1,1,1,0,elevated,1.0,1,31781514,2019,0.833,False
Enterobacteriaceae,Botulism,1,1,1,0,elevated,1.0,1,26593441,2015,0.667,False
Enterobacteriaceae,Breast cancer,1,0,1,0,elevated,1.0,1,27342554,2016,0.333,False
Enterobacteriaceae,"Celiac Disease, Coaliac disease",1,0,1,0,elevated,1.0,1,24657864,2014,0.667,False
Enterobacteriaceae,Cholestasis,1,1,1,0,elevated,1.0,1,31848302,2019,0.833,False
Enterobacteriaceae,Chronic fatigue syndrome,1,1,1,0,elevated,1.0,1,27338587,2016,0.667,False
Enterobacteriaceae,Chronic kidney disease,1,1,1,0,elevated,1.0,1,32183306,2020,0.833,False
Enterobacteriaceae,Chronic urticaria,1,1,1,0,elevated,1.0,1,32154184,2020,0.833,False
Enterobacteriaceae,Clostridium difficile infection,1,1,1,0,elevated,1.0,1,4863157,2016,0.833,False
Enterobacteriaceae,Common Variable Immunodeficieny,1,1,1,0,elevated,1.0,1,6700332,2019,0.667,False
Enterobacteriaceae,Diverticular disease,1,0,1,0,elevated,1.0,1,29487763,2018,0.833,False
Enterobacteriaceae,Endometriosis,1,0,1,0,elevated,1.0,1,31087436,2019,0.667,False
Enterobacteriaceae,Esophageal cancer,1,0,1,0,elevated,1.0,1,31466948,2019,0.833,False
Enterobacteriaceae,Generalized anxiety disorder,1,1,1,0,elevated,1.0,1,31437702,2019,0.833,False
Enterobacteriaceae,Graves' disease,1,1,0,1,reduced,1.0,1,6158725,2018,0.667,False
Enterobacteriaceae,Hepatic encephalopathy,1,1,1,0,elevated,1.0,1,30816877,2019,0.833,False
Enterobacteriaceae,Hepatitis B,1,1,1,0,elevated,1.0,1,21286703,2011,0.667,False
Enterobacteriaceae,Hepatitis B associated liver failure,1,0,0,1,reduced,1.0,1,30864226,2019,0.833,False
Enterobacteriaceae,Inflammatory Bowel Disease,1,0,1,0,elevated,1.0,1,25939040,2015,0.333,False
Enterobacteriaceae,Irritable Bowel Syndrome,1,1,1,0,elevated,1.0,1,22315951,2012,0.667,False
Enterobacteriaceae,Ischemic stroke,1,1,1,0,elevated,1.0,1,32473086,2020,0.833,False
Enterobacteriaceae,Liver transplant,1,1,1,0,elevated,1.0,1,22251469,2012,0.667,False
Enterobacteriaceae,Major depressive disorder,1,1,0,1,reduced,1.0,1,32274300,2020,0.5,False
Enterobacteriaceae,Necrotizing enterocolitis,1,1,0,1,reduced,1.0,1,19783002,2010,0.667,False
Enterobacteriaceae,Oral cancer,1,0,1,0,elevated,1.0,1,9813727,1998,0.5,False
Enterobacteriaceae,Pancreatitis,1,1,1,0,elevated,1.0,1,30519748,2019,0.833,False
Enterobacteriaceae,Pemphigus vulgaris,1,1,0,1,reduced,1.0,1,31211854,2019,0.833,False
Enterobacteriaceae,Pouchitis,1,0,1,0,elevated,1.0,1,26026389,2015,0.667,False
Enterobacteriaceae,Preeclamsia,1,1,1,0,elevated,1.0,1,32265423,2020,0.833,False
Enterobacteriaceae,Primary Open-Angle Glaucoma,1,1,1,0,elevated,1.0,1,31917963,2020,0.833,False
Enterobacteriaceae,Primary biliary cirrhosis,1,1,1,0,elevated,1.0,1,27243236,2016,0.833,False
Enterobacteriaceae,Schizophrenia,1,1,0,1,reduced,1.0,1,30775438,2019,0.833,False
Enterobacteriaceae,Short Bowel Syndrome,1,1,1,0,elevated,1.0,1,31095575,2019,0.833,False
Enterobacteriaceae,Spondyloarthritis,1,0,0,1,reduced,1.0,1,27390077,2017,0.5,False
Enterobacteriaceae,Tetratricopeptide repeat domain 7A deficiency,1,1,1,0,elevated,1.0,1,30312711,2019,0.333,False
Enterobacteriaceae,Thyroid carcinoma,1,1,0,1,reduced,1.0,1,30584647,2019,0.833,False
Enterobacteriaceae,Type 1 Diabetes,1,1,1,0,elevated,1.0,1,24475780,2014,0.667,False
Enterobacteriaceae,Ulcerative Colitis,1,0,1,0,elevated,1.0,1,25596182,2015,0.833,False
Enterobacteriaceae,Urogenital Schistosomiasis,1,0,0,1,reduced,1.0,1,28793309,2017,0.667,False
Enterobacteriaceae,Urolithiasis,1,0,1,0,elevated,1.0,1,30932002,2019,0.667,False
Enterococcaceae,Alzheimer's Disease,1,1,1,0,elevated,1.0,1,29758946,2018,0.833,False
Enterococcaceae,Clostridium difficile infection,1,1,1,0,elevated,1.0,1,4863157,2016,0.833,False
Enterococcaceae,Short Bowel Syndrome,1,1,1,0,elevated,1.0,1,28425133,2017,0.833,False
Enterococcus,Acquired Immunodeficiency Syndrome,1,1,1,0,elevated,1.0,1,29411528,2018,0.833,True
Enterococcus,Acute fatty liver,1,1,1,0,elevated,1.0,1,31776707,2020,0.667,True
Enterococcus,Alcoholic hepatitis,1,1,1,0,elevated,1.0,1,29555983,2018,0.833,True
Enterococcus,Alcoholism,1,1,1,0,elevated,1.0,1,31951082,2020,0.833,True
Enterococcus,Allergy,1,1,0,1,reduced,1.0,1,29786876,2019,0.667,True
Enterococcus,Ankylosing spondylitis,1,1,0,1,reduced,1.0,1,28750650,2017,0.667,True
Enterococcus,Anorexia Nervosa,1,1,1,0,elevated,1.0,1,26682545,2015,0.333,True
Enterococcus,Arsenic exposure,1,1,1,0,elevated,1.0,1,30135504,2018,0.667,True
Enterococcus,Asthma,1,0,0,1,reduced,1.0,1,30911282,2019,0.833,True
Enterococcus,Atopic dermatitis,1,1,0,1,reduced,1.0,1,30899033,2019,0.833,True
Enterococcus,Atrial fibrillation,1,1,1,0,elevated,1.0,1,6543127,2019,0.833,True
Enterococcus,Autism,1,1,0,1,reduced,1.0,1,21410934,2011,0.833,True
Enterococcus,Autism spectrum disorders,1,1,1,0,elevated,1.0,1,30670726,2019,0.833,True
Enterococcus,Biliary atresia,1,1,1,0,elevated,1.0,1,31271681,2019,0.833,True
Enterococcus,Bronchiectasis,1,0,1,0,elevated,1.0,1,32255852,2020,0.667,True
Enterococcus,Cardiac valve calcification,1,1,1,0,elevated,1.0,1,30897381,2019,0.833,True
Enterococcus,"Celiac Disease, Coaliac disease",1,1,0,1,reduced,1.0,1,21970810,2011,0.667,True
Enterococcus,Chagas' disease,1,0,1,0,elevated,1.0,1,17390173,2007,0.667,True
Enterococcus,Cholestasis,1,1,1,0,elevated,1.0,1,30483228,2018,0.667,True
Enterococcus,Chronic Rhinosinusitis,1,0,0,1,reduced,1.0,1,22972842,2012,0.0,True
Enterococcus,Chronic alcoholic pancreatitis,1,1,1,0,elevated,1.0,1,29555983,2018,0.833,True
Enterococcus,Chronic fatigue syndrome,1,1,1,0,elevated,1.0,1,19567398,2009,0.5,True
Enterococcus,Chronic kidney disease,1,1,0,1,reduced,1.0,1,28588309,2017,0.833,True
Enterococcus,Constipation,1,1,1,0,elevated,1.0,1,31776707,2020,0.667,True
Enterococcus,Cutaneous burn,1,0,1,0,elevated,1.0,1,28333758,2017,0.5,True
Enterococcus,Diarrhea,1,1,0,1,reduced,1.0,1,31062602,2019,0.167,True
Enterococcus,Excessive vomiting,1,1,1,0,elevated,1.0,1,31776707,2020,0.667,True
Enterococcus,Gestational diabetes,1,0,1,0,elevated,1.0,1,30421135,2019,0.667,True
Enterococcus,"Hand, foot and mouth disease",1,1,1,0,elevated,1.0,1,30427066,2018,0.833,True
Enterococcus,Heart failure,1,1,1,0,elevated,1.0,1,29330424,2018,0.833,True
Enterococcus,Helicobacter pylori infection,1,1,1,0,elevated,1.0,1,31211818,2019,0.5,True
Enterococcus,Henoch-Schönlein Purpura,1,1,1,0,elevated,1.0,1,,2018,0.833,True
Enterococcus,Hepatic encephalopathy,1,0,1,0,elevated,1.0,1,22821944,2012,0.833,True
Enterococcus,Hepatitis B,1,1,1,0,elevated,1.0,1,21286703,2011,0.667,True
Enterococcus,Hypertension,1,1,0,1,reduced,1.0,1,28143587,2017,0.833,True
Enterococcus,Hyperthyroidism,1,1,1,0,elevated,1.0,1,24969306,2014,0.667,True
Enterococcus,Inflammatory Bowel Disease,1,1,1,0,elevated,1.0,1,6650632,2019,0.833,True
Enterococcus,Interstitial cystitis,1,0,1,0,elevated,1.0,1,22974186,2012,0.5,True
Enterococcus,Invasive colorectal cancer,1,1,1,0,elevated,1.0,1,31609493,2020,0.667,True
Enterococcus,Iron-deficiency anaemia,1,0,1,0,elevated,1.0,1,31752810,2019,0.833,True
Enterococcus,Irritable Bowel Syndrome,1,0,1,0,elevated,1.0,1,32266159,2020,0.833,True
Enterococcus,Ischemic stroke,1,1,1,0,elevated,1.0,1,28166278,2017,0.833,True
Enterococcus,Juvenile idiopathic arthritis,1,1,0,1,reduced,1.0,1,30592383,2019,0.833,True
Enterococcus,Liver transplant,1,1,1,0,elevated,1.0,1,22251469,2012,0.667,True
Enterococcus,Necrotizing enterocolitis,1,1,1,0,elevated,1.0,1,19783002,2010,0.667,True
Enterococcus,Non-alcoholic fatty liver disease,1,1,1,0,elevated,1.0,1,31255652,2019,0.833,True
Enterococcus,Overactive bladder,1,0,0,1,reduced,1.0,1,29230385,2017,0.833,True
Enterococcus,Pancreatitis,1,1,1,0,elevated,1.0,1,30519748,2019,0.833,True
Enterococcus,Pervasive developmental disorder NOS,1,1,1,0,elevated,1.0,1,24130822,2013,0.667,True
Enterococcus,Pressure ulcers,1,0,1,0,elevated,1.0,1,32249804,2020,0.833,True
Enterococcus,Primary sclerosing cholangitis-IBD,1,1,1,0,elevated,1.0,1,5504370,2017,0.833,True
Enterococcus,Protracted bacterial bronchitis,1,0,1,0,elevated,1.0,1,29600046,2018,0.833,True
Enterococcus,Psoriasis,1,1,1,0,elevated,1.0,1,29130553,2018,0.833,True
Enterococcus,Severe fever with thrombocytopenia syndrome,1,1,1,0,elevated,1.0,1,30327643,2018,0.833,True
Enterococcus,Sjögren Syndrome,1,0,0,1,reduced,1.0,1,30060225,2018,0.667,True
Enterococcus,Tongue cancer,1,0,1,0,elevated,1.0,1,29228609,2017,0.667,True
Enterococcus,Type 2 Diabetes,1,0,1,0,elevated,1.0,1,31438919,2019,0.833,True
Enterococcus,Urogenital Schistosomiasis,1,0,1,0,elevated,1.0,1,28793309,2017,0.667,True
Enterococcus,Vulvar vestibulitis syndrome,1,0,1,0,elevated,1.0,1,24961922,2014,0.667,True
Enterorhabdus,Crohn's Disease,1,1,0,1,reduced,1.0,1,27542127,2016,0.833,False
Entyloma,Crohn's Disease,1,1,1,0,elevated,1.0,1,30478724,2019,0.833,False
Entyloma,Ulcerative Colitis,1,1,1,0,elevated,1.0,1,30478724,2019,0.833,False
Epicoccum,Alcoholism,1,1,0,1,reduced,1.0,1,28530644,2017,0.5,False
Epilithonimonas,Colorectal cancer,1,0,0,1,reduced,1.0,1,25699023,2015,0.667,True
Epilithonimonas,Parkinson's Disease,1,0,0,1,reduced,1.0,1,31247001,2019,0.833,True
Epsilonproteobacteria,Hepatocellular cancer,1,0,1,0,elevated,1.0,1,27605161,2016,0.833,False
Epsilonproteobacteria,Rheumatoid Arthritis,1,1,1,0,elevated,1.0,1,30321331,2018,0.667,False
Epstein-Barr,Type 2 Diabetes,1,0,1,0,elevated,1.0,1,31550259,2019,0.833,False
Epulopiscium,Alcoholism,1,1,1,0,elevated,1.0,1,30894059,2019,0.833,True
Epulopiscium,Chronic alcoholic pancreatitis,1,1,1,0,elevated,1.0,1,29555983,2018,0.833,True
Epulopiscium,Clonorchis sinensis infection,1,1,1,0,elevated,1.0,1,30323795,2018,0.833,True
Epulopiscium,Crohn's Disease,1,0,1,0,elevated,1.0,1,30927743,2019,0.667,True
Epulopiscium,Type 2 Diabetes,1,1,0,1,reduced,1.0,1,7052266,2020,0.833,True
Eremothecium,Clostridium difficile associated disease,1,1,0,1,reduced,1.0,1,30202057,2018,0.833,False
Erwinia,Dandruff,1,0,1,0,elevated,1.0,1,27909689,2016,0.667,True
Erwinia,Reactive arthritis,1,1,1,0,elevated,1.0,1,29073348,2018,0.833,True
Erwinia,Stevens-Johnson syndrome,1,0,1,0,elevated,1.0,1,32152391,2020,0.833,True
Erwinia,Systemic lupus erythematosus,1,0,0,1,reduced,1.0,1,31883828,2020,0.833,True
Erwinia,Systemic sclerosis,1,1,1,0,elevated,1.0,1,26749064,2016,0.667,True
Erwinia,T2D with hypertension,1,0,0,1,reduced,1.0,1,28316574,2017,0.667,True
Erysipelatoclostridium,Autism,1,1,1,0,elevated,1.0,1,12173102,2002,0.333,True
Erysipelatoclostridium,Autism spectrum disorders,1,1,0,1,reduced,1.0,1,30895172,2019,0.833,True
Erysipelatoclostridium,Chronic kidney disease,1,1,1,0,elevated,1.0,1,30088332,2018,0.667,True
Erysipelatoclostridium,Covid-19,1,1,1,0,elevated,1.0,1,32497191,2020,0.833,True
Erysipelatoclostridium,Fibromyalgia,1,1,1,0,elevated,1.0,1,31219947,2019,0.833,True
Erysipelatoclostridium,Heart failure,1,1,1,0,elevated,1.0,1,29330424,2018,0.833,True
Erysipelatoclostridium,Kidney stone,1,1,1,0,elevated,1.0,1,29353409,2018,0.833,True
Erysipelatoclostridium,Ulcerative Colitis,1,1,1,0,elevated,1.0,1,31055592,2019,0.833,True
Erysipelothrix,Endometriosis,1,0,1,0,elevated,1.0,1,7161132,2020,0.667,True
Erysipelothrix,Non-alcoholic fatty liver disease,1,1,0,1,reduced,1.0,1,30870486,2019,0.833,True
Erysipelotrichaceae,Alopecia universalis,1,1,1,0,elevated,1.0,1,31419351,2019,0.833,False
Erysipelotrichaceae,Autism spectrum disorders,1,1,0,1,reduced,1.0,1,30670726,2019,0.833,False
Erysipelotrichaceae,Cardiac valve calcification,1,1,0,1,reduced,1.0,1,30897381,2019,0.833,False
Erysipelotrichaceae,Chronic pancreatitis,1,1,0,1,reduced,1.0,1,31806503,2019,0.833,False
Erysipelotrichaceae,Collagenous colitis,1,1,0,1,reduced,1.0,1,31343467,2019,0.833,False
Erysipelotrichaceae,Colon adenomas,1,1,1,0,elevated,1.0,1,30794590,2019,0.833,False
Erysipelotrichaceae,Coronary artery disease,1,1,0,1,reduced,1.0,1,30897381,2019,0.833,False
Erysipelotrichaceae,Crohn's Disease,1,0,0,1,reduced,1.0,1,28852861,2018,0.833,False
Erysipelotrichaceae,Idiopathic REM Sleep Behavior Disorder,1,1,1,0,elevated,1.0,1,28843021,2018,0.667,False
Erysipelotrichaceae,Infantile eczema,1,1,0,1,reduced,1.0,1,27812181,2016,0.667,False
Erysipelotrichaceae,Juvenile idiopathic arthritis,1,1,1,0,elevated,1.0,1,30592383,2019,0.833,False
Erysipelotrichaceae,Laryngeal carcinoma,1,0,1,0,elevated,1.0,1,23824228,2013,0.833,False
Erysipelotrichaceae,Lung cancer,1,1,0,1,reduced,1.0,1,32240032,2020,0.833,False
Erysipelotrichaceae,Multiple Sclerosis,1,1,1,0,elevated,1.0,1,30545401,2018,0.667,False
Erysipelotrichaceae,Non-alcoholic fatty liver disease,1,1,0,1,reduced,1.0,1,26600078,2016,0.833,False
Erysipelotrichaceae,Obesity,1,1,1,0,elevated,1.0,1,19164560,2009,0.833,False
Erysipelotrichaceae,Obstructive sleep apnea-hypopnea syndrome,1,1,1,0,elevated,1.0,1,30957778,2019,0.667,False
Erysipelotrichaceae,Pancreatic cancer,1,1,0,1,reduced,1.0,1,29221120,2017,0.833,False
Erysipelotrichaceae,Parkinson's Disease,1,0,1,0,elevated,1.0,1,28259623,2017,0.833,False
Erysipelotrichaceae,Rheumatoid Arthritis,1,1,0,1,reduced,1.0,1,6572219,2019,0.667,False
Erysipelotrichaceae,Short Bowel Syndrome,1,1,0,1,reduced,1.0,1,28425133,2017,0.833,False
Erysipelotrichaceae,Thyroid carcinoma,1,1,1,0,elevated,1.0,1,30565661,2019,0.833,False
Erysipelotrichaceae,Type 2 Diabetes,1,1,0,1,reduced,1.0,1,23023125,2012,0.333,False
Erysipelotrichaceae,Ulcerative Colitis,1,0,1,0,elevated,1.0,1,28852861,2018,0.833,False
Erysipelotrichaceae,Urogenital Schistosomiasis,1,1,0,1,reduced,1.0,1,30696838,2019,0.833,False
Erysipelotrichaceae,Uveitits,1,1,0,1,reduced,1.0,1,29625474,2018,0.667,False
Erysipelotrichia,Hepatocellular cancer,1,1,1,0,elevated,1.0,1,30045880,2018,0.833,False
Erysipelotrichia,Irritable Bowel Syndrome,1,1,1,0,elevated,1.0,1,6650632,2019,0.833,False
Erysipelotrichia,Parkinson's Disease,1,1,1,0,elevated,1.0,1,29501802,2018,0.667,False
Erysiphaceae,Colorectal cancer,1,1,1,0,elevated,1.0,1,30472682,2019,0.833,False
Escherichia,Aggressive periodontitis,1,0,0,1,reduced,1.0,1,4646740,2015,0.667,True
Escherichia,Alcoholism,1,1,1,0,elevated,1.0,1,30894059,2019,0.833,True
Escherichia,Amyotrophic lateral sclerosis,1,1,1,0,elevated,1.0,1,29782468,2018,0.333,True
Escherichia,Ankylosing spondylitis,1,0,1,0,elevated,1.0,1,28069576,2017,0.5,True
Escherichia,Asthma,1,1,1,0,elevated,1.0,1,29479926,2018,0.167,True
Escherichia,Atherosclerosis,1,1,1,0,elevated,1.0,1,29018189,2017,0.667,True
Escherichia,Atopic eczema,1,1,1,0,elevated,1.0,1,17047098,2007,0.833,True
Escherichia,Autism,1,1,0,1,reduced,1.0,1,24130822,2013,0.667,True
Escherichia,Autism spectrum disorders,1,1,0,1,reduced,1.0,1,30228282,2018,0.667,True
Escherichia,Breast cancer,1,0,0,1,reduced,1.0,1,29190829,2017,0.5,True
Escherichia,Budd-Chiari syndrome,1,1,0,1,reduced,1.0,1,29423048,2018,0.667,True
Escherichia,Chronic Rhinosinusitis,1,0,1,0,elevated,1.0,1,29541629,2018,0.667,True
Escherichia,Clostridium difficile infection,1,1,1,0,elevated,1.0,1,32296918,2020,0.5,True
Escherichia,Gastroenteritis,1,1,1,0,elevated,1.0,1,5118858,2016,0.667,True
Escherichia,"Hand, foot and mouth disease",1,1,1,0,elevated,1.0,1,30427066,2018,0.833,True
Escherichia,Hashimoto's thyroiditis,1,1,1,0,elevated,1.0,1,28903182,2017,0.833,True
Escherichia,Helicobacter pylori infection,1,1,0,1,reduced,1.0,1,31250988,2019,0.5,True
Escherichia,Hepatitis B,1,1,0,1,reduced,1.0,1,5693892,2017,0.833,True
Escherichia,Hepatitis C,1,1,1,0,elevated,1.0,1,28561276,2018,0.833,True
Escherichia,Hepatocellular cancer,1,1,1,0,elevated,1.0,1,27496472,2016,0.5,True
Escherichia,Hirschsprung's disease,1,1,1,0,elevated,1.0,1,29652728,2018,0.833,True
Escherichia,Huntington's Disease,1,0,1,0,elevated,1.0,1,31798558,2019,0.667,True
Escherichia,Myasthenia gravis,1,1,1,0,elevated,1.0,1,30483222,2018,0.833,True
Escherichia,Necrotizing enterocolitis,1,1,1,0,elevated,1.0,1,21674011,2011,0.667,True
Escherichia,Neisseria gonorrhoeae infection,1,0,0,1,reduced,1.0,1,31945133,2020,0.833,True
Escherichia,Non alcoholic steatohepatitis,1,1,1,0,elevated,1.0,1,23055155,2013,0.667,True
Escherichia,Non-alcoholic fatty liver disease,1,1,1,0,elevated,1.0,1,25644696,2015,0.833,True
Escherichia,Pelvic inflammatory disease,1,0,1,0,elevated,1.0,1,,2018,0.167,True
Escherichia,Pervasive developmental disorder NOS,1,1,0,1,reduced,1.0,1,24130822,2013,0.667,True
Escherichia,Preeclamsia,1,0,1,0,elevated,1.0,1,25492799,2014,0.667,True
Escherichia,Primary Open-Angle Glaucoma,1,1,1,0,elevated,1.0,1,31917963,2020,0.833,True
Escherichia,Primary liver cancer,1,1,1,0,elevated,1.0,1,30661942,2019,0.833,True
Escherichia,Primary sclerosing cholangitis,1,0,1,0,elevated,1.0,1,31243055,2019,0.833,True
Escherichia,Rectal Carcinoma,1,0,0,1,reduced,1.0,1,5145865,2016,0.667,True
Escherichia,Schizophrenia,1,1,1,0,elevated,1.0,1,32065949,2020,0.833,True
Escherichia,Severe fever with thrombocytopenia syndrome,1,1,1,0,elevated,1.0,1,30327643,2018,0.833,True
Escherichia,Short Bowel Syndrome,1,1,1,0,elevated,1.0,1,26059898,2015,0.667,True
Escherichia,Sickle cell disease,1,1,1,0,elevated,1.0,1,29274089,2018,0.833,True
Escherichia,Sjögren Syndrome,1,1,1,0,elevated,1.0,1,27087247,2016,0.5,True
Escherichia,Spinal cord injury,1,0,1,0,elevated,1.0,1,26942354,2016,0.5,True
Escherichia-Shigella,Sarcopenia,1,1,1,0,elevated,1.0,1,,2023,0.333,False
Ethanoligenens,Chronic fatigue syndrome,1,1,1,0,elevated,1.0,1,23791918,2013,0.667,True
Ethanoligenens,Psoriasis,1,0,0,1,reduced,1.0,1,30185226,2018,0.667,True
Eubacteriaceae,Cirrhosis,1,0,0,1,reduced,1.0,1,30905718,2019,0.833,False
Eubacteriaceae,Dry eye syndrome,1,1,1,0,elevated,1.0,1,32293464,2020,0.833,False
Eubacterium,Aerobic vaginitis,1,0,1,0,elevated,1.0,1,31955954,2020,0.833,True
Eubacterium,Alcoholism,1,1,1,0,elevated,1.0,1,31951082,2020,0.833,True
Eubacterium,Alzheimer's Disease,1,1,0,1,reduced,1.0,1,27776263,2017,0.833,True
Eubacterium,Amyotrophic lateral sclerosis,1,1,0,1,reduced,1.0,1,33135936,2021,0.5,True
Eubacterium,Ankylosing spondylitis,1,1,0,1,reduced,1.0,1,28750650,2017,0.667,True
Eubacterium,Asthma,1,0,1,0,elevated,1.0,1,29031597,2018,0.5,True
Eubacterium,Atherosclerosis,1,1,0,1,reduced,1.0,1,23212374,2012,0.667,True
Eubacterium,Atopic dermatitis,1,1,0,1,reduced,1.0,1,30899033,2019,0.833,True
Eubacterium,Autoimmune polyendocrine syndrome type 1,1,0,0,1,reduced,1.0,1,29503707,2018,0.833,True
Eubacterium,Behcet's Disease,1,1,0,1,reduced,1.0,1,30077182,2018,0.833,True
Eubacterium,Caries,1,0,1,0,elevated,1.0,1,31365560,2019,0.5,True
Eubacterium,Chronic fatigue syndrome,1,1,0,1,reduced,1.0,1,23791918,2013,0.667,True
Eubacterium,Cirrhosis with pneumonia,1,0,1,0,elevated,1.0,1,26099252,2015,0.833,True
Eubacterium,Diaper dermatitis,1,0,1,0,elevated,1.0,1,31472099,2019,0.833,True
Eubacterium,Edentulism,1,0,1,0,elevated,1.0,1,27717873,2016,0.5,True
Eubacterium,Fibromyalgia,1,1,0,1,reduced,1.0,1,31327695,2019,0.833,True
Eubacterium,Frailty,1,1,1,0,elevated,1.0,1,26822992,2016,0.667,True
Eubacterium,Gastric carcinoma,1,1,0,1,reduced,1.0,1,30535886,2019,0.833,True
Eubacterium,Glycogen storage disease,1,1,0,1,reduced,1.0,1,30939160,2019,0.833,True
Eubacterium,Graves' disease,1,1,0,1,reduced,1.0,1,6158725,2018,0.667,True
Eubacterium,H1N1 Influenza,1,1,0,1,reduced,1.0,1,32497191,2020,0.833,True
Eubacterium,Hashimoto's thyroiditis,1,1,1,0,elevated,1.0,1,29320965,2018,0.833,True
Eubacterium,Heart failure,1,1,0,1,reduced,1.0,1,28328981,2017,0.833,True
Eubacterium,Hepatitis B,1,0,1,0,elevated,1.0,1,26606973,2015,0.833,True
Eubacterium,Hepatocellular cancer,1,1,1,0,elevated,1.0,1,30045880,2018,0.833,True
Eubacterium,Human end-stage renal disease,1,1,0,1,reduced,1.0,1,32241904,2020,0.833,True
Eubacterium,Hypertension,1,1,0,1,reduced,1.0,1,29507058,2018,0.833,True
Eubacterium,Influenza A,1,0,1,0,elevated,1.0,1,30581863,2018,0.833,True
Eubacterium,Interstitial cystitis,1,0,0,1,reduced,1.0,1,22974186,2012,0.5,True
Eubacterium,Kawasaki disease,1,1,1,0,elevated,1.0,1,26322033,2015,0.5,True
Eubacterium,Macular degeneration,1,1,1,0,elevated,1.0,1,28094305,2017,0.833,True
Eubacterium,Major depressive disorder,1,1,1,0,elevated,1.0,1,32040443,2020,0.833,True
Eubacterium,Metabolic syndrome,1,1,0,1,reduced,1.0,1,30924020,2019,0.833,True
Eubacterium,Multiple Sclerosis,1,1,0,1,reduced,1.0,1,26367776,2015,0.5,True
Eubacterium,Myasthenia gravis,1,1,0,1,reduced,1.0,1,30483222,2018,0.833,True
Eubacterium,Neisseria gonorrhoeae infection,1,0,1,0,elevated,1.0,1,31945133,2020,0.833,True
Eubacterium,Non alcoholic steatohepatitis,1,1,0,1,reduced,1.0,1,23055155,2013,0.667,True
Eubacterium,Oral potentially malignant disorder,1,0,1,0,elevated,1.0,1,30054809,2018,0.833,True
Eubacterium,Pancreatic head cancer,1,0,1,0,elevated,1.0,1,30728915,2019,0.833,True
Eubacterium,Pervasive developmental disorder NOS,1,1,0,1,reduced,1.0,1,24130822,2013,0.667,True
Eubacterium,Polycystic Ovary Syndrome,1,1,1,0,elevated,1.0,1,30292647,2019,0.667,True
Eubacterium,Postmenopausal,1,1,0,1,reduced,1.0,1,31273779,2019,0.667,True
Eubacterium,Pressure ulcers,1,0,1,0,elevated,1.0,1,32249804,2020,0.833,True
Eubacterium,Primary biliary cholangitis,1,0,1,0,elevated,1.0,1,29969462,2018,0.833,True
Eubacterium,Pulmonary arterial hypertension,1,1,0,1,reduced,1.0,1,32088998,2020,0.5,True
Eubacterium,Sarcopenia,1,1,1,0,elevated,1.0,1,,2024,0.333,True
Eubacterium,Spleen deficiency syndrome,1,1,0,1,reduced,1.0,1,32227775,2020,0.667,True
Eubacterium,Systemic lupus erythematosus,1,1,1,0,elevated,1.0,1,,2016,0.333,True
Eubacterium,Transient Ischemic Attack,1,1,1,0,elevated,1.0,1,26597155,2015,0.833,True
Eurotiomycetes,Clostridium difficile associated disease,1,1,0,1,reduced,1.0,1,30202057,2018,0.833,False
Exidia,Seborrheic dermatitis,1,0,0,1,reduced,1.0,1,32219537,2020,0.833,False
Exiguobacterium,Intestinal metaplasia,1,0,0,1,reduced,1.0,1,,2019,0.833,True
Exiguobacterium,Mucosa-associated lymphoid tissue lymphoma,1,0,0,1,reduced,1.0,1,,2019,0.833,True
Exiguobacterium,Oral cancer,1,0,1,0,elevated,1.0,1,16672398,2006,0.333,True
Exophiala,Primary sclerosing cholangitis,1,1,1,0,elevated,1.0,1,31003979,2019,0.833,False
Ezakiella,Autism spectrum disorders,1,1,0,1,reduced,1.0,1,30670726,2019,0.833,True
Ezakiella,Gestational diabetes,1,0,0,1,reduced,1.0,1,30421135,2019,0.667,True
Ezakiella,H1N1 Influenza,1,1,0,1,reduced,1.0,1,32497191,2020,0.833,True
Ezakiella,Neisseria gonorrhoeae infection,1,0,1,0,elevated,1.0,1,31945133,2020,0.833,True
Ezakiella,Oral lichen planus,1,0,0,1,reduced,1.0,1,32245419,2020,0.833,True
Facklamia,Bladder cancer,1,0,1,0,elevated,1.0,1,30108246,2018,0.833,True
Facklamia,Genitourinary lichen sclerosus,1,0,0,1,reduced,1.0,1,32274566,2020,0.667,True
Facklamia,Urogenital Schistosomiasis,1,0,1,0,elevated,1.0,1,28793309,2017,0.667,True
Faecalibacterium,Acne,1,0,1,0,elevated,1.0,1,31290561,2019,0.667,True
Faecalibacterium,Acquired Immunodeficiency Syndrome,1,1,0,1,reduced,1.0,1,29411528,2018,0.833,True
Faecalibacterium,Acute lymphoblastic leukemia,1,1,0,1,reduced,1.0,1,31754744,2020,0.833,True
Faecalibacterium,Aerobic vaginitis,1,0,1,0,elevated,1.0,1,31955954,2020,0.833,True
Faecalibacterium,Aggressive periodontitis,1,0,0,1,reduced,1.0,1,28260061,2017,0.5,True
Faecalibacterium,Alcoholism,1,1,0,1,reduced,1.0,1,30894059,2019,0.833,True
Faecalibacterium,Allergy,1,1,1,0,elevated,1.0,1,29786876,2019,0.667,True
Faecalibacterium,Amyotrophic lateral sclerosis,1,1,0,1,reduced,1.0,1,31306225,2019,0.833,True
Faecalibacterium,Ankylosing spondylitis,1,1,1,0,elevated,1.0,1,28750650,2017,0.667,True
Faecalibacterium,Atherosclerosis,1,1,0,1,reduced,1.0,1,29018189,2017,0.667,True
Faecalibacterium,Atopy,1,1,0,1,reduced,1.0,1,3404014,2012,0.667,True
Faecalibacterium,Atrial fibrillation,1,1,0,1,reduced,1.0,1,6543127,2019,0.833,True
Faecalibacterium,Atrophic gastritis,1,1,0,1,reduced,1.0,1,31781514,2019,0.833,True
Faecalibacterium,Autism spectrum disorders,1,1,1,0,elevated,1.0,1,30619212,2018,0.833,True
Faecalibacterium,Biliary atresia,1,1,0,1,reduced,1.0,1,31271681,2019,0.833,True
Faecalibacterium,Chronic alcoholic pancreatitis,1,1,0,1,reduced,1.0,1,29555983,2018,0.833,True
Faecalibacterium,Chronic pancreatitis,1,1,0,1,reduced,1.0,1,31806503,2019,0.833,True
Faecalibacterium,Chronic urticaria,1,1,0,1,reduced,1.0,1,32154184,2020,0.833,True
Faecalibacterium,Cirrhosis,1,1,0,1,reduced,1.0,1,25079328,2014,0.833,True
Faecalibacterium,Colon adenomas,1,0,1,0,elevated,1.0,1,20740058,2010,0.667,True
Faecalibacterium,Colon polyps,1,1,1,0,elevated,1.0,1,7574628,1995,0.667,True
Faecalibacterium,Coronary artery disease,1,1,0,1,reduced,1.0,1,30192713,2018,0.833,True
Faecalibacterium,Dry eye syndrome,1,1,0,1,reduced,1.0,1,32293464,2020,0.833,True
Faecalibacterium,Familial adenomatous polyposis,1,0,1,0,elevated,1.0,1,3292798,2010,0.667,True
Faecalibacterium,Fatigue,1,1,0,1,reduced,1.0,1,32184182,2020,0.833,True
Faecalibacterium,Fibromyalgia,1,1,0,1,reduced,1.0,1,31219947,2019,0.833,True
Faecalibacterium,Gastric carcinoma,1,1,0,1,reduced,1.0,1,30535886,2019,0.833,True
Faecalibacterium,Generalized anxiety disorder,1,1,0,1,reduced,1.0,1,30029052,2018,0.833,True
Faecalibacterium,Gestational diabetes + hyperlipidemia,1,1,0,1,reduced,1.0,1,31447702,2019,0.833,True
Faecalibacterium,Glycogen storage disease,1,1,0,1,reduced,1.0,1,30939160,2019,0.833,True
Faecalibacterium,Graves' disease,1,1,0,1,reduced,1.0,1,6158725,2018,0.667,True
Faecalibacterium,H1N1 Influenza,1,1,0,1,reduced,1.0,1,32497191,2020,0.833,True
Faecalibacterium,Hashimoto's thyroiditis,1,1,0,1,reduced,1.0,1,29320965,2018,0.833,True
Faecalibacterium,Heart failure,1,1,0,1,reduced,1.0,1,29330424,2018,0.833,True
Faecalibacterium,Hepatic encephalopathy,1,1,0,1,reduced,1.0,1,29923681,2018,0.833,True
Faecalibacterium,Hepatitis B,1,1,0,1,reduced,1.0,1,21286703,2011,0.667,True
Faecalibacterium,Hepatocellular cancer,1,1,1,0,elevated,1.0,1,30675188,2019,0.833,True
Faecalibacterium,Human end-stage renal disease,1,1,0,1,reduced,1.0,1,32241904,2020,0.833,True
Faecalibacterium,Hyperlipidemia,1,1,0,1,reduced,1.0,1,29566154,2018,0.833,True
Faecalibacterium,Idiopathic focal epilepsy,1,1,0,1,reduced,1.0,1,31730997,2020,0.833,True
Faecalibacterium,Idiopathic nephrotic syndrome,1,1,1,0,elevated,1.0,1,29533950,2018,0.833,True
Faecalibacterium,Infantile eczema,1,1,1,0,elevated,1.0,1,27812181,2016,0.667,True
Faecalibacterium,Infective colitis,1,1,0,1,reduced,1.0,1,19235886,2009,0.667,True
Faecalibacterium,Interstitial cystitis,1,0,0,1,reduced,1.0,1,22974186,2012,0.5,True
Faecalibacterium,Ischemic stroke,1,1,0,1,reduced,1.0,1,32473086,2020,0.833,True
Faecalibacterium,Juvenile idiopathic arthritis,1,1,1,0,elevated,1.0,1,30592383,2019,0.833,True
Faecalibacterium,Kawasaki disease,1,1,1,0,elevated,1.0,1,26322033,2015,0.5,True
Faecalibacterium,Kidney stone,1,0,0,1,reduced,1.0,1,32111156,2020,0.833,True
Faecalibacterium,Liver transplant,1,1,0,1,reduced,1.0,1,22251469,2012,0.667,True
Faecalibacterium,Lung cancer,1,1,0,1,reduced,1.0,1,32240032,2020,0.833,True
Faecalibacterium,Maturity-onset diabetes of the young 2,1,1,0,1,reduced,1.0,1,30224347,2018,0.833,True
Faecalibacterium,Metabolic syndrome,1,1,0,1,reduced,1.0,1,30924020,2019,0.833,True
Faecalibacterium,Microscopic colitis,1,1,1,0,elevated,1.0,1,31009268,2019,0.833,True
Faecalibacterium,Migraine,1,1,0,1,reduced,1.0,1,32083024,2020,0.833,True
Faecalibacterium,Myasthenia gravis,1,1,0,1,reduced,1.0,1,30483222,2018,0.833,True
Faecalibacterium,Normal weight obesity,1,1,0,1,reduced,1.0,1,32296838,2020,0.833,True
Faecalibacterium,Opisthorchis felineus infection,1,0,1,0,elevated,1.0,1,4957795,2016,0.833,True
Faecalibacterium,Pancreatic cancer,1,1,0,1,reduced,1.0,1,31727922,2019,0.833,True
Faecalibacterium,Pervasive developmental disorder NOS,1,1,1,0,elevated,1.0,1,24130822,2013,0.667,True
Faecalibacterium,Polycystic Ovary Syndrome,1,1,0,1,reduced,1.0,1,30292647,2019,0.667,True
Faecalibacterium,Postmenopausal,1,1,0,1,reduced,1.0,1,31273779,2019,0.667,True
Faecalibacterium,Primary sclerosing cholangitis-IBD,1,1,0,1,reduced,1.0,1,5504370,2017,0.833,True
Faecalibacterium,Pulmonary tubercolosis,1,1,1,0,elevated,1.0,1,29322681,2018,0.833,True
Faecalibacterium,Rett Syndrome,1,1,0,1,reduced,1.0,1,4967335,2016,0.667,True
Faecalibacterium,Rheumatoid Arthritis,1,1,1,0,elevated,1.0,1,4840970,2016,0.333,True
Faecalibacterium,Schizophrenia,1,1,0,1,reduced,1.0,1,31759045,2020,0.833,True
Faecalibacterium,Severe fever with thrombocytopenia syndrome,1,1,0,1,reduced,1.0,1,30327643,2018,0.833,True
Faecalibacterium,Sickle cell disease,1,1,0,1,reduced,1.0,1,29274089,2018,0.833,True
Faecalibacterium,Sjögren Syndrome,1,1,0,1,reduced,1.0,1,27087247,2016,0.5,True
Faecalibacterium,Spinal cord injury,1,1,0,1,reduced,1.0,1,31497202,2019,0.833,True
Faecalibacterium,Spondyloarthritis,1,1,0,1,reduced,1.0,1,,2014,0.167,True
Faecalibacterium,Stevens-Johnson syndrome,1,0,1,0,elevated,1.0,1,32152391,2020,0.833,True
Faecalibacterium,Systemic lupus erythematosus,1,1,0,1,reduced,1.0,1,30872359,2019,0.833,True
Faecalibacterium,T2D with hyperlipidemia,1,0,1,0,elevated,1.0,1,28316574,2017,0.667,True
Faecalibacterium,Transient Ischemic Attack,1,1,0,1,reduced,1.0,1,26597155,2015,0.833,True
Faecalibacterium,Uveitits,1,1,0,1,reduced,1.0,1,30262956,2018,0.0,True
Faecalibacterium,Wilson's Disease,1,1,1,0,elevated,1.0,1,30075590,2018,0.833,True
Faecalibacterium,Wiskott-Aldrich syndrome,1,1,0,1,reduced,1.0,1,31267543,2020,0.667,True
Faecalicoccus,Crohn's Disease,1,1,1,0,elevated,1.0,1,30545401,2018,0.667,True
Faecalicoccus,Multiple Sclerosis,1,1,1,0,elevated,1.0,1,30545401,2018,0.667,True
Faecalicoccus,Rheumatoid Arthritis,1,1,1,0,elevated,1.0,1,30545401,2018,0.667,True
Faecalicoccus,Ulcerative Colitis,1,1,1,0,elevated,1.0,1,30545401,2018,0.667,True
Faecalitalea,Irritable Bowel Syndrome,1,0,1,0,elevated,1.0,1,31953505,2020,0.833,True
Fastidiospila,Non-alcoholic fatty liver disease,1,1,0,1,reduced,1.0,1,30870486,2019,0.833,False
Ferribacter,Cystic Fibrosis,1,1,1,0,elevated,1.0,1,22538067,2012,0.5,False
Fibrobacter,Oral potentially malignant disorder,1,0,1,0,elevated,1.0,1,30054809,2018,0.833,True
Filifactor,Asthma,1,0,0,1,reduced,1.0,1,30911282,2019,0.833,True
Filifactor,Azoospermia,1,0,1,0,elevated,1.0,1,29456693,2018,0.667,True
Filifactor,Behcet's Disease,1,1,0,1,reduced,1.0,1,30628011,2019,0.667,True
Filifactor,Caries,1,0,0,1,reduced,1.0,1,29670544,2018,0.833,True
Filifactor,Chronic Obstructive Pulmonary Disease,1,0,0,1,reduced,1.0,1,28740374,2017,0.833,True
Filifactor,Cirrhosis,1,0,1,0,elevated,1.0,1,26606973,2015,0.833,True
Filifactor,Edentulism,1,0,0,1,reduced,1.0,1,30657624,2019,0.833,True
Filifactor,H7N9,1,0,1,0,elevated,1.0,1,29259328,2017,0.667,True
Filifactor,Hepatitis B,1,0,1,0,elevated,1.0,1,26606973,2015,0.833,True
Filifactor,Neisseria gonorrhoeae infection,1,0,1,0,elevated,1.0,1,31945133,2020,0.833,True
Filifactor,Pancreatic head cancer,1,0,1,0,elevated,1.0,1,30728915,2019,0.833,True
Filifactor,Periodontal abscess,1,0,1,0,elevated,1.0,1,31417518,2019,0.833,True
Filifactor,Type 2 Diabetes,1,0,0,1,reduced,1.0,1,31153098,2019,0.833,True
Filobasidium,Caries,1,0,0,1,reduced,1.0,1,6225480,2018,0.667,False
Finegoldia,Chronic Rhinosinusitis with asthma,1,0,0,1,reduced,1.0,1,27879060,2016,0.833,True
Finegoldia,Chronic Rhinosinusitis with cystic fibrosis,1,0,1,0,elevated,1.0,1,27879060,2016,0.833,True
Finegoldia,Crohn's Disease,1,0,1,0,elevated,1.0,1,29848021,2018,0.833,True
Finegoldia,Kidney stone,1,1,0,1,reduced,1.0,1,27115405,2016,0.5,True
Finegoldia,Macular degeneration,1,0,1,0,elevated,1.0,1,32123200,2020,0.833,True
Finegoldia,Overactive bladder,1,0,0,1,reduced,1.0,1,29230385,2017,0.833,True
Finegoldia,Polycystic Ovary Syndrome,1,1,1,0,elevated,1.0,1,31970418,2020,0.833,True
Finegoldia,Pregnancy,1,0,0,1,reduced,1.0,1,24484853,2014,0.833,True
Finegoldia,Psoriasis,1,0,1,0,elevated,1.0,1,31619666,2019,0.833,True
Finegoldia,Type 2 Diabetes,1,0,1,0,elevated,1.0,1,28008148,2017,0.833,True
Firmicutes,Alopecia areata,1,0,1,0,elevated,1.0,1,30973913,2019,0.833,False
Firmicutes,Atrial fibrillation,1,1,1,0,elevated,1.0,1,32188747,2020,0.667,False
Firmicutes,Barrett's oesophagus,1,0,1,0,elevated,1.0,1,19394334,2009,0.333,False
Firmicutes,Botulism,1,1,0,1,reduced,1.0,1,26593441,2015,0.667,False
Firmicutes,Bullous pemphigoid,1,0,1,0,elevated,1.0,1,28418589,2017,0.667,False
Firmicutes,COPD Exacerbation,1,0,0,1,reduced,1.0,1,31782610,2020,0.833,False
Firmicutes,"Celiac Disease, Coaliac disease",1,0,0,1,reduced,1.0,1,25403367,2014,0.833,False
Firmicutes,Clostridium difficile associated disease,1,1,1,0,elevated,1.0,1,21050115,2010,0.833,False
Firmicutes,Colon adenomas,1,0,0,1,reduced,1.0,1,4872055,2016,0.5,False
Firmicutes,Coronary Heart Disease,1,1,1,0,elevated,1.0,1,28497047,2017,0.833,False
Firmicutes,HIV-infected pneumonia,1,0,1,0,elevated,1.0,1,22760045,2012,0.5,False
Firmicutes,Helicobacter pylori infection,1,0,0,1,reduced,1.0,1,31762120,2020,0.833,False
Firmicutes,Hirschsprung-associated enterocolitis,1,1,0,1,reduced,1.0,1,25909773,2015,0.667,False
Firmicutes,Juvenile idiopathic arthritis,1,1,0,1,reduced,1.0,1,26718942,2016,0.667,False
Firmicutes,Multiple Sclerosis,1,1,0,1,reduced,1.0,1,27000242,2016,0.833,False
Firmicutes,Oral cancer,1,0,0,1,reduced,1.0,1,24887397,2014,0.667,False
Firmicutes,Otitis Media,1,0,1,0,elevated,1.0,1,28397271,2017,0.667,False
Firmicutes,Preeclamsia,1,1,0,1,reduced,1.0,1,32265423,2020,0.833,False
Flavobacteriaceae,Cirrhosis,1,0,1,0,elevated,1.0,1,30905718,2019,0.833,False
Flavobacteriaceae,Myasthenia gravis,1,1,0,1,reduced,1.0,1,30258104,2018,0.833,False
Flavobacteriaceae,Parkinson's Disease,1,0,0,1,reduced,1.0,1,31247001,2019,0.833,False
Flavobacterium,Alcoholic hepatitis,1,0,0,1,reduced,1.0,1,29083504,2018,0.833,True
Flavobacterium,Clostridium difficile infection,1,1,0,1,reduced,1.0,1,31462412,2019,0.667,True
Flavobacterium,Colorectal cancer,1,0,0,1,reduced,1.0,1,25699023,2015,0.667,True
Flavobacterium,Constipation,1,0,1,0,elevated,1.0,1,26460205,2016,0.833,True
Flavobacterium,Crohn's Disease,1,0,1,0,elevated,1.0,1,,2016,0.667,True
Flavobacterium,Cutaneous burn,1,0,1,0,elevated,1.0,1,28333758,2017,0.5,True
Flavobacterium,Cystic Fibrosis,1,0,0,1,reduced,1.0,1,29445257,2017,0.833,True
Flavobacterium,Endometriosis,1,0,1,0,elevated,1.0,1,31087436,2019,0.667,True
Flavobacterium,Intestinal metaplasia,1,0,1,0,elevated,1.0,1,,2019,0.833,True
Flavobacterium,Multiple Sclerosis,1,1,0,1,reduced,1.0,1,27346372,2016,0.833,True
Flavobacterium,Neuromyelitis optica,1,1,1,0,elevated,1.0,1,27398819,2016,0.667,True
Flavobacterium,Obesity,1,1,0,1,reduced,1.0,1,30810328,2019,0.167,True
Flavobacterium,Pancreatitis,1,0,0,1,reduced,1.0,1,29423379,2018,0.667,True
Flavobacterium,Psoriasis,1,0,1,0,elevated,1.0,1,30185226,2018,0.667,True
Flavonifractor,Alopecia universalis,1,1,0,1,reduced,1.0,1,31419351,2019,0.833,True
Flavonifractor,Ankylosing spondylitis,1,1,1,0,elevated,1.0,1,31778109,2019,0.833,True
Flavonifractor,Asthma,1,0,1,0,elevated,1.0,1,29031597,2018,0.5,True
Flavonifractor,Atrial fibrillation,1,1,0,1,reduced,1.0,1,6543127,2019,0.833,True
Flavonifractor,Autism spectrum disorders,1,1,0,1,reduced,1.0,1,30895172,2019,0.833,True
Flavonifractor,Cholestasis,1,1,0,1,reduced,1.0,1,31848302,2019,0.833,True
Flavonifractor,Coronary artery disease,1,1,0,1,reduced,1.0,1,30192713,2018,0.833,True
Flavonifractor,Fibromyalgia,1,1,1,0,elevated,1.0,1,31219947,2019,0.833,True
Flavonifractor,HIV infection,1,1,0,1,reduced,1.0,1,30649052,2019,0.667,True
Flavonifractor,Human end-stage renal disease,1,1,1,0,elevated,1.0,1,32241904,2020,0.833,True
Flavonifractor,Idiopathic REM Sleep Behavior Disorder,1,1,1,0,elevated,1.0,1,28843021,2018,0.667,True
Flavonifractor,Infantile eczema,1,1,1,0,elevated,1.0,1,27812181,2016,0.667,True
Flavonifractor,Irritable Bowel Syndrome,1,1,1,0,elevated,1.0,1,21820992,2011,0.833,True
Flavonifractor,Migraine,1,1,1,0,elevated,1.0,1,32083024,2020,0.833,True
Flavonifractor,Neuromyelitis optica,1,1,1,0,elevated,1.0,1,31841737,2020,0.833,True
Flavonifractor,Non-alcoholic fatty liver disease,1,1,0,1,reduced,1.0,1,25644696,2015,0.833,True
Flavonifractor,Pancreatic cancer,1,1,0,1,reduced,1.0,1,29221120,2017,0.833,True
Flavonifractor,Pemphigus vulgaris,1,1,0,1,reduced,1.0,1,31211854,2019,0.833,True
Flavonifractor,Schizophrenia,1,1,1,0,elevated,1.0,1,31759045,2020,0.833,True
Flavonifractor,Short Bowel Syndrome,1,1,0,1,reduced,1.0,1,28425133,2017,0.833,True
Flavonifractor,Systemic lupus erythematosus,1,1,1,0,elevated,1.0,1,,2016,0.333,True
Flavonifractor,Ulcerative Colitis,1,1,1,0,elevated,1.0,1,31329473,2019,0.667,True
Flexilinea,Periodontal abscess,1,0,0,1,reduced,1.0,1,31417518,2019,0.833,True
Fluviicola,Cystic Fibrosis,1,0,0,1,reduced,1.0,1,29445257,2017,0.833,True
Fluviicola,Obstructive sleep apnea-hypopnea syndrome,1,0,0,1,reduced,1.0,1,30976074,2019,0.667,True
Fournierella,Coronary artery disease,1,1,0,1,reduced,1.0,1,31995569,2020,0.667,True
Fretibacterium,Aggressive periodontitis,1,0,1,0,elevated,1.0,1,30909081,2019,0.833,True
Fretibacterium,Autoimmune polyendocrine syndrome type 1,1,0,0,1,reduced,1.0,1,29503707,2018,0.833,True
Fretibacterium,Caries,1,0,0,1,reduced,1.0,1,29670544,2018,0.833,True
Fretibacterium,Neisseria gonorrhoeae infection,1,0,1,0,elevated,1.0,1,31945133,2020,0.833,True
Fretibacterium,Periodontal disease,1,0,1,0,elevated,1.0,1,31329044,2019,0.833,True
Fretibacterium,Psoriasis,1,0,1,0,elevated,1.0,1,31916654,2020,0.833,True
Fretibacterium,Sjögren Syndrome,1,0,0,1,reduced,1.0,1,27770517,2016,0.667,True
Fretibacterium,Smoking,1,0,1,0,elevated,1.0,1,25283067,2015,0.667,True
Fretibacterium,Systemic lupus erythematosus,1,0,1,0,elevated,1.0,1,28320468,2017,0.833,True
Frigoribacterium,Asthma,1,0,1,0,elevated,1.0,1,30911282,2019,0.833,True
Fromanvirus,Colorectal cancer,1,1,1,0,elevated,1.0,1,29689266,2018,0.667,False
Fucophilus,Cystic Fibrosis,1,1,0,1,reduced,1.0,1,22538067,2012,0.5,False
Fusarium,Cystic fibrosis exacerbation,1,0,0,1,reduced,1.0,1,32108159,2020,0.667,False
Fusarium,Uveitits,1,1,0,1,reduced,1.0,1,30938773,2019,0.667,False
Fusibacter,Irritable Bowel Syndrome,1,1,0,1,reduced,1.0,1,22986438,2012,0.833,True
Fusibacter,Stevens-Johnson syndrome,1,0,0,1,reduced,1.0,1,32152391,2020,0.833,True
Fusicatenibacter,Acne,1,1,0,1,reduced,1.0,1,29756631,2018,0.667,True
Fusicatenibacter,Acute fatty liver,1,1,0,1,reduced,1.0,1,31776707,2020,0.667,True
Fusicatenibacter,Acute lymphoblastic leukemia,1,1,0,1,reduced,1.0,1,31754744,2020,0.833,True
Fusicatenibacter,Autism spectrum disorders,1,1,0,1,reduced,1.0,1,30670726,2019,0.833,True
Fusicatenibacter,Constipation,1,1,0,1,reduced,1.0,1,31776707,2020,0.667,True
Fusicatenibacter,Coronary artery disease,1,1,0,1,reduced,1.0,1,31995569,2020,0.667,True
Fusicatenibacter,Covid-19,1,1,0,1,reduced,1.0,1,32497191,2020,0.833,True
Fusicatenibacter,Excessive vomiting,1,1,0,1,reduced,1.0,1,31776707,2020,0.667,True
Fusicatenibacter,Frailty,1,1,0,1,reduced,1.0,1,,2022,0.333,True
Fusicatenibacter,Graves' orbitopathy,1,1,0,1,reduced,1.0,1,30674011,2019,0.833,True
Fusicatenibacter,H1N1 Influenza,1,1,0,1,reduced,1.0,1,32497191,2020,0.833,True
Fusicatenibacter,Hashimoto's thyroiditis,1,1,1,0,elevated,1.0,1,29320965,2018,0.833,True
Fusicatenibacter,Kidney stone,1,1,0,1,reduced,1.0,1,29353409,2018,0.833,True
Fusicatenibacter,Neuromyelitis optica,1,1,0,1,reduced,1.0,1,31841737,2020,0.833,True
Fusicatenibacter,Obstructive sleep apnea-hypopnea syndrome,1,0,0,1,reduced,1.0,1,30976074,2019,0.667,True
Fusicatenibacter,Schizophrenia,1,1,0,1,reduced,1.0,1,31759045,2020,0.833,True
Fusicatenibacter,Short Bowel Syndrome,1,1,0,1,reduced,1.0,1,28425133,2017,0.833,True
Fusicatenibacter,Ulcerative Colitis,1,1,0,1,reduced,1.0,1,27824645,2016,0.667,True
Fusobacteria,"Celiac Disease, Coaliac disease",1,0,0,1,reduced,1.0,1,30400238,2018,0.833,False
Fusobacteria,Chronic mucocutaneous candidiasis,1,0,0,1,reduced,1.0,1,23796786,2014,0.667,False
Fusobacteria,Cirrhosis,1,0,0,1,reduced,1.0,1,30905718,2019,0.833,False
Fusobacteria,Coronary Heart Disease,1,1,1,0,elevated,1.0,1,28497047,2017,0.833,False
Fusobacteria,Helicobacter pylori infection,1,0,0,1,reduced,1.0,1,31762120,2020,0.833,False
Fusobacteria,Hyper IgE syndrome,1,0,0,1,reduced,1.0,1,23796786,2014,0.667,False
Fusobacteria,Idiopathic infertility,1,0,0,1,reduced,1.0,1,28098358,2017,0.833,False
Fusobacteria,Multiple Sclerosis,1,1,0,1,reduced,1.0,1,27000242,2016,0.833,False
Fusobacteria,Polycystic Ovary Syndrome,1,1,1,0,elevated,1.0,1,31972546,2020,0.833,False
Fusobacteria,Sepsis,1,1,1,0,elevated,1.0,1,31465241,2019,0.5,False
Fusobacteria,Ulcerative Colitis,1,0,0,1,reduced,1.0,1,21987382,2012,0.667,False
Fusobacteriaceae,Cirrhosis,1,1,1,0,elevated,1.0,1,21574172,2011,0.833,False
Fusobacteriaceae,HIV infection,1,1,1,0,elevated,1.0,1,24586144,2014,0.667,False
Fusobacteriaceae,Keratitis,1,1,1,0,elevated,1.0,1,6014669,2018,0.833,False
Fusobacteriaceae,Liver fibrosis,1,1,1,0,elevated,1.0,1,27639192,2016,0.833,False
Fusobacteriaceae,Lung cancer,1,1,1,0,elevated,1.0,1,32240032,2020,0.833,False
Fusobacteriales,Alcoholic hepatitis,1,0,1,0,elevated,1.0,1,29083504,2018,0.833,False
Fusobacterium,Ankylosing spondylitis,1,1,0,1,reduced,1.0,1,28750650,2017,0.667,True
Fusobacterium,Anti-N-methyl-D-aspartate receptor encephalitis,1,1,1,0,elevated,1.0,1,31448571,2019,0.833,True
Fusobacterium,Asthma,1,0,0,1,reduced,1.0,1,30911282,2019,0.833,True
Fusobacterium,Attention Deficit Hyperactivity Disorder,1,1,1,0,elevated,1.0,1,31119393,2019,0.833,True
Fusobacterium,Autism,1,1,0,1,reduced,1.0,1,24130822,2013,0.667,True
Fusobacterium,Autoimmune polyendocrine syndrome type 1,1,0,1,0,elevated,1.0,1,29503707,2018,0.833,True
Fusobacterium,Bacterial vaginosis,1,0,1,0,elevated,1.0,1,20819230,2010,0.667,True
Fusobacterium,Barrett's oesophagus,1,0,1,0,elevated,1.0,1,,2013,0.667,True
Fusobacterium,Bleeding gum,1,0,1,0,elevated,1.0,1,32298191,2020,0.667,True
Fusobacterium,Breast cancer,1,0,1,0,elevated,1.0,1,27485780,2016,0.833,True
Fusobacterium,Cardiac valve calcification,1,1,1,0,elevated,1.0,1,30897381,2019,0.833,True
Fusobacterium,Chagas' disease,1,0,1,0,elevated,1.0,1,17390173,2007,0.667,True
Fusobacterium,Chronic Rhinosinusitis,1,0,1,0,elevated,1.0,1,26272413,2015,0.667,True
Fusobacterium,Chronic alcoholic pancreatitis,1,1,0,1,reduced,1.0,1,29555983,2018,0.833,True
Fusobacterium,Cirrhosis,1,0,1,0,elevated,1.0,1,26606973,2015,0.833,True
Fusobacterium,Cognitive impairment,1,1,1,0,elevated,1.0,1,34869782,2021,0.333,True
Fusobacterium,Colon polyps,1,1,0,1,reduced,1.0,1,7574628,1995,0.667,True
Fusobacterium,Denture Stomatitis,1,0,1,0,elevated,1.0,1,5196032,2016,0.667,True
Fusobacterium,Drug-resistant Epilepsy,1,1,1,0,elevated,1.0,1,30291996,2018,0.833,True
Fusobacterium,Esophageal cancer,1,0,0,1,reduced,1.0,1,27769987,2016,0.667,True
Fusobacterium,Generalized anxiety disorder,1,1,1,0,elevated,1.0,1,30029052,2018,0.833,True
Fusobacterium,H7N9,1,0,1,0,elevated,1.0,1,29259328,2017,0.667,True
Fusobacterium,Head/Neck cancer,1,0,0,1,reduced,1.0,1,30603107,2018,0.667,True
Fusobacterium,Heart failure,1,1,1,0,elevated,1.0,1,29330424,2018,0.833,True
Fusobacterium,Helicobacter pylori infection,1,0,0,1,reduced,1.0,1,32197614,2020,0.833,True
Fusobacterium,Hepatitis B,1,1,1,0,elevated,1.0,1,7098974,2020,0.833,True
Fusobacterium,Hepatocellular cancer,1,0,1,0,elevated,1.0,1,27605161,2016,0.833,True
Fusobacterium,Human end-stage renal disease,1,1,1,0,elevated,1.0,1,32241904,2020,0.833,True
Fusobacterium,Hypertension,1,1,1,0,elevated,1.0,1,28143587,2017,0.833,True
Fusobacterium,Influenza A,1,0,0,1,reduced,1.0,1,30581863,2018,0.833,True
Fusobacterium,Irritable Bowel Syndrome,1,0,0,1,reduced,1.0,1,23757279,2012,0.5,True
Fusobacterium,Macular degeneration,1,0,0,1,reduced,1.0,1,32123200,2020,0.833,True
Fusobacterium,Myasthenia gravis,1,1,1,0,elevated,1.0,1,34233671,2021,0.5,True
Fusobacterium,Obstructive sleep apnea-hypopnea syndrome,1,0,1,0,elevated,1.0,1,29969291,2019,0.833,True
Fusobacterium,Oral leukoplakia,1,0,1,0,elevated,1.0,1,29250055,2017,0.833,True
Fusobacterium,Oral potentially malignant disorder,1,0,1,0,elevated,1.0,1,30054809,2018,0.833,True
Fusobacterium,Otitis Media,1,0,1,0,elevated,1.0,1,29458340,2018,0.833,True
Fusobacterium,Overactive bladder,1,0,0,1,reduced,1.0,1,29230385,2017,0.833,True
Fusobacterium,Pancreatic head cancer,1,0,1,0,elevated,1.0,1,30728915,2019,0.833,True
Fusobacterium,Periodontal disease,1,0,1,0,elevated,1.0,1,31329044,2019,0.833,True
Fusobacterium,Pervasive developmental disorder NOS,1,1,0,1,reduced,1.0,1,24130822,2013,0.667,True
Fusobacterium,Primary sclerosing cholangitis,1,1,1,0,elevated,1.0,1,27207975,2016,0.667,True
Fusobacterium,Primary sclerosing cholangitis-IBD,1,1,1,0,elevated,1.0,1,29435321,2018,0.833,True
Fusobacterium,Reflux esophagitis,1,0,1,0,elevated,1.0,1,,2013,0.667,True
Fusobacterium,Refractory celiac disease,1,0,0,1,reduced,1.0,1,,2017,0.667,True
Fusobacterium,Rheumatoid Arthritis,1,0,1,0,elevated,1.0,1,30459400,2018,0.667,True
Fusobacterium,Sarcopenia,1,1,0,1,reduced,1.0,1,,2023,0.333,True
Fusobacterium,Schizophrenia,1,1,0,1,reduced,1.0,1,32065949,2020,0.833,True
Fusobacterium,Severe congenital neutropenia,1,0,0,1,reduced,1.0,1,32026584,2020,0.667,True
Fusobacterium,Sicca syndrome,1,0,1,0,elevated,1.0,1,31211815,2019,0.833,True
Fusobacterium,Stevens-Johnson syndrome,1,0,1,0,elevated,1.0,1,32152391,2020,0.833,True
Fusobacterium,Tongue cancer,1,0,0,1,reduced,1.0,1,29228609,2017,0.667,True
Fusobacterium,Trichomonas vaginalis infection,1,0,1,0,elevated,1.0,1,23482642,2013,0.833,True
Fusobacterium,Urogenital Schistosomiasis,1,0,1,0,elevated,1.0,1,28793309,2017,0.667,True
Fusobacterium,X-linked inhibitor of apoptosis deficiency,1,1,1,0,elevated,1.0,1,30312711,2019,0.333,True
Galactomyces,Alcoholism,1,1,0,1,reduced,1.0,1,28530644,2017,0.5,False
Gallibacterium,Asthma,1,0,1,0,elevated,1.0,1,29984544,2018,0.833,True
Gallibacterium,Non-alcoholic fatty liver disease,1,1,1,0,elevated,1.0,1,30926798,2019,0.833,True
Gallicola,Psoriasis,1,0,1,0,elevated,1.0,1,30185226,2018,0.667,False
Gallicola,Type 2 Diabetes,1,0,0,1,reduced,1.0,1,31438919,2019,0.833,False
Gallionella,Azoospermia,1,0,0,1,reduced,1.0,1,29456693,2018,0.667,True
Gallionella,Schizophrenia,1,1,0,1,reduced,1.0,1,28442250,2018,0.833,True
Gammaproteobacteria,Asthma,1,0,1,0,elevated,1.0,1,23265859,2013,0.833,False
Gammaproteobacteria,HIV infection,1,1,1,0,elevated,1.0,1,25057045,2015,0.667,False
Gammaproteobacteria,Hepatocellular cancer,1,0,0,1,reduced,1.0,1,27605161,2016,0.833,False
Gammaproteobacteria,Inflammatory Bowel Disease,1,1,1,0,elevated,1.0,1,6650632,2019,0.833,False
Gammaproteobacteria,Sepsis,1,1,1,0,elevated,1.0,1,31465241,2019,0.5,False
Gammasphaerolipovirus,Colorectal cancer,1,1,1,0,elevated,1.0,1,29689266,2018,0.667,False
Ganoderma,Seborrheic dermatitis,1,0,0,1,reduced,1.0,1,32219537,2020,0.833,False
Gardnerella,Aerobic vaginitis,1,0,1,0,elevated,1.0,1,31955954,2020,0.833,False
Gardnerella,Cervical cancer,1,0,1,0,elevated,1.0,1,6256731,2018,0.833,False
Gardnerella,Crohn's Disease,1,0,1,0,elevated,1.0,1,24315776,2014,0.833,False
Gardnerella,HIV infection,1,1,1,0,elevated,1.0,1,30915086,2019,0.667,False
Gardnerella,Human papilloma virus infection,1,0,1,0,elevated,1.0,1,31749298,2020,0.833,False
Gardnerella,Idiopathic infertility,1,0,1,0,elevated,1.0,1,28098358,2017,0.833,False
Gardnerella,Pelvic inflammatory disease,1,0,1,0,elevated,1.0,1,,2018,0.167,False
Gardnerella,Pregnancy,1,0,0,1,reduced,1.0,1,24484853,2014,0.833,False
Gardnerella,Recurrent miscarriage,1,0,0,1,reduced,1.0,1,30988706,2019,0.667,False
Gardnerella,Rheumatoid Arthritis,1,1,1,0,elevated,1.0,1,31699813,2020,0.333,False
Gardnerella,Ulcerative Colitis,1,0,1,0,elevated,1.0,1,24315776,2014,0.833,False
Gardnerella,Vulvar vestibulitis syndrome,1,0,0,1,reduced,1.0,1,24961922,2014,0.667,False
Gardnerella,Vulvodynia,1,0,0,1,reduced,1.0,1,32044865,2020,0.833,False
Gelria,Adolescent idiopathic scoliosis,1,1,1,0,elevated,1.0,1,30481617,2019,0.833,False
Gemella,Aerobic vaginitis,1,0,1,0,elevated,1.0,1,31955954,2020,0.833,True
Gemella,Aggressive periodontitis,1,0,0,1,reduced,1.0,1,25814980,2015,0.5,True
Gemella,Alzheimer's Disease,1,1,1,0,elevated,1.0,1,,2017,0.833,True
Gemella,Autoimmune polyendocrine syndrome type 1,1,0,1,0,elevated,1.0,1,29503707,2018,0.833,True
Gemella,Barrett's oesophagus,1,0,0,1,reduced,1.0,1,19394334,2009,0.333,True
Gemella,Behcet's Disease,1,0,0,1,reduced,1.0,1,26037240,2015,0.5,True
Gemella,Bleeding gum,1,0,1,0,elevated,1.0,1,32298191,2020,0.667,True
Gemella,COPD Exacerbation,1,0,0,1,reduced,1.0,1,31174538,2019,0.833,True
Gemella,Chronic Obstructive Pulmonary Disease,1,0,0,1,reduced,1.0,1,28740374,2017,0.833,True
Gemella,Common Variable Immunodeficieny,1,1,1,0,elevated,1.0,1,6700332,2019,0.667,True
Gemella,Crohn's Disease,1,0,0,1,reduced,1.0,1,24013298,2014,0.167,True
Gemella,Cystic Fibrosis,1,0,0,1,reduced,1.0,1,29445257,2017,0.833,True
Gemella,Endometriosis,1,0,0,1,reduced,1.0,1,30778155,2019,0.833,True
Gemella,Gastric carcinoma,1,0,1,0,elevated,1.0,1,28765474,2018,0.833,True
Gemella,Halitosis,1,0,0,1,reduced,1.0,1,28875948,2017,0.833,True
Gemella,Inflammatory Bowel Disease,1,1,1,0,elevated,1.0,1,26843508,2017,0.833,True
Gemella,Influenza A,1,0,0,1,reduced,1.0,1,30581863,2018,0.833,True
Gemella,Irritable Bowel Syndrome,1,0,0,1,reduced,1.0,1,32266159,2020,0.833,True
Gemella,Juvenile idiopathic arthritis,1,1,0,1,reduced,1.0,1,30592383,2019,0.833,True
Gemella,Kaposi's sarcoma,1,0,0,1,reduced,1.0,1,31951641,2020,0.833,True
Gemella,Oral leukoplakia,1,0,0,1,reduced,1.0,1,29250055,2017,0.833,True
Gemella,Otitis Media,1,0,1,0,elevated,1.0,1,29458340,2018,0.833,True
Gemella,Overactive bladder,1,0,1,0,elevated,1.0,1,29230385,2017,0.833,True
Gemella,Parkinson's Disease,1,0,0,1,reduced,1.0,1,28259623,2017,0.833,True
Gemella,Periodontal disease,1,0,0,1,reduced,1.0,1,31329044,2019,0.833,True
Gemella,Pulmonary tubercolosis,1,0,0,1,reduced,1.0,1,32303963,2020,0.667,True
Gemella,T2D with hypertension and hyperlipidemia,1,0,0,1,reduced,1.0,1,28316574,2017,0.667,True
Gemella,Tongue cancer,1,0,0,1,reduced,1.0,1,29228609,2017,0.667,True
Gemella,Trichomonas vaginalis infection,1,0,1,0,elevated,1.0,1,23482642,2013,0.833,True
Gemella,Type 1 Diabetes,1,1,1,0,elevated,1.0,1,26891226,2016,0.833,True
Gemella,Type 2 Diabetes,1,0,1,0,elevated,1.0,1,28008148,2017,0.833,True
Gemellales,Pneumonia,1,0,0,1,reduced,1.0,1,26151645,2016,0.667,False
Geminicoccus,Vitiligo,1,0,1,0,elevated,1.0,1,26758568,2016,0.667,True
Gemmiger,Acne,1,1,0,1,reduced,1.0,1,29756631,2018,0.667,True
Gemmiger,Bipolar disorder,1,1,0,1,reduced,1.0,1,31380217,2019,0.833,True
Gemmiger,Drug-resistant Epilepsy,1,1,1,0,elevated,1.0,1,30291996,2018,0.833,True
Gemmiger,"Hand, foot and mouth disease",1,1,0,1,reduced,1.0,1,30427066,2018,0.833,True
Gemmiger,Hepatocellular cancer,1,1,1,0,elevated,1.0,1,30045880,2018,0.833,True
Gemmiger,Idiopathic central precocious puberty,1,1,1,0,elevated,1.0,1,6987398,2020,0.833,True
Gemmiger,Infantile eczema,1,1,1,0,elevated,1.0,1,27812181,2016,0.667,True
Gemmiger,Pancreatic cancer,1,1,0,1,reduced,1.0,1,29221120,2017,0.833,True
Gemmiger,Preeclamsia,1,1,0,1,reduced,1.0,1,6608563,2019,0.833,True
Gemmiger,Rett Syndrome,1,1,0,1,reduced,1.0,1,4967335,2016,0.667,True
Gemmiger,Rheumatoid Arthritis,1,1,0,1,reduced,1.0,1,30545401,2018,0.667,True
Geobacillus,Psoriasis,1,0,1,0,elevated,1.0,1,24451201,2013,0.833,True
Geobacter,Azoospermia,1,0,0,1,reduced,1.0,1,29456693,2018,0.667,True
Geodermatophilaceae,Obstructive sleep apnea-hypopnea syndrome,1,0,0,1,reduced,1.0,1,30976074,2019,0.667,False
Georgenia,Asthma,1,0,1,0,elevated,1.0,1,30911282,2019,0.833,True
Geothrix,Gestational diabetes,1,0,0,1,reduced,1.0,1,28932201,2017,0.667,True
Gibberella,Crohn's Disease,1,0,1,0,elevated,1.0,1,24275714,2015,0.833,False
Gibberella,Oral cancer,1,0,1,0,elevated,1.0,1,29152157,2017,0.833,False
Gibberella,Uveitits,1,1,0,1,reduced,1.0,1,30938773,2019,0.667,False
Glaciecola,Asthma,1,0,1,0,elevated,1.0,1,30911282,2019,0.833,True
Globicatella,Conjunctival scarring,1,0,0,1,reduced,1.0,1,25484919,2014,0.833,True
Glomeraceae,Cirrhosis,1,1,0,1,reduced,1.0,1,28578302,2018,0.833,False
Glomerellales,Schizophrenia,1,1,0,1,reduced,1.0,1,31759045,2020,0.833,False
Gluconacetobacter,Breast cancer,1,0,1,0,elevated,1.0,1,27485780,2016,0.833,True
Gluconobacter,Inflammatory Bowel Disease,1,0,1,0,elevated,1.0,1,17699621,2007,0.333,True
Glutamicibacter,Alzheimer's Disease,1,0,1,0,elevated,1.0,1,31434623,2019,0.5,True
Gordonia,Psoriasis,1,0,1,0,elevated,1.0,1,30949136,2019,0.5,True
Gordonibacter,Crohn's Disease,1,1,0,1,reduced,1.0,1,27542127,2016,0.833,True
Gordonibacter,Multiple system atrophy,1,1,1,0,elevated,1.0,1,31381527,2019,0.667,True
Gordonibacter,Psoriasis,1,1,0,1,reduced,1.0,1,30264198,2019,0.5,True
Gp21,Obstructive sleep apnea-hypopnea syndrome,1,0,0,1,reduced,1.0,1,30976074,2019,0.667,False
Gp7,Obstructive sleep apnea-hypopnea syndrome,1,0,0,1,reduced,1.0,1,30976074,2019,0.667,False
Granulicatella,Acne,1,1,0,1,reduced,1.0,1,29756631,2018,0.667,True
Granulicatella,Aggressive periodontitis,1,0,0,1,reduced,1.0,1,28260061,2017,0.5,True
Granulicatella,Alcoholism,1,1,1,0,elevated,1.0,1,31951082,2020,0.833,True
Granulicatella,Atopic dermatitis,1,0,0,1,reduced,1.0,1,31152265,2019,0.667,True
Granulicatella,Chronic Obstructive Pulmonary Disease,1,0,0,1,reduced,1.0,1,30104869,2018,0.833,True
Granulicatella,Colorectal cancer,1,0,1,0,elevated,1.0,1,26515465,2015,0.833,True
Granulicatella,Coronary artery disease,1,1,1,0,elevated,1.0,1,31027508,2019,0.667,True
Granulicatella,Cystic Fibrosis,1,0,0,1,reduced,1.0,1,29445257,2017,0.833,True
Granulicatella,E-smoking,1,0,0,1,reduced,1.0,1,32105635,2020,0.667,True
Granulicatella,Eosinophilic esophagitis,1,0,1,0,elevated,1.0,1,26034601,2015,0.833,True
Granulicatella,Gestational diabetes,1,1,1,0,elevated,1.0,1,29764499,2019,0.833,True
Granulicatella,Helicobacter pylori infection,1,0,0,1,reduced,1.0,1,28120843,2017,0.833,True
Granulicatella,Hepatic encephalopathy,1,1,1,0,elevated,1.0,1,29923681,2018,0.833,True
Granulicatella,Infantile eczema,1,1,0,1,reduced,1.0,1,27812181,2016,0.667,True
Granulicatella,Influenza A,1,0,0,1,reduced,1.0,1,30581863,2018,0.833,True
Granulicatella,Invasive pneumococcal disease,1,0,1,0,elevated,1.0,1,6360994,2019,0.833,True
Granulicatella,Multiple system atrophy,1,1,0,1,reduced,1.0,1,31680836,2019,0.833,True
Granulicatella,Obstructive sleep apnea-hypopnea syndrome,1,0,1,0,elevated,1.0,1,29969291,2019,0.833,True
Granulicatella,Oral potentially malignant disorder,1,0,1,0,elevated,1.0,1,30054809,2018,0.833,True
Granulicatella,Otitis Media,1,0,1,0,elevated,1.0,1,29458340,2018,0.833,True
Granulicatella,Pancreatic cancer,1,0,1,0,elevated,1.0,1,21994333,2012,0.833,True
Granulicatella,Parkinson's Disease,1,0,0,1,reduced,1.0,1,28259623,2017,0.833,True
Granulicatella,Pemphigus vulgaris,1,1,0,1,reduced,1.0,1,31211854,2019,0.833,True
Granulicatella,Psoriasis,1,1,0,1,reduced,1.0,1,30264198,2019,0.5,True
Granulicatella,Sicca syndrome,1,0,1,0,elevated,1.0,1,31211815,2019,0.833,True
Granulicatella,Tuberculosis,1,0,0,1,reduced,1.0,1,23365674,2013,0.667,True
Granulicatella,Uveitits,1,1,0,1,reduced,1.0,1,29625474,2018,0.667,True
Guignardia,Tongue cancer,1,0,1,0,elevated,1.0,1,29228609,2017,0.667,False
Gulbenkiania,Protracted bacterial bronchitis,1,0,1,0,elevated,1.0,1,29984544,2018,0.833,True
HSV-1,Atherosclerosis,1,0,1,0,elevated,1.0,1,11940204,2002,0.333,False
Haematonectria,Keratitis,1,1,0,1,reduced,1.0,1,30541945,2018,0.167,False
Haematonectria,Schizophrenia,1,1,1,0,elevated,1.0,1,31759045,2020,0.833,False
Haemophilus,Aerobic vaginitis,1,0,1,0,elevated,1.0,1,31315951,2019,0.833,True
Haemophilus,Alcoholism,1,1,1,0,elevated,1.0,1,31951082,2020,0.833,True
Haemophilus,Autism,1,1,0,1,reduced,1.0,1,29274915,2018,0.833,True
Haemophilus,Autism spectrum disorders,1,0,1,0,elevated,1.0,1,29371629,2018,0.833,True
Haemophilus,Autoimmune polyendocrine syndrome type 1,1,0,0,1,reduced,1.0,1,29503707,2018,0.833,True
Haemophilus,Behcet's Disease,1,0,1,0,elevated,1.0,1,27283393,2016,0.833,True
Haemophilus,Biliary atresia,1,1,0,1,reduced,1.0,1,31271681,2019,0.833,True
Haemophilus,Bronchiectasis,1,0,0,1,reduced,1.0,1,30423913,2018,0.833,True
Haemophilus,Chronic Rhinosinusitis,1,0,1,0,elevated,1.0,1,23656607,2013,0.667,True
Haemophilus,Chronic lung disease,1,0,1,0,elevated,1.0,1,27388563,2016,0.833,True
Haemophilus,Chronic ocular graft-versus-host disease,1,0,1,0,elevated,1.0,1,30742990,2019,0.833,True
Haemophilus,Chronic rhinosinusitis with nasal polyps,1,0,1,0,elevated,1.0,1,29784985,2018,0.833,True
Haemophilus,Clostridium difficile infection,1,1,0,1,reduced,1.0,1,30785932,2019,0.667,True
Haemophilus,Colorectal cancer,1,0,0,1,reduced,1.0,1,28988196,2017,0.667,True
Haemophilus,Coronary artery disease,1,1,1,0,elevated,1.0,1,31027508,2019,0.667,True
Haemophilus,Cystic Fibrosis,1,0,0,1,reduced,1.0,1,26492486,2016,0.0,True
Haemophilus,Cystic fibrosis exacerbation,1,0,0,1,reduced,1.0,1,32108159,2020,0.667,True
Haemophilus,Eosinophilic esophagitis,1,0,1,0,elevated,1.0,1,31107724,2019,0.833,True
Haemophilus,Extrinsic black stain,1,0,1,0,elevated,1.0,1,26340752,2015,0.5,True
Haemophilus,Fibromyalgia,1,1,0,1,reduced,1.0,1,31219947,2019,0.833,True
Haemophilus,Gastric carcinoma,1,0,1,0,elevated,1.0,1,6629868,2019,0.667,True
Haemophilus,Gestational diabetes + hyperlipidemia,1,1,1,0,elevated,1.0,1,31447702,2019,0.833,True
Haemophilus,Granulomatosis with polyangiitis,1,0,1,0,elevated,1.0,1,30420263,2019,0.833,True
Haemophilus,Graves' disease,1,1,1,0,elevated,1.0,1,6158725,2018,0.667,True
Haemophilus,H7N9,1,0,0,1,reduced,1.0,1,29259328,2017,0.667,True
Haemophilus,Halitosis,1,0,0,1,reduced,1.0,1,28875948,2017,0.833,True
Haemophilus,Head/Neck cancer,1,0,0,1,reduced,1.0,1,32071121,2020,0.833,True
Haemophilus,Helicobacter pylori infection,1,0,1,0,elevated,1.0,1,30734438,2019,0.667,True
Haemophilus,Henoch-Schönlein Purpura,1,0,0,1,reduced,1.0,1,30342346,2018,0.833,True
Haemophilus,Hepatitis B,1,1,1,0,elevated,1.0,1,7098974,2020,0.833,True
Haemophilus,Hepatitis C,1,1,1,0,elevated,1.0,1,28561276,2018,0.833,True
Haemophilus,Idiopathic Pulmonary Fibrosis,1,0,1,0,elevated,1.0,1,25184687,2014,0.5,True
Haemophilus,Idiopathic focal epilepsy,1,1,1,0,elevated,1.0,1,31730997,2020,0.833,True
Haemophilus,Infantile eczema,1,1,0,1,reduced,1.0,1,27812181,2016,0.667,True
Haemophilus,Influenza A,1,0,0,1,reduced,1.0,1,30581863,2018,0.833,True
Haemophilus,Juvenile idiopathic arthritis,1,1,1,0,elevated,1.0,1,30592383,2019,0.833,True
Haemophilus,Lower respiratory tract infection,1,0,1,0,elevated,1.0,1,30885620,2019,0.833,True
Haemophilus,Microscopic colitis,1,1,1,0,elevated,1.0,1,31254673,2020,0.667,True
Haemophilus,Multiple Sclerosis,1,1,1,0,elevated,1.0,1,27346372,2016,0.833,True
Haemophilus,Multiple system atrophy,1,1,0,1,reduced,1.0,1,31381527,2019,0.667,True
Haemophilus,Obstructive sleep apnea-hypopnea syndrome,1,0,1,0,elevated,1.0,1,29969291,2019,0.833,True
Haemophilus,Opisthorchis felineus infection,1,0,1,0,elevated,1.0,1,4957795,2016,0.833,True
Haemophilus,Oral potentially malignant disorder,1,0,0,1,reduced,1.0,1,30054809,2018,0.833,True
Haemophilus,Oropharyngeal cancer,1,0,1,0,elevated,1.0,1,31832691,2020,0.833,True
Haemophilus,Osteoarthritis,1,0,1,0,elevated,1.0,1,30250232,2018,0.667,True
Haemophilus,Otitis Media,1,0,1,0,elevated,1.0,1,29458340,2018,0.833,True
Haemophilus,Pancreatic cancer,1,0,1,0,elevated,1.0,1,31750624,2020,0.667,True
Haemophilus,Pancreatic head cancer,1,0,0,1,reduced,1.0,1,30728915,2019,0.833,True
Haemophilus,Pneumonia,1,0,1,0,elevated,1.0,1,30787368,2019,0.667,True
Haemophilus,Primary biliary cirrhosis,1,1,1,0,elevated,1.0,1,27243236,2016,0.833,True
Haemophilus,Primary sclerosing cholangitis-IBD,1,1,1,0,elevated,1.0,1,5504370,2017,0.833,True
Haemophilus,Pulmonary tubercolosis,1,1,0,1,reduced,1.0,1,31001490,2019,0.667,True
Haemophilus,Recurrent aphthous stomatitis ,1,0,1,0,elevated,1.0,1,7969233,2021,0.667,True
Haemophilus,Recurrent tonsillitis,1,0,0,1,reduced,1.0,1,23437130,2013,0.833,True
Haemophilus,Refractory celiac disease,1,0,0,1,reduced,1.0,1,,2017,0.667,True
Haemophilus,Schizophrenia,1,1,0,1,reduced,1.0,1,30268819,2018,0.833,True
Haemophilus,Severe congenital neutropenia,1,0,0,1,reduced,1.0,1,32026584,2020,0.667,True
Haemophilus,Short Bowel Syndrome,1,1,1,0,elevated,1.0,1,28501098,2017,0.833,True
Haemophilus,Systemic lupus erythematosus,1,0,0,1,reduced,1.0,1,28320468,2017,0.833,True
Haemophilus,Type 1 Diabetes,1,1,0,1,reduced,1.0,1,27231166,2016,0.833,True
Haemophilus,Urogenital Schistosomiasis,1,1,1,0,elevated,1.0,1,30696838,2019,0.833,True
Haemophilus,Viral respiratory tract infection,1,0,1,0,elevated,1.0,1,,2018,0.667,True
Hafnia,Clostridium difficile infection,1,1,1,0,elevated,1.0,1,4863157,2016,0.833,True
Hafnia,Gestational diabetes,1,1,1,0,elevated,1.0,1,29764499,2019,0.833,True
Hallella,Chronic Obstructive Pulmonary Disease,1,0,1,0,elevated,1.0,1,23071781,2012,0.667,False
Hallella,Chronic kidney disease,1,1,0,1,reduced,1.0,1,28588309,2017,0.833,False
Hallella,Crohn's Disease,1,1,0,1,reduced,1.0,1,20816835,2010,0.833,False
Hallella,Laryngeal carcinoma,1,0,0,1,reduced,1.0,1,23824228,2013,0.833,False
Hallella,Pancreatic cancer,1,1,1,0,elevated,1.0,1,29221120,2017,0.833,False
Hallella,Trichomonas vaginalis infection,1,0,1,0,elevated,1.0,1,23482642,2013,0.833,False
Halobacillus,Parkinson's Disease,1,0,0,1,reduced,1.0,1,31247001,2019,0.833,True
Halocella,Uveitits,1,1,0,1,reduced,1.0,1,29625474,2018,0.667,True
Halomonas,Alzheimer's Disease,1,0,0,1,reduced,1.0,1,31434623,2019,0.5,True
Halomonas,Bipolar disorder,1,1,1,0,elevated,1.0,1,31380217,2019,0.833,True
Halomonas,Cervical cancer,1,1,1,0,elevated,1.0,1,6431307,2019,0.833,True
Halomonas,Cutaneous burn,1,0,1,0,elevated,1.0,1,28333758,2017,0.5,True
Halomonas,Influenza A,1,0,1,0,elevated,1.0,1,30581863,2018,0.833,True
Halomonas,Parkinson's Disease,1,1,0,1,reduced,1.0,1,29776865,2018,0.667,True
Halomonas,Rheumatoid Arthritis,1,0,1,0,elevated,1.0,1,32039040,2020,0.667,True
Halomonas,Systemic lupus erythematosus,1,0,0,1,reduced,1.0,1,32203722,2020,0.833,True
Halomonas,Type 2 Diabetes,1,0,1,0,elevated,1.0,1,28008148,2017,0.833,True
Halomonas,Uveitits,1,1,1,0,elevated,1.0,1,29625474,2018,0.667,True
Halorubrum,Schizophrenia,1,1,1,0,elevated,1.0,1,28442250,2018,0.833,False
Halothiobacillus,Schizophrenia,1,1,1,0,elevated,1.0,1,28442250,2018,0.833,True
Hannaella,Oral cancer,1,0,1,0,elevated,1.0,1,29152157,2017,0.833,False
Hanseniaspora,Crohn's Disease,1,1,0,1,reduced,1.0,1,30478724,2019,0.833,False
Hanseniaspora,Oral cancer,1,0,0,1,reduced,1.0,1,29152157,2017,0.833,False
Hanseniaspora,Ulcerative Colitis,1,1,0,1,reduced,1.0,1,30478724,2019,0.833,False
Hathewaya,Autism,1,1,1,0,elevated,1.0,1,16157555,2005,0.5,True
Helcococcus,Cystic Fibrosis,1,0,0,1,reduced,1.0,1,26492486,2016,0.0,True
Helcococcus,Overactive bladder,1,0,1,0,elevated,1.0,1,29230385,2017,0.833,True
Helcococcus,Psoriasis,1,0,1,0,elevated,1.0,1,30185226,2018,0.667,True
Helicobacter,Asthma,1,0,1,0,elevated,1.0,1,30911282,2019,0.833,True
Helicobacter,Azoospermia,1,0,0,1,reduced,1.0,1,29456693,2018,0.667,True
Helicobacter,"Celiac Disease, Coaliac disease",1,0,1,0,elevated,1.0,1,30800106,2019,0.833,True
Helicobacter,Clostridium difficile infection,1,1,1,0,elevated,1.0,1,4863157,2016,0.833,True
Helicobacter,Colorectal cancer,1,0,1,0,elevated,1.0,1,22622349,2012,0.833,True
Helicobacter,Crohn's Disease,1,0,0,1,reduced,1.0,1,28852861,2018,0.833,True
Helicobacter,Disease-free ,1,0,0,1,reduced,1.0,1,,2016,0.5,True
Helicobacter,Helicobacter pylori infection,1,0,1,0,elevated,1.0,1,30734438,2019,0.667,True
Helicobacter,Laryngeal carcinoma,1,0,1,0,elevated,1.0,1,23824228,2013,0.833,True
Helicobacter,Obesity,1,1,0,1,reduced,1.0,1,31921729,2019,0.833,True
Helicobacter,Ulcerative Colitis,1,0,0,1,reduced,1.0,1,28852861,2018,0.833,True
Helotiales,Clostridium difficile infection,1,1,1,0,elevated,1.0,1,31462412,2019,0.667,False
Hepadnaviridae,Ulcerative Colitis,1,0,1,0,elevated,1.0,1,30252582,2018,0.667,False
Hepeviridae,Crohn's Disease,1,0,1,0,elevated,1.0,1,30252582,2018,0.667,False
Holdemanella,Autism spectrum disorders,1,1,1,0,elevated,1.0,1,30670726,2019,0.833,True
Holdemanella,Crohn's Disease,1,0,0,1,reduced,1.0,1,30519287,2018,0.833,True
Holdemanella,Generalized anxiety disorder,1,1,0,1,reduced,1.0,1,31437702,2019,0.833,True
Holdemanella,Parkinson's Disease,1,1,0,1,reduced,1.0,1,31200089,2019,0.833,True
Holdemania,Alopecia universalis,1,1,1,0,elevated,1.0,1,31419351,2019,0.833,True
Holdemania,Autism,1,1,1,0,elevated,1.0,1,29274915,2018,0.833,True
Holdemania,Chronic fatigue syndrome,1,1,0,1,reduced,1.0,1,23791918,2013,0.667,True
Holdemania,Drug-resistant Epilepsy,1,1,1,0,elevated,1.0,1,30291996,2018,0.833,True
Holdemania,Hepatocellular cancer,1,1,1,0,elevated,1.0,1,30045880,2018,0.833,True
Holdemania,Idiopathic central precocious puberty,1,1,1,0,elevated,1.0,1,6987398,2020,0.833,True
Holdemania,Irritable Bowel Syndrome,1,1,1,0,elevated,1.0,1,28457228,2017,0.833,True
Holdemania,Kidney stone,1,1,0,1,reduced,1.0,1,29353409,2018,0.833,True
Holdemania,Multiple Sclerosis,1,1,1,0,elevated,1.0,1,31705027,2019,0.833,True
Holdemania,Obesity,1,1,0,1,reduced,1.0,1,30366118,2019,0.667,True
Holdemania,Osmotic diarrhea,1,1,0,1,reduced,1.0,1,23409050,2013,0.667,True
Holdemania,Schizophrenia,1,1,1,0,elevated,1.0,1,31759045,2020,0.833,True
Howardella,Bacterial vaginosis,1,0,1,0,elevated,1.0,1,31315951,2019,0.833,False
Howardella,Gestational diabetes,1,1,1,0,elevated,1.0,1,29764499,2019,0.833,False
Howardella,HIV infection,1,1,1,0,elevated,1.0,1,30685386,2019,0.833,False
Human,Type 2 Diabetes,1,0,1,0,elevated,1.0,1,31550259,2019,0.833,False
Humicoccus,Chronic Obstructive Pulmonary Disease,1,0,0,1,reduced,1.0,1,23071781,2012,0.667,False
Hungatella,Atrial fibrillation,1,1,0,1,reduced,1.0,1,6543127,2019,0.833,True
Hungatella,Chronic kidney disease,1,1,1,0,elevated,1.0,1,32241215,2020,0.833,True
Hungatella,Fibromyalgia,1,1,1,0,elevated,1.0,1,31219947,2019,0.833,True
Hungatella,Generalized anxiety disorder,1,1,1,0,elevated,1.0,1,31437702,2019,0.833,True
Hungatella,Sarcopenia,1,1,1,0,elevated,1.0,1,35851765,2022,0.5,True
Hungatella,Schizophrenia,1,1,1,0,elevated,1.0,1,31759045,2020,0.833,True
Hungatella,Short Bowel Syndrome,1,1,0,1,reduced,1.0,1,28501098,2017,0.833,True
Hwanghaeicola,Autism spectrum disorders,1,1,0,1,reduced,1.0,1,31765662,2020,0.667,False
Hyaloscyphaceae,Cirrhosis,1,1,0,1,reduced,1.0,1,28578302,2018,0.833,False
Hydrogenoanaerobacterium,Parkinson's Disease,1,1,1,0,elevated,1.0,1,31200089,2019,0.833,True
Hydrogenophaga,Breast cancer,1,0,1,0,elevated,1.0,1,27485780,2016,0.833,True
Hydrogenophilaceae,Parkinson's Disease,1,0,1,0,elevated,1.0,1,28843021,2018,0.667,False
Hydrotalea,Obstructive sleep apnea-hypopnea syndrome,1,0,1,0,elevated,1.0,1,30976074,2019,0.667,True
Hymenobacter,Cystic Fibrosis,1,1,0,1,reduced,1.0,1,22538067,2012,0.5,True
Hymenobacter,Oral lichen planus,1,0,1,0,elevated,1.0,1,28199766,2017,0.833,True
Hymenochaete,Crohn's Disease,1,1,1,0,elevated,1.0,1,27811291,2017,0.667,False
Hyphomicrobiaceae,Parkinson's Disease,1,0,1,0,elevated,1.0,1,28843021,2018,0.667,False
Hyphomicrobium,Chronic kidney disease,1,0,1,0,elevated,1.0,1,30962186,2019,0.833,True
Hyphomicrobium,Psoriasis,1,0,1,0,elevated,1.0,1,30185226,2018,0.667,True
Hyphomicrobium,Seborrheic dermatitis,1,0,0,1,reduced,1.0,1,32219537,2020,0.833,True
Hyphomonas,Parkinson's Disease,1,1,0,1,reduced,1.0,1,29776865,2018,0.667,True
Hypocreaceae,Schizophrenia,1,1,0,1,reduced,1.0,1,31759045,2020,0.833,False
Hypsizygus,Crohn's Disease,1,1,0,1,reduced,1.0,1,30478724,2019,0.833,False
Hypsizygus,Ulcerative Colitis,1,1,0,1,reduced,1.0,1,30478724,2019,0.833,False
Idiomarina,Azoospermia,1,0,0,1,reduced,1.0,1,29456693,2018,0.667,True
Inocybaceae,Cirrhosis,1,1,0,1,reduced,1.0,1,28578302,2018,0.833,False
Inovirus,Colorectal cancer,1,1,1,0,elevated,1.0,1,29689266,2018,0.667,False
Intestinibacter,Autism spectrum disorders,1,1,0,1,reduced,1.0,1,30670726,2019,0.833,True
Intestinibacter,"Celiac Disease, Coaliac disease",1,1,0,1,reduced,1.0,1,30800106,2019,0.833,True
Intestinibacter,Crohn's Disease,1,1,1,0,elevated,1.0,1,30545401,2018,0.667,True
Intestinibacter,Multiple Sclerosis,1,1,0,1,reduced,1.0,1,32162850,2020,0.833,True
Intestinibacter,Thyroid carcinoma,1,1,1,0,elevated,1.0,1,30565661,2019,0.833,True
Intestinimonas,Chronic kidney disease,1,1,1,0,elevated,1.0,1,32241215,2020,0.833,True
Intestinimonas,Colorectal cancer,1,0,0,1,reduced,1.0,1,30576312,2018,0.833,True
Intestinimonas,Heart failure,1,1,0,1,reduced,1.0,1,29330424,2018,0.833,True
Intestinimonas,Obesity,1,1,0,1,reduced,1.0,1,31399369,2019,0.833,True
Isoptericola,Parkinson's Disease,1,0,1,0,elevated,1.0,1,29881345,2018,0.833,True
Issatchenkia,Ulcerative Colitis,1,1,0,1,reduced,1.0,1,30478724,2019,0.833,False
Issatchenkia,Uveitits,1,1,1,0,elevated,1.0,1,30938773,2019,0.667,False
Janibacter,Pregnancy,1,0,1,0,elevated,1.0,1,29497601,2018,0.833,True
Janthinobacterium,Colorectal cancer,1,0,0,1,reduced,1.0,1,25699023,2015,0.667,True
Janthinobacterium,Crohn's Disease,1,0,0,1,reduced,1.0,1,29848021,2018,0.833,True
Janthinobacterium,Opisthorchis felineus infection,1,0,1,0,elevated,1.0,1,4957795,2016,0.833,True
Janthinobacterium,Urogenital Schistosomiasis,1,0,0,1,reduced,1.0,1,28793309,2017,0.667,True
Jatrophihabitans,Silicosis,1,1,0,1,reduced,1.0,1,30867671,2019,0.833,True
Jeotgalicoccus,Opisthorchis felineus infection,1,0,0,1,reduced,1.0,1,4957795,2016,0.833,True
Johnsonella,Heart failure,1,1,0,1,reduced,1.0,1,29330424,2018,0.833,True
Johnsonella,Oral cancer,1,0,1,0,elevated,1.0,1,22817758,2012,0.667,True
Johnsonella,Otitis Media,1,0,1,0,elevated,1.0,1,29458340,2018,0.833,True
Johnsonella,Periodontal disease,1,0,1,0,elevated,1.0,1,31329044,2019,0.833,True
Johnsonella,Sicca syndrome,1,0,0,1,reduced,1.0,1,30272305,2018,0.833,True
Johnsonella,periodontitis,1,0,1,0,elevated,1.0,1,23303375,2013,0.833,True
Jonquetella,Bladder cancer,1,0,1,0,elevated,1.0,1,30108246,2018,0.833,True
Jonquetella,Overactive bladder,1,0,0,1,reduced,1.0,1,29230385,2017,0.833,True
Kaistia,Azoospermia,1,0,0,1,reduced,1.0,1,29456693,2018,0.667,True
Keratinibaculum,Lung cancer,1,0,1,0,elevated,1.0,1,32255852,2020,0.667,True
Kineococcus,Protracted bacterial bronchitis,1,0,1,0,elevated,1.0,1,29984544,2018,0.833,True
Kineothrix,Amyotrophic lateral sclerosis,1,1,1,0,elevated,1.0,1,32747678,2020,0.833,True
Kingella,Autism spectrum disorders,1,0,1,0,elevated,1.0,1,29371629,2018,0.833,True
Kingella,Chronic Obstructive Pulmonary Disease,1,0,1,0,elevated,1.0,1,23071781,2012,0.667,True
Kingella,Head/Neck cancer,1,0,0,1,reduced,1.0,1,32071121,2020,0.833,True
Kingella,Obstructive sleep apnea-hypopnea syndrome,1,0,0,1,reduced,1.0,1,30976074,2019,0.667,True
Kingella,Parkinson's Disease,1,0,0,1,reduced,1.0,1,28259623,2017,0.833,True
Klebsiella,Acne,1,0,1,0,elevated,1.0,1,31290561,2019,0.667,True
Klebsiella,Aerobic vaginitis,1,0,1,0,elevated,1.0,1,31955954,2020,0.833,True
Klebsiella,Ankylosing spondylitis,1,1,0,1,reduced,1.0,1,28750650,2017,0.667,True
Klebsiella,Asthma,1,0,1,0,elevated,1.0,1,26220531,2015,0.667,True
Klebsiella,Atherosclerosis,1,1,1,0,elevated,1.0,1,29018189,2017,0.667,True
Klebsiella,Atopic dermatitis,1,0,0,1,reduced,1.0,1,31100040,2019,0.5,True
Klebsiella,Autism,1,1,0,1,reduced,1.0,1,21410934,2011,0.833,True
Klebsiella,Autism spectrum disorders,1,1,1,0,elevated,1.0,1,30701194,2019,0.833,True
Klebsiella,Autoimmune hepatitis,1,1,1,0,elevated,1.0,1,31201284,2019,0.833,True
Klebsiella,Biliary atresia,1,1,1,0,elevated,1.0,1,31271681,2019,0.833,True
Klebsiella,Chronic Obstructive Pulmonary Disease,1,0,1,0,elevated,1.0,1,25403149,2014,0.667,True
Klebsiella,Coronary artery disease,1,1,1,0,elevated,1.0,1,31027508,2019,0.667,True
Klebsiella,Cystic Fibrosis,1,1,1,0,elevated,1.0,1,24178246,2014,0.5,True
Klebsiella,Frailty,1,1,1,0,elevated,1.0,1,34485176,2021,0.5,True
Klebsiella,Gastric carcinoma,1,1,1,0,elevated,1.0,1,30535886,2019,0.833,True
Klebsiella,Gastroenteritis,1,1,1,0,elevated,1.0,1,5118858,2016,0.667,True
Klebsiella,Gestational diabetes,1,0,1,0,elevated,1.0,1,30421135,2019,0.667,True
Klebsiella,HIV infection,1,0,1,0,elevated,1.0,1,23843452,2013,0.667,True
Klebsiella,Hepatocellular cancer,1,1,0,1,reduced,1.0,1,30045880,2018,0.833,True
Klebsiella,Infantile eczema,1,1,0,1,reduced,1.0,1,27812181,2016,0.667,True
Klebsiella,Juvenile idiopathic arthritis,1,1,1,0,elevated,1.0,1,30592383,2019,0.833,True
Klebsiella,Keratitis,1,1,0,1,reduced,1.0,1,6014669,2018,0.833,True
Klebsiella,Non-alcoholic fatty liver disease,1,1,1,0,elevated,1.0,1,31921729,2019,0.833,True
Klebsiella,Oligoasthenoteratozoospermia,1,0,1,0,elevated,1.0,1,29500854,2018,0.5,True
Klebsiella,Otitis Media,1,0,1,0,elevated,1.0,1,29458340,2018,0.833,True
Klebsiella,Pancreatic cancer,1,1,1,0,elevated,1.0,1,29221120,2017,0.833,True
Klebsiella,Preeclamsia,1,0,1,0,elevated,1.0,1,25492799,2014,0.667,True
Klebsiella,Primary biliary cirrhosis,1,1,1,0,elevated,1.0,1,27243236,2016,0.833,True
Klebsiella,Rheumatoid Arthritis,1,1,1,0,elevated,1.0,1,28606969,2017,0.833,True
Klebsiella,Sarcopenia,1,1,1,0,elevated,1.0,1,,2023,0.333,True
Klebsiella,Schizophrenia,1,1,1,0,elevated,1.0,1,29352709,2018,0.833,True
Klebsiella,Seminal hyperviscosity,1,0,1,0,elevated,1.0,1,29500854,2018,0.5,True
Klebsiella,T2D with hypertension,1,0,0,1,reduced,1.0,1,28316574,2017,0.667,True
Klebsiella,Thyroid carcinoma,1,1,1,0,elevated,1.0,1,30565661,2019,0.833,True
Klebsiella,periodontitis,1,0,1,0,elevated,1.0,1,27717873,2016,0.5,True
Kluyvera,Non-alcoholic fatty liver disease,1,1,1,0,elevated,1.0,1,31921729,2019,0.833,True
Kluyvera,Obesity,1,1,1,0,elevated,1.0,1,31921729,2019,0.833,True
Kluyveromyces,Keratitis,1,1,0,1,reduced,1.0,1,30541945,2018,0.167,False
Knoellia,Parkinson's Disease,1,1,0,1,reduced,1.0,1,29776865,2018,0.667,True
Kocuria,Psoriasis,1,0,1,0,elevated,1.0,1,30949136,2019,0.5,True
Kocuria,Rheumatoid Arthritis,1,0,1,0,elevated,1.0,1,30250232,2018,0.667,True
Kocuria,Trachoma,1,0,1,0,elevated,1.0,1,25484919,2014,0.833,True
Kribbella,Azoospermia,1,0,0,1,reduced,1.0,1,29456693,2018,0.667,True
Laceyella,Autism spectrum disorders,1,1,0,1,reduced,1.0,1,31765662,2020,0.667,True
Laceyella,Bladder cancer,1,0,0,1,reduced,1.0,1,29904624,2018,0.833,True
Lachnoanaerobaculum,Autism spectrum disorders,1,0,0,1,reduced,1.0,1,29371629,2018,0.833,True
Lachnoanaerobaculum,Autoimmune polyendocrine syndrome type 1,1,0,0,1,reduced,1.0,1,29503707,2018,0.833,True
Lachnoanaerobaculum,Behcet's Disease,1,0,0,1,reduced,1.0,1,27283393,2016,0.833,True
Lachnoanaerobaculum,Caries,1,0,0,1,reduced,1.0,1,28326153,2017,0.667,True
Lachnoanaerobaculum,Cirrhosis,1,0,0,1,reduced,1.0,1,26606973,2015,0.833,True
Lachnoanaerobaculum,Colorectal cancer,1,0,0,1,reduced,1.0,1,28988196,2017,0.667,True
Lachnoanaerobaculum,Crohn's Disease,1,0,1,0,elevated,1.0,1,28852861,2018,0.833,True
Lachnoanaerobaculum,Cystic Fibrosis,1,0,0,1,reduced,1.0,1,29445257,2017,0.833,True
Lachnoanaerobaculum,Invasive pneumococcal disease,1,0,1,0,elevated,1.0,1,6360994,2019,0.833,True
Lachnoanaerobaculum,Periodontal abscess,1,0,0,1,reduced,1.0,1,31417518,2019,0.833,True
Lachnoanaerobaculum,Short Bowel Syndrome,1,1,1,0,elevated,1.0,1,28501098,2017,0.833,True
Lachnoanaerobaculum,Sicca syndrome,1,0,1,0,elevated,1.0,1,31211815,2019,0.833,True
Lachnoanaerobaculum,Sjögren Syndrome,1,0,1,0,elevated,1.0,1,31211815,2019,0.833,True
Lachnobacterium,Autism spectrum disorders,1,1,1,0,elevated,1.0,1,30743242,2019,0.833,True
Lachnobacterium,Colon adenomas,1,1,0,1,reduced,1.0,1,30794590,2019,0.833,True
Lachnobacterium,Colorectal cancer,1,1,0,1,reduced,1.0,1,23940645,2013,0.833,True
Lachnobacterium,Inflammatory Bowel Disease,1,1,0,1,reduced,1.0,1,26843508,2017,0.833,True
Lachnobacterium,Normal weight obesity,1,1,1,0,elevated,1.0,1,32296838,2020,0.833,True
Lachnobacterium,Parkinson's Disease,1,1,1,0,elevated,1.0,1,29776865,2018,0.667,True
Lachnobacterium,Primary biliary cirrhosis,1,1,0,1,reduced,1.0,1,27243236,2016,0.833,True
Lachnobacterium,Type 2 Diabetes,1,0,0,1,reduced,1.0,1,28008148,2017,0.833,True
Lachnobacterium,Ulcerative Colitis,1,0,0,1,reduced,1.0,1,28852861,2018,0.833,True
Lachnoclostridium,Acquired Immunodeficiency Syndrome,1,1,1,0,elevated,1.0,1,29411528,2018,0.833,True
Lachnoclostridium,Alzheimer's Disease,1,1,1,0,elevated,1.0,1,29758946,2018,0.833,True
Lachnoclostridium,Attention Deficit Hyperactivity Disorder,1,1,0,1,reduced,1.0,1,29580894,2018,0.833,True
Lachnoclostridium,Autism spectrum disorders,1,1,0,1,reduced,1.0,1,30895172,2019,0.833,True
Lachnoclostridium,Chronic kidney disease,1,1,1,0,elevated,1.0,1,31315634,2019,0.833,True
Lachnoclostridium,Colon adenomas,1,1,0,1,reduced,1.0,1,29995183,2018,0.5,True
Lachnoclostridium,Colorectal cancer,1,1,0,1,reduced,1.0,1,32132029,2020,0.667,True
Lachnoclostridium,Fibromyalgia,1,1,1,0,elevated,1.0,1,31219947,2019,0.833,True
Lachnoclostridium,Gastric carcinoma,1,1,0,1,reduced,1.0,1,30535886,2019,0.833,True
Lachnoclostridium,Hashimoto's thyroiditis,1,1,0,1,reduced,1.0,1,29320965,2018,0.833,True
Lachnoclostridium,Influenza A,1,0,1,0,elevated,1.0,1,30581863,2018,0.833,True
Lachnoclostridium,Primary sclerosing cholangitis,1,1,0,1,reduced,1.0,1,31003979,2019,0.833,True
Lachnoclostridium,Sarcopenia,1,1,1,0,elevated,1.0,1,,2024,0.333,True
Lachnoclostridium,Short Bowel Syndrome,1,1,0,1,reduced,1.0,1,28501098,2017,0.833,True
Lachnoclostridium,Silicosis,1,1,1,0,elevated,1.0,1,30867671,2019,0.833,True
Lachnoclostridium,Small intestine neoplasm,1,1,0,1,reduced,1.0,1,29995183,2018,0.5,True
Lachnoclostridium,Spinal cord injury,1,1,1,0,elevated,1.0,1,30545398,2018,0.833,True
Lachnoclostridium,Stomach cancer,1,1,0,1,reduced,1.0,1,29995183,2018,0.5,True
Lachnoclostridium,Thyroid carcinoma,1,1,0,1,reduced,1.0,1,30565661,2019,0.833,True
Lachnospira,Acne,1,0,0,1,reduced,1.0,1,31173650,2019,0.833,True
Lachnospira,Acquired Immunodeficiency Syndrome,1,1,0,1,reduced,1.0,1,29411528,2018,0.833,True
Lachnospira,Allergy,1,1,0,1,reduced,1.0,1,29786876,2019,0.667,True
Lachnospira,Ankylosing spondylitis,1,1,0,1,reduced,1.0,1,31377126,2019,0.667,True
Lachnospira,Bacterial vaginosis,1,0,1,0,elevated,1.0,1,18717638,2008,0.5,True
Lachnospira,Cerebral autosomal dominant arteriopathy with subcortical infarcts and leukoencephalopathy,1,1,1,0,elevated,1.0,1,31777426,2019,0.833,True
Lachnospira,Chronic alcoholic pancreatitis,1,1,0,1,reduced,1.0,1,29555983,2018,0.833,True
Lachnospira,Chronic kidney disease,1,1,0,1,reduced,1.0,1,30088332,2018,0.667,True
Lachnospira,Cirrhosis,1,1,0,1,reduced,1.0,1,21574172,2011,0.833,True
Lachnospira,Coronary artery disease,1,1,0,1,reduced,1.0,1,30192713,2018,0.833,True
Lachnospira,Gastric carcinoma,1,1,0,1,reduced,1.0,1,30535886,2019,0.833,True
Lachnospira,Generalized anxiety disorder,1,1,0,1,reduced,1.0,1,30029052,2018,0.833,True
Lachnospira,Hepatocellular cancer,1,1,1,0,elevated,1.0,1,30045880,2018,0.833,True
Lachnospira,Human end-stage renal disease,1,1,0,1,reduced,1.0,1,32304020,2020,0.667,True
Lachnospira,Intrahepatic Cholangiocarcinoma,1,1,0,1,reduced,1.0,1,31298745,2019,0.833,True
Lachnospira,Maturity-onset diabetes of the young 2,1,1,0,1,reduced,1.0,1,30224347,2018,0.833,True
Lachnospira,Pervasive developmental disorder NOS,1,1,0,1,reduced,1.0,1,24130822,2013,0.667,True
Lachnospira,Posttraumatic stress syndrome,1,1,0,1,reduced,1.0,1,31460790,2019,0.833,True
Lachnospira,Pouchitis,1,1,1,0,elevated,1.0,1,20845425,2011,0.667,True
Lachnospira,Preeclamsia,1,1,0,1,reduced,1.0,1,31900289,2020,0.5,True
Lachnospira,Psoriasis,1,1,0,1,reduced,1.0,1,31141234,2019,0.833,True
Lachnospira,Pulmonary tubercolosis,1,1,0,1,reduced,1.0,1,29204120,2017,0.667,True
Lachnospira,Rheumatoid Arthritis,1,1,0,1,reduced,1.0,1,30545401,2018,0.667,True
Lachnospira,Severe fever with thrombocytopenia syndrome,1,1,0,1,reduced,1.0,1,30327643,2018,0.833,True
Lachnospira,Short Bowel Syndrome,1,1,0,1,reduced,1.0,1,28425133,2017,0.833,True
Lachnospira,Type 2 Diabetes,1,0,0,1,reduced,1.0,1,28008148,2017,0.833,True
Lachnospira,Uveitits,1,1,0,1,reduced,1.0,1,30262956,2018,0.0,True
Lachnospira,Wilson's Disease,1,1,1,0,elevated,1.0,1,30075590,2018,0.833,True
Lachnospiraceae,Acne,1,1,0,1,reduced,1.0,1,29756631,2018,0.667,False
Lachnospiraceae,Aggressive periodontitis,1,0,0,1,reduced,1.0,1,28260061,2017,0.5,False
Lachnospiraceae,Alcoholic hepatitis,1,0,1,0,elevated,1.0,1,29083504,2018,0.833,False
Lachnospiraceae,Allergy,1,1,0,1,reduced,1.0,1,7810484,2021,0.5,False
Lachnospiraceae,Alopecia universalis,1,1,1,0,elevated,1.0,1,31419351,2019,0.833,False
Lachnospiraceae,Amyotrophic lateral sclerosis,1,1,1,0,elevated,1.0,1,27703453,2016,0.833,False
Lachnospiraceae,Ankylosing spondylitis,1,0,1,0,elevated,1.0,1,25417597,2015,0.333,False
Lachnospiraceae,Anovulation,1,1,0,1,reduced,1.0,1,30773302,2019,0.667,False
Lachnospiraceae,Atrophic gastritis,1,1,0,1,reduced,1.0,1,31781514,2019,0.833,False
Lachnospiraceae,Attention Deficit Hyperactivity Disorder,1,1,0,1,reduced,1.0,1,32132899,2020,0.833,False
Lachnospiraceae,Autoimmune polyendocrine syndrome type 1,1,0,0,1,reduced,1.0,1,29503707,2018,0.833,False
Lachnospiraceae,Bacterial vaginosis,1,0,1,0,elevated,1.0,1,27107961,2016,0.833,False
Lachnospiraceae,Behcet's Disease,1,0,0,1,reduced,1.0,1,27283393,2016,0.833,False
Lachnospiraceae,Biliary atresia,1,1,0,1,reduced,1.0,1,31271681,2019,0.833,False
Lachnospiraceae,COPD Exacerbation,1,0,0,1,reduced,1.0,1,31174538,2019,0.833,False
Lachnospiraceae,Chronic Rhinosinusitis,1,0,0,1,reduced,1.0,1,26272413,2015,0.667,False
Lachnospiraceae,Chronic pancreatitis,1,1,0,1,reduced,1.0,1,31806503,2019,0.833,False
Lachnospiraceae,Cirrhosis with pneumonia,1,0,1,0,elevated,1.0,1,26099252,2015,0.833,False
Lachnospiraceae,Collagenous colitis,1,1,1,0,elevated,1.0,1,31343467,2019,0.833,False
Lachnospiraceae,Covid-19,1,1,0,1,reduced,1.0,1,32497191,2020,0.833,False
Lachnospiraceae,Familial Mediterranean fever,1,1,1,0,elevated,1.0,1,31377728,2019,0.667,False
Lachnospiraceae,Fibromyalgia,1,1,0,1,reduced,1.0,1,31219947,2019,0.833,False
Lachnospiraceae,Frailty,1,1,0,1,reduced,1.0,1,26822992,2016,0.667,False
Lachnospiraceae,Generalized anxiety disorder,1,1,0,1,reduced,1.0,1,31437702,2019,0.833,False
Lachnospiraceae,Gestational diabetes,1,1,1,0,elevated,1.0,1,32175285,2020,0.833,False
Lachnospiraceae,H1N1 Influenza,1,1,0,1,reduced,1.0,1,32497191,2020,0.833,False
Lachnospiraceae,HIV infection,1,0,0,1,reduced,1.0,1,24399150,2014,0.833,False
Lachnospiraceae,Head/Neck cancer,1,0,0,1,reduced,1.0,1,32071121,2020,0.833,False
Lachnospiraceae,Hepatocellular cancer,1,0,1,0,elevated,1.0,1,27605161,2016,0.833,False
Lachnospiraceae,Hirschsprung's disease,1,1,0,1,reduced,1.0,1,29652728,2018,0.833,False
Lachnospiraceae,Infantile eczema,1,1,1,0,elevated,1.0,1,27812181,2016,0.667,False
Lachnospiraceae,Ischemic stroke,1,1,0,1,reduced,1.0,1,32473086,2020,0.833,False
Lachnospiraceae,Kidney stone,1,1,1,0,elevated,1.0,1,29353409,2018,0.833,False
Lachnospiraceae,Kidney stone with hypertension,1,0,0,1,reduced,1.0,1,32183836,2020,0.833,False
Lachnospiraceae,Liver fibrosis,1,1,0,1,reduced,1.0,1,27639192,2016,0.833,False
Lachnospiraceae,Lung cancer,1,1,1,0,elevated,1.0,1,32240032,2020,0.833,False
Lachnospiraceae,Microscopic colitis,1,0,1,0,elevated,1.0,1,30324555,2018,0.833,False
Lachnospiraceae,Migraine,1,1,1,0,elevated,1.0,1,32083024,2020,0.833,False
Lachnospiraceae,Neuro-Behcet's disease,1,1,0,1,reduced,1.0,1,31172918,2019,0.833,False
Lachnospiraceae,Non-alcoholic fatty liver disease,1,1,1,0,elevated,1.0,1,32243703,2020,0.833,False
Lachnospiraceae,Pancreatic cancer,1,0,1,0,elevated,1.0,1,31750624,2020,0.667,False
Lachnospiraceae,Pancreatitis,1,1,0,1,reduced,1.0,1,30519748,2019,0.833,False
Lachnospiraceae,Pemphigus vulgaris,1,1,1,0,elevated,1.0,1,31211854,2019,0.833,False
Lachnospiraceae,Pouchitis,1,0,0,1,reduced,1.0,1,26026389,2015,0.667,False
Lachnospiraceae,Primary sclerosing cholangitis,1,1,0,1,reduced,1.0,1,26887816,2017,0.667,False
Lachnospiraceae,Primary sclerosing cholangitis-IBD,1,0,1,0,elevated,1.0,1,27196590,2017,0.333,False
Lachnospiraceae,Pulmonary arterial hypertension,1,1,0,1,reduced,1.0,1,32088998,2020,0.5,False
Lachnospiraceae,Rett Syndrome,1,1,1,0,elevated,1.0,1,4967335,2016,0.667,False
Lachnospiraceae,Short Bowel Syndrome,1,1,0,1,reduced,1.0,1,26059898,2015,0.667,False
Lachnospiraceae,Silicosis,1,1,1,0,elevated,1.0,1,30867671,2019,0.833,False
Lachnospiraceae,Systemic lupus erythematosus,1,0,1,0,elevated,1.0,1,28320468,2017,0.833,False
Lachnospiraceae,Type 1 Diabetes,1,0,0,1,reduced,1.0,1,28324102,2017,0.5,False
Lachnospiraceae,Undernourishment,1,1,1,0,elevated,1.0,1,30386323,2018,0.833,False
Lachnospiraceae,Urolithiasis,1,1,1,0,elevated,1.0,1,30932002,2019,0.667,False
Lachnospiraceae,Uveitits,1,1,0,1,reduced,1.0,1,29625474,2018,0.667,False
Lachnospiraceae,periodontitis,1,0,1,0,elevated,1.0,1,23303375,2013,0.833,False
Lactobacillaceae,Alzheimer's Disease,1,1,1,0,elevated,1.0,1,29758946,2018,0.833,False
Lactobacillaceae,Atrophic gastritis,1,1,0,1,reduced,1.0,1,31781514,2019,0.833,False
Lactobacillaceae,Cirrhosis,1,1,1,0,elevated,1.0,1,28578302,2018,0.833,False
Lactobacillaceae,Dry eye syndrome,1,1,1,0,elevated,1.0,1,32293464,2020,0.833,False
Lactobacillaceae,Hepatic encephalopathy,1,0,1,0,elevated,1.0,1,30816877,2019,0.833,False
Lactobacillaceae,Ischemic stroke,1,1,1,0,elevated,1.0,1,32473086,2020,0.833,False
Lactobacillaceae,Obesity,1,1,0,1,reduced,1.0,1,30572569,2018,0.833,False
Lactobacillaceae,Rheumatoid Arthritis,1,1,1,0,elevated,1.0,1,30760471,2019,0.833,False
Lactobacillaceae,Systemic lupus erythematosus,1,0,1,0,elevated,1.0,1,32203722,2020,0.833,False
Lactobacillales,Autoimmune hepatitis,1,1,1,0,elevated,1.0,1,29969462,2018,0.833,False
Lactobacillales,"Celiac Disease, Coaliac disease",1,0,0,1,reduced,1.0,1,25403367,2014,0.833,False
Lactobacillales,Coronary artery disease,1,1,1,0,elevated,1.0,1,27125213,2017,0.833,False
Lactobacillales,Crohn's Disease,1,1,1,0,elevated,1.0,1,22846404,2012,0.667,False
Lactobacillales,Cystic Fibrosis,1,1,1,0,elevated,1.0,1,4778032,2016,0.667,False
Lactobacillales,Hepatic encephalopathy,1,1,1,0,elevated,1.0,1,30816877,2019,0.833,False
Lactobacillales,Irritable Bowel Syndrome,1,1,1,0,elevated,1.0,1,28457228,2017,0.833,False
Lactobacillales,Primary biliary cholangitis,1,1,1,0,elevated,1.0,1,29969462,2018,0.833,False
Lactobacillales,Shiga Toxin-producing E. coli infection,1,1,1,0,elevated,1.0,1,29468143,2018,0.333,False
Lactobacillales,Ulcerative Colitis,1,1,1,0,elevated,1.0,1,22846404,2012,0.667,False
Lactobacilli,Short Bowel Syndrome,1,1,1,0,elevated,1.0,1,20172013,2010,0.667,False
Lactobacillus,Acne,1,1,0,1,reduced,1.0,1,30101990,2018,0.833,True
Lactobacillus,Acquired Immunodeficiency Syndrome,1,1,1,0,elevated,1.0,1,29411528,2018,0.833,True
Lactobacillus,Allergy,1,1,0,1,reduced,1.0,1,29786876,2019,0.667,True
Lactobacillus,Alzheimer's Disease,1,1,1,0,elevated,1.0,1,31434623,2019,0.5,True
Lactobacillus,Atherosclerosis,1,1,1,0,elevated,1.0,1,29018189,2017,0.667,True
Lactobacillus,Attention Deficit Hyperactivity Disorder,1,1,0,1,reduced,1.0,1,31119393,2019,0.833,True
Lactobacillus,Biliary atresia,1,1,1,0,elevated,1.0,1,31271681,2019,0.833,True
Lactobacillus,Breast cancer,1,0,1,0,elevated,1.0,1,29190829,2017,0.5,True
Lactobacillus,Cardiac valve calcification,1,1,1,0,elevated,1.0,1,30897381,2019,0.833,True
Lactobacillus,Cervical intraneoplasia,1,0,1,0,elevated,1.0,1,30841606,2019,0.667,True
Lactobacillus,Chagas' disease,1,0,1,0,elevated,1.0,1,17390173,2007,0.667,True
Lactobacillus,Chronic Rhinosinusitis,1,0,0,1,reduced,1.0,1,22972842,2012,0.0,True
Lactobacillus,Chronic urticaria,1,1,0,1,reduced,1.0,1,32154184,2020,0.833,True
Lactobacillus,Clostridium difficile infection,1,1,1,0,elevated,1.0,1,32296918,2020,0.5,True
Lactobacillus,Colon polyps,1,1,0,1,reduced,1.0,1,7574628,1995,0.667,True
Lactobacillus,Cutaneous burn,1,0,0,1,reduced,1.0,1,28333758,2017,0.5,True
Lactobacillus,Diaper dermatitis,1,0,0,1,reduced,1.0,1,31472099,2019,0.833,True
Lactobacillus,Edentulism,1,0,1,0,elevated,1.0,1,27717873,2016,0.5,True
Lactobacillus,Endometriosis,1,0,1,0,elevated,1.0,1,7161132,2020,0.667,True
Lactobacillus,Eosinophilic esophagitis,1,0,0,1,reduced,1.0,1,31107724,2019,0.833,True
Lactobacillus,Gastroenteritis,1,1,1,0,elevated,1.0,1,5118858,2016,0.667,True
Lactobacillus,Genitourinary lichen sclerosus,1,0,1,0,elevated,1.0,1,32274566,2020,0.667,True
Lactobacillus,Gestational diabetes,1,0,0,1,reduced,1.0,1,28932201,2017,0.667,True
Lactobacillus,Glycogen storage disease,1,1,1,0,elevated,1.0,1,30939160,2019,0.833,True
Lactobacillus,Graves' disease,1,1,0,1,reduced,1.0,1,6158725,2018,0.667,True
Lactobacillus,Hashimoto's thyroiditis,1,1,0,1,reduced,1.0,1,28903182,2017,0.833,True
Lactobacillus,Heart failure,1,1,1,0,elevated,1.0,1,29330424,2018,0.833,True
Lactobacillus,Hepatitis B,1,1,1,0,elevated,1.0,1,7098974,2020,0.833,True
Lactobacillus,Hepatocellular cancer,1,1,0,1,reduced,1.0,1,30045880,2018,0.833,True
Lactobacillus,Hypertension,1,1,1,0,elevated,1.0,1,32226382,2020,0.833,True
Lactobacillus,Hyperthyroidism,1,1,0,1,reduced,1.0,1,24969306,2014,0.667,True
Lactobacillus,Infant colic,1,1,1,0,elevated,1.0,1,30177353,2018,0.833,True
Lactobacillus,Infantile eczema,1,1,0,1,reduced,1.0,1,27812181,2016,0.667,True
Lactobacillus,Influenza A,1,0,1,0,elevated,1.0,1,30581863,2018,0.833,True
Lactobacillus,Intrahepatic Cholangiocarcinoma,1,1,1,0,elevated,1.0,1,31298745,2019,0.833,True
Lactobacillus,Invasive colorectal cancer,1,1,0,1,reduced,1.0,1,31609493,2020,0.667,True
Lactobacillus,Iron-deficiency anaemia,1,0,1,0,elevated,1.0,1,31752810,2019,0.833,True
Lactobacillus,Ischemic stroke,1,1,1,0,elevated,1.0,1,28166278,2017,0.833,True
Lactobacillus,Kidney stone,1,0,0,1,reduced,1.0,1,32111156,2020,0.833,True
Lactobacillus,Kidney stone with hypertension,1,0,1,0,elevated,1.0,1,32183836,2020,0.833,True
Lactobacillus,Liver transplant,1,1,0,1,reduced,1.0,1,22251469,2012,0.667,True
Lactobacillus,Major depressive disorder,1,1,0,1,reduced,1.0,1,27288567,2016,0.667,True
Lactobacillus,Miscarriage,1,0,0,1,reduced,1.0,1,31573753,2020,0.833,True
Lactobacillus,Mucosa-associated lymphoid tissue lymphoma,1,0,0,1,reduced,1.0,1,,2019,0.833,True
Lactobacillus,Multiple system atrophy,1,1,1,0,elevated,1.0,1,31381527,2019,0.667,True
Lactobacillus,Myasthenia gravis,1,1,0,1,reduced,1.0,1,30483222,2018,0.833,True
Lactobacillus,Oligoasthenoteratozoospermia,1,0,0,1,reduced,1.0,1,29500854,2018,0.5,True
Lactobacillus,Opisthorchis felineus infection,1,0,1,0,elevated,1.0,1,4957795,2016,0.833,True
Lactobacillus,Oral cancer,1,0,1,0,elevated,1.0,1,21205002,2011,0.833,True
Lactobacillus,Osteoporosis,1,1,1,0,elevated,1.0,1,31378815,2019,0.833,True
Lactobacillus,Pancreatic cancer,1,1,1,0,elevated,1.0,1,29221120,2017,0.833,True
Lactobacillus,Pelvic inflammatory disease,1,0,1,0,elevated,1.0,1,,2018,0.167,True
Lactobacillus,Pressure ulcers,1,0,1,0,elevated,1.0,1,32249804,2020,0.833,True
Lactobacillus,Primary sclerosing cholangitis,1,1,1,0,elevated,1.0,1,27207975,2016,0.667,True
Lactobacillus,Protracted bacterial bronchitis,1,0,0,1,reduced,1.0,1,29600046,2018,0.833,True
Lactobacillus,Psoriasis,1,0,0,1,reduced,1.0,1,31619666,2019,0.833,True
Lactobacillus,Rectal Carcinoma,1,0,0,1,reduced,1.0,1,5145865,2016,0.667,True
Lactobacillus,Recurrent miscarriage,1,0,0,1,reduced,1.0,1,30988706,2019,0.667,True
Lactobacillus,Rheumatoid Arthritis,1,1,1,0,elevated,1.0,1,23483307,2013,0.667,True
Lactobacillus,Seminal hyperviscosity,1,0,0,1,reduced,1.0,1,29500854,2018,0.5,True
Lactobacillus,Severe fever with thrombocytopenia syndrome,1,1,1,0,elevated,1.0,1,30327643,2018,0.833,True
Lactobacillus,Spinal cord injury,1,0,0,1,reduced,1.0,1,26942354,2016,0.5,True
Lactobacillus,Stevens-Johnson syndrome,1,0,1,0,elevated,1.0,1,32152391,2020,0.833,True
Lactobacillus,Systemic lupus erythematosus,1,1,1,0,elevated,1.0,1,30872359,2019,0.833,True
Lactobacillus,T2D with hypertension,1,0,0,1,reduced,1.0,1,28316574,2017,0.667,True
Lactobacillus,Thyroid carcinoma,1,1,1,0,elevated,1.0,1,30565661,2019,0.833,True
Lactobacillus,Transient Ischemic Attack,1,1,1,0,elevated,1.0,1,26597155,2015,0.833,True
Lactobacillus,Tuberculosis,1,0,1,0,elevated,1.0,1,23365674,2013,0.667,True
Lactobacillus,Urogenital Schistosomiasis,1,0,1,0,elevated,1.0,1,28793309,2017,0.667,True
Lactobacillus,Urolithiasis,1,0,0,1,reduced,1.0,1,30932002,2019,0.667,True
Lactobacillus,Vestibulodynia,1,0,1,0,elevated,1.0,1,32205761,2020,0.167,True
Lactobacillus,Viral Diarrhea,1,1,0,1,reduced,1.0,1,21739252,2011,0.667,True
Lactococcus,Acne,1,1,0,1,reduced,1.0,1,29756631,2018,0.667,True
Lactococcus,Alcoholic hepatitis,1,1,1,0,elevated,1.0,1,30144108,2018,0.833,True
Lactococcus,Alcoholism,1,1,1,0,elevated,1.0,1,29041989,2017,0.833,True
Lactococcus,Anovulation,1,1,0,1,reduced,1.0,1,30773302,2019,0.667,True
Lactococcus,Autism spectrum disorders,1,1,1,0,elevated,1.0,1,30743242,2019,0.833,True
Lactococcus,Breast cancer,1,0,0,1,reduced,1.0,1,27342554,2016,0.333,True
Lactococcus,Chronic alcoholic pancreatitis,1,1,0,1,reduced,1.0,1,29555983,2018,0.833,True
Lactococcus,Colon adenomas,1,0,1,0,elevated,1.0,1,4872055,2016,0.5,True
Lactococcus,Coronary artery disease,1,1,1,0,elevated,1.0,1,30192713,2018,0.833,True
Lactococcus,Crohn's Disease,1,1,0,1,reduced,1.0,1,20816835,2010,0.833,True
Lactococcus,Intestinal metaplasia,1,0,1,0,elevated,1.0,1,,2019,0.833,True
Lactococcus,Iron-deficiency anaemia,1,0,1,0,elevated,1.0,1,31752810,2019,0.833,True
Lactococcus,Non-alcoholic fatty liver disease,1,1,0,1,reduced,1.0,1,30926798,2019,0.833,True
Lactococcus,Obesity,1,1,1,0,elevated,1.0,1,30572569,2018,0.833,True
Lactococcus,Overactive bladder,1,0,0,1,reduced,1.0,1,29230385,2017,0.833,True
Lactococcus,Pancreatitis,1,0,0,1,reduced,1.0,1,29423379,2018,0.667,True
Lactococcus,Parkinson's Disease,1,1,1,0,elevated,1.0,1,31174953,2019,0.667,True
Lactococcus,Polycystic Ovary Syndrome,1,1,0,1,reduced,1.0,1,31972546,2020,0.833,True
Lactococcus,Pressure ulcers,1,0,1,0,elevated,1.0,1,32249804,2020,0.833,True
Lactococcus,Primary liver cancer,1,1,0,1,reduced,1.0,1,30661942,2019,0.833,True
Lactococcus,Protracted bacterial bronchitis,1,0,0,1,reduced,1.0,1,29600046,2018,0.833,True
Lactococcus,Psoriasis,1,1,1,0,elevated,1.0,1,30264198,2019,0.5,True
Lactococcus,Smoking,1,0,1,0,elevated,1.0,1,32169076,2020,0.833,True
Lactococcus,Thyroid carcinoma,1,1,1,0,elevated,1.0,1,30565661,2019,0.833,True
Lactococcus,Type 1 Diabetes,1,1,0,1,reduced,1.0,1,30356183,2018,0.833,True
Lactococcus,X-linked inhibitor of apoptosis deficiency,1,1,1,0,elevated,1.0,1,30312711,2019,0.333,True
Lactonifactor,Non-alcoholic fatty liver disease,1,1,1,0,elevated,1.0,1,31255652,2019,0.833,True
Lambdavirus,Colorectal cancer,1,1,1,0,elevated,1.0,1,29689266,2018,0.667,False
Lampropedia,Asthma,1,0,0,1,reduced,1.0,1,30911282,2019,0.833,True
Larkinella,Psoriasis,1,0,1,0,elevated,1.0,1,30185226,2018,0.667,True
Lasiodiplodia,Uveitits,1,1,0,1,reduced,1.0,1,30938773,2019,0.667,False
Lasiosphaeriaceae,Cirrhosis,1,1,0,1,reduced,1.0,1,28578302,2018,0.833,False
Latescibacteria,Obstructive sleep apnea-hypopnea syndrome,1,0,0,1,reduced,1.0,1,30976074,2019,0.667,False
Lautropia,Aggressive periodontitis,1,0,0,1,reduced,1.0,1,30710838,2019,0.833,True
Lautropia,Autism spectrum disorders,1,1,0,1,reduced,1.0,1,30701194,2019,0.833,True
Lautropia,Bleeding gum,1,0,0,1,reduced,1.0,1,32169076,2020,0.833,True
Lautropia,Cystic Fibrosis,1,0,0,1,reduced,1.0,1,29445257,2017,0.833,True
Lautropia,Edentulism,1,0,0,1,reduced,1.0,1,30657624,2019,0.833,True
Lautropia,Idiopathic focal epilepsy,1,1,1,0,elevated,1.0,1,31730997,2020,0.833,True
Lautropia,Kaposi's sarcoma,1,0,0,1,reduced,1.0,1,31951641,2020,0.833,True
Lautropia,Obesity,1,0,0,1,reduced,1.0,1,29576948,2018,0.833,True
Lautropia,Oral leukoplakia,1,0,0,1,reduced,1.0,1,29250055,2017,0.833,True
Lautropia,Oral lichen planus,1,0,1,0,elevated,1.0,1,28199766,2017,0.833,True
Lautropia,Oral potentially malignant disorder,1,0,1,0,elevated,1.0,1,30054809,2018,0.833,True
Lautropia,Otitis Media,1,0,1,0,elevated,1.0,1,29458340,2018,0.833,True
Lautropia,Periodontal disease,1,0,0,1,reduced,1.0,1,31329044,2019,0.833,True
Lautropia,Rheumatoid Arthritis,1,0,1,0,elevated,1.0,1,30459400,2018,0.667,True
Lautropia,Sicca syndrome,1,0,0,1,reduced,1.0,1,30272305,2018,0.833,True
Lautropia,Sjögren Syndrome,1,0,0,1,reduced,1.0,1,30060225,2018,0.667,True
Lawsonella,Microscopic colitis,1,0,0,1,reduced,1.0,1,30324555,2018,0.833,True
Leclercia,Asthma,1,0,1,0,elevated,1.0,1,26220531,2015,0.667,True
Leptolyngbya,Chronic Obstructive Pulmonary Disease,1,0,1,0,elevated,1.0,1,23874580,2013,0.667,True
Leptosphaeria,Crohn's Disease,1,0,0,1,reduced,1.0,1,26574491,2016,0.833,False
Leptosphaeria,Tongue cancer,1,0,0,1,reduced,1.0,1,29228609,2017,0.667,False
Leptospira,Pouchitis,1,1,1,0,elevated,1.0,1,19617766,2009,0.667,True
Leptothrix,Helicobacter pylori infection,1,0,1,0,elevated,1.0,1,32197614,2020,0.833,True
Leptothrix,Periodontal disease,1,0,0,1,reduced,1.0,1,31329044,2019,0.833,True
Leptotrichia,Alcoholism,1,0,1,0,elevated,1.0,1,29685174,2018,0.833,True
Leptotrichia,Anovulation,1,1,0,1,reduced,1.0,1,30773302,2019,0.667,True
Leptotrichia,Aphthous ulcer,1,0,0,1,reduced,1.0,1,32169076,2020,0.833,True
Leptotrichia,Asthma,1,0,0,1,reduced,1.0,1,30911282,2019,0.833,True
Leptotrichia,Atopic dermatitis,1,0,0,1,reduced,1.0,1,31152265,2019,0.667,True
Leptotrichia,Autoimmune polyendocrine syndrome type 1,1,0,0,1,reduced,1.0,1,29503707,2018,0.833,True
Leptotrichia,Behcet's Disease,1,0,0,1,reduced,1.0,1,27283393,2016,0.833,True
Leptotrichia,"Celiac Disease, Coaliac disease",1,0,0,1,reduced,1.0,1,30038321,2018,0.833,True
Leptotrichia,Chagas' disease,1,0,0,1,reduced,1.0,1,30807605,2019,0.667,True
Leptotrichia,Cirrhosis,1,0,0,1,reduced,1.0,1,26606973,2015,0.833,True
Leptotrichia,Cystic Fibrosis,1,0,0,1,reduced,1.0,1,29445257,2017,0.833,True
Leptotrichia,Dandruff,1,0,1,0,elevated,1.0,1,27909689,2016,0.667,True
Leptotrichia,E-smoking,1,0,1,0,elevated,1.0,1,32105635,2020,0.667,True
Leptotrichia,H7N9,1,0,1,0,elevated,1.0,1,29259328,2017,0.667,True
Leptotrichia,Helicobacter pylori infection,1,0,1,0,elevated,1.0,1,32197614,2020,0.833,True
Leptotrichia,Hepatocellular cancer,1,0,1,0,elevated,1.0,1,27605161,2016,0.833,True
Leptotrichia,Macular degeneration,1,0,0,1,reduced,1.0,1,30089174,2018,0.833,True
Leptotrichia,Nongonococcal urethritis,1,0,1,0,elevated,1.0,1,24220356,2013,0.833,True
Leptotrichia,Oral cancer,1,0,0,1,reduced,1.0,1,21205002,2011,0.833,True
Leptotrichia,Oral lichen planus,1,0,1,0,elevated,1.0,1,28199766,2017,0.833,True
Leptotrichia,Oral potentially malignant disorder,1,0,1,0,elevated,1.0,1,30054809,2018,0.833,True
Leptotrichia,Osteoarthritis,1,0,1,0,elevated,1.0,1,30250232,2018,0.667,True
Leptotrichia,Pancreatic head cancer,1,0,1,0,elevated,1.0,1,30728915,2019,0.833,True
Leptotrichia,Parkinson's Disease,1,0,0,1,reduced,1.0,1,28259623,2017,0.833,True
Leptotrichia,Periodontal abscess,1,0,0,1,reduced,1.0,1,31417518,2019,0.833,True
Leptotrichia,Periodontal disease,1,0,0,1,reduced,1.0,1,31329044,2019,0.833,True
Leptotrichia,Pneumonia,1,0,0,1,reduced,1.0,1,26151645,2016,0.667,True
Leptotrichia,Pregnancy,1,0,0,1,reduced,1.0,1,24484853,2014,0.833,True
Leptotrichia,Severe congenital neutropenia,1,0,1,0,elevated,1.0,1,32026584,2020,0.667,True
Leptotrichia,Systemic lupus erythematosus,1,0,0,1,reduced,1.0,1,28320468,2017,0.833,True
Leptotrichia,Type 2 Diabetes,1,0,1,0,elevated,1.0,1,32298191,2020,0.667,True
Leptotrichia,Ulcerative Colitis,1,0,0,1,reduced,1.0,1,29462845,2018,0.833,True
Leptotrichia,periodontitis,1,0,0,1,reduced,1.0,1,31502122,2020,0.833,True
Leptotrichiaceae,Aggressive periodontitis,1,0,0,1,reduced,1.0,1,28260061,2017,0.5,False
Leptotrichiaceae,Alcoholic hepatitis,1,0,1,0,elevated,1.0,1,29083504,2018,0.833,False
Leptotrichiaceae,Bacterial vaginosis,1,0,1,0,elevated,1.0,1,27107961,2016,0.833,False
Leptotrichiaceae,Cirrhosis,1,0,1,0,elevated,1.0,1,30905718,2019,0.833,False
Leptotrichiaceae,Eosinophilic esophagitis,1,0,0,1,reduced,1.0,1,31107724,2019,0.833,False
Leptotrichiaceae,Obesity,1,0,1,0,elevated,1.0,1,29576948,2018,0.833,False
Leptotrichiaceae,Obstructive sleep apnea-hypopnea syndrome,1,0,0,1,reduced,1.0,1,30976074,2019,0.667,False
Leptotrichiaceae,Type 2 Diabetes,1,0,0,1,reduced,1.0,1,23613868,2013,0.833,False
Leucobacter,Alzheimer's Disease,1,0,0,1,reduced,1.0,1,31434623,2019,0.5,True
Leucobacter,Multiple system atrophy,1,0,0,1,reduced,1.0,1,31381527,2019,0.667,True
Leucobacter,Sjögren Syndrome,1,0,1,0,elevated,1.0,1,27351333,2016,0.833,True
Leuconostoc,Asthma,1,0,0,1,reduced,1.0,1,30911282,2019,0.833,True
Leuconostoc,Cystic Fibrosis,1,1,1,0,elevated,1.0,1,28279152,2017,0.667,True
Leuconostoc,Gestational diabetes,1,1,1,0,elevated,1.0,1,29764499,2019,0.833,True
Leuconostoc,Intestinal metaplasia,1,0,1,0,elevated,1.0,1,,2019,0.833,True
Leuconostoc,Irritable Bowel Syndrome,1,1,1,0,elevated,1.0,1,23757279,2012,0.5,True
Leuconostoc,Non-alcoholic fatty liver disease,1,0,0,1,reduced,1.0,1,30870486,2019,0.833,True
Leuconostocaceae,Cirrhosis,1,1,1,0,elevated,1.0,1,31298745,2019,0.833,False
Leuconostocaceae,Coronary artery disease,1,1,1,0,elevated,1.0,1,32100534,2020,0.833,False
Leuconostocaceae,Myasthenia gravis,1,1,0,1,reduced,1.0,1,30258104,2018,0.833,False
Leuconostocaceae,Obesity,1,1,1,0,elevated,1.0,1,30572569,2018,0.833,False
Leuconostocaceae,Parkinson's Disease,1,1,0,1,reduced,1.0,1,31200089,2019,0.833,False
Leuconostocaceae,Schizophrenia,1,1,0,1,reduced,1.0,1,31255682,2019,0.833,False
Leuconostocaceae,Ulcerative Colitis,1,1,0,1,reduced,1.0,1,23013615,2012,0.833,False
Leucosporidium,Asthma,1,0,1,0,elevated,1.0,1,29031597,2018,0.5,False
Leucosporidium,Crohn's Disease,1,1,0,1,reduced,1.0,1,30478724,2019,0.833,False
Leucosporidium,Ulcerative Colitis,1,1,0,1,reduced,1.0,1,30478724,2019,0.833,False
Limnobacter,Atopic dermatitis,1,0,0,1,reduced,1.0,1,31152265,2019,0.667,True
Limnobacter,Crohn's Disease,1,0,0,1,reduced,1.0,1,26574491,2016,0.833,True
Limnobacter,Parkinson's Disease,1,0,0,1,reduced,1.0,1,29881345,2018,0.833,True
Limnohabitans,Sjögren Syndrome,1,0,0,1,reduced,1.0,1,27351333,2016,0.833,True
Lipomycetaceae,Colorectal cancer,1,1,0,1,reduced,1.0,1,30472682,2019,0.833,False
Listeria,Crohn's Disease,1,1,1,0,elevated,1.0,1,20848492,2010,0.333,True
Listeria,Preeclamsia,1,0,1,0,elevated,1.0,1,25492799,2014,0.667,True
Listeriaceae,Parkinson's Disease,1,0,0,1,reduced,1.0,1,28843021,2018,0.667,False
Lonepinella,Protracted bacterial bronchitis,1,0,1,0,elevated,1.0,1,29984544,2018,0.833,True
Lophiostomataceae,Cirrhosis,1,1,0,1,reduced,1.0,1,28578302,2018,0.833,False
Lupinus,Parkinson's Disease,1,1,0,1,reduced,1.0,1,29776865,2018,0.667,False
Luteibacter,Adolescent idiopathic scoliosis,1,1,1,0,elevated,1.0,1,30481617,2019,0.833,True
Lutibacter,Parkinson's Disease,1,0,1,0,elevated,1.0,1,31247001,2019,0.833,True
Lutispora,Posttraumatic stress syndrome,1,1,1,0,elevated,1.0,1,31460790,2019,0.833,True
Lymphocryptovirus,Colorectal cancer,1,1,1,0,elevated,1.0,1,29689266,2018,0.667,False
Lyrodus,Cystic Fibrosis,1,1,0,1,reduced,1.0,1,22538067,2012,0.5,False
Lysinibacillus,Acne,1,1,0,1,reduced,1.0,1,29756631,2018,0.667,True
Lysinibacillus,Acute fatty liver,1,1,1,0,elevated,1.0,1,31776707,2020,0.667,True
Lysinibacillus,Constipation,1,1,1,0,elevated,1.0,1,31776707,2020,0.667,True
Lysinibacillus,Excessive vomiting,1,1,1,0,elevated,1.0,1,31776707,2020,0.667,True
Lysinibacillus,Intestinal metaplasia,1,0,0,1,reduced,1.0,1,,2019,0.833,True
Lysinibacillus,Kidney stone,1,0,1,0,elevated,1.0,1,32111156,2020,0.833,True
Lysobacter,Chronic kidney disease,1,0,1,0,elevated,1.0,1,30962186,2019,0.833,True
Lysobacter,Obstructive sleep apnea-hypopnea syndrome,1,0,0,1,reduced,1.0,1,30976074,2019,0.667,True
Lysurus,Tongue cancer,1,0,0,1,reduced,1.0,1,29228609,2017,0.667,False
Macellibacteroides,Human papilloma virus infection,1,0,0,1,reduced,1.0,1,31111067,2019,0.5,True
Macrococcus,Psoriasis,1,0,0,1,reduced,1.0,1,30185226,2018,0.667,True
Mageeibacillus,Aerobic vaginitis,1,0,1,0,elevated,1.0,1,31955954,2020,0.833,True
Malassezia,Caries,1,0,0,1,reduced,1.0,1,7048226,2020,0.5,False
Malassezia,Colorectal cancer,1,1,1,0,elevated,1.0,1,30472682,2019,0.833,False
Malassezia,Crohn's Disease,1,0,1,0,elevated,1.0,1,26574491,2016,0.833,False
Malassezia,Cystic Fibrosis,1,0,0,1,reduced,1.0,1,,2019,0.833,False
Malassezia,Cystic fibrosis exacerbation,1,0,1,0,elevated,1.0,1,32108159,2020,0.667,False
Malassezia,HIV infection,1,1,1,0,elevated,1.0,1,29385188,2018,0.667,False
Malassezia,Huntington's Disease,1,0,1,0,elevated,1.0,1,31798558,2019,0.667,False
Malassezia,Keratitis,1,1,1,0,elevated,1.0,1,30541945,2018,0.167,False
Malassezia,Systemic sclerosis,1,0,0,1,reduced,1.0,1,30728065,2019,0.833,False
Malasseziales,Cirrhosis,1,1,0,1,reduced,1.0,1,28578302,2018,0.833,False
Mannheimia,Aggressive periodontitis,1,0,0,1,reduced,1.0,1,30710838,2019,0.833,True
Mannheimia,Amyotrophic lateral sclerosis,1,1,1,0,elevated,1.0,1,32747678,2020,0.833,True
Mannheimia,Cystic Fibrosis,1,1,1,0,elevated,1.0,1,22538067,2012,0.5,True
Mannheimia,Type 2 Diabetes,1,0,0,1,reduced,1.0,1,32298191,2020,0.667,True
Mannheimia,periodontitis,1,0,0,1,reduced,1.0,1,30710838,2019,0.833,True
Marasmiaceae,Cirrhosis,1,1,0,1,reduced,1.0,1,28578302,2018,0.833,False
Marinicella,Psoriasis,1,0,1,0,elevated,1.0,1,30185226,2018,0.667,True
Marseillibacter,Graves' orbitopathy,1,1,0,1,reduced,1.0,1,30674011,2019,0.833,False
Marvinbryantia,Chronic kidney disease,1,1,1,0,elevated,1.0,1,28588309,2017,0.833,True
Marvinbryantia,Colorectal cancer,1,0,1,0,elevated,1.0,1,22622349,2012,0.833,True
Marvinbryantia,Gestational diabetes,1,1,0,1,reduced,1.0,1,29764499,2019,0.833,True
Marvinbryantia,Irritable Bowel Syndrome,1,1,1,0,elevated,1.0,1,21820992,2011,0.833,True
Megamonas,Acquired Immunodeficiency Syndrome,1,1,0,1,reduced,1.0,1,29411528,2018,0.833,True
Megamonas,Alcoholism,1,1,1,0,elevated,1.0,1,30894059,2019,0.833,True
Megamonas,Amyotrophic lateral sclerosis,1,1,0,1,reduced,1.0,1,32747678,2020,0.833,True
Megamonas,Autism spectrum disorders,1,1,1,0,elevated,1.0,1,30670726,2019,0.833,True
Megamonas,Cancer cachexia,1,1,0,1,reduced,1.0,1,34609073,2021,0.667,True
Megamonas,Cardiac valve calcification,1,1,0,1,reduced,1.0,1,30897381,2019,0.833,True
Megamonas,Cholestasis,1,1,1,0,elevated,1.0,1,30483228,2018,0.667,True
Megamonas,Chronic kidney disease,1,1,0,1,reduced,1.0,1,32241215,2020,0.833,True
Megamonas,Chronic pancreatitis,1,1,0,1,reduced,1.0,1,31806503,2019,0.833,True
Megamonas,Colon adenomas,1,1,1,0,elevated,1.0,1,30794590,2019,0.833,True
Megamonas,Coronary artery disease,1,1,1,0,elevated,1.0,1,30897381,2019,0.833,True
Megamonas,Frailty,1,1,0,1,reduced,1.0,1,34485176,2021,0.5,True
Megamonas,Functional dyspepsia,1,0,1,0,elevated,1.0,1,28761692,2017,0.833,True
Megamonas,Generalized anxiety disorder,1,1,0,1,reduced,1.0,1,31437702,2019,0.833,True
Megamonas,Hepatitis B,1,1,1,0,elevated,1.0,1,5693892,2017,0.833,True
Megamonas,Kawasaki disease,1,1,1,0,elevated,1.0,1,26322033,2015,0.5,True
Megamonas,Kidney stone,1,1,1,0,elevated,1.0,1,29353409,2018,0.833,True
Megamonas,Major depressive disorder,1,1,1,0,elevated,1.0,1,25882912,2015,0.833,True
Megamonas,Multiple Sclerosis,1,1,0,1,reduced,1.0,1,26367776,2015,0.5,True
Megamonas,Multiple system atrophy,1,1,0,1,reduced,1.0,1,31680836,2019,0.833,True
Megamonas,Non alcoholic steatohepatitis,1,1,1,0,elevated,1.0,1,32204538,2020,0.833,True
Megamonas,Obstructive sleep apnea-hypopnea syndrome,1,1,0,1,reduced,1.0,1,30957778,2019,0.667,True
Megamonas,Pancreatic cancer,1,1,0,1,reduced,1.0,1,29221120,2017,0.833,True
Megamonas,Primary Open-Angle Glaucoma,1,1,0,1,reduced,1.0,1,31917963,2020,0.833,True
Megamonas,Primary sclerosing cholangitis-IBD,1,1,1,0,elevated,1.0,1,30666146,2019,0.833,True
Megamonas,Radiation enteritis,1,1,1,0,elevated,1.0,1,30908851,2019,0.667,True
Megamonas,Silicosis,1,1,1,0,elevated,1.0,1,30867671,2019,0.833,True
Megamonas,Stevens-Johnson syndrome,1,0,1,0,elevated,1.0,1,32152391,2020,0.833,True
Megamonas,Thyroid carcinoma,1,1,0,1,reduced,1.0,1,30565661,2019,0.833,True
Megamonas,Type 1 Diabetes,1,1,0,1,reduced,1.0,1,,2014,0.833,True
Megamonas,Type 2 Diabetes,1,0,0,1,reduced,1.0,1,28008148,2017,0.833,True
Megamonas,Wilson's Disease,1,1,1,0,elevated,1.0,1,30075590,2018,0.833,True
Megasphaera,Aerobic vaginitis,1,0,1,0,elevated,1.0,1,31955954,2020,0.833,True
Megasphaera,Ankylosing spondylitis,1,1,1,0,elevated,1.0,1,28750650,2017,0.667,True
Megasphaera,Aphthous ulcer,1,0,0,1,reduced,1.0,1,32169076,2020,0.833,True
Megasphaera,Autism,1,1,1,0,elevated,1.0,1,29564487,2018,0.833,True
Megasphaera,Autism spectrum disorders,1,1,1,0,elevated,1.0,1,30670726,2019,0.833,True
Megasphaera,Autoimmune polyendocrine syndrome type 1,1,0,0,1,reduced,1.0,1,29503707,2018,0.833,True
Megasphaera,Behcet's Disease,1,1,0,1,reduced,1.0,1,30077182,2018,0.833,True
Megasphaera,Biliary atresia,1,1,0,1,reduced,1.0,1,31271681,2019,0.833,True
Megasphaera,Budd-Chiari syndrome,1,1,1,0,elevated,1.0,1,29423048,2018,0.667,True
Megasphaera,Cerebral autosomal dominant arteriopathy with subcortical infarcts and leukoencephalopathy,1,1,0,1,reduced,1.0,1,31777426,2019,0.833,True
Megasphaera,Cholestasis,1,1,1,0,elevated,1.0,1,30483228,2018,0.667,True
Megasphaera,Cirrhosis,1,0,1,0,elevated,1.0,1,5043180,2016,0.833,True
Megasphaera,Colorectal cancer,1,0,0,1,reduced,1.0,1,30576312,2018,0.833,True
Megasphaera,Coronary Heart Disease,1,1,0,1,reduced,1.0,1,30202890,2019,0.667,True
Megasphaera,Coronary artery disease,1,1,1,0,elevated,1.0,1,32100534,2020,0.833,True
Megasphaera,Cystic Fibrosis,1,1,1,0,elevated,1.0,1,4855157,2016,0.333,True
Megasphaera,Dry eye syndrome,1,1,1,0,elevated,1.0,1,32293464,2020,0.833,True
Megasphaera,Edentulism,1,0,1,0,elevated,1.0,1,27717873,2016,0.5,True
Megasphaera,Endometriosis,1,0,0,1,reduced,1.0,1,30778155,2019,0.833,True
Megasphaera,Gestational diabetes,1,1,0,1,reduced,1.0,1,32175285,2020,0.833,True
Megasphaera,H7N9,1,0,1,0,elevated,1.0,1,29259328,2017,0.667,True
Megasphaera,HIV infection,1,1,1,0,elevated,1.0,1,24034618,2013,0.5,True
Megasphaera,Hashimoto's thyroiditis,1,1,1,0,elevated,1.0,1,28903182,2017,0.833,True
Megasphaera,Hepatic encephalopathy,1,0,1,0,elevated,1.0,1,22821944,2012,0.833,True
Megasphaera,Hepatitis B,1,1,0,1,reduced,1.0,1,7098974,2020,0.833,True
Megasphaera,Hepatocellular cancer,1,1,0,1,reduced,1.0,1,30045880,2018,0.833,True
Megasphaera,Human end-stage renal disease,1,1,0,1,reduced,1.0,1,32304020,2020,0.667,True
Megasphaera,Hypertension,1,1,1,0,elevated,1.0,1,31173179,2019,0.833,True
Megasphaera,Idiopathic REM Sleep Behavior Disorder,1,1,0,1,reduced,1.0,1,28843021,2018,0.667,True
Megasphaera,Infantile eczema,1,1,0,1,reduced,1.0,1,27812181,2016,0.667,True
Megasphaera,Interstitial cystitis,1,0,0,1,reduced,1.0,1,22974186,2012,0.5,True
Megasphaera,Invasive pneumococcal disease,1,0,1,0,elevated,1.0,1,6360994,2019,0.833,True
Megasphaera,Osteoarthritis,1,0,1,0,elevated,1.0,1,30250232,2018,0.667,True
Megasphaera,Pregnancy,1,0,0,1,reduced,1.0,1,29497601,2018,0.833,True
Megasphaera,Primary biliary cirrhosis,1,1,1,0,elevated,1.0,1,27243236,2016,0.833,True
Megasphaera,Primary sclerosing cholangitis-IBD,1,0,1,0,elevated,1.0,1,27196590,2017,0.333,True
Megasphaera,Psoriasis,1,1,1,0,elevated,1.0,1,30238519,2018,0.833,True
Megasphaera,Sjögren Syndrome,1,0,1,0,elevated,1.0,1,31211815,2019,0.833,True
Megasphaera,Systemic lupus erythematosus,1,1,1,0,elevated,1.0,1,30872359,2019,0.833,True
Megasphaera,T2D with hypertension,1,0,0,1,reduced,1.0,1,28316574,2017,0.667,True
Megasphaera,Transient Ischemic Attack,1,1,1,0,elevated,1.0,1,26597155,2015,0.833,True
Megasphaera,Trichomonas vaginalis infection,1,0,1,0,elevated,1.0,1,23482642,2013,0.833,True
Megasphaera,Urogenital Schistosomiasis,1,1,1,0,elevated,1.0,1,30696838,2019,0.833,True
Meiothermus,Rheumatoid Arthritis,1,0,1,0,elevated,1.0,1,30250232,2018,0.667,True
Methanobacteriaceae,Alcoholic cirrhosis,1,1,1,0,elevated,1.0,1,31951082,2020,0.833,False
Methanobrevibacter,Amyotrophic lateral sclerosis,1,1,1,0,elevated,1.0,1,31306225,2019,0.833,False
Methanobrevibacter,Anorexia Nervosa,1,1,1,0,elevated,1.0,1,28636668,2017,0.833,False
Methanobrevibacter,Bacterial vaginosis,1,0,1,0,elevated,1.0,1,31127480,2019,0.833,False
Methanobrevibacter,Chronic stress,1,1,1,0,elevated,1.0,1,31112792,2019,0.667,False
Methanobrevibacter,Collagenous colitis,1,1,1,0,elevated,1.0,1,31343467,2019,0.833,False
Methanobrevibacter,Colorectal cancer,1,1,0,1,reduced,1.0,1,24811328,2015,0.833,False
Methanobrevibacter,Crohn's Disease,1,0,0,1,reduced,1.0,1,28852861,2018,0.833,False
Methanobrevibacter,Drug-resistant Epilepsy,1,1,1,0,elevated,1.0,1,30291996,2018,0.833,False
Methanobrevibacter,Glycogen storage disease,1,1,0,1,reduced,1.0,1,30939160,2019,0.833,False
Methanobrevibacter,Migraine,1,1,0,1,reduced,1.0,1,32083024,2020,0.833,False
Methanobrevibacter,Preeclamsia,1,1,0,1,reduced,1.0,1,6608563,2019,0.833,False
Methanobrevibacter,Schizophrenia,1,1,1,0,elevated,1.0,1,29352709,2018,0.833,False
Methanobrevibacter,Stevens-Johnson syndrome,1,0,1,0,elevated,1.0,1,32152391,2020,0.833,False
Methanobrevibacter,Type 2 Diabetes,1,1,1,0,elevated,1.0,1,28261173,2017,0.833,False
Methanobrevibacter,Ulcerative Colitis,1,0,0,1,reduced,1.0,1,28852861,2018,0.833,False
Methanoculleus,Behcet's Disease,1,1,0,1,reduced,1.0,1,30077182,2018,0.833,False
Methanoculleus,Vogt-Koyagani-Harada disease,1,1,0,1,reduced,1.0,1,31928124,2020,0.667,False
Methanomethylophilus,Behcet's Disease,1,1,0,1,reduced,1.0,1,30077182,2018,0.833,False
Methanosphaera,Idiopathic REM Sleep Behavior Disorder,1,1,0,1,reduced,1.0,1,28843021,2018,0.667,False
Methanosphaera,Type 2 Diabetes,1,1,0,1,reduced,1.0,1,28261173,2017,0.833,False
Methanothermobacter,Protracted bacterial bronchitis,1,0,1,0,elevated,1.0,1,29984544,2018,0.833,False
Methylobacillus,Obstructive sleep apnea-hypopnea syndrome,1,0,0,1,reduced,1.0,1,30976074,2019,0.667,True
Methylobacter,Pouchitis,1,1,1,0,elevated,1.0,1,19617766,2009,0.667,True
Methylobacteriaceae,Breast cancer,1,0,1,0,elevated,1.0,1,30175072,2018,0.833,False
Methylobacterium,Colorectal cancer,1,0,0,1,reduced,1.0,1,22761885,2012,0.833,True
Methylobacterium,Cystic Fibrosis,1,0,1,0,elevated,1.0,1,30580994,2019,0.667,True
Methylobacterium,Laryngeal carcinoma,1,0,1,0,elevated,1.0,1,23824228,2013,0.833,True
Methylobacterium,Opisthorchis felineus infection,1,0,1,0,elevated,1.0,1,4957795,2016,0.833,True
Methylophaga,Stevens-Johnson syndrome,1,0,0,1,reduced,1.0,1,32152391,2020,0.833,True
Methylophilus,Interstitial cystitis,1,0,0,1,reduced,1.0,1,22974186,2012,0.5,True
Methylotenera,Interstitial cystitis,1,0,0,1,reduced,1.0,1,22974186,2012,0.5,True
Methylotenera,Opisthorchis felineus infection,1,0,1,0,elevated,1.0,1,4957795,2016,0.833,True
Microascaceae,Schizophrenia,1,1,0,1,reduced,1.0,1,31759045,2020,0.833,False
Microbacterium,Aerobic vaginitis,1,0,0,1,reduced,1.0,1,31315951,2019,0.833,True
Microbacterium,Alcoholic hepatitis,1,0,1,0,elevated,1.0,1,29083504,2018,0.833,True
Microbacterium,Breast cancer,1,0,0,1,reduced,1.0,1,29190829,2017,0.5,True
Microbacterium,Clonorchis sinensis infection,1,1,1,0,elevated,1.0,1,30323795,2018,0.833,True
Microbacterium,Colorectal cancer,1,0,0,1,reduced,1.0,1,23497613,2013,0.333,True
Microbacterium,Interstitial cystitis,1,0,0,1,reduced,1.0,1,22974186,2012,0.5,True
Microbacterium,Parkinson's Disease,1,0,1,0,elevated,1.0,1,29881345,2018,0.833,True
Microbacterium,Type 2 Diabetes,1,0,1,0,elevated,1.0,1,28008148,2017,0.833,True
Microcella,periodontitis,1,0,0,1,reduced,1.0,1,31153098,2019,0.833,True
Micrococcaceae,Alcoholism,1,1,1,0,elevated,1.0,1,30894059,2019,0.833,False
Micrococcaceae,Breast cancer,1,0,1,0,elevated,1.0,1,30175072,2018,0.833,False
Micrococcaceae,Endometriosis,1,0,1,0,elevated,1.0,1,7161132,2020,0.667,False
Micrococcaceae,Hepatic encephalopathy,1,1,1,0,elevated,1.0,1,30816877,2019,0.833,False
Micrococcaceae,Psoriasis,1,0,1,0,elevated,1.0,1,30185226,2018,0.667,False
Micrococcaceae,Systemic lupus erythematosus,1,0,0,1,reduced,1.0,1,32203722,2020,0.833,False
Micrococcus,Breast cancer,1,0,0,1,reduced,1.0,1,27342554,2016,0.333,True
Micrococcus,Chronic Obstructive Pulmonary Disease,1,0,0,1,reduced,1.0,1,23874580,2013,0.667,True
Micrococcus,Dandruff,1,0,1,0,elevated,1.0,1,27909689,2016,0.667,True
Micrococcus,Diaper dermatitis,1,0,1,0,elevated,1.0,1,31472099,2019,0.833,True
Micrococcus,Hepatitis C,1,1,1,0,elevated,1.0,1,28561276,2018,0.833,True
Micrococcus,Oral cancer,1,0,1,0,elevated,1.0,1,16672398,2006,0.333,True
Micrococcus,Tongue cancer,1,0,1,0,elevated,1.0,1,29228609,2017,0.667,True
Microcystis,Pouchitis,1,1,1,0,elevated,1.0,1,19617766,2009,0.667,True
Microdochium,Caries,1,0,1,0,elevated,1.0,1,31953340,2020,0.667,False
Micromonosporaceae,Alcoholic hepatitis,1,0,1,0,elevated,1.0,1,29083504,2018,0.833,False
Microvirgula,Irritable Bowel Syndrome,1,1,0,1,reduced,1.0,1,25865706,2015,0.333,True
Microviridae,Ulcerative Colitis,1,0,1,0,elevated,1.0,1,30842211,2019,0.833,False
Mimivirus,Ulcerative Colitis,1,0,0,1,reduced,1.0,1,30842211,2019,0.833,False
Mitis,Caries,1,0,0,1,reduced,1.0,1,20927511,2011,0.333,False
Mitis,Chronic lung disease,1,0,1,0,elevated,1.0,1,27388563,2016,0.833,False
Mitrastema,Cystic Fibrosis,1,1,0,1,reduced,1.0,1,22538067,2012,0.5,False
Mitsuaria,Sjögren Syndrome,1,0,1,0,elevated,1.0,1,27351333,2016,0.833,True
Mitsuokella,Aggressive periodontitis,1,0,0,1,reduced,1.0,1,6713147,2019,0.833,True
Mitsuokella,Alcoholism,1,1,0,1,reduced,1.0,1,30894059,2019,0.833,True
Mitsuokella,Autism,1,1,1,0,elevated,1.0,1,29564487,2018,0.833,True
Mitsuokella,Autoimmune polyendocrine syndrome type 1,1,0,0,1,reduced,1.0,1,29503707,2018,0.833,True
Mitsuokella,Behcet's Disease,1,1,1,0,elevated,1.0,1,30077182,2018,0.833,True
Mitsuokella,Caries,1,0,1,0,elevated,1.0,1,31365560,2019,0.5,True
Mitsuokella,Chronic alcoholic pancreatitis,1,1,1,0,elevated,1.0,1,29555983,2018,0.833,True
Mitsuokella,Colon adenomas,1,1,0,1,reduced,1.0,1,30794590,2019,0.833,True
Mitsuokella,Colorectal cancer,1,0,0,1,reduced,1.0,1,30576312,2018,0.833,True
Mitsuokella,Common Variable Immunodeficieny,1,1,0,1,reduced,1.0,1,6700332,2019,0.667,True
Mitsuokella,Coronary Heart Disease,1,1,0,1,reduced,1.0,1,30202890,2019,0.667,True
Mitsuokella,Crohn's Disease,1,0,0,1,reduced,1.0,1,30519287,2018,0.833,True
Mitsuokella,Generalized anxiety disorder,1,1,0,1,reduced,1.0,1,31437702,2019,0.833,True
Mitsuokella,HIV infection,1,1,1,0,elevated,1.0,1,24034618,2013,0.5,True
Mitsuokella,Hepatitis C,1,1,0,1,reduced,1.0,1,28561276,2018,0.833,True
Mitsuokella,Idiopathic REM Sleep Behavior Disorder,1,1,0,1,reduced,1.0,1,28843021,2018,0.667,True
Mitsuokella,Periodontal disease,1,0,0,1,reduced,1.0,1,31329044,2019,0.833,True
Mitsuokella,Pulmonary tubercolosis,1,1,0,1,reduced,1.0,1,29322681,2018,0.833,True
Mitsuokella,Sicca syndrome,1,0,1,0,elevated,1.0,1,31211815,2019,0.833,True
Mitsuokella,Sjögren Syndrome,1,0,1,0,elevated,1.0,1,31211815,2019,0.833,True
Mitsuokella,Ulcerative Colitis,1,1,1,0,elevated,1.0,1,31055592,2019,0.833,True
Mobiluncus,HIV infection,1,0,0,1,reduced,1.0,1,24817204,2014,0.667,True
Mobiluncus,Interstitial cystitis,1,0,0,1,reduced,1.0,1,22974186,2012,0.5,True
Mobiluncus,Laryngeal carcinoma,1,0,0,1,reduced,1.0,1,23824228,2013,0.833,True
Mobiluncus,Obstructive sleep apnea-hypopnea syndrome,1,0,0,1,reduced,1.0,1,30976074,2019,0.667,True
Mobiluncus,Oral lichen planus,1,0,1,0,elevated,1.0,1,28199766,2017,0.833,True
Mobiluncus,Postmenopausal,1,0,1,0,elevated,1.0,1,29936400,2018,0.833,True
Modestobacter,Chronic Obstructive Pulmonary Disease,1,0,0,1,reduced,1.0,1,23071781,2012,0.667,True
Mogibacterium,Appendicitis,1,0,1,0,elevated,1.0,1,3997405,2014,0.5,True
Mogibacterium,Autism spectrum disorders,1,0,0,1,reduced,1.0,1,29371629,2018,0.833,True
Mogibacterium,Autoimmune polyendocrine syndrome type 1,1,0,0,1,reduced,1.0,1,29503707,2018,0.833,True
Mogibacterium,Barrett's oesophagus,1,0,1,0,elevated,1.0,1,19394334,2009,0.333,True
Mogibacterium,Caries,1,0,1,0,elevated,1.0,1,31365560,2019,0.5,True
Mogibacterium,"Celiac Disease, Coaliac disease",1,0,0,1,reduced,1.0,1,24657864,2014,0.667,True
Mogibacterium,Chronic prostatitis / Chronic pelvic pain syndrome,1,1,0,1,reduced,1.0,1,26930255,2016,0.667,True
Mogibacterium,Cirrhosis,1,1,0,1,reduced,1.0,1,,2016,0.833,True
Mogibacterium,Edentulism,1,0,1,0,elevated,1.0,1,27717873,2016,0.5,True
Mogibacterium,Gestational diabetes,1,1,1,0,elevated,1.0,1,29764499,2019,0.833,True
Mogibacterium,HIV infection,1,1,1,0,elevated,1.0,1,24586144,2014,0.667,True
Mogibacterium,Halitosis,1,0,1,0,elevated,1.0,1,31553956,2019,0.833,True
Mogibacterium,Inflammatory Bowel Disease,1,1,0,1,reduced,1.0,1,26843508,2017,0.833,True
Mogibacterium,Non-alcoholic fatty liver disease,1,1,0,1,reduced,1.0,1,30926798,2019,0.833,True
Mogibacterium,Pancreatic cancer,1,1,0,1,reduced,1.0,1,29221120,2017,0.833,True
Mogibacterium,Psoriasis,1,0,1,0,elevated,1.0,1,31916654,2020,0.833,True
Mogibacterium,Smoking,1,0,1,0,elevated,1.0,1,32170059,2020,0.667,True
Mogibacterium,Tuberculosis,1,0,1,0,elevated,1.0,1,23365674,2013,0.667,True
Mogibacterium,Ulcerative Colitis,1,0,0,1,reduced,1.0,1,28852861,2018,0.833,True
Moineauvirus,Colorectal cancer,1,1,1,0,elevated,1.0,1,29689266,2018,0.667,False
Monascus,Clostridium difficile associated disease,1,1,0,1,reduced,1.0,1,30202057,2018,0.833,False
Monilinia,Crohn's Disease,1,1,0,1,reduced,1.0,1,27811291,2017,0.667,False
Moniliophthora,Colorectal cancer,1,1,1,0,elevated,1.0,1,30472682,2019,0.833,False
Monographella,Irritable Bowel Syndrome,1,1,1,0,elevated,1.0,1,28624575,2017,0.667,False
Montagnulaceae,Cirrhosis,1,1,0,1,reduced,1.0,1,28578302,2018,0.833,False
Moraxella,Allergic rhinoconjunctivitis,1,0,0,1,reduced,1.0,1,31132163,2019,0.667,True
Moraxella,Chronic Rhinosinusitis,1,0,1,0,elevated,1.0,1,23656607,2013,0.667,True
Moraxella,Cystic Fibrosis,1,0,0,1,reduced,1.0,1,26492486,2016,0.0,True
Moraxella,Influenza A,1,0,0,1,reduced,1.0,1,30581863,2018,0.833,True
Moraxella,Invasive pneumococcal disease,1,0,0,1,reduced,1.0,1,6360994,2019,0.833,True
Moraxella,Iron-deficiency anaemia,1,0,1,0,elevated,1.0,1,31752810,2019,0.833,True
Moraxella,Laryngeal carcinoma,1,0,1,0,elevated,1.0,1,23824228,2013,0.833,True
Moraxella,Laryngotracheal stenosis,1,0,1,0,elevated,1.0,1,31043518,2019,0.833,True
Moraxella,Lower respiratory tract infection,1,0,0,1,reduced,1.0,1,30885620,2019,0.833,True
Moraxella,Oral cancer,1,0,0,1,reduced,1.0,1,16672398,2006,0.333,True
Moraxella,Oral lichen planus,1,0,1,0,elevated,1.0,1,28199766,2017,0.833,True
Moraxella,Otitis Media,1,0,0,1,reduced,1.0,1,29458340,2018,0.833,True
Moraxella,Pancreatic head cancer,1,0,1,0,elevated,1.0,1,30728915,2019,0.833,True
Moraxella,Viral respiratory tract infection,1,0,1,0,elevated,1.0,1,,2018,0.667,True
Moraxellaceae,Ascites,1,0,0,1,reduced,1.0,1,,2016,0.833,False
Moraxellaceae,Attention Deficit Hyperactivity Disorder,1,1,1,0,elevated,1.0,1,29580894,2018,0.833,False
Moraxellaceae,Colon adenomas,1,1,0,1,reduced,1.0,1,30794590,2019,0.833,False
Moraxellaceae,Cystic Fibrosis,1,0,0,1,reduced,1.0,1,31536536,2019,0.667,False
Moraxellaceae,Granulomatosis with polyangiitis,1,0,0,1,reduced,1.0,1,30420263,2019,0.833,False
Moraxellaceae,Hepatitis B associated liver failure,1,0,1,0,elevated,1.0,1,30864226,2019,0.833,False
Moraxellaceae,Inflammatory Bowel Disease,1,0,1,0,elevated,1.0,1,25939040,2015,0.333,False
Moraxellaceae,Parkinson's Disease,1,1,1,0,elevated,1.0,1,29501802,2018,0.667,False
Moraxellaceae,Rheumatoid Arthritis,1,0,0,1,reduced,1.0,1,30420263,2019,0.833,False
Moraxellaceae,Systemic lupus erythematosus,1,0,1,0,elevated,1.0,1,32203722,2020,0.833,False
Moraxellaceae,Type 2 Diabetes,1,0,0,1,reduced,1.0,1,31263683,2019,0.667,False
Morganella,Alcoholism,1,1,1,0,elevated,1.0,1,30894059,2019,0.833,True
Morganella,Cervical cancer,1,1,1,0,elevated,1.0,1,6431307,2019,0.833,True
Morganella,Clostridium difficile infection,1,1,1,0,elevated,1.0,1,4863157,2016,0.833,True
Morganella,Colorectal cancer,1,0,0,1,reduced,1.0,1,30576312,2018,0.833,True
Morganella,Coronary artery disease,1,1,0,1,reduced,1.0,1,32100534,2020,0.833,True
Morganella,Crohn's Disease,1,0,1,0,elevated,1.0,1,28852861,2018,0.833,True
Morganella,Parkinson's Disease,1,1,1,0,elevated,1.0,1,29776865,2018,0.667,True
Morganella,Primary sclerosing cholangitis,1,1,1,0,elevated,1.0,1,27207975,2016,0.667,True
Mortierella,Keratitis,1,1,0,1,reduced,1.0,1,30541945,2018,0.167,False
Mortierella,Schizophrenia,1,1,1,0,elevated,1.0,1,31759045,2020,0.833,False
Mortierella,Uveitits,1,1,0,1,reduced,1.0,1,30938773,2019,0.667,False
Moryella,Caries,1,0,1,0,elevated,1.0,1,31365560,2019,0.5,False
Moryella,Chronic fatigue syndrome,1,1,1,0,elevated,1.0,1,23791918,2013,0.667,False
Moryella,Chronic liver disease,1,0,0,1,reduced,1.0,1,31373933,2019,0.833,False
Moryella,Crohn's Disease,1,0,0,1,reduced,1.0,1,26574491,2016,0.833,False
Moryella,Halitosis,1,0,0,1,reduced,1.0,1,28875948,2017,0.833,False
Moryella,Helicobacter pylori infection,1,0,1,0,elevated,1.0,1,32197614,2020,0.833,False
Moryella,Non-alcoholic fatty liver disease,1,1,0,1,reduced,1.0,1,,2016,0.833,False
Moryella,Parkinson's Disease,1,0,1,0,elevated,1.0,1,28259623,2017,0.833,False
Moryella,Pregnancy,1,0,0,1,reduced,1.0,1,29497601,2018,0.833,False
Moryella,Sjögren Syndrome,1,0,0,1,reduced,1.0,1,27770517,2016,0.667,False
Moryella,Tuberculosis,1,0,1,0,elevated,1.0,1,23365674,2013,0.667,False
Mucispirillum,Parkinson's Disease,1,1,1,0,elevated,1.0,1,31248424,2019,0.833,True
Mucor,Atherosclerosis,1,1,1,0,elevated,1.0,1,29124969,2018,0.667,False
Mucor,Caries,1,0,0,1,reduced,1.0,1,6225480,2018,0.667,False
Mucor,Clostridium difficile associated disease,1,1,0,1,reduced,1.0,1,30202057,2018,0.833,False
Murdochiella,H1N1 Influenza,1,1,0,1,reduced,1.0,1,32497191,2020,0.833,True
Murdochiella,HIV infection,1,1,1,0,elevated,1.0,1,30649052,2019,0.667,True
Murdochiella,Type 2 Diabetes,1,0,0,1,reduced,1.0,1,31438919,2019,0.833,True
Muribaculaceae,Generalized anxiety disorder,1,1,0,1,reduced,1.0,1,31437702,2019,0.833,False
Muvirus,Colorectal cancer,1,1,1,0,elevated,1.0,1,29689266,2018,0.667,False
Myceligenerans,Trachoma,1,0,0,1,reduced,1.0,1,25484919,2014,0.833,True
Mycobacteriaceae,Pulmonary tubercolosis,1,0,1,0,elevated,1.0,1,32303963,2020,0.667,False
Mycobacterium,Acne,1,0,1,0,elevated,1.0,1,31173650,2019,0.833,True
Mycobacterium,Asthma,1,0,0,1,reduced,1.0,1,30911282,2019,0.833,True
Mycobacterium,Bronchiectasis,1,0,1,0,elevated,1.0,1,32255852,2020,0.667,True
Mycobacterium,Crohn's Disease,1,0,0,1,reduced,1.0,1,26574491,2016,0.833,True
Mycobacterium,Heart failure,1,1,0,1,reduced,1.0,1,29330424,2018,0.833,True
Mycobacterium,Hepatic encephalopathy,1,1,1,0,elevated,1.0,1,29923681,2018,0.833,True
Mycobacterium,Lung cancer,1,0,1,0,elevated,1.0,1,32255852,2020,0.667,True
Mycobacterium,Pressure ulcers,1,0,0,1,reduced,1.0,1,32249804,2020,0.833,True
Mycobacterium,Protracted bacterial bronchitis,1,0,1,0,elevated,1.0,1,29984544,2018,0.833,True
Mycocentrospora,Uveitits,1,1,0,1,reduced,1.0,1,30938773,2019,0.667,False
Mycoplana,Asthma,1,0,0,1,reduced,1.0,1,30911282,2019,0.833,True
Mycoplana,Constipation,1,0,1,0,elevated,1.0,1,26460205,2016,0.833,True
Mycoplana,Mucosa-associated lymphoid tissue lymphoma,1,0,0,1,reduced,1.0,1,,2019,0.833,True
Mycoplana,Multiple Sclerosis,1,1,0,1,reduced,1.0,1,27346372,2016,0.833,True
Mycoplana,Parkinson's Disease,1,1,0,1,reduced,1.0,1,29776865,2018,0.667,True
Mycoplana,Rheumatoid Arthritis,1,0,0,1,reduced,1.0,1,30459400,2018,0.667,True
Mycoplasma,Aggressive periodontitis,1,0,1,0,elevated,1.0,1,6713147,2019,0.833,True
Mycoplasma,Antrochoanal polyps,1,0,1,0,elevated,1.0,1,31837561,2020,0.833,True
Mycoplasma,Barrett's oesophagus,1,0,1,0,elevated,1.0,1,19394334,2009,0.333,True
Mycoplasma,Caries,1,0,0,1,reduced,1.0,1,29670544,2018,0.833,True
Mycoplasma,Edentulism,1,0,1,0,elevated,1.0,1,27717873,2016,0.5,True
Mycoplasma,Laryngeal carcinoma,1,0,1,0,elevated,1.0,1,23824228,2013,0.833,True
Mycoplasma,Nongonococcal urethritis,1,0,1,0,elevated,1.0,1,30052651,2018,0.833,True
Mycoplasma,Overactive bladder,1,0,1,0,elevated,1.0,1,29230385,2017,0.833,True
Mycoplasma,Psoriasis,1,0,0,1,reduced,1.0,1,31916654,2020,0.833,True
Mycoplasma,Smoking,1,0,0,1,reduced,1.0,1,31201984,2019,0.667,True
Mycoplasma,Tongue cancer,1,0,0,1,reduced,1.0,1,29228609,2017,0.667,True
Mycoplasma,Trichomonas vaginalis infection,1,0,1,0,elevated,1.0,1,23482642,2013,0.833,True
Mycosphaerella,Caries,1,0,0,1,reduced,1.0,1,31953340,2020,0.667,False
Mycosphaerella,Seborrheic dermatitis,1,0,1,0,elevated,1.0,1,32219537,2020,0.833,False
Myoviridae,Ulcerative Colitis,1,0,1,0,elevated,1.0,1,30842211,2019,0.833,False
Myroides,Intestinal metaplasia,1,0,1,0,elevated,1.0,1,,2019,0.833,False
Myroides,Parkinson's Disease,1,0,1,0,elevated,1.0,1,29881345,2018,0.833,False
Myxotrichaceae,Smoking,1,0,0,1,reduced,1.0,1,29995962,2018,0.833,False
Naganishia,Caries,1,0,0,1,reduced,1.0,1,31953340,2020,0.667,False
Naganishia,Crohn's Disease,1,1,0,1,reduced,1.0,1,30478724,2019,0.833,False
Naganishia,Psoriasis,1,0,0,1,reduced,1.0,1,30949136,2019,0.5,False
Naganishia,Ulcerative Colitis,1,1,0,1,reduced,1.0,1,30478724,2019,0.833,False
Nakaseomyces,HIV infection,1,1,1,0,elevated,1.0,1,29385188,2018,0.667,False
Negativibacillus,Colorectal cancer,1,0,0,1,reduced,1.0,1,30576312,2018,0.833,True
Negativicoccus,HIV infection,1,1,1,0,elevated,1.0,1,30649052,2019,0.667,True
Negativicutes,Necrotizing enterocolitis,1,1,0,1,reduced,1.0,1,26969089,2016,0.833,False
Neisseria,Aggressive periodontitis,1,0,0,1,reduced,1.0,1,30710838,2019,0.833,True
Neisseria,Alcoholism,1,0,1,0,elevated,1.0,1,29685174,2018,0.833,True
Neisseria,Ankylosing spondylitis,1,1,1,0,elevated,1.0,1,28750650,2017,0.667,True
Neisseria,Asthma,1,0,0,1,reduced,1.0,1,25329665,2014,0.667,True
Neisseria,Autoimmune polyendocrine syndrome type 1,1,0,0,1,reduced,1.0,1,29503707,2018,0.833,True
Neisseria,Barrett's oesophagus,1,0,1,0,elevated,1.0,1,,2013,0.667,True
Neisseria,Bleeding gum,1,0,1,0,elevated,1.0,1,32298191,2020,0.667,True
Neisseria,Chlamydia,1,0,1,0,elevated,1.0,1,30038262,2018,0.833,True
Neisseria,Chronic kidney disease,1,1,1,0,elevated,1.0,1,31315634,2019,0.833,True
Neisseria,Cirrhosis,1,0,0,1,reduced,1.0,1,5043180,2016,0.833,True
Neisseria,Colorectal cancer,1,0,0,1,reduced,1.0,1,28988196,2017,0.667,True
Neisseria,Crohn's Disease,1,0,0,1,reduced,1.0,1,24013298,2014,0.167,True
Neisseria,Cystic Fibrosis,1,0,0,1,reduced,1.0,1,30580994,2019,0.667,True
Neisseria,Disease-free ,1,0,0,1,reduced,1.0,1,,2016,0.5,True
Neisseria,Drug-resistant Epilepsy,1,1,1,0,elevated,1.0,1,30291996,2018,0.833,True
Neisseria,E-smoking,1,0,1,0,elevated,1.0,1,32105635,2020,0.667,True
Neisseria,Eosinophilic esophagitis,1,0,1,0,elevated,1.0,1,26034601,2015,0.833,True
Neisseria,Henoch-Schönlein Purpura,1,0,1,0,elevated,1.0,1,30342346,2018,0.833,True
Neisseria,Idiopathic Pulmonary Fibrosis,1,0,1,0,elevated,1.0,1,25184687,2014,0.5,True
Neisseria,Idiopathic focal epilepsy,1,1,1,0,elevated,1.0,1,31730997,2020,0.833,True
Neisseria,Influenza A,1,0,0,1,reduced,1.0,1,30581863,2018,0.833,True
Neisseria,Invasive colorectal cancer,1,1,1,0,elevated,1.0,1,31609493,2020,0.667,True
Neisseria,Iron-deficiency anaemia,1,0,0,1,reduced,1.0,1,31752810,2019,0.833,True
Neisseria,Irritable Bowel Syndrome,1,0,0,1,reduced,1.0,1,23757279,2012,0.5,True
Neisseria,Oligoasthenoteratozoospermia,1,0,1,0,elevated,1.0,1,29500854,2018,0.5,True
Neisseria,Oral cancer,1,0,1,0,elevated,1.0,1,21205002,2011,0.833,True
Neisseria,Oropharyngeal cancer,1,0,0,1,reduced,1.0,1,31832691,2020,0.833,True
Neisseria,Otitis Media,1,0,1,0,elevated,1.0,1,29458340,2018,0.833,True
Neisseria,Palmoplantar pustulosis,1,0,0,1,reduced,1.0,1,33279897,2021,0.5,True
Neisseria,Pancreatic cancer,1,0,0,1,reduced,1.0,1,21994333,2012,0.833,True
Neisseria,Parkinson's Disease,1,0,0,1,reduced,1.0,1,28259623,2017,0.833,True
Neisseria,Periodontal disease,1,0,0,1,reduced,1.0,1,31329044,2019,0.833,True
Neisseria,Pregnancy,1,0,1,0,elevated,1.0,1,29497601,2018,0.833,True
Neisseria,Preterm birth,1,1,1,0,elevated,1.0,1,30464016,2019,0.667,True
Neisseria,Primary sclerosing cholangitis,1,0,1,0,elevated,1.0,1,31243055,2019,0.833,True
Neisseria,Reflux esophagitis,1,0,1,0,elevated,1.0,1,,2013,0.667,True
Neisseria,Rhinovirus infection,1,0,0,1,reduced,1.0,1,25028608,2014,0.667,True
Neisseria,Seminal hyperviscosity,1,0,1,0,elevated,1.0,1,29500854,2018,0.5,True
Neisseria,Short Bowel Syndrome,1,1,1,0,elevated,1.0,1,28501098,2017,0.833,True
Neisseria,Thyroid carcinoma,1,1,1,0,elevated,1.0,1,30584647,2019,0.833,True
Neisseria,Tuberculosis,1,0,1,0,elevated,1.0,1,23365674,2013,0.667,True
Neisseriaceae,Alcoholic hepatitis,1,0,1,0,elevated,1.0,1,29083504,2018,0.833,False
Neisseriaceae,Autism spectrum disorders,1,0,1,0,elevated,1.0,1,29371629,2018,0.833,False
Neisseriaceae,Eosinophilic esophagitis,1,0,0,1,reduced,1.0,1,31107724,2019,0.833,False
Neisseriaceae,Obesity,1,0,0,1,reduced,1.0,1,6467948,2019,0.833,False
Neisseriaceae,Primary biliary cirrhosis,1,1,1,0,elevated,1.0,1,27243236,2016,0.833,False
Neisseriaceae,Psoriasis,1,0,1,0,elevated,1.0,1,31619666,2019,0.833,False
Neisseriaceae,Rheumatoid Arthritis,1,0,1,0,elevated,1.0,1,30420263,2019,0.833,False
Neorhizobium,Kidney stone with hypertension,1,0,0,1,reduced,1.0,1,32183836,2020,0.833,True
Nesterenkonia,Cutaneous burn,1,0,1,0,elevated,1.0,1,28333758,2017,0.5,True
Nevskia,Asthma,1,0,0,1,reduced,1.0,1,30911282,2019,0.833,True
Nevskia,Clonorchis sinensis infection,1,1,1,0,elevated,1.0,1,30323795,2018,0.833,True
Nigrospora,Caries,1,0,1,0,elevated,1.0,1,31953340,2020,0.667,False
Nitriliruptor,Autism spectrum disorders,1,1,1,0,elevated,1.0,1,31765662,2020,0.667,True
Nitrosomonadaceae,Asthma,1,0,1,0,elevated,1.0,1,21194740,2011,0.833,False
Nitrosomonadaceae,Cirrhosis,1,0,0,1,reduced,1.0,1,30905718,2019,0.833,False
Nitrosomonas,Cystic Fibrosis,1,1,0,1,reduced,1.0,1,22538067,2012,0.5,True
Nitrososphaera,Parkinson's Disease,1,1,1,0,elevated,1.0,1,29501802,2018,0.667,False
Nitrosospira,Schizophrenia,1,1,0,1,reduced,1.0,1,28442250,2018,0.833,True
Nocardia,Chronic Rhinosinusitis,1,0,1,0,elevated,1.0,1,23656607,2013,0.667,True
Nocardioidaceae,Breast cancer,1,0,1,0,elevated,1.0,1,30175072,2018,0.833,False
Nocardioides,Alcoholic hepatitis,1,0,0,1,reduced,1.0,1,29083504,2018,0.833,True
Nocardioides,Chronic Obstructive Pulmonary Disease,1,0,1,0,elevated,1.0,1,23071781,2012,0.667,True
Nocardioides,Non-alcoholic fatty liver disease,1,0,0,1,reduced,1.0,1,30870486,2019,0.833,True
Nocardioides,Obesity,1,1,0,1,reduced,1.0,1,30572569,2018,0.833,True
Nodularia,Cystic Fibrosis,1,1,0,1,reduced,1.0,1,22538067,2012,0.5,True
Novispirillum,"Celiac Disease, Coaliac disease",1,0,1,0,elevated,1.0,1,30400238,2018,0.833,True
Novosphingobium,Chronic Obstructive Pulmonary Disease,1,0,0,1,reduced,1.0,1,25340840,2014,0.5,True
Novosphingobium,Cystic Fibrosis,1,0,0,1,reduced,1.0,1,25340840,2014,0.5,True
Novosphingobium,Overactive bladder,1,0,0,1,reduced,1.0,1,29230385,2017,0.833,True
Novosphingobium,Psoriasis,1,0,1,0,elevated,1.0,1,30185226,2018,0.667,True
Novosphingobium,Radiation enteritis,1,1,1,0,elevated,1.0,1,30908851,2019,0.667,True
Novosphingobium,Type 2 Diabetes,1,0,0,1,reduced,1.0,1,29172724,2018,0.833,True
Oceanivirga,Neisseria gonorrhoeae infection,1,0,1,0,elevated,1.0,1,31945133,2020,0.833,True
Oceanobacillus,Acne,1,1,0,1,reduced,1.0,1,29756631,2018,0.667,True
Oceanobacillus,Intestinal metaplasia,1,0,0,1,reduced,1.0,1,,2019,0.833,True
Ochrobactrum,Alzheimer's Disease,1,0,0,1,reduced,1.0,1,31434623,2019,0.5,True
Ochrobactrum,Colorectal cancer,1,0,0,1,reduced,1.0,1,22761885,2012,0.833,True
Ochrobactrum,Helicobacter pylori infection,1,0,1,0,elevated,1.0,1,32197614,2020,0.833,True
Ochrobactrum,Kidney stone with hypertension,1,0,0,1,reduced,1.0,1,32183836,2020,0.833,True
Ochrobactrum,Parkinson's Disease,1,1,0,1,reduced,1.0,1,29776865,2018,0.667,True
Ochrobactrum,Schizophrenia,1,1,1,0,elevated,1.0,1,28442250,2018,0.833,True
Odoribacter,Acne,1,0,1,0,elevated,1.0,1,31290561,2019,0.667,True
Odoribacter,Alcoholic hepatitis,1,1,0,1,reduced,1.0,1,29555983,2018,0.833,True
Odoribacter,Amyotrophic lateral sclerosis,1,1,1,0,elevated,1.0,1,32747678,2020,0.833,True
Odoribacter,Ankylosing spondylitis,1,1,0,1,reduced,1.0,1,28750650,2017,0.667,True
Odoribacter,Asthma,1,0,1,0,elevated,1.0,1,29031597,2018,0.5,True
Odoribacter,Attention Deficit Hyperactivity Disorder,1,1,1,0,elevated,1.0,1,32132899,2020,0.833,True
Odoribacter,Cerebral autosomal dominant arteriopathy with subcortical infarcts and leukoencephalopathy,1,1,1,0,elevated,1.0,1,31777426,2019,0.833,True
Odoribacter,Chronic alcoholic pancreatitis,1,1,0,1,reduced,1.0,1,29555983,2018,0.833,True
Odoribacter,Cirrhosis,1,1,0,1,reduced,1.0,1,25079328,2014,0.833,True
Odoribacter,Clostridium difficile infection,1,1,0,1,reduced,1.0,1,30785932,2019,0.667,True
Odoribacter,Constipation,1,0,0,1,reduced,1.0,1,26460205,2016,0.833,True
Odoribacter,Coronary artery disease,1,1,1,0,elevated,1.0,1,32100534,2020,0.833,True
Odoribacter,Cystic Fibrosis,1,1,0,1,reduced,1.0,1,28279152,2017,0.667,True
Odoribacter,Glycogen storage disease,1,1,0,1,reduced,1.0,1,30939160,2019,0.833,True
Odoribacter,Hepatocellular cancer,1,1,1,0,elevated,1.0,1,30045880,2018,0.833,True
Odoribacter,Lung cancer,1,1,1,0,elevated,1.0,1,32240032,2020,0.833,True
Odoribacter,Non-alcoholic fatty liver disease,1,1,0,1,reduced,1.0,1,25644696,2015,0.833,True
Odoribacter,Primary biliary cholangitis,1,1,0,1,reduced,1.0,1,30900136,2019,0.667,True
Odoribacter,Rectal Carcinoma,1,0,1,0,elevated,1.0,1,5145865,2016,0.667,True
Odoribacter,Stevens-Johnson syndrome,1,0,1,0,elevated,1.0,1,32152391,2020,0.833,True
Odoribacter,Type 2 Diabetes,1,0,0,1,reduced,1.0,1,28008148,2017,0.833,True
Odoribacter,Uveitits,1,1,0,1,reduced,1.0,1,29625474,2018,0.667,True
Odoribacteraceae,Crohn's Disease,1,1,1,0,elevated,1.0,1,26313691,2015,0.5,False
Odoribacteraceae,Thyroid carcinoma,1,1,0,1,reduced,1.0,1,30584647,2019,0.833,False
Oenothera,Parkinson's Disease,1,1,0,1,reduced,1.0,1,29776865,2018,0.667,False
Oerskovia,Kidney stone with hypertension,1,0,1,0,elevated,1.0,1,32183836,2020,0.833,True
Okubovirus,Colorectal cancer,1,1,1,0,elevated,1.0,1,29689266,2018,0.667,False
Oligella,Urgency urinary incontinence,1,0,1,0,elevated,1.0,1,,2014,0.667,True
Olsenella,Autism spectrum disorders,1,0,0,1,reduced,1.0,1,29371629,2018,0.833,True
Olsenella,Bleeding gum,1,0,1,0,elevated,1.0,1,32298191,2020,0.667,True
Olsenella,Chronic Obstructive Pulmonary Disease,1,0,1,0,elevated,1.0,1,23071781,2012,0.667,True
Olsenella,Cirrhosis,1,0,1,0,elevated,1.0,1,26099252,2015,0.833,True
Olsenella,Gestational diabetes,1,1,1,0,elevated,1.0,1,29764499,2019,0.833,True
Olsenella,Multiple Sclerosis,1,1,1,0,elevated,1.0,1,32162850,2020,0.833,True
Olsenella,Type 2 Diabetes,1,0,1,0,elevated,1.0,1,32298191,2020,0.667,True
Olsenella,Urogenital Schistosomiasis,1,1,1,0,elevated,1.0,1,30696838,2019,0.833,True
Ophiocordyceps,Tongue cancer,1,0,1,0,elevated,1.0,1,29228609,2017,0.667,False
Ophiosphaerella,Caries,1,0,0,1,reduced,1.0,1,31953340,2020,0.667,False
Ophiostomataceae,Clostridium difficile associated disease,1,1,0,1,reduced,1.0,1,30202057,2018,0.833,False
Ophiostomataceae,Schizophrenia,1,1,0,1,reduced,1.0,1,31759045,2020,0.833,False
Oribacterium,Aggressive periodontitis,1,0,0,1,reduced,1.0,1,28260061,2017,0.5,True
Oribacterium,Alcoholism,1,1,0,1,reduced,1.0,1,30894059,2019,0.833,True
Oribacterium,Behcet's Disease,1,0,0,1,reduced,1.0,1,26037240,2015,0.5,True
Oribacterium,Caries,1,0,1,0,elevated,1.0,1,31365560,2019,0.5,True
Oribacterium,Chronic kidney disease,1,1,0,1,reduced,1.0,1,28588309,2017,0.833,True
Oribacterium,E-smoking,1,0,0,1,reduced,1.0,1,32105635,2020,0.667,True
Oribacterium,Halitosis,1,0,0,1,reduced,1.0,1,28875948,2017,0.833,True
Oribacterium,Helicobacter pylori infection,1,0,1,0,elevated,1.0,1,32197614,2020,0.833,True
Oribacterium,Invasive colorectal cancer,1,1,0,1,reduced,1.0,1,31609493,2020,0.667,True
Oribacterium,Invasive pneumococcal disease,1,0,1,0,elevated,1.0,1,6360994,2019,0.833,True
Oribacterium,Irritable Bowel Syndrome,1,0,0,1,reduced,1.0,1,23757279,2012,0.5,True
Oribacterium,Neuromyelitis optica,1,1,1,0,elevated,1.0,1,31841737,2020,0.833,True
Oribacterium,Non alcoholic steatohepatitis,1,1,1,0,elevated,1.0,1,31255652,2019,0.833,True
Oribacterium,Obesity,1,0,0,1,reduced,1.0,1,29576948,2018,0.833,True
Oribacterium,Oral cancer,1,0,0,1,reduced,1.0,1,21205002,2011,0.833,True
Oribacterium,Oral lichen planus,1,0,1,0,elevated,1.0,1,32245419,2020,0.833,True
Oribacterium,Pancreatic head cancer,1,0,1,0,elevated,1.0,1,30728915,2019,0.833,True
Oribacterium,Preeclamsia,1,1,1,0,elevated,1.0,1,6608563,2019,0.833,True
Oribacterium,Primary sclerosing cholangitis,1,0,1,0,elevated,1.0,1,29615776,2018,0.833,True
Oribacterium,Recurrent tonsillitis,1,0,0,1,reduced,1.0,1,23437130,2013,0.833,True
Oribacterium,Sicca syndrome,1,0,1,0,elevated,1.0,1,31211815,2019,0.833,True
Oribacterium,Sjögren Syndrome,1,0,1,0,elevated,1.0,1,31211815,2019,0.833,True
Oribacterium,Tuberculosis,1,0,1,0,elevated,1.0,1,23365674,2013,0.667,True
Orthobunyavirus,Colorectal cancer,1,1,1,0,elevated,1.0,1,29689266,2018,0.667,False
Orthopneumovirus,Ulcerative Colitis,1,0,1,0,elevated,1.0,1,30842211,2019,0.833,False
Orthopoxvirus,Ulcerative Colitis,1,0,0,1,reduced,1.0,1,30842211,2019,0.833,False
Oscillibacter,Amyotrophic lateral sclerosis,1,1,1,0,elevated,1.0,1,27703453,2016,0.833,True
Oscillibacter,Ankylosing spondylitis,1,1,1,0,elevated,1.0,1,31778109,2019,0.833,True
Oscillibacter,Asthma,1,0,1,0,elevated,1.0,1,29031597,2018,0.5,True
Oscillibacter,Behcet's Disease,1,1,1,0,elevated,1.0,1,30077182,2018,0.833,True
Oscillibacter,Collagenous colitis,1,1,0,1,reduced,1.0,1,31343467,2019,0.833,True
Oscillibacter,Colon adenomas,1,1,0,1,reduced,1.0,1,29995183,2018,0.5,True
Oscillibacter,Crohn's Disease,1,1,0,1,reduced,1.0,1,30545401,2018,0.667,True
Oscillibacter,HIV infection,1,1,1,0,elevated,1.0,1,31894240,2020,0.833,True
Oscillibacter,Heart failure,1,1,0,1,reduced,1.0,1,29330424,2018,0.833,True
Oscillibacter,Hepatocellular cancer,1,1,1,0,elevated,1.0,1,30045880,2018,0.833,True
Oscillibacter,Hypertension,1,1,0,1,reduced,1.0,1,28143587,2017,0.833,True
Oscillibacter,Idiopathic central precocious puberty,1,1,1,0,elevated,1.0,1,6987398,2020,0.833,True
Oscillibacter,Infantile eczema,1,1,0,1,reduced,1.0,1,27812181,2016,0.667,True
Oscillibacter,Irritable Bowel Syndrome,1,0,0,1,reduced,1.0,1,31953505,2020,0.833,True
Oscillibacter,Macular degeneration,1,1,1,0,elevated,1.0,1,28094305,2017,0.833,True
Oscillibacter,Obstructive sleep apnea-hypopnea syndrome,1,1,0,1,reduced,1.0,1,30957778,2019,0.667,True
Oscillibacter,Polycystic Ovary Syndrome,1,1,0,1,reduced,1.0,1,28293234,2017,0.667,True
Oscillibacter,Schizophrenia,1,1,1,0,elevated,1.0,1,31759045,2020,0.833,True
Oscillibacter,Spleen deficiency syndrome,1,1,1,0,elevated,1.0,1,32227775,2020,0.667,True
Oscillibacter,Stomach cancer,1,1,0,1,reduced,1.0,1,29995183,2018,0.5,True
Oscillibacter,Transient Ischemic Attack,1,1,1,0,elevated,1.0,1,26597155,2015,0.833,True
Oscillospira,Acne,1,0,1,0,elevated,1.0,1,31290561,2019,0.667,False
Oscillospira,Aggressive periodontitis,1,0,0,1,reduced,1.0,1,28260061,2017,0.5,False
Oscillospira,Anovulation,1,1,0,1,reduced,1.0,1,30773302,2019,0.667,False
Oscillospira,Atopic dermatitis,1,1,1,0,elevated,1.0,1,30899033,2019,0.833,False
Oscillospira,Autism,1,1,0,1,reduced,1.0,1,24130822,2013,0.667,False
Oscillospira,Autoimmune hepatitis,1,1,0,1,reduced,1.0,1,31201284,2019,0.833,False
Oscillospira,Chronic alcoholic pancreatitis,1,1,0,1,reduced,1.0,1,29555983,2018,0.833,False
Oscillospira,Clostridium difficile infection,1,1,0,1,reduced,1.0,1,4863157,2016,0.833,False
Oscillospira,Hypertension,1,1,0,1,reduced,1.0,1,32226382,2020,0.833,False
Oscillospira,Non-alcoholic fatty liver disease,1,1,0,1,reduced,1.0,1,27028797,2017,0.667,False
Oscillospira,Pervasive developmental disorder NOS,1,1,0,1,reduced,1.0,1,24130822,2013,0.667,False
Oscillospira,Primary sclerosing cholangitis-IBD,1,0,1,0,elevated,1.0,1,26526357,2016,0.833,False
Oscillospira,T2D with hyperlipidemia,1,0,1,0,elevated,1.0,1,28316574,2017,0.667,False
Oscillospira,Tetratricopeptide repeat domain 7A deficiency,1,1,0,1,reduced,1.0,1,30312711,2019,0.333,False
Oscillospira,Type 2 Diabetes,1,0,0,1,reduced,1.0,1,28008148,2017,0.833,False
Oscillospira,Ulcerative Colitis,1,0,0,1,reduced,1.0,1,28852861,2018,0.833,False
Ottowia,periodontitis,1,0,1,0,elevated,1.0,1,31153098,2019,0.833,True
Oxalobacter,Acne,1,1,0,1,reduced,1.0,1,29756631,2018,0.667,True
Oxalobacter,Autism spectrum disorders,1,1,1,0,elevated,1.0,1,31765662,2020,0.667,True
Oxalobacter,Crohn's Disease,1,0,0,1,reduced,1.0,1,28852861,2018,0.833,True
Oxalobacter,Helicobacter pylori infection,1,1,1,0,elevated,1.0,1,31211818,2019,0.5,True
Oxalobacter,Irritable Bowel Syndrome,1,1,1,0,elevated,1.0,1,22986438,2012,0.833,True
Oxalobacter,Ulcerative Colitis,1,0,0,1,reduced,1.0,1,28852861,2018,0.833,True
Oxalobacteraceae,Acne,1,0,1,0,elevated,1.0,1,31173650,2019,0.833,False
Oxalobacteraceae,Asthma,1,0,1,0,elevated,1.0,1,21194740,2011,0.833,False
Oxalobacteraceae,Chronic Rhinosinusitis,1,0,0,1,reduced,1.0,1,26272413,2015,0.667,False
Oxalobacteraceae,Idiopathic REM Sleep Behavior Disorder,1,0,0,1,reduced,1.0,1,28843021,2018,0.667,False
Oxalobacteraceae,Rheumatoid Arthritis,1,1,0,1,reduced,1.0,1,28606969,2017,0.833,False
Oxobacter,Irritable Bowel Syndrome,1,1,0,1,reduced,1.0,1,22986438,2012,0.833,True
Paenibacillus,Appendicitis,1,0,0,1,reduced,1.0,1,3997405,2014,0.5,True
Paenibacillus,Colorectal cancer,1,0,1,0,elevated,1.0,1,31250341,2019,0.667,True
Paenibacillus,Crohn's Disease,1,1,0,1,reduced,1.0,1,31899727,2020,0.667,True
Paenibacillus,Disease-free ,1,0,0,1,reduced,1.0,1,,2016,0.5,True
Paenibacillus,Infantile eczema,1,1,1,0,elevated,1.0,1,27812181,2016,0.667,True
Paenibacillus,Intestinal metaplasia,1,0,0,1,reduced,1.0,1,,2019,0.833,True
Paeniclostridium,Autism,1,1,1,0,elevated,1.0,1,12173102,2002,0.333,False
Paludibacter,Asthma,1,0,0,1,reduced,1.0,1,30911282,2019,0.833,True
Paludibacter,Crohn's Disease,1,1,0,1,reduced,1.0,1,30519287,2018,0.833,True
Paludibacter,Idiopathic Pulmonary Fibrosis,1,0,0,1,reduced,1.0,1,31165050,2019,0.833,True
Paludibacter,Obesity,1,1,0,1,reduced,1.0,1,30572569,2018,0.833,True
Paludibacter,periodontitis,1,0,0,1,reduced,1.0,1,27262209,2018,0.833,True
Pandoraea,Laryngeal carcinoma,1,0,1,0,elevated,1.0,1,23824228,2013,0.833,True
Pannonibacter,Alzheimer's Disease,1,0,0,1,reduced,1.0,1,31434623,2019,0.5,True
Papiliotrema,Caries,1,0,0,1,reduced,1.0,1,31953340,2020,0.667,False
Papillibacter,Bacterial vaginosis,1,0,1,0,elevated,1.0,1,20819230,2010,0.667,True
Papillibacter,Parkinson's Disease,1,1,1,0,elevated,1.0,1,28429209,2017,0.5,True
Parabacteroides,Alcoholism,1,1,1,0,elevated,1.0,1,31951082,2020,0.833,True
Parabacteroides,Alzheimer's Disease,1,1,0,1,reduced,1.0,1,31434623,2019,0.5,True
Parabacteroides,Amyotrophic lateral sclerosis,1,1,1,0,elevated,1.0,1,32747678,2020,0.833,True
Parabacteroides,Anti-N-methyl-D-aspartate receptor encephalitis,1,1,1,0,elevated,1.0,1,31448571,2019,0.833,True
Parabacteroides,Arsenic exposure,1,1,0,1,reduced,1.0,1,30135504,2018,0.667,True
Parabacteroides,Asthma,1,0,1,0,elevated,1.0,1,29031597,2018,0.5,True
Parabacteroides,Atopic dermatitis,1,1,1,0,elevated,1.0,1,30899033,2019,0.833,True
Parabacteroides,Atrophic gastritis,1,1,1,0,elevated,1.0,1,31781514,2019,0.833,True
Parabacteroides,Autism,1,1,1,0,elevated,1.0,1,20603222,2010,0.5,True
Parabacteroides,Autoimmune hepatitis,1,1,0,1,reduced,1.0,1,31201284,2019,0.833,True
Parabacteroides,Behcet's Disease,1,1,1,0,elevated,1.0,1,30077182,2018,0.833,True
Parabacteroides,Bipolar disorder,1,1,1,0,elevated,1.0,1,31380217,2019,0.833,True
Parabacteroides,"Celiac Disease, Coaliac disease",1,0,1,0,elevated,1.0,1,20565734,2010,0.667,True
Parabacteroides,Chronic Rhinosinusitis,1,0,0,1,reduced,1.0,1,26272413,2015,0.667,True
Parabacteroides,Chronic alcoholic pancreatitis,1,1,0,1,reduced,1.0,1,29555983,2018,0.833,True
Parabacteroides,Chronic granulomatous disease,1,1,1,0,elevated,1.0,1,30312711,2019,0.333,True
Parabacteroides,Chronic pancreatitis,1,1,1,0,elevated,1.0,1,31806503,2019,0.833,True
Parabacteroides,Chronic stress,1,1,1,0,elevated,1.0,1,31112792,2019,0.667,True
Parabacteroides,Clonorchis sinensis infection,1,1,0,1,reduced,1.0,1,30323795,2018,0.833,True
Parabacteroides,Clostridium difficile infection,1,1,1,0,elevated,1.0,1,30785932,2019,0.667,True
Parabacteroides,Collagenous colitis,1,1,1,0,elevated,1.0,1,31343467,2019,0.833,True
Parabacteroides,Coronary artery disease,1,1,1,0,elevated,1.0,1,30897381,2019,0.833,True
Parabacteroides,Dry eye syndrome,1,1,1,0,elevated,1.0,1,32293464,2020,0.833,True
Parabacteroides,Fibromyalgia,1,1,1,0,elevated,1.0,1,31219947,2019,0.833,True
Parabacteroides,Gastric carcinoma,1,1,1,0,elevated,1.0,1,30535886,2019,0.833,True
Parabacteroides,Gestational diabetes,1,1,0,1,reduced,1.0,1,32175285,2020,0.833,True
Parabacteroides,Graves' disease,1,1,0,1,reduced,1.0,1,6158725,2018,0.667,True
Parabacteroides,Henoch-Schönlein Purpura,1,1,1,0,elevated,1.0,1,,2018,0.833,True
Parabacteroides,Hepatitis C,1,1,0,1,reduced,1.0,1,27625705,2016,0.667,True
Parabacteroides,Hepatocellular cancer,1,1,1,0,elevated,1.0,1,30045880,2018,0.833,True
Parabacteroides,Hypertension,1,1,1,0,elevated,1.0,1,28884091,2017,0.833,True
Parabacteroides,Idiopathic focal epilepsy,1,1,0,1,reduced,1.0,1,31730997,2020,0.833,True
Parabacteroides,Infantile eczema,1,1,1,0,elevated,1.0,1,27812181,2016,0.667,True
Parabacteroides,Major depressive disorder,1,1,1,0,elevated,1.0,1,25882912,2015,0.833,True
Parabacteroides,Mucosa-associated lymphoid tissue lymphoma,1,0,0,1,reduced,1.0,1,,2019,0.833,True
Parabacteroides,Neuro-Behcet's disease,1,1,1,0,elevated,1.0,1,31172918,2019,0.833,True
Parabacteroides,Opisthorchis felineus infection,1,0,1,0,elevated,1.0,1,4957795,2016,0.833,True
Parabacteroides,Osteoporosis,1,1,1,0,elevated,1.0,1,28630804,2017,0.833,True
Parabacteroides,Pancreatic cancer,1,1,0,1,reduced,1.0,1,29995183,2018,0.5,True
Parabacteroides,Pancreatitis,1,0,1,0,elevated,1.0,1,29423379,2018,0.667,True
Parabacteroides,Pervasive developmental disorder NOS,1,1,0,1,reduced,1.0,1,24130822,2013,0.667,True
Parabacteroides,Polycystic Ovary Syndrome,1,1,0,1,reduced,1.0,1,31970418,2020,0.833,True
Parabacteroides,Pouchitis,1,1,0,1,reduced,1.0,1,20845425,2011,0.667,True
Parabacteroides,Pressure ulcers,1,0,1,0,elevated,1.0,1,32249804,2020,0.833,True
Parabacteroides,Primary sclerosing cholangitis-IBD,1,1,0,1,reduced,1.0,1,30666146,2019,0.833,True
Parabacteroides,Psoriatic Arthritis,1,1,0,1,reduced,1.0,1,25319745,2015,0.667,True
Parabacteroides,Rectal Carcinoma,1,0,1,0,elevated,1.0,1,5145865,2016,0.667,True
Parabacteroides,Sarcopenia,1,1,1,0,elevated,1.0,1,,2022,0.333,True
Parabacteroides,Short Bowel Syndrome,1,1,0,1,reduced,1.0,1,26059898,2015,0.667,True
Parabacteroides,Silicosis,1,1,1,0,elevated,1.0,1,30867671,2019,0.833,True
Parabacteroides,Sjögren Syndrome,1,1,0,1,reduced,1.0,1,27087247,2016,0.5,True
Parabacteroides,Transient Ischemic Attack,1,1,1,0,elevated,1.0,1,26597155,2015,0.833,True
Parabacteroides,Urogenital Schistosomiasis,1,1,0,1,reduced,1.0,1,30696838,2019,0.833,True
Parabacteroides,Wiskott-Aldrich syndrome,1,1,0,1,reduced,1.0,1,31267543,2020,0.667,True
Parachlamydiaceae,Obstructive sleep apnea-hypopnea syndrome,1,0,0,1,reduced,1.0,1,30976074,2019,0.667,False
Paracoccus,Aggressive periodontitis,1,0,0,1,reduced,1.0,1,28260061,2017,0.5,True
Paracoccus,Atopic dermatitis,1,0,0,1,reduced,1.0,1,31100040,2019,0.5,True
Paracoccus,Chagas' disease,1,0,0,1,reduced,1.0,1,30807605,2019,0.667,True
Paracoccus,Chronic kidney disease,1,0,0,1,reduced,1.0,1,30962186,2019,0.833,True
Paracoccus,Colorectal cancer,1,1,1,0,elevated,1.0,1,31971861,2020,0.833,True
Paracoccus,Opisthorchis felineus infection,1,0,1,0,elevated,1.0,1,4957795,2016,0.833,True
Paracoccus,Otitis Media,1,0,0,1,reduced,1.0,1,29458340,2018,0.833,True
Paracoccus,Pancreatitis,1,0,1,0,elevated,1.0,1,29423379,2018,0.667,True
Paracoccus,Trachoma,1,0,1,0,elevated,1.0,1,25484919,2014,0.833,True
Paraeggerthella,Pancreatic cancer,1,1,0,1,reduced,1.0,1,29221120,2017,0.833,True
Paraprevotella,Acne,1,1,0,1,reduced,1.0,1,29756631,2018,0.667,True
Paraprevotella,Alcoholic cirrhosis,1,1,0,1,reduced,1.0,1,29041989,2017,0.833,True
Paraprevotella,Alcoholism,1,1,1,0,elevated,1.0,1,31951082,2020,0.833,True
Paraprevotella,Alzheimer's Disease,1,1,0,1,reduced,1.0,1,31434623,2019,0.5,True
Paraprevotella,Attention Deficit Hyperactivity Disorder,1,1,1,0,elevated,1.0,1,32132899,2020,0.833,True
Paraprevotella,Chronic alcoholic pancreatitis,1,1,0,1,reduced,1.0,1,29555983,2018,0.833,True
Paraprevotella,Clonorchis sinensis infection,1,1,0,1,reduced,1.0,1,30323795,2018,0.833,True
Paraprevotella,Clostridium difficile infection,1,1,0,1,reduced,1.0,1,30785932,2019,0.667,True
Paraprevotella,Drug-resistant Epilepsy,1,1,1,0,elevated,1.0,1,30291996,2018,0.833,True
Paraprevotella,HIV infection,1,1,1,0,elevated,1.0,1,30685386,2019,0.833,True
Paraprevotella,Hashimoto's thyroiditis,1,1,0,1,reduced,1.0,1,28903182,2017,0.833,True
Paraprevotella,Hepatitis B,1,1,0,1,reduced,1.0,1,7098974,2020,0.833,True
Paraprevotella,Hepatocellular cancer,1,1,1,0,elevated,1.0,1,30045880,2018,0.833,True
Paraprevotella,Infantile eczema,1,1,1,0,elevated,1.0,1,27812181,2016,0.667,True
Paraprevotella,Irritable Bowel Syndrome,1,1,1,0,elevated,1.0,1,30958430,2019,0.5,True
Paraprevotella,Multiple system atrophy,1,1,0,1,reduced,1.0,1,29083071,2018,0.833,True
Paraprevotella,Myasthenia gravis,1,1,0,1,reduced,1.0,1,30483222,2018,0.833,True
Paraprevotella,Obesity,1,1,0,1,reduced,1.0,1,31921729,2019,0.833,True
Paraprevotella,Pancreatic head cancer,1,0,0,1,reduced,1.0,1,30728915,2019,0.833,True
Paraprevotella,Pancreatitis,1,0,1,0,elevated,1.0,1,29423379,2018,0.667,True
Paraprevotella,Parkinson's Disease,1,1,1,0,elevated,1.0,1,29501802,2018,0.667,True
Paraprevotella,Primary biliary cirrhosis,1,1,1,0,elevated,1.0,1,27243236,2016,0.833,True
Paraprevotella,Stevens-Johnson syndrome,1,0,1,0,elevated,1.0,1,32152391,2020,0.833,True
Paraprevotella,Transient Ischemic Attack,1,1,0,1,reduced,1.0,1,26597155,2015,0.833,True
Paraprevotella,Type 2 Diabetes,1,0,0,1,reduced,1.0,1,28008148,2017,0.833,True
Paraprevotella,Uveitits,1,1,1,0,elevated,1.0,1,29625474,2018,0.667,True
Paraprevotella,Vogt-Koyagani-Harada disease,1,1,1,0,elevated,1.0,1,31928124,2020,0.667,True
Parascardovia,Alcoholism,1,0,1,0,elevated,1.0,1,29685174,2018,0.833,True
Parascardovia,Parkinson's Disease,1,0,1,0,elevated,1.0,1,31247001,2019,0.833,True
Parascardovia,Pneumonia,1,0,0,1,reduced,1.0,1,26151645,2016,0.667,True
Parasporobacterium,Chronic kidney disease,1,1,1,0,elevated,1.0,1,28588309,2017,0.833,True
Parasporobacterium,Irritable Bowel Syndrome,1,1,1,0,elevated,1.0,1,22986438,2012,0.833,True
Parasutterella,Adolescent idiopathic scoliosis,1,1,0,1,reduced,1.0,1,30481617,2019,0.833,True
Parasutterella,Ankylosing spondylitis,1,1,1,0,elevated,1.0,1,31377126,2019,0.667,True
Parasutterella,Autism,1,1,1,0,elevated,1.0,1,24130822,2013,0.667,True
Parasutterella,Bipolar disorder,1,1,0,1,reduced,1.0,1,31380217,2019,0.833,True
Parasutterella,Colorectal cancer,1,1,0,1,reduced,1.0,1,21850056,2012,0.667,True
Parasutterella,Gestational diabetes,1,1,0,1,reduced,1.0,1,32175285,2020,0.833,True
Parasutterella,HIV infection,1,1,0,1,reduced,1.0,1,30649052,2019,0.667,True
Parasutterella,Heart failure,1,1,0,1,reduced,1.0,1,29330424,2018,0.833,True
Parasutterella,Henoch-Schönlein Purpura,1,1,0,1,reduced,1.0,1,,2018,0.833,True
Parasutterella,Hypertension,1,1,1,0,elevated,1.0,1,31173179,2019,0.833,True
Parasutterella,Idiopathic Pulmonary Fibrosis,1,0,0,1,reduced,1.0,1,31165050,2019,0.833,True
Parasutterella,Kidney stone,1,1,0,1,reduced,1.0,1,29353409,2018,0.833,True
Parasutterella,Major depressive disorder,1,1,1,0,elevated,1.0,1,25882912,2015,0.833,True
Parasutterella,Myasthenia gravis,1,1,1,0,elevated,1.0,1,30483222,2018,0.833,True
Parasutterella,Non-alcoholic fatty liver disease,1,1,0,1,reduced,1.0,1,30870486,2019,0.833,True
Parasutterella,Obesity,1,1,1,0,elevated,1.0,1,31397240,2019,0.833,True
Parasutterella,Pancreatic cancer,1,1,0,1,reduced,1.0,1,29221120,2017,0.833,True
Parasutterella,Parkinson's Disease,1,1,1,0,elevated,1.0,1,31200089,2019,0.833,True
Parasutterella,Pulmonary arterial hypertension,1,1,0,1,reduced,1.0,1,32088998,2020,0.5,True
Parasutterella,Schizophrenia,1,1,1,0,elevated,1.0,1,31759045,2020,0.833,True
Parcubacteria,Obstructive sleep apnea-hypopnea syndrome,1,0,0,1,reduced,1.0,1,30976074,2019,0.667,False
Parvimonas,Aggressive periodontitis,1,0,1,0,elevated,1.0,1,30909081,2019,0.833,True
Parvimonas,Alcoholic cirrhosis,1,1,0,1,reduced,1.0,1,29923681,2018,0.833,True
Parvimonas,Appendicitis,1,0,1,0,elevated,1.0,1,3997405,2014,0.5,True
Parvimonas,Asthma,1,0,0,1,reduced,1.0,1,30911282,2019,0.833,True
Parvimonas,Bacterial vaginosis,1,0,1,0,elevated,1.0,1,18717638,2008,0.5,True
Parvimonas,"Celiac Disease, Coaliac disease",1,0,0,1,reduced,1.0,1,30800106,2019,0.833,True
Parvimonas,Cerebral autosomal dominant arteriopathy with subcortical infarcts and leukoencephalopathy,1,1,1,0,elevated,1.0,1,31777426,2019,0.833,True
Parvimonas,Chronic Obstructive Pulmonary Disease,1,0,1,0,elevated,1.0,1,23071781,2012,0.667,True
Parvimonas,Colon adenomas,1,1,1,0,elevated,1.0,1,30794590,2019,0.833,True
Parvimonas,Crohn's Disease,1,0,1,0,elevated,1.0,1,23060013,2013,0.833,True
Parvimonas,E-smoking,1,0,1,0,elevated,1.0,1,32105635,2020,0.667,True
Parvimonas,HIV infection,1,0,0,1,reduced,1.0,1,29995962,2018,0.833,True
Parvimonas,Halitosis,1,0,1,0,elevated,1.0,1,28875948,2017,0.833,True
Parvimonas,Head/Neck cancer,1,0,1,0,elevated,1.0,1,28173873,2017,0.667,True
Parvimonas,Helicobacter pylori infection,1,0,0,1,reduced,1.0,1,32197614,2020,0.833,True
Parvimonas,Meningococcal disease,1,0,1,0,elevated,1.0,1,31959912,2020,0.667,True
Parvimonas,Myasthenia gravis,1,1,0,1,reduced,1.0,1,30483222,2018,0.833,True
Parvimonas,Neisseria gonorrhoeae infection,1,0,1,0,elevated,1.0,1,31945133,2020,0.833,True
Parvimonas,Oral potentially malignant disorder,1,0,1,0,elevated,1.0,1,30054809,2018,0.833,True
Parvimonas,Preeclamsia,1,1,1,0,elevated,1.0,1,6608563,2019,0.833,True
Parvimonas,Pregnancy,1,0,0,1,reduced,1.0,1,24484853,2014,0.833,True
Parvimonas,Rheumatoid Arthritis,1,0,0,1,reduced,1.0,1,32039051,2020,0.833,True
Parvimonas,Sjögren Syndrome,1,0,1,0,elevated,1.0,1,30060225,2018,0.667,True
Parvimonas,Smoking,1,0,1,0,elevated,1.0,1,32105635,2020,0.667,True
Parvimonas,T2D with hypertension,1,0,0,1,reduced,1.0,1,28316574,2017,0.667,True
Parvimonas,Tongue cancer,1,0,0,1,reduced,1.0,1,29228609,2017,0.667,True
Parvimonas,Tuberculosis,1,0,1,0,elevated,1.0,1,23365674,2013,0.667,True
Parvimonas,Type 2 Diabetes,1,0,1,0,elevated,1.0,1,31480468,2019,0.833,True
Pasteurellaceae,Autism spectrum disorders,1,1,1,0,elevated,1.0,1,30619212,2018,0.833,False
Pasteurellaceae,Chronic Obstructive Pulmonary Disease,1,0,0,1,reduced,1.0,1,28740374,2017,0.833,False
Pasteurellaceae,Chronic kidney disease,1,1,0,1,reduced,1.0,1,28588309,2017,0.833,False
Pasteurellaceae,Cirrhosis,1,1,1,0,elevated,1.0,1,21574172,2011,0.833,False
Pasteurellaceae,Crohn's Disease,1,0,0,1,reduced,1.0,1,26574491,2016,0.833,False
Pasteurellaceae,Cystic Fibrosis,1,0,0,1,reduced,1.0,1,26492486,2016,0.0,False
Pasteurellaceae,Granulomatosis with polyangiitis,1,0,1,0,elevated,1.0,1,30420263,2019,0.833,False
Pasteurellaceae,Graves' disease,1,1,1,0,elevated,1.0,1,6158725,2018,0.667,False
Pasteurellaceae,H7N9,1,0,0,1,reduced,1.0,1,29259328,2017,0.667,False
Pasteurellaceae,Hepatic encephalopathy,1,1,0,1,reduced,1.0,1,30816877,2019,0.833,False
Pasteurellaceae,Hepatocellular cancer,1,0,0,1,reduced,1.0,1,27605161,2016,0.833,False
Pasteurellaceae,Myasthenia gravis,1,1,1,0,elevated,1.0,1,30258104,2018,0.833,False
Pasteurellaceae,Pancreatic head cancer,1,0,0,1,reduced,1.0,1,30728915,2019,0.833,False
Pasteurellaceae,Type 1 Diabetes,1,0,0,1,reduced,1.0,1,28324102,2017,0.5,False
Pasteurellales,Idiopathic REM Sleep Behavior Disorder,1,1,0,1,reduced,1.0,1,28843021,2018,0.667,False
Patescibacteria,Schizophrenia,1,1,1,0,elevated,1.0,1,31759045,2020,0.833,False
Pediococcus,"Celiac Disease, Coaliac disease",1,1,0,1,reduced,1.0,1,30800106,2019,0.833,True
Pediococcus,Chronic Rhinosinusitis,1,0,0,1,reduced,1.0,1,22972842,2012,0.0,True
Pediococcus,Hepatitis C,1,1,1,0,elevated,1.0,1,28561276,2018,0.833,True
Pediococcus,Type 2 Diabetes,1,1,0,1,reduced,1.0,1,7052266,2020,0.833,True
Pedobacter,Aggressive periodontitis,1,0,0,1,reduced,1.0,1,28260061,2017,0.5,True
Pedobacter,Colorectal cancer,1,0,0,1,reduced,1.0,1,25699023,2015,0.667,True
Pedobacter,Multiple Sclerosis,1,1,0,1,reduced,1.0,1,27346372,2016,0.833,True
Pedobacter,Parkinson's Disease,1,1,0,1,reduced,1.0,1,29776865,2018,0.667,True
Pedobacter,Psoriasis,1,0,1,0,elevated,1.0,1,30185226,2018,0.667,True
Pedobacter,Type 2 Diabetes,1,0,1,0,elevated,1.0,1,31263683,2019,0.667,True
Pelobacter,Interstitial cystitis,1,0,0,1,reduced,1.0,1,22974186,2012,0.5,False
Pelomonas,Aerobic vaginitis,1,0,0,1,reduced,1.0,1,31315951,2019,0.833,True
Pelomonas,Bladder cancer,1,0,1,0,elevated,1.0,1,31568654,2019,0.833,True
Pelomonas,Crohn's Disease,1,0,1,0,elevated,1.0,1,,2016,0.667,True
Pelomonas,HIV infection,1,0,1,0,elevated,1.0,1,29995962,2018,0.833,True
Pelomonas,Kidney stone with hypertension,1,0,0,1,reduced,1.0,1,32183836,2020,0.833,True
Pelomonas,Vitiligo,1,0,1,0,elevated,1.0,1,26758568,2016,0.667,True
Penicillium,Alcoholic hepatitis,1,1,0,1,reduced,1.0,1,31228214,2019,0.833,False
Penicillium,Caries,1,0,0,1,reduced,1.0,1,6225480,2018,0.667,False
Penicillium,Cystic fibrosis exacerbation,1,0,0,1,reduced,1.0,1,32108159,2020,0.667,False
Penicillium,Dandruff,1,0,1,0,elevated,1.0,1,22393454,2012,0.5,False
Penicillium,HIV infection,1,1,0,1,reduced,1.0,1,29385188,2018,0.667,False
Penicillium,Irritable Bowel Syndrome,1,1,0,1,reduced,1.0,1,28624575,2017,0.667,False
Peptoanaerobacter,Neisseria gonorrhoeae infection,1,0,1,0,elevated,1.0,1,31945133,2020,0.833,True
Peptoclostridium,Kawasaki disease,1,1,1,0,elevated,1.0,1,26322033,2015,0.5,True
Peptoclostridium,Short Bowel Syndrome,1,1,0,1,reduced,1.0,1,28501098,2017,0.833,True
Peptoclostridium,Wiskott-Aldrich syndrome,1,1,1,0,elevated,1.0,1,31267543,2020,0.667,True
Peptococcaceae,Attention Deficit Hyperactivity Disorder,1,1,1,0,elevated,1.0,1,29580894,2018,0.833,False
Peptococcaceae,Cirrhosis,1,1,0,1,reduced,1.0,1,28578302,2018,0.833,False
Peptococcaceae,Cystic Fibrosis,1,1,0,1,reduced,1.0,1,28279152,2017,0.667,False
Peptococcus,Alcoholism,1,0,0,1,reduced,1.0,1,29685174,2018,0.833,True
Peptococcus,Anovulation,1,1,1,0,elevated,1.0,1,30773302,2019,0.667,True
Peptococcus,Asthma,1,0,0,1,reduced,1.0,1,30911282,2019,0.833,True
Peptococcus,Cancer cachexia,1,1,0,1,reduced,1.0,1,34609073,2021,0.667,True
Peptococcus,Caries,1,0,0,1,reduced,1.0,1,29670544,2018,0.833,True
Peptococcus,Chagas' disease,1,0,1,0,elevated,1.0,1,17390173,2007,0.667,True
Peptococcus,Crohn's Disease,1,1,0,1,reduced,1.0,1,20816835,2010,0.833,True
Peptococcus,Cystic Fibrosis,1,0,0,1,reduced,1.0,1,29445257,2017,0.833,True
Peptococcus,Edentulism,1,0,0,1,reduced,1.0,1,30657624,2019,0.833,True
Peptococcus,Helicobacter pylori infection,1,0,0,1,reduced,1.0,1,32197614,2020,0.833,True
Peptococcus,Hepatocellular cancer,1,1,0,1,reduced,1.0,1,30045880,2018,0.833,True
Peptococcus,Irritable Bowel Syndrome,1,1,1,0,elevated,1.0,1,21820992,2011,0.833,True
Peptococcus,Neisseria gonorrhoeae infection,1,0,1,0,elevated,1.0,1,31945133,2020,0.833,True
Peptococcus,Sjögren Syndrome,1,0,0,1,reduced,1.0,1,27087247,2016,0.5,True
Peptococcus,Smoking,1,0,0,1,reduced,1.0,1,23489056,2013,0.667,True
Peptococcus,Ulcerative Colitis,1,0,0,1,reduced,1.0,1,28852861,2018,0.833,True
Peptococcus,Urogenital Schistosomiasis,1,1,1,0,elevated,1.0,1,30696838,2019,0.833,True
Peptoniphilus,Acute lymphoblastic leukemia,1,0,0,1,reduced,1.0,1,32093640,2020,0.833,True
Peptoniphilus,Autism spectrum disorders,1,1,0,1,reduced,1.0,1,30228282,2018,0.667,True
Peptoniphilus,Bacterial vaginosis,1,0,1,0,elevated,1.0,1,18717638,2008,0.5,True
Peptoniphilus,Chronic Rhinosinusitis,1,0,0,1,reduced,1.0,1,25819063,2015,0.333,True
Peptoniphilus,Chronic Rhinosinusitis with cystic fibrosis,1,0,1,0,elevated,1.0,1,27879060,2016,0.833,True
Peptoniphilus,Colorectal cancer,1,1,1,0,elevated,1.0,1,31971861,2020,0.833,True
Peptoniphilus,Crohn's Disease,1,0,1,0,elevated,1.0,1,29848021,2018,0.833,True
Peptoniphilus,Endometrial cancer,1,0,1,0,elevated,1.0,1,27884207,2016,0.333,True
Peptoniphilus,HIV infection,1,1,1,0,elevated,1.0,1,30649052,2019,0.667,True
Peptoniphilus,Kidney stone,1,1,0,1,reduced,1.0,1,27115405,2016,0.5,True
Peptoniphilus,Macular degeneration,1,0,1,0,elevated,1.0,1,32123200,2020,0.833,True
Peptoniphilus,Non alcoholic steatohepatitis,1,1,1,0,elevated,1.0,1,23055155,2013,0.667,True
Peptoniphilus,Non-alcoholic fatty liver disease,1,1,1,0,elevated,1.0,1,27028797,2017,0.667,True
Peptoniphilus,Obesity,1,1,1,0,elevated,1.0,1,23055155,2013,0.667,True
Peptoniphilus,Pregnancy,1,0,0,1,reduced,1.0,1,24484853,2014,0.833,True
Peptoniphilus,Tongue cancer,1,0,0,1,reduced,1.0,1,29228609,2017,0.667,True
Peptoniphilus,Trichomonas vaginalis infection,1,0,1,0,elevated,1.0,1,23482642,2013,0.833,True
Peptoniphilus,Type 1 Diabetes,1,1,0,1,reduced,1.0,1,23274889,2013,0.667,True
Peptoniphilus,Type 2 Diabetes,1,0,0,1,reduced,1.0,1,31438919,2019,0.833,True
Peptoniphilus,periodontitis,1,0,1,0,elevated,1.0,1,31502122,2020,0.833,True
Peptostreptococcaceae,Alcoholic hepatitis,1,0,1,0,elevated,1.0,1,29083504,2018,0.833,False
Peptostreptococcaceae,Attention Deficit Hyperactivity Disorder,1,1,1,0,elevated,1.0,1,29580894,2018,0.833,False
Peptostreptococcaceae,Autoimmune polyendocrine syndrome type 1,1,0,0,1,reduced,1.0,1,29503707,2018,0.833,False
Peptostreptococcaceae,Budd-Chiari syndrome,1,1,0,1,reduced,1.0,1,29423048,2018,0.667,False
Peptostreptococcaceae,Caries,1,0,1,0,elevated,1.0,1,26442950,2016,0.5,False
Peptostreptococcaceae,"Celiac Disease, Coaliac disease",1,0,0,1,reduced,1.0,1,28324102,2017,0.5,False
Peptostreptococcaceae,Chronic pancreatitis,1,1,0,1,reduced,1.0,1,31806503,2019,0.833,False
Peptostreptococcaceae,Clostridium difficile infection,1,1,1,0,elevated,1.0,1,31462412,2019,0.667,False
Peptostreptococcaceae,Edentulism,1,0,0,1,reduced,1.0,1,30657624,2019,0.833,False
Peptostreptococcaceae,HIV infection,1,1,0,1,reduced,1.0,1,24586144,2014,0.667,False
Peptostreptococcaceae,Human end-stage renal disease,1,1,0,1,reduced,1.0,1,32304020,2020,0.667,False
Peptostreptococcaceae,Intrahepatic Cholangiocarcinoma,1,1,1,0,elevated,1.0,1,31298745,2019,0.833,False
Peptostreptococcaceae,Juvenile Idiopathic Arthritis,1,1,0,1,reduced,1.0,1,5080347,2016,0.667,False
Peptostreptococcaceae,Neuromyelitis optica,1,1,0,1,reduced,1.0,1,31841737,2020,0.833,False
Peptostreptococcaceae,Non-alcoholic fatty liver disease,1,1,0,1,reduced,1.0,1,30926798,2019,0.833,False
Peptostreptococcaceae,Obesity,1,1,1,0,elevated,1.0,1,30572569,2018,0.833,False
Peptostreptococcaceae,Periodontal disease,1,0,1,0,elevated,1.0,1,31329044,2019,0.833,False
Peptostreptococcaceae,Primary immune thrombocytopenia,1,1,0,1,reduced,1.0,1,32272276,2020,0.833,False
Peptostreptococcaceae,Short Bowel Syndrome,1,1,0,1,reduced,1.0,1,28425133,2017,0.833,False
Peptostreptococcaceae,Systemic lupus erythematosus,1,0,0,1,reduced,1.0,1,32203722,2020,0.833,False
Peptostreptococcaceae,Type 1 Diabetes,1,0,0,1,reduced,1.0,1,28324102,2017,0.5,False
Peptostreptococcaceae,Ulcerative Colitis,1,0,1,0,elevated,1.0,1,25596182,2015,0.833,False
Peptostreptococcaceae,Urogenital Schistosomiasis,1,1,0,1,reduced,1.0,1,30696838,2019,0.833,False
Peptostreptococcaceae,periodontitis,1,0,1,0,elevated,1.0,1,23303375,2013,0.833,False
Peptostreptococcus,Aggressive periodontitis,1,0,1,0,elevated,1.0,1,25814980,2015,0.5,True
Peptostreptococcus,Cervical cancer,1,0,1,0,elevated,1.0,1,26574055,2015,0.833,True
Peptostreptococcus,Chronic Obstructive Pulmonary Disease,1,0,1,0,elevated,1.0,1,23071781,2012,0.667,True
Peptostreptococcus,Colon polyps,1,1,0,1,reduced,1.0,1,7574628,1995,0.667,True
Peptostreptococcus,Edentulism,1,0,1,0,elevated,1.0,1,27717873,2016,0.5,True
Peptostreptococcus,Gastric carcinoma,1,0,1,0,elevated,1.0,1,28765474,2018,0.833,True
Peptostreptococcus,HIV infection,1,1,1,0,elevated,1.0,1,24451087,2013,0.833,True
Peptostreptococcus,Interstitial cystitis,1,0,0,1,reduced,1.0,1,22974186,2012,0.5,True
Peptostreptococcus,Pancreatic head cancer,1,0,1,0,elevated,1.0,1,30728915,2019,0.833,True
Peptostreptococcus,Psoriasis,1,0,1,0,elevated,1.0,1,30185226,2018,0.667,True
Peptostreptococcus,Sicca syndrome,1,0,1,0,elevated,1.0,1,30272305,2018,0.833,True
Peptostreptococcus,Sjögren Syndrome,1,0,0,1,reduced,1.0,1,6166617,2018,0.833,True
Peptostreptococcus,Tongue cancer,1,0,0,1,reduced,1.0,1,29228609,2017,0.667,True
Peptostreptococcus,Trichomonas vaginalis infection,1,0,1,0,elevated,1.0,1,23482642,2013,0.833,True
Peptostreptococcus,Type 2 Diabetes,1,1,1,0,elevated,1.0,1,7052266,2020,0.833,True
Peptostreptococcus,Ulcerative Colitis,1,0,0,1,reduced,1.0,1,23060013,2013,0.833,True
Pezoloma,Uveitits,1,1,0,1,reduced,1.0,1,30938773,2019,0.667,False
Phascolarctobacterium,Acquired Immunodeficiency Syndrome,1,1,0,1,reduced,1.0,1,29411528,2018,0.833,True
Phascolarctobacterium,Adolescent idiopathic scoliosis,1,1,0,1,reduced,1.0,1,30481617,2019,0.833,True
Phascolarctobacterium,Alcoholism,1,1,1,0,elevated,1.0,1,31951082,2020,0.833,True
Phascolarctobacterium,Alopecia universalis,1,1,0,1,reduced,1.0,1,31419351,2019,0.833,True
Phascolarctobacterium,Alzheimer's Disease,1,1,1,0,elevated,1.0,1,,2017,0.833,True
Phascolarctobacterium,Autism,1,1,0,1,reduced,1.0,1,20603222,2010,0.5,True
Phascolarctobacterium,Autism spectrum disorders,1,1,0,1,reduced,1.0,1,30895172,2019,0.833,True
Phascolarctobacterium,Cervical cancer,1,1,0,1,reduced,1.0,1,6431307,2019,0.833,True
Phascolarctobacterium,Chronic stress,1,1,0,1,reduced,1.0,1,31112792,2019,0.667,True
Phascolarctobacterium,Cirrhosis,1,1,1,0,elevated,1.0,1,29665135,2018,0.667,True
Phascolarctobacterium,Clostridium difficile infection,1,1,0,1,reduced,1.0,1,30785932,2019,0.667,True
Phascolarctobacterium,Drug-resistant Epilepsy,1,1,1,0,elevated,1.0,1,30291996,2018,0.833,True
Phascolarctobacterium,Glycogen storage disease,1,1,0,1,reduced,1.0,1,30939160,2019,0.833,True
Phascolarctobacterium,"Hand, foot and mouth disease",1,1,0,1,reduced,1.0,1,30427066,2018,0.833,True
Phascolarctobacterium,Hepatitis B,1,1,0,1,reduced,1.0,1,7098974,2020,0.833,True
Phascolarctobacterium,Hepatitis C,1,1,1,0,elevated,1.0,1,27625705,2016,0.667,True
Phascolarctobacterium,Human end-stage renal disease,1,1,1,0,elevated,1.0,1,32304020,2020,0.667,True
Phascolarctobacterium,Infantile eczema,1,1,1,0,elevated,1.0,1,27812181,2016,0.667,True
Phascolarctobacterium,Juvenile idiopathic arthritis,1,1,1,0,elevated,1.0,1,30592383,2019,0.833,True
Phascolarctobacterium,Kidney stone,1,1,1,0,elevated,1.0,1,29353409,2018,0.833,True
Phascolarctobacterium,Kidney stone with hypertension,1,0,0,1,reduced,1.0,1,32183836,2020,0.833,True
Phascolarctobacterium,Multiple system atrophy,1,1,1,0,elevated,1.0,1,31381527,2019,0.667,True
Phascolarctobacterium,Non-alcoholic fatty liver disease,1,1,1,0,elevated,1.0,1,31921729,2019,0.833,True
Phascolarctobacterium,Osteoarthritis,1,0,1,0,elevated,1.0,1,30250232,2018,0.667,True
Phascolarctobacterium,Pancreatitis,1,0,1,0,elevated,1.0,1,29423379,2018,0.667,True
Phascolarctobacterium,Parkinson's Disease,1,1,1,0,elevated,1.0,1,31354427,2019,0.833,True
Phascolarctobacterium,Primary biliary cholangitis,1,1,0,1,reduced,1.0,1,30900136,2019,0.667,True
Phascolarctobacterium,Primary sclerosing cholangitis,1,1,0,1,reduced,1.0,1,26887816,2017,0.667,True
Phascolarctobacterium,Primary sclerosing cholangitis-IBD,1,1,0,1,reduced,1.0,1,5504370,2017,0.833,True
Phascolarctobacterium,Pulmonary tubercolosis,1,1,1,0,elevated,1.0,1,29322681,2018,0.833,True
Phascolarctobacterium,Rectal Carcinoma,1,0,1,0,elevated,1.0,1,5145865,2016,0.667,True
Phascolarctobacterium,Stevens-Johnson syndrome,1,0,1,0,elevated,1.0,1,32152391,2020,0.833,True
Phascolarctobacterium,Thyroid carcinoma,1,1,0,1,reduced,1.0,1,30565661,2019,0.833,True
Phascolarctobacterium,Type 2 Diabetes,1,0,0,1,reduced,1.0,1,28008148,2017,0.833,True
Phascolarctobacterium,Wilson's Disease,1,1,0,1,reduced,1.0,1,30075590,2018,0.833,True
Phascolarctobacterium,Wiskott-Aldrich syndrome,1,1,0,1,reduced,1.0,1,31267543,2020,0.667,True
Phenylobacterium,Hepatocellular cancer,1,1,1,0,elevated,1.0,1,31600845,2020,0.833,True
Phikmvvirus,Colorectal cancer,1,1,1,0,elevated,1.0,1,29689266,2018,0.667,False
Phikzvirus,Colorectal cancer,1,1,1,0,elevated,1.0,1,29689266,2018,0.667,False
Phocea,Alopecia universalis,1,1,0,1,reduced,1.0,1,31419351,2019,0.833,True
Phyllobacterium,Aerobic vaginitis,1,0,1,0,elevated,1.0,1,31955954,2020,0.833,True
Phyllobacterium,Asthma,1,0,0,1,reduced,1.0,1,30911282,2019,0.833,True
Phyllobacterium,Cholestasis,1,1,1,0,elevated,1.0,1,30483228,2018,0.667,True
Phyllobacterium,Chronic prostatitis / Chronic pelvic pain syndrome,1,1,1,0,elevated,1.0,1,26930255,2016,0.667,True
Phyllobacterium,Gastric carcinoma,1,0,1,0,elevated,1.0,1,29102920,2018,0.667,True
Phyllobacterium,Influenza A,1,0,1,0,elevated,1.0,1,30581863,2018,0.833,True
Pichia,HIV infection,1,1,0,1,reduced,1.0,1,29385188,2018,0.667,False
Pichia,Uveitits,1,1,0,1,reduced,1.0,1,30938773,2019,0.667,False
Pilatoporus,Seborrheic dermatitis,1,0,0,1,reduced,1.0,1,32219537,2020,0.833,False
Pilibacter,Posttraumatic stress syndrome,1,1,1,0,elevated,1.0,1,31460790,2019,0.833,True
Pirellula,Obstructive sleep apnea-hypopnea syndrome,1,0,0,1,reduced,1.0,1,30976074,2019,0.667,True
Pisolithus,Colorectal cancer,1,1,1,0,elevated,1.0,1,30472682,2019,0.833,False
Planococcaceae,Acne,1,0,1,0,elevated,1.0,1,31173650,2019,0.833,False
Planococcaceae,Asthma,1,0,1,0,elevated,1.0,1,29984544,2018,0.833,False
Planococcaceae,Granulomatosis with polyangiitis,1,0,1,0,elevated,1.0,1,30420263,2019,0.833,False
Planococcaceae,Hepatic encephalopathy,1,1,1,0,elevated,1.0,1,29923681,2018,0.833,False
Planococcaceae,Rheumatoid Arthritis,1,0,1,0,elevated,1.0,1,30420263,2019,0.833,False
Planococcus,Kidney stone with hypertension,1,0,1,0,elevated,1.0,1,32183836,2020,0.833,True
Pleosporales,Cirrhosis,1,1,0,1,reduced,1.0,1,28578302,2018,0.833,False
Pleosporales,Crohn's Disease,1,0,0,1,reduced,1.0,1,26574491,2016,0.833,False
Pleosporales,Uveitits,1,1,0,1,reduced,1.0,1,30938773,2019,0.667,False
Pneumocystis,Asthma,1,0,1,0,elevated,1.0,1,29031597,2018,0.5,False
Pneumoviridae,Ulcerative Colitis,1,0,1,0,elevated,1.0,1,30842211,2019,0.833,False
Podoviridae,Ulcerative Colitis,1,0,1,0,elevated,1.0,1,30842211,2019,0.833,False
Polydnaviridae,Ulcerative Colitis,1,0,0,1,reduced,1.0,1,30252582,2018,0.667,False
Porphyrobacter,Periodontal disease,1,0,0,1,reduced,1.0,1,31329044,2019,0.833,False
Porphyromonadaceae,Amyotrophic lateral sclerosis,1,1,1,0,elevated,1.0,1,32747678,2020,0.833,False
Porphyromonadaceae,Ankylosing spondylitis,1,0,1,0,elevated,1.0,1,25417597,2015,0.333,False
Porphyromonadaceae,Aphthous stomatitis,1,0,1,0,elevated,1.0,1,25540188,2015,0.833,False
Porphyromonadaceae,Asthma,1,0,0,1,reduced,1.0,1,28947029,2017,0.833,False
Porphyromonadaceae,Chronic prostatitis / Chronic pelvic pain syndrome,1,1,0,1,reduced,1.0,1,26930255,2016,0.667,False
Porphyromonadaceae,Clostridium difficile infection,1,1,0,1,reduced,1.0,1,4863157,2016,0.833,False
Porphyromonadaceae,Diverticular disease,1,1,0,1,reduced,1.0,1,29533950,2018,0.833,False
Porphyromonadaceae,Hidradenitis suppurativa,1,0,1,0,elevated,1.0,1,31539533,2019,0.5,False
Porphyromonadaceae,Irritable Bowel Syndrome,1,1,0,1,reduced,1.0,1,29533950,2018,0.833,False
Porphyromonadaceae,Ischemic stroke,1,1,1,0,elevated,1.0,1,32473086,2020,0.833,False
Porphyromonadaceae,Parkinson's Disease,1,1,1,0,elevated,1.0,1,31200089,2019,0.833,False
Porphyromonadaceae,Primary liver cancer,1,1,1,0,elevated,1.0,1,30661942,2019,0.833,False
Porphyromonadaceae,Transient Ischemic Attack,1,1,1,0,elevated,1.0,1,26597155,2015,0.833,False
Porphyromonadaceae,X-linked inhibitor of apoptosis deficiency,1,1,1,0,elevated,1.0,1,30312711,2019,0.333,False
Porphyromonas,Acute lymphoblastic leukemia,1,0,0,1,reduced,1.0,1,32093640,2020,0.833,True
Porphyromonas,Aerobic vaginitis,1,0,1,0,elevated,1.0,1,31955954,2020,0.833,True
Porphyromonas,Alcoholism,1,0,0,1,reduced,1.0,1,29685174,2018,0.833,True
Porphyromonas,Atopic dermatitis,1,0,0,1,reduced,1.0,1,31152265,2019,0.667,True
Porphyromonas,Autism spectrum disorders,1,0,0,1,reduced,1.0,1,29371629,2018,0.833,True
Porphyromonas,Bacterial vaginosis,1,0,1,0,elevated,1.0,1,18717638,2008,0.5,True
Porphyromonas,Barrett's oesophagus,1,0,0,1,reduced,1.0,1,31466948,2019,0.833,True
Porphyromonas,Bleeding gum,1,0,1,0,elevated,1.0,1,32298191,2020,0.667,True
Porphyromonas,Chlamydia,1,0,1,0,elevated,1.0,1,30038262,2018,0.833,True
Porphyromonas,Chronic liver disease,1,0,0,1,reduced,1.0,1,31373933,2019,0.833,True
Porphyromonas,Chronic prostatitis / Chronic pelvic pain syndrome,1,1,0,1,reduced,1.0,1,26930255,2016,0.667,True
Porphyromonas,Coronary artery disease,1,1,1,0,elevated,1.0,1,31995569,2020,0.667,True
Porphyromonas,Cystic Fibrosis,1,0,0,1,reduced,1.0,1,29445257,2017,0.833,True
Porphyromonas,Denture Stomatitis,1,0,0,1,reduced,1.0,1,5196032,2016,0.667,True
Porphyromonas,Endometrial cancer,1,0,1,0,elevated,1.0,1,27884207,2016,0.333,True
Porphyromonas,Gastric carcinoma,1,0,1,0,elevated,1.0,1,30619779,2018,0.667,True
Porphyromonas,Gestational diabetes,1,0,0,1,reduced,1.0,1,30421135,2019,0.667,True
Porphyromonas,H1N1 Influenza,1,1,0,1,reduced,1.0,1,32497191,2020,0.833,True
Porphyromonas,Hepatitis B,1,0,1,0,elevated,1.0,1,26606973,2015,0.833,True
Porphyromonas,Hepatocellular cancer,1,1,1,0,elevated,1.0,1,30045880,2018,0.833,True
Porphyromonas,Human papilloma virus infection,1,0,0,1,reduced,1.0,1,31111067,2019,0.5,True
Porphyromonas,Hutchinson-Gilford progeria syndrome,1,0,1,0,elevated,1.0,1,29520806,2018,0.333,True
Porphyromonas,Hyperglycemia,1,0,1,0,elevated,1.0,1,31981541,2020,0.833,True
Porphyromonas,Hypertension,1,1,1,0,elevated,1.0,1,28143587,2017,0.833,True
Porphyromonas,Hypopharyngeal cancer,1,0,0,1,reduced,1.0,1,31832691,2020,0.833,True
Porphyromonas,Infantile eczema,1,1,1,0,elevated,1.0,1,27812181,2016,0.667,True
Porphyromonas,Invasive colorectal cancer,1,1,1,0,elevated,1.0,1,31609493,2020,0.667,True
Porphyromonas,Invasive pneumococcal disease,1,0,1,0,elevated,1.0,1,6360994,2019,0.833,True
Porphyromonas,Kaposi's sarcoma,1,0,0,1,reduced,1.0,1,31951641,2020,0.833,True
Porphyromonas,Kostmann syndrome,1,0,1,0,elevated,1.0,1,30875283,2019,0.167,True
Porphyromonas,Obstructive sleep apnea-hypopnea syndrome,1,0,1,0,elevated,1.0,1,30976074,2019,0.667,True
Porphyromonas,Oral potentially malignant disorder,1,0,0,1,reduced,1.0,1,30054809,2018,0.833,True
Porphyromonas,Oropharyngeal cancer,1,0,0,1,reduced,1.0,1,31832691,2020,0.833,True
Porphyromonas,Osteoarthritis,1,0,1,0,elevated,1.0,1,30250232,2018,0.667,True
Porphyromonas,Otitis Media,1,0,1,0,elevated,1.0,1,29458340,2018,0.833,True
Porphyromonas,Pancreatic head cancer,1,0,0,1,reduced,1.0,1,30728915,2019,0.833,True
Porphyromonas,Postmenopausal,1,0,1,0,elevated,1.0,1,29152146,2017,0.667,True
Porphyromonas,Preeclamsia,1,0,1,0,elevated,1.0,1,25492799,2014,0.667,True
Porphyromonas,Pregnancy,1,0,1,0,elevated,1.0,1,29497601,2018,0.833,True
Porphyromonas,Psoriasis,1,0,0,1,reduced,1.0,1,31916654,2020,0.833,True
Porphyromonas,Short Bowel Syndrome,1,1,1,0,elevated,1.0,1,28501098,2017,0.833,True
Porphyromonas,Sicca syndrome,1,0,0,1,reduced,1.0,1,31211815,2019,0.833,True
Porphyromonas,Thyroid carcinoma,1,1,1,0,elevated,1.0,1,30584647,2019,0.833,True
Porphyromonas,Tongue cancer,1,0,0,1,reduced,1.0,1,29228609,2017,0.667,True
Preussia,Uveitits,1,1,0,1,reduced,1.0,1,30938773,2019,0.667,False
Prevotella,Acquired Immunodeficiency Syndrome,1,1,0,1,reduced,1.0,1,29411528,2018,0.833,True
Prevotella,Acute cerbral infarction,1,1,1,0,elevated,1.0,1,31223522,2019,0.833,True
Prevotella,Acute lymphoblastic leukemia,1,0,0,1,reduced,1.0,1,32093640,2020,0.833,True
Prevotella,Alcoholic hepatitis,1,0,0,1,reduced,1.0,1,29083504,2018,0.833,True
Prevotella,Allergy,1,1,0,1,reduced,1.0,1,29786876,2019,0.667,True
Prevotella,Anovulation,1,1,1,0,elevated,1.0,1,30773302,2019,0.667,True
Prevotella,Aphthous ulcer,1,0,1,0,elevated,1.0,1,32169076,2020,0.833,True
Prevotella,Atherosclerosis,1,1,0,1,reduced,1.0,1,29018189,2017,0.667,True
Prevotella,Autism spectrum disorders,1,0,0,1,reduced,1.0,1,29371629,2018,0.833,True
Prevotella,Barrett's oesophagus,1,0,0,1,reduced,1.0,1,31466948,2019,0.833,True
Prevotella,Bladder cancer,1,0,0,1,reduced,1.0,1,31568654,2019,0.833,True
Prevotella,COPD Exacerbation,1,0,0,1,reduced,1.0,1,31174538,2019,0.833,True
Prevotella,Cardiac valve calcification,1,1,1,0,elevated,1.0,1,30897381,2019,0.833,True
Prevotella,Cervicitis,1,0,1,0,elevated,1.0,1,21287345,2011,0.667,True
Prevotella,Chronic Rhinosinusitis,1,0,1,0,elevated,1.0,1,28005692,2016,0.667,True
Prevotella,Chronic alcoholic pancreatitis,1,1,0,1,reduced,1.0,1,29555983,2018,0.833,True
Prevotella,Chronic mucocutaneous candidiasis,1,0,0,1,reduced,1.0,1,23796786,2014,0.667,True
Prevotella,Chronic prostatitis / Chronic pelvic pain syndrome,1,1,0,1,reduced,1.0,1,26930255,2016,0.667,True
Prevotella,Clostridium difficile infection,1,1,0,1,reduced,1.0,1,30785932,2019,0.667,True
Prevotella,Constipation,1,1,0,1,reduced,1.0,1,25073603,2014,0.833,True
Prevotella,Coronary Heart Disease,1,1,0,1,reduced,1.0,1,30202890,2019,0.667,True
Prevotella,Diabetic nephropathy,1,1,0,1,reduced,1.0,1,30888537,2019,0.833,True
Prevotella,Disease-free ,1,0,0,1,reduced,1.0,1,,2016,0.5,True
Prevotella,Dry eye syndrome,1,1,1,0,elevated,1.0,1,32293464,2020,0.833,True
Prevotella,E-smoking,1,0,1,0,elevated,1.0,1,32105635,2020,0.667,True
Prevotella,Fibromyalgia,1,1,0,1,reduced,1.0,1,31219947,2019,0.833,True
Prevotella,Frailty,1,1,0,1,reduced,1.0,1,34485176,2021,0.5,True
Prevotella,Functional dyspepsia,1,0,1,0,elevated,1.0,1,28761692,2017,0.833,True
Prevotella,Gastrointestinal follicular lymphoma,1,0,0,1,reduced,1.0,1,31990065,2020,0.5,True
Prevotella,Generalized anxiety disorder,1,1,0,1,reduced,1.0,1,31437702,2019,0.833,True
Prevotella,Gestational diabetes,1,0,0,1,reduced,1.0,1,30421135,2019,0.667,True
Prevotella,Gestational diabetes + hyperlipidemia,1,1,1,0,elevated,1.0,1,31447702,2019,0.833,True
Prevotella,Giardia intestinalis infection,1,1,1,0,elevated,1.0,1,6327884,2019,0.833,True
Prevotella,Gingivitis,1,0,0,1,reduced,1.0,1,22152152,2011,0.5,True
Prevotella,Graves' disease,1,1,1,0,elevated,1.0,1,6158725,2018,0.667,True
Prevotella,Graves' orbitopathy,1,1,1,0,elevated,1.0,1,30674011,2019,0.833,True
Prevotella,H1N1 Influenza,1,1,0,1,reduced,1.0,1,32497191,2020,0.833,True
Prevotella,Hashimoto's thyroiditis,1,1,0,1,reduced,1.0,1,29320965,2018,0.833,True
Prevotella,Helicobacter pylori infection,1,1,1,0,elevated,1.0,1,31250988,2019,0.5,True
Prevotella,Henoch-Schönlein Purpura,1,0,1,0,elevated,1.0,1,30342346,2018,0.833,True
Prevotella,Hepatitis C,1,1,1,0,elevated,1.0,1,27625705,2016,0.667,True
Prevotella,Hepatocellular cancer,1,1,1,0,elevated,1.0,1,30675188,2019,0.833,True
Prevotella,Hirschsprung's disease,1,1,1,0,elevated,1.0,1,29652728,2018,0.833,True
Prevotella,Human end-stage renal disease,1,1,0,1,reduced,1.0,1,32241904,2020,0.833,True
Prevotella,Hutchinson-Gilford progeria syndrome,1,0,1,0,elevated,1.0,1,29520806,2018,0.333,True
Prevotella,Hyper IgE syndrome,1,0,0,1,reduced,1.0,1,23796786,2014,0.667,True
Prevotella,Hyperglycemia,1,0,1,0,elevated,1.0,1,31981541,2020,0.833,True
Prevotella,Idiopathic REM Sleep Behavior Disorder,1,1,0,1,reduced,1.0,1,28843021,2018,0.667,True
Prevotella,Idiopathic infertility,1,0,1,0,elevated,1.0,1,28098358,2017,0.833,True
Prevotella,Infantile eczema,1,1,0,1,reduced,1.0,1,27812181,2016,0.667,True
Prevotella,Interstitial cystitis,1,0,0,1,reduced,1.0,1,22974186,2012,0.5,True
Prevotella,Invasive pneumococcal disease,1,0,1,0,elevated,1.0,1,6360994,2019,0.833,True
Prevotella,Laryngotracheal stenosis,1,0,0,1,reduced,1.0,1,31043518,2019,0.833,True
Prevotella,Liver fibrosis,1,1,1,0,elevated,1.0,1,32066758,2020,0.667,True
Prevotella,Lung cancer,1,0,1,0,elevated,1.0,1,30323970,2018,0.833,True
Prevotella,Major depressive disorder,1,1,0,1,reduced,1.0,1,25882912,2015,0.833,True
Prevotella,Maturity-onset diabetes of the young 2,1,1,1,0,elevated,1.0,1,30224347,2018,0.833,True
Prevotella,Microscopic colitis,1,0,0,1,reduced,1.0,1,30324555,2018,0.833,True
Prevotella,Non alcoholic steatohepatitis,1,1,1,0,elevated,1.0,1,23055155,2013,0.667,True
Prevotella,Obstructive sleep apnea-hypopnea syndrome,1,0,1,0,elevated,1.0,1,29969291,2019,0.833,True
Prevotella,Oral lichen planus,1,0,1,0,elevated,1.0,1,4785528,2016,0.667,True
Prevotella,Overactive bladder,1,0,0,1,reduced,1.0,1,29230385,2017,0.833,True
Prevotella,Pancreatic cancer,1,1,1,0,elevated,1.0,1,29221120,2017,0.833,True
Prevotella,Periodontal abscess,1,0,0,1,reduced,1.0,1,31417518,2019,0.833,True
Prevotella,Pervasive developmental disorder NOS,1,1,0,1,reduced,1.0,1,24130822,2013,0.667,True
Prevotella,Postmenopausal,1,0,1,0,elevated,1.0,1,29152146,2017,0.667,True
Prevotella,Pouchitis,1,1,1,0,elevated,1.0,1,20845425,2011,0.667,True
Prevotella,Preeclamsia,1,0,1,0,elevated,1.0,1,25492799,2014,0.667,True
Prevotella,Primary biliary cholangitis,1,1,1,0,elevated,1.0,1,30900136,2019,0.667,True
Prevotella,Primary sclerosing cholangitis,1,1,0,1,reduced,1.0,1,5504370,2017,0.833,True
Prevotella,Radiation enteritis,1,1,1,0,elevated,1.0,1,30908851,2019,0.667,True
Prevotella,Recurrent aphthous stomatitis ,1,0,1,0,elevated,1.0,1,7969233,2021,0.667,True
Prevotella,Recurrent miscarriage,1,0,1,0,elevated,1.0,1,30988706,2019,0.667,True
Prevotella,Rosacea,1,0,1,0,elevated,1.0,1,31502207,2019,0.833,True
Prevotella,Severe fever with thrombocytopenia syndrome,1,1,0,1,reduced,1.0,1,30327643,2018,0.833,True
Prevotella,Sickle cell disease,1,1,0,1,reduced,1.0,1,29274089,2018,0.833,True
Prevotella,Spleen deficiency syndrome,1,1,0,1,reduced,1.0,1,32227775,2020,0.667,True
Prevotella,Stevens-Johnson syndrome,1,0,1,0,elevated,1.0,1,32152391,2020,0.833,True
Prevotella,T2D with hypertension and hyperlipidemia,1,0,1,0,elevated,1.0,1,28316574,2017,0.667,True
Prevotella,Tongue cancer,1,0,0,1,reduced,1.0,1,29228609,2017,0.667,True
Prevotella,Transient Ischemic Attack,1,1,0,1,reduced,1.0,1,26597155,2015,0.833,True
Prevotella,Traumatic Brain Injury,1,1,0,1,reduced,1.0,1,31868094,2020,0.833,True
Prevotella,Uveitits,1,1,1,0,elevated,1.0,1,30262956,2018,0.0,True
Prevotella,Viral respiratory tract infection,1,0,0,1,reduced,1.0,1,,2018,0.667,True
Prevotella,Wilson's Disease,1,1,0,1,reduced,1.0,1,30075590,2018,0.833,True
Prevotellaceae,Ankylosing spondylitis,1,0,0,1,reduced,1.0,1,25417597,2015,0.333,False
Prevotellaceae,Autism,1,1,0,1,reduced,1.0,1,29564487,2018,0.833,False
Prevotellaceae,Chronic kidney disease,1,1,0,1,reduced,1.0,1,32241215,2020,0.833,False
Prevotellaceae,Cystic Fibrosis,1,1,0,1,reduced,1.0,1,28279152,2017,0.667,False
Prevotellaceae,Hepatic encephalopathy,1,0,0,1,reduced,1.0,1,30816877,2019,0.833,False
Prevotellaceae,Hidradenitis suppurativa,1,0,1,0,elevated,1.0,1,31539533,2019,0.5,False
Prevotellaceae,Neuromyelitis optica,1,1,0,1,reduced,1.0,1,31841737,2020,0.833,False
Prevotellaceae,Obesity,1,1,1,0,elevated,1.0,1,19164560,2009,0.833,False
Prevotellaceae,Primary Open-Angle Glaucoma,1,1,1,0,elevated,1.0,1,31917963,2020,0.833,False
Prevotellaceae,Primary liver cancer,1,1,0,1,reduced,1.0,1,30661942,2019,0.833,False
Prevotellaceae,Schizophrenia,1,1,1,0,elevated,1.0,1,30775438,2019,0.833,False
Prevotellaceae,Spinal cord injury,1,1,1,0,elevated,1.0,1,30545398,2018,0.833,False
Propionibacteriaceae,Bacterial vaginosis,1,0,1,0,elevated,1.0,1,18717638,2008,0.5,False
Propionibacteriaceae,Breast cancer,1,0,1,0,elevated,1.0,1,29152146,2017,0.667,False
Propionibacteriaceae,Cirrhosis,1,1,0,1,reduced,1.0,1,28578302,2018,0.833,False
Propionibacteriaceae,HIV infection,1,0,1,0,elevated,1.0,1,18717638,2008,0.5,False
Propionibacteriaceae,periodontitis,1,0,0,1,reduced,1.0,1,23613868,2013,0.833,False
Propionibacterium,Alzheimer's Disease,1,0,1,0,elevated,1.0,1,31434623,2019,0.5,True
Propionibacterium,Blepharitis,1,0,0,1,reduced,1.0,1,22836761,2012,0.5,True
Propionibacterium,Chronic Obstructive Pulmonary Disease,1,0,0,1,reduced,1.0,1,23874580,2013,0.667,True
Propionibacterium,Chronic Rhinosinusitis with cystic fibrosis,1,0,1,0,elevated,1.0,1,27879060,2016,0.833,True
Propionibacterium,Colorectal cancer,1,0,0,1,reduced,1.0,1,25699023,2015,0.667,True
Propionibacterium,Cutaneous burn,1,0,1,0,elevated,1.0,1,28333758,2017,0.5,True
Propionibacterium,Disease-free ,1,0,0,1,reduced,1.0,1,,2016,0.5,True
Propionibacterium,Down syndrome,1,0,1,0,elevated,1.0,1,22221039,2012,0.667,True
Propionibacterium,Gastric carcinoma,1,0,1,0,elevated,1.0,1,30584008,2019,0.833,True
Propionibacterium,Granulomatosis with polyangiitis,1,0,0,1,reduced,1.0,1,29997110,2018,0.833,True
Propionibacterium,Hidradenitis suppurativa,1,0,0,1,reduced,1.0,1,28538949,2017,0.833,True
Propionibacterium,Interstitial cystitis,1,0,0,1,reduced,1.0,1,22974186,2012,0.5,True
Propionibacterium,Irritable Bowel Syndrome,1,0,1,0,elevated,1.0,1,32266159,2020,0.833,True
Propionibacterium,Juvenile idiopathic arthritis,1,1,0,1,reduced,1.0,1,30592383,2019,0.833,True
Propionibacterium,Kidney stone with hypertension,1,0,1,0,elevated,1.0,1,32183836,2020,0.833,True
Propionibacterium,Macular degeneration,1,0,1,0,elevated,1.0,1,32123200,2020,0.833,True
Propionibacterium,Microscopic colitis,1,0,0,1,reduced,1.0,1,30324555,2018,0.833,True
Propionibacterium,Non-alcoholic fatty liver disease,1,1,1,0,elevated,1.0,1,27028797,2017,0.667,True
Propionibacterium,Oral cancer,1,0,0,1,reduced,1.0,1,16672398,2006,0.333,True
Propionibacterium,Otitis Media,1,0,0,1,reduced,1.0,1,29458340,2018,0.833,True
Propionibacterium,Rhinovirus infection,1,0,1,0,elevated,1.0,1,25028608,2014,0.667,True
Propionibacterium,Rosacea,1,0,0,1,reduced,1.0,1,31502207,2019,0.833,True
Propionibacterium,Seborrheic dermatitis,1,0,0,1,reduced,1.0,1,237965,1975,0.667,True
Propionibacterium,Sensitive scalp,1,0,1,0,elevated,1.0,1,30084158,2018,0.667,True
Propionibacterium,Systemic sclerosis,1,0,0,1,reduced,1.0,1,30728065,2019,0.833,True
Propionibacterium,Type 2 Diabetes,1,0,0,1,reduced,1.0,1,23300163,2013,0.5,True
Propionibacterium,periodontitis,1,0,1,0,elevated,1.0,1,27717873,2016,0.5,True
Propionicimonas,Breast cancer,1,0,1,0,elevated,1.0,1,30175072,2018,0.833,True
Propionicimonas,Obesity,1,1,1,0,elevated,1.0,1,30572569,2018,0.833,True
Propionimicrobium,Interstitial cystitis,1,0,0,1,reduced,1.0,1,22974186,2012,0.5,True
Propionimicrobium,Prostate cancer,1,0,1,0,elevated,1.0,1,28797714,2018,0.833,True
Proteiniclasticum,Posttraumatic stress syndrome,1,1,1,0,elevated,1.0,1,31460790,2019,0.833,True
Proteobacteria,Acne,1,0,0,1,reduced,1.0,1,28094874,2017,0.833,False
Proteobacteria,Alzheimer's Disease,1,1,1,0,elevated,1.0,1,31063846,2019,0.833,False
Proteobacteria,Atopic eczema,1,1,0,1,reduced,1.0,1,22153774,2012,0.833,False
Proteobacteria,Bipolar disorder,1,1,1,0,elevated,1.0,1,32274300,2020,0.5,False
Proteobacteria,Botulism,1,1,1,0,elevated,1.0,1,26593441,2015,0.667,False
Proteobacteria,Bullous pemphigoid,1,0,0,1,reduced,1.0,1,28418589,2017,0.667,False
Proteobacteria,COPD Exacerbation,1,0,1,0,elevated,1.0,1,31782610,2020,0.833,False
Proteobacteria,Cancer cachexia,1,1,1,0,elevated,1.0,1,34609073,2021,0.667,False
Proteobacteria,Cardiovascular disease,1,0,0,1,reduced,1.0,1,25133738,2014,0.833,False
Proteobacteria,Clostridium difficile associated disease,1,1,1,0,elevated,1.0,1,21050115,2010,0.833,False
Proteobacteria,Colon adenomas,1,0,1,0,elevated,1.0,1,4872055,2016,0.5,False
Proteobacteria,Coronary Heart Disease,1,1,0,1,reduced,1.0,1,28497047,2017,0.833,False
Proteobacteria,Crohn's Disease,1,0,1,0,elevated,1.0,1,30239655,2019,0.833,False
Proteobacteria,Cystic Fibrosis,1,0,1,0,elevated,1.0,1,4778032,2016,0.667,False
Proteobacteria,HIV infection,1,1,1,0,elevated,1.0,1,27048741,2016,0.5,False
Proteobacteria,Helicobacter pylori infection,1,0,1,0,elevated,1.0,1,31762120,2020,0.833,False
Proteobacteria,Hepatocellular cancer,1,1,1,0,elevated,1.0,1,31600845,2020,0.833,False
Proteobacteria,Hirschsprung-associated enterocolitis,1,1,1,0,elevated,1.0,1,25909773,2015,0.667,False
Proteobacteria,Multiple Sclerosis,1,0,1,0,elevated,1.0,1,27892518,2016,0.5,False
Proteobacteria,Obesity,1,1,1,0,elevated,1.0,1,30386323,2018,0.833,False
Proteobacteria,Oral lichen planus,1,0,0,1,reduced,1.0,1,4785528,2016,0.667,False
Proteobacteria,Otitis Media,1,0,0,1,reduced,1.0,1,28397271,2017,0.667,False
Proteobacteria,Palmoplantar pustulosis,1,0,0,1,reduced,1.0,1,33279897,2021,0.5,False
Proteobacteria,Parkinson's Disease,1,1,1,0,elevated,1.0,1,30576008,2019,0.833,False
Proteobacteria,Preeclamsia,1,1,1,0,elevated,1.0,1,32265423,2020,0.833,False
Proteobacteria,Pulmonary tubercolosis,1,1,1,0,elevated,1.0,1,29204120,2017,0.667,False
Proteobacteria,Transient Ischemic Attack,1,1,1,0,elevated,1.0,1,26597155,2015,0.833,False
Proteobacteria,Type 2 Diabetes,1,0,0,1,reduced,1.0,1,31263683,2019,0.667,False
Proteus,Appendicitis,1,0,1,0,elevated,1.0,1,3997405,2014,0.5,True
Proteus,Asthma,1,0,0,1,reduced,1.0,1,29031597,2018,0.5,True
Proteus,Bladder cancer,1,0,0,1,reduced,1.0,1,29904624,2018,0.833,True
Proteus,Cervical cancer,1,1,1,0,elevated,1.0,1,6431307,2019,0.833,True
Proteus,Cirrhosis,1,0,1,0,elevated,1.0,1,22821944,2012,0.833,True
Proteus,Crohn's Disease,1,1,1,0,elevated,1.0,1,26313691,2015,0.5,True
Proteus,Hepatocellular cancer,1,1,1,0,elevated,1.0,1,30675188,2019,0.833,True
Proteus,Interstitial cystitis,1,0,1,0,elevated,1.0,1,22974186,2012,0.5,True
Proteus,Laryngeal carcinoma,1,0,1,0,elevated,1.0,1,23824228,2013,0.833,True
Proteus,Pancreatic cancer,1,1,0,1,reduced,1.0,1,29221120,2017,0.833,True
Proteus,Parkinson's Disease,1,1,1,0,elevated,1.0,1,28536926,2017,0.167,True
Proteus,Seborrheic dermatitis,1,0,0,1,reduced,1.0,1,32219537,2020,0.833,True
Proteus,Short Bowel Syndrome,1,1,1,0,elevated,1.0,1,28425133,2017,0.833,True
Providencia,Colorectal cancer,1,0,1,0,elevated,1.0,1,26170900,2015,0.833,True
Psathyrella,Crohn's Disease,1,0,1,0,elevated,1.0,1,27811291,2017,0.667,False
Pseudarcicella,Chronic kidney disease,1,0,1,0,elevated,1.0,1,30962186,2019,0.833,True
Pseudarcicella,Cystic Fibrosis,1,0,0,1,reduced,1.0,1,29445257,2017,0.833,True
Pseudeurotiaceae,Colorectal cancer,1,1,1,0,elevated,1.0,1,30472682,2019,0.833,False
Pseudidiomarina,Parkinson's Disease,1,1,0,1,reduced,1.0,1,29776865,2018,0.667,True
Pseudoalteromonas,Cervical cancer,1,0,0,1,reduced,1.0,1,30841606,2019,0.667,True
Pseudoalteromonas,Cervical intraneoplasia,1,0,0,1,reduced,1.0,1,30841606,2019,0.667,True
Pseudoalteromonas,Pouchitis,1,1,1,0,elevated,1.0,1,19617766,2009,0.667,True
Pseudoalteromonas,Stevens-Johnson syndrome,1,0,1,0,elevated,1.0,1,32152391,2020,0.833,True
Pseudobutyrivibrio,Acute lymphoblastic leukemia,1,1,0,1,reduced,1.0,1,31754744,2020,0.833,True
Pseudobutyrivibrio,Colorectal cancer,1,1,0,1,reduced,1.0,1,23940645,2013,0.833,True
Pseudobutyrivibrio,Idiopathic Pulmonary Fibrosis,1,0,1,0,elevated,1.0,1,31165050,2019,0.833,True
Pseudobutyrivibrio,Non-alcoholic fatty liver disease,1,1,0,1,reduced,1.0,1,,2016,0.833,True
Pseudobutyrivibrio,Psoriatic Arthritis,1,1,0,1,reduced,1.0,1,25319745,2015,0.667,True
Pseudobutyrivibrio,Pulmonary tubercolosis,1,1,1,0,elevated,1.0,1,29322681,2018,0.833,True
Pseudobutyrivibrio,Short Bowel Syndrome,1,1,0,1,reduced,1.0,1,28425133,2017,0.833,True
Pseudobutyrivibrio,Sickle cell disease,1,1,0,1,reduced,1.0,1,29274089,2018,0.833,True
Pseudobutyrivibrio,Sjögren Syndrome,1,1,1,0,elevated,1.0,1,27087247,2016,0.5,True
Pseudobutyrivibrio,Spinal cord injury,1,1,0,1,reduced,1.0,1,26752409,2016,0.833,True
Pseudobutyrivibrio,Systemic lupus erythematosus,1,1,0,1,reduced,1.0,1,,2016,0.333,True
Pseudochrobactrum,Kidney stone with hypertension,1,0,0,1,reduced,1.0,1,32183836,2020,0.833,True
Pseudochrobactrum,Parkinson's Disease,1,1,0,1,reduced,1.0,1,29776865,2018,0.667,True
Pseudochrobactrum,Sjögren Syndrome,1,0,1,0,elevated,1.0,1,27351333,2016,0.833,True
Pseudocitrobacter,Autism spectrum disorders,1,1,1,0,elevated,1.0,1,31765662,2020,0.667,True
Pseudoclavibacter,Pressure ulcers,1,0,0,1,reduced,1.0,1,32249804,2020,0.833,True
Pseudoclavibacter,Type 2 Diabetes,1,0,1,0,elevated,1.0,1,30714640,2019,0.833,True
Pseudoflavonifractor,Colorectal cancer,1,0,0,1,reduced,1.0,1,30576312,2018,0.833,True
Pseudoflavonifractor,HIV infection,1,1,1,0,elevated,1.0,1,30649052,2019,0.667,True
Pseudoflavonifractor,Hepatitis C,1,1,0,1,reduced,1.0,1,28561276,2018,0.833,True
Pseudoflavonifractor,Posttraumatic stress syndrome,1,1,0,1,reduced,1.0,1,31460790,2019,0.833,True
Pseudomonadaceae,Aggressive periodontitis,1,0,0,1,reduced,1.0,1,28260061,2017,0.5,False
Pseudomonadaceae,Biliary tract cancer,1,0,0,1,reduced,1.0,1,31980025,2020,0.833,False
Pseudomonadaceae,Bipolar disorder,1,1,1,0,elevated,1.0,1,32274300,2020,0.5,False
Pseudomonadaceae,Cystic Fibrosis,1,0,1,0,elevated,1.0,1,31536536,2019,0.667,False
Pseudomonadaceae,Endometriosis,1,0,1,0,elevated,1.0,1,7161132,2020,0.667,False
Pseudomonadales,Chronic kidney disease,1,1,0,1,reduced,1.0,1,28588309,2017,0.833,False
Pseudomonadales,HIV infection,1,0,1,0,elevated,1.0,1,22084916,2012,0.333,False
Pseudomonas,Aerobic vaginitis,1,0,0,1,reduced,1.0,1,31955954,2020,0.833,True
Pseudomonas,Alzheimer's Disease,1,0,1,0,elevated,1.0,1,31434623,2019,0.5,True
Pseudomonas,Asthma,1,0,1,0,elevated,1.0,1,25329665,2014,0.667,True
Pseudomonas,Atopic dermatitis,1,0,0,1,reduced,1.0,1,31100040,2019,0.5,True
Pseudomonas,Autism spectrum disorders,1,1,1,0,elevated,1.0,1,30670726,2019,0.833,True
Pseudomonas,Bronchiectasis,1,0,1,0,elevated,1.0,1,30423913,2018,0.833,True
Pseudomonas,Chlamydia,1,0,1,0,elevated,1.0,1,31738795,2019,0.833,True
Pseudomonas,Chronic alcoholic pancreatitis,1,1,1,0,elevated,1.0,1,29555983,2018,0.833,True
Pseudomonas,Cirrhosis,1,1,1,0,elevated,1.0,1,29665135,2018,0.667,True
Pseudomonas,Colon adenomas,1,0,1,0,elevated,1.0,1,4872055,2016,0.5,True
Pseudomonas,Coronary artery disease,1,1,1,0,elevated,1.0,1,30192713,2018,0.833,True
Pseudomonas,Cystic Fibrosis,1,0,1,0,elevated,1.0,1,29445257,2017,0.833,True
Pseudomonas,Cystic fibrosis exacerbation,1,0,0,1,reduced,1.0,1,32108159,2020,0.667,True
Pseudomonas,Dandruff,1,0,1,0,elevated,1.0,1,27909689,2016,0.667,True
Pseudomonas,Diaper dermatitis,1,0,1,0,elevated,1.0,1,31472099,2019,0.833,True
Pseudomonas,Disease-free ,1,0,1,0,elevated,1.0,1,,2016,0.5,True
Pseudomonas,Edentulism,1,0,1,0,elevated,1.0,1,27717873,2016,0.5,True
Pseudomonas,Gastric carcinoma,1,0,0,1,reduced,1.0,1,6629868,2019,0.667,True
Pseudomonas,H7N9,1,0,1,0,elevated,1.0,1,29259328,2017,0.667,True
Pseudomonas,HIV infection,1,0,0,1,reduced,1.0,1,23843452,2013,0.667,True
Pseudomonas,Hirschsprung's disease,1,1,1,0,elevated,1.0,1,29652728,2018,0.833,True
Pseudomonas,Huntington's Disease,1,0,1,0,elevated,1.0,1,31798558,2019,0.667,True
Pseudomonas,Idiopathic central precocious puberty,1,1,1,0,elevated,1.0,1,6987398,2020,0.833,True
Pseudomonas,Inflammatory Bowel Disease,1,0,1,0,elevated,1.0,1,17699621,2007,0.333,True
Pseudomonas,Influenza A,1,0,1,0,elevated,1.0,1,30581863,2018,0.833,True
Pseudomonas,Iron-deficiency anaemia,1,0,1,0,elevated,1.0,1,31752810,2019,0.833,True
Pseudomonas,Irritable Bowel Syndrome,1,1,1,0,elevated,1.0,1,25784074,2015,0.833,True
Pseudomonas,Multiple Sclerosis,1,1,0,1,reduced,1.0,1,27346372,2016,0.833,True
Pseudomonas,Neisseria gonorrhoeae infection,1,0,0,1,reduced,1.0,1,31945133,2020,0.833,True
Pseudomonas,Non-alcoholic fatty liver disease,1,1,0,1,reduced,1.0,1,30926798,2019,0.833,True
Pseudomonas,Obesity,1,1,1,0,elevated,1.0,1,29280312,2018,0.333,True
Pseudomonas,Obstructive sleep apnea-hypopnea syndrome,1,0,1,0,elevated,1.0,1,29969291,2019,0.833,True
Pseudomonas,Oligoasthenoteratozoospermia,1,0,1,0,elevated,1.0,1,29500854,2018,0.5,True
Pseudomonas,Pancreatitis,1,0,0,1,reduced,1.0,1,29423379,2018,0.667,True
Pseudomonas,Periodontal disease,1,0,0,1,reduced,1.0,1,31329044,2019,0.833,True
Pseudomonas,Protracted bacterial bronchitis,1,0,1,0,elevated,1.0,1,29600046,2018,0.833,True
Pseudomonas,Psoriasis,1,0,1,0,elevated,1.0,1,30185226,2018,0.667,True
Pseudomonas,Reactive arthritis,1,1,1,0,elevated,1.0,1,29073348,2018,0.833,True
Pseudomonas,Rectal Carcinoma,1,0,0,1,reduced,1.0,1,5145865,2016,0.667,True
Pseudomonas,Rheumatoid Arthritis,1,0,0,1,reduced,1.0,1,30459400,2018,0.667,True
Pseudomonas,Seborrheic dermatitis,1,0,0,1,reduced,1.0,1,32219537,2020,0.833,True
Pseudomonas,Seminal hyperviscosity,1,0,1,0,elevated,1.0,1,29500854,2018,0.5,True
Pseudomonas,Silicosis,1,1,0,1,reduced,1.0,1,30867671,2019,0.833,True
Pseudomonas,Stevens-Johnson syndrome,1,0,1,0,elevated,1.0,1,32152391,2020,0.833,True
Pseudomonas,Systemic lupus erythematosus,1,0,1,0,elevated,1.0,1,28320468,2017,0.833,True
Pseudomonas,Ulcerative Colitis,1,0,0,1,reduced,1.0,1,28852861,2018,0.833,True
Pseudomonas,Uveitits,1,1,0,1,reduced,1.0,1,29625474,2018,0.667,True
Pseudomonas,periodontitis,1,0,1,0,elevated,1.0,1,27717873,2016,0.5,True
Pseudonocardia,Type 2 Diabetes,1,0,0,1,reduced,1.0,1,30714640,2019,0.833,True
Pseudonocardia,Vitiligo,1,0,0,1,reduced,1.0,1,26758568,2016,0.667,True
Pseudonocardiaceae,Appendicitis,1,0,0,1,reduced,1.0,1,3997405,2014,0.5,False
Pseudopropionibacterium,Edentulism,1,0,0,1,reduced,1.0,1,30657624,2019,0.833,False
Pseudopropionibacterium,periodontitis,1,0,0,1,reduced,1.0,1,19722792,2009,0.833,False
Pseudoramibacter,Aggressive periodontitis,1,0,1,0,elevated,1.0,1,28260061,2017,0.5,True
Pseudoramibacter,Arsenic exposure,1,1,0,1,reduced,1.0,1,30135504,2018,0.667,True
Pseudoramibacter,Caries,1,0,1,0,elevated,1.0,1,31365560,2019,0.5,True
Pseudoramibacter,Periodontal disease,1,0,1,0,elevated,1.0,1,31329044,2019,0.833,True
Pseudothermotoga,Cervical cancer,1,0,1,0,elevated,1.0,1,30841606,2019,0.667,True
Pseudoxanthomonas,Diaper dermatitis,1,0,1,0,elevated,1.0,1,31472099,2019,0.833,True
Pseudoxanthomonas,Opisthorchis felineus infection,1,0,1,0,elevated,1.0,1,4957795,2016,0.833,True
Pseudoxanthomonas,Ulcerative Colitis,1,0,0,1,reduced,1.0,1,28852861,2018,0.833,True
Pseudoxanthomonas,Uveitits,1,1,1,0,elevated,1.0,1,29625474,2018,0.667,True
Pseudozyma,Clostridium difficile associated disease,1,1,0,1,reduced,1.0,1,30202057,2018,0.833,False
Psychrobacter,Acute fatty liver,1,1,1,0,elevated,1.0,1,31776707,2020,0.667,True
Psychrobacter,Cervical cancer,1,0,0,1,reduced,1.0,1,30841606,2019,0.667,True
Psychrobacter,Cervical intraneoplasia,1,0,0,1,reduced,1.0,1,30841606,2019,0.667,True
Psychrobacter,Colorectal cancer,1,0,0,1,reduced,1.0,1,25699023,2015,0.667,True
Psychrobacter,Constipation,1,1,1,0,elevated,1.0,1,31776707,2020,0.667,True
Psychrobacter,Crohn's Disease,1,1,1,0,elevated,1.0,1,30519287,2018,0.833,True
Psychrobacter,Excessive vomiting,1,1,1,0,elevated,1.0,1,31776707,2020,0.667,True
Psychrobacter,Idiopathic central precocious puberty,1,1,1,0,elevated,1.0,1,6987398,2020,0.833,True
Psychrobacter,Intestinal metaplasia,1,0,1,0,elevated,1.0,1,,2019,0.833,True
Psychrobacter,Oral potentially malignant disorder,1,0,0,1,reduced,1.0,1,30054809,2018,0.833,True
Psychromonas,Protracted bacterial bronchitis,1,0,1,0,elevated,1.0,1,29984544,2018,0.833,True
Punavirus,Colorectal cancer,1,1,1,0,elevated,1.0,1,29689266,2018,0.667,False
Purpureocillium,Schizophrenia,1,1,0,1,reduced,1.0,1,31759045,2020,0.833,False
Pusillimonas,Uveitits,1,1,0,1,reduced,1.0,1,29625474,2018,0.667,True
Pyramidobacter,Asthma,1,0,1,0,elevated,1.0,1,30911282,2019,0.833,True
Pyramidobacter,Behcet's Disease,1,1,0,1,reduced,1.0,1,30077182,2018,0.833,True
Pyramidobacter,Chronic kidney disease,1,1,0,1,reduced,1.0,1,32241215,2020,0.833,True
Pyramidobacter,HIV infection,1,1,0,1,reduced,1.0,1,31748797,2020,0.667,True
Pyramidobacter,Hepatocellular cancer,1,1,1,0,elevated,1.0,1,30045880,2018,0.833,True
Pyramidobacter,Laryngeal carcinoma,1,0,0,1,reduced,1.0,1,23824228,2013,0.833,True
Pyramidobacter,Overactive bladder,1,0,0,1,reduced,1.0,1,29230385,2017,0.833,True
Pyramidobacter,Type 2 Diabetes,1,1,0,1,reduced,1.0,1,23719380,2013,0.5,True
Pyronemataceae,Cirrhosis,1,1,0,1,reduced,1.0,1,28578302,2018,0.833,False
Rahnella,Colorectal cancer,1,0,0,1,reduced,1.0,1,25699023,2015,0.667,True
Rahnella,Mucosa-associated lymphoid tissue lymphoma,1,0,0,1,reduced,1.0,1,,2019,0.833,True
Ralstonia,Biliary tract cancer,1,0,1,0,elevated,1.0,1,31980025,2020,0.833,True
Ralstonia,Bladder cancer,1,0,1,0,elevated,1.0,1,31568654,2019,0.833,True
Ralstonia,Breast cancer,1,0,0,1,reduced,1.0,1,29190829,2017,0.5,True
Ralstonia,Chlamydia,1,0,1,0,elevated,1.0,1,31738795,2019,0.833,True
Ralstonia,Cirrhosis,1,0,1,0,elevated,1.0,1,22821944,2012,0.833,True
Ralstonia,Cystic Fibrosis,1,0,1,0,elevated,1.0,1,30580994,2019,0.667,True
Ralstonia,HIV infection,1,1,1,0,elevated,1.0,1,24586144,2014,0.667,True
Ralstonia,Helicobacter pylori infection,1,0,1,0,elevated,1.0,1,32197614,2020,0.833,True
Ralstonia,Influenza A,1,0,1,0,elevated,1.0,1,30581863,2018,0.833,True
Ralstonia,Oral cancer,1,0,1,0,elevated,1.0,1,18033835,2007,0.333,True
Ralstonia,Preterm birth,1,0,0,1,reduced,1.0,1,29791775,2019,0.833,True
Ralstonia,Primary sclerosing cholangitis-IBD,1,0,1,0,elevated,1.0,1,26526357,2016,0.833,True
Ralstonia,Sjögren Syndrome,1,0,1,0,elevated,1.0,1,27351333,2016,0.833,True
Ramlibacter,Kidney stone with hypertension,1,0,1,0,elevated,1.0,1,32183836,2020,0.833,True
Ramularia,Huntington's Disease,1,0,1,0,elevated,1.0,1,31798558,2019,0.667,False
Ramularia,Vogt-Koyagani-Harada disease,1,1,1,0,elevated,1.0,1,31928124,2020,0.667,False
Raoultella,Aerobic vaginitis,1,0,1,0,elevated,1.0,1,31315951,2019,0.833,False
Raoultella,Generalized anxiety disorder,1,1,1,0,elevated,1.0,1,31437702,2019,0.833,False
Raoultella,Irritable Bowel Syndrome,1,1,1,0,elevated,1.0,1,22986438,2012,0.833,False
Rathayibacter,Opisthorchis felineus infection,1,0,1,0,elevated,1.0,1,4957795,2016,0.833,True
Rathayibacter,Vitiligo,1,0,0,1,reduced,1.0,1,26758568,2016,0.667,True
Ravinvirus,Colorectal cancer,1,1,1,0,elevated,1.0,1,29689266,2018,0.667,False
Respiratory,Lower respiratory tract infection,1,0,1,0,elevated,1.0,1,30885620,2019,0.833,False
Respiratory,Otitis Media,1,0,1,0,elevated,1.0,1,29458340,2018,0.833,False
Rheinheimera,Obstructive sleep apnea-hypopnea syndrome,1,0,0,1,reduced,1.0,1,30976074,2019,0.667,True
Rheinheimera,Type 2 Diabetes,1,0,1,0,elevated,1.0,1,29172724,2018,0.833,True
Rhinovirus,Lower respiratory tract infection,1,0,0,1,reduced,1.0,1,30885620,2019,0.833,False
Rhizobiales,Chronic prostatitis / Chronic pelvic pain syndrome,1,1,1,0,elevated,1.0,1,26930255,2016,0.667,False
Rhizobiales,Cirrhosis,1,0,0,1,reduced,1.0,1,30905718,2019,0.833,False
Rhizobiales,Intestinal metaplasia,1,0,1,0,elevated,1.0,1,30440093,2019,0.833,False
Rhizobiales,Parkinson's Disease,1,1,1,0,elevated,1.0,1,29501802,2018,0.667,False
Rhizobium,Appendicitis,1,0,0,1,reduced,1.0,1,3997405,2014,0.5,True
Rhizobium,Infantile eczema,1,1,1,0,elevated,1.0,1,27812181,2016,0.667,True
Rhizobium,Kidney stone with hypertension,1,0,0,1,reduced,1.0,1,32183836,2020,0.833,True
Rhizobium,Pancreatic cancer,1,1,0,1,reduced,1.0,1,29221120,2017,0.833,True
Rhizobium,Pancreatitis,1,0,1,0,elevated,1.0,1,29423379,2018,0.667,True
Rhizophagus,Vogt-Koyagani-Harada disease,1,1,1,0,elevated,1.0,1,31928124,2020,0.667,False
Rhizopus,Keratitis,1,1,0,1,reduced,1.0,1,30541945,2018,0.167,False
Rhizopus,Uveitits,1,1,0,1,reduced,1.0,1,30938773,2019,0.667,False
Rhodanobacter,Adolescent idiopathic scoliosis,1,1,1,0,elevated,1.0,1,30481617,2019,0.833,True
Rhodanobacter,Kidney stone with hypertension,1,0,0,1,reduced,1.0,1,32183836,2020,0.833,True
Rhodobaca,Bacterial vaginosis,1,0,1,0,elevated,1.0,1,18717638,2008,0.5,False
Rhodobacter,Crohn's Disease,1,0,0,1,reduced,1.0,1,29848021,2018,0.833,True
Rhodobacter,Mucosa-associated lymphoid tissue lymphoma,1,0,0,1,reduced,1.0,1,,2019,0.833,True
Rhodobacteraceae,Breast cancer,1,0,1,0,elevated,1.0,1,30175072,2018,0.833,False
Rhodobacteraceae,Cirrhosis,1,1,0,1,reduced,1.0,1,28578302,2018,0.833,False
Rhodobacteraceae,Microscopic colitis,1,0,1,0,elevated,1.0,1,30324555,2018,0.833,False
Rhodococcus,Atopic dermatitis,1,0,1,0,elevated,1.0,1,31152265,2019,0.667,True
Rhodococcus,Chronic stress,1,1,1,0,elevated,1.0,1,31112792,2019,0.667,True
Rhodococcus,Colorectal cancer,1,0,0,1,reduced,1.0,1,30576312,2018,0.833,True
Rhodococcus,Gastric carcinoma,1,0,1,0,elevated,1.0,1,29102920,2018,0.667,True
Rhodococcus,Kidney stone with hypertension,1,0,1,0,elevated,1.0,1,32183836,2020,0.833,True
Rhodococcus,Lung cancer,1,1,0,1,reduced,1.0,1,32240032,2020,0.833,True
Rhodococcus,Parkinson's Disease,1,0,1,0,elevated,1.0,1,31247001,2019,0.833,True
Rhodococcus,Short Bowel Syndrome,1,1,0,1,reduced,1.0,1,31493882,2019,0.833,True
Rhodocyclaceae,Gestational diabetes,1,0,0,1,reduced,1.0,1,28932201,2017,0.667,False
Rhodocyclaceae,Psoriasis,1,0,1,0,elevated,1.0,1,30185226,2018,0.667,False
Rhodocyclaceae,Schizophrenia,1,1,0,1,reduced,1.0,1,31255682,2019,0.833,False
Rhodocyclaceae,Sicca syndrome,1,0,0,1,reduced,1.0,1,30272305,2018,0.833,False
Rhodoplanes,Rheumatoid Arthritis,1,0,1,0,elevated,1.0,1,30250232,2018,0.667,True
Rhodosporidium,Asthma,1,0,1,0,elevated,1.0,1,29031597,2018,0.5,False
Rhodotorula,Asthma,1,0,1,0,elevated,1.0,1,29031597,2018,0.5,False
Rhodotorula,Caries,1,0,0,1,reduced,1.0,1,31953340,2020,0.667,False
Rhodotorula,Clostridium difficile associated disease,1,1,0,1,reduced,1.0,1,30202057,2018,0.833,False
Rhodotorula,Colorectal cancer,1,1,1,0,elevated,1.0,1,30472682,2019,0.833,False
Rhodotorula,Dandruff,1,0,0,1,reduced,1.0,1,22393454,2012,0.5,False
Rhodotorula,Huntington's Disease,1,0,1,0,elevated,1.0,1,31798558,2019,0.667,False
Rhodotorula,Osteoarthritis,1,0,1,0,elevated,1.0,1,30250232,2018,0.667,False
Rhynchogastrema,Caries,1,0,0,1,reduced,1.0,1,31953340,2020,0.667,False
Rickenellaceae,Cirrhosis,1,1,0,1,reduced,1.0,1,30905718,2019,0.833,False
Rikenella,Osmotic diarrhea,1,1,0,1,reduced,1.0,1,23409050,2013,0.667,True
Rikenellaceae,Aggressive periodontitis,1,0,0,1,reduced,1.0,1,28260061,2017,0.5,False
Rikenellaceae,Ankylosing spondylitis,1,0,1,0,elevated,1.0,1,25417597,2015,0.333,False
Rikenellaceae,Anovulation,1,1,0,1,reduced,1.0,1,30773302,2019,0.667,False
Rikenellaceae,Arsenic exposure,1,1,0,1,reduced,1.0,1,30135504,2018,0.667,False
Rikenellaceae,Autoimmune hepatitis,1,1,0,1,reduced,1.0,1,31201284,2019,0.833,False
Rikenellaceae,Chronic kidney disease,1,1,0,1,reduced,1.0,1,32241215,2020,0.833,False
Rikenellaceae,Clostridium difficile infection,1,1,0,1,reduced,1.0,1,30540709,2019,0.667,False
Rikenellaceae,Colorectal cancer,1,0,0,1,reduced,1.0,1,26170900,2015,0.833,False
Rikenellaceae,Crohn's Disease,1,0,0,1,reduced,1.0,1,26574491,2016,0.833,False
Rikenellaceae,Graves' disease,1,1,0,1,reduced,1.0,1,6158725,2018,0.667,False
Rikenellaceae,Helicobacter pylori infection,1,1,1,0,elevated,1.0,1,31211818,2019,0.5,False
Rikenellaceae,Inflammatory Bowel Disease,1,1,0,1,reduced,1.0,1,26843508,2017,0.833,False
Rikenellaceae,Parkinson's Disease,1,1,1,0,elevated,1.0,1,29501802,2018,0.667,False
Rikenellaceae,Primary biliary cholangitis,1,1,0,1,reduced,1.0,1,30900136,2019,0.667,False
Rikenellaceae,Schizophrenia,1,1,0,1,reduced,1.0,1,31255682,2019,0.833,False
Rikenellaceae,Thyroid carcinoma,1,1,0,1,reduced,1.0,1,30584647,2019,0.833,False
Rikenellaceae,Transient Ischemic Attack,1,1,1,0,elevated,1.0,1,26597155,2015,0.833,False
Rikenellaceae,Ulcerative Colitis,1,0,0,1,reduced,1.0,1,28852861,2018,0.833,False
Robinsoniella,Non-alcoholic fatty liver disease,1,1,1,0,elevated,1.0,1,23454028,2013,0.667,True
Romboutsia,Asthma,1,0,1,0,elevated,1.0,1,29031597,2018,0.5,True
Romboutsia,Autism spectrum disorders,1,1,0,1,reduced,1.0,1,30670726,2019,0.833,True
Romboutsia,Chronic kidney disease,1,1,0,1,reduced,1.0,1,30088332,2018,0.667,True
Romboutsia,Covid-19,1,1,0,1,reduced,1.0,1,32497191,2020,0.833,True
Romboutsia,HIV infection,1,1,0,1,reduced,1.0,1,31894240,2020,0.833,True
Romboutsia,Hashimoto's thyroiditis,1,1,1,0,elevated,1.0,1,29320965,2018,0.833,True
Romboutsia,Microscopic colitis,1,1,0,1,reduced,1.0,1,31009268,2019,0.833,True
Romboutsia,Neuromyelitis optica,1,1,0,1,reduced,1.0,1,31841737,2020,0.833,True
Romboutsia,Obesity,1,1,1,0,elevated,1.0,1,31530820,2019,0.833,True
Roseateles,Psoriasis,1,0,1,0,elevated,1.0,1,30185226,2018,0.667,True
Roseburia,Acquired Immunodeficiency Syndrome,1,1,0,1,reduced,1.0,1,29411528,2018,0.833,True
Roseburia,Aerobic vaginitis,1,0,1,0,elevated,1.0,1,31955954,2020,0.833,True
Roseburia,Allergy,1,1,1,0,elevated,1.0,1,29786876,2019,0.667,True
Roseburia,Amyotrophic lateral sclerosis,1,1,0,1,reduced,1.0,1,33135936,2021,0.5,True
Roseburia,Anorexia Nervosa,1,1,0,1,reduced,1.0,1,28636668,2017,0.833,True
Roseburia,Anovulation,1,1,0,1,reduced,1.0,1,30773302,2019,0.667,True
Roseburia,Asthma,1,0,1,0,elevated,1.0,1,29031597,2018,0.5,True
Roseburia,Atrophic gastritis,1,1,0,1,reduced,1.0,1,31781514,2019,0.833,True
Roseburia,Autism spectrum disorders,1,1,1,0,elevated,1.0,1,30619212,2018,0.833,True
Roseburia,Behcet's Disease,1,1,0,1,reduced,1.0,1,25435420,2015,0.667,True
Roseburia,Bipolar disorder,1,1,0,1,reduced,1.0,1,31380217,2019,0.833,True
Roseburia,Bladder cancer,1,0,1,0,elevated,1.0,1,30108246,2018,0.833,True
Roseburia,"Celiac Disease, Coaliac disease",1,1,1,0,elevated,1.0,1,32294965,2020,0.833,True
Roseburia,Cervical cancer,1,1,1,0,elevated,1.0,1,6431307,2019,0.833,True
Roseburia,Chagas' disease,1,1,1,0,elevated,1.0,1,30807605,2019,0.667,True
Roseburia,Cholestasis,1,1,0,1,reduced,1.0,1,30483228,2018,0.667,True
Roseburia,Chronic alcoholic pancreatitis,1,1,0,1,reduced,1.0,1,29555983,2018,0.833,True
Roseburia,Chronic stress,1,1,1,0,elevated,1.0,1,31112792,2019,0.667,True
Roseburia,Coronary artery disease,1,1,0,1,reduced,1.0,1,30192713,2018,0.833,True
Roseburia,Covid-19,1,1,0,1,reduced,1.0,1,7314193,2020,0.833,True
Roseburia,Drug-resistant Epilepsy,1,1,1,0,elevated,1.0,1,30291996,2018,0.833,True
Roseburia,Fatigue,1,1,0,1,reduced,1.0,1,32184182,2020,0.833,True
Roseburia,Fibromyalgia,1,1,1,0,elevated,1.0,1,31327695,2019,0.833,True
Roseburia,Gastric carcinoma,1,1,0,1,reduced,1.0,1,30535886,2019,0.833,True
Roseburia,Glycogen storage disease,1,1,0,1,reduced,1.0,1,30939160,2019,0.833,True
Roseburia,"Hand, foot and mouth disease",1,1,0,1,reduced,1.0,1,30427066,2018,0.833,True
Roseburia,Hashimoto's thyroiditis,1,1,1,0,elevated,1.0,1,29320965,2018,0.833,True
Roseburia,Helicobacter pylori infection,1,0,0,1,reduced,1.0,1,30734438,2019,0.667,True
Roseburia,Henoch-Schönlein Purpura,1,1,0,1,reduced,1.0,1,,2018,0.833,True
Roseburia,Hepatic encephalopathy,1,0,0,1,reduced,1.0,1,22821944,2012,0.833,True
Roseburia,Hyperlipidemia,1,1,0,1,reduced,1.0,1,29566154,2018,0.833,True
Roseburia,Idiopathic central precocious puberty,1,1,1,0,elevated,1.0,1,6987398,2020,0.833,True
Roseburia,Inactive Crohn's Disease,1,1,0,1,reduced,1.0,1,24398881,2014,0.667,True
Roseburia,Infantile eczema,1,1,1,0,elevated,1.0,1,27812181,2016,0.667,True
Roseburia,Ischemic stroke,1,1,0,1,reduced,1.0,1,32473086,2020,0.833,True
Roseburia,Keratitis,1,1,0,1,reduced,1.0,1,6014669,2018,0.833,True
Roseburia,Lung cancer,1,1,0,1,reduced,1.0,1,32240032,2020,0.833,True
Roseburia,Maturity-onset diabetes of the young 2,1,1,0,1,reduced,1.0,1,30224347,2018,0.833,True
Roseburia,Multiple system atrophy,1,1,1,0,elevated,1.0,1,31680836,2019,0.833,True
Roseburia,Neuromyelitis optica,1,1,0,1,reduced,1.0,1,31841737,2020,0.833,True
Roseburia,Non alcoholic steatohepatitis,1,1,0,1,reduced,1.0,1,23055155,2013,0.667,True
Roseburia,Osteoporosis,1,1,0,1,reduced,1.0,1,30666372,2019,0.833,True
Roseburia,Postmenopausal,1,1,0,1,reduced,1.0,1,31273779,2019,0.667,True
Roseburia,Posttraumatic stress syndrome,1,1,0,1,reduced,1.0,1,31460790,2019,0.833,True
Roseburia,Pulmonary arterial hypertension,1,1,1,0,elevated,1.0,1,32088998,2020,0.5,True
Roseburia,Reactive arthritis,1,1,0,1,reduced,1.0,1,29073348,2018,0.833,True
Roseburia,Schizophrenia,1,1,0,1,reduced,1.0,1,29352709,2018,0.833,True
Roseburia,Severe fever with thrombocytopenia syndrome,1,1,1,0,elevated,1.0,1,30327643,2018,0.833,True
Roseburia,Short Bowel Syndrome,1,1,0,1,reduced,1.0,1,28425133,2017,0.833,True
Roseburia,Spinal cord injury,1,1,0,1,reduced,1.0,1,26752409,2016,0.833,True
Roseburia,Stevens-Johnson syndrome,1,0,1,0,elevated,1.0,1,32152391,2020,0.833,True
Roseburia,Systemic lupus erythematosus,1,1,0,1,reduced,1.0,1,30872359,2019,0.833,True
Roseburia,T2D with hypertension,1,0,1,0,elevated,1.0,1,28316574,2017,0.667,True
Roseburia,Uveitits,1,1,0,1,reduced,1.0,1,29625474,2018,0.667,True
Roseburia,Wilson's Disease,1,1,0,1,reduced,1.0,1,30075590,2018,0.833,True
Roseolovirus,Systemic sclerosis,1,0,1,0,elevated,1.0,1,30728065,2019,0.833,False
Roseomonas,Bladder cancer,1,0,0,1,reduced,1.0,1,29904624,2018,0.833,True
Roseomonas,Psoriasis,1,0,1,0,elevated,1.0,1,30185226,2018,0.667,True
Roseomonas,Vitiligo,1,0,1,0,elevated,1.0,1,26758568,2016,0.667,True
Rothia,Aggressive periodontitis,1,0,0,1,reduced,1.0,1,30710838,2019,0.833,True
Rothia,Alcoholism,1,1,1,0,elevated,1.0,1,30894059,2019,0.833,True
Rothia,Ankylosing spondylitis,1,1,1,0,elevated,1.0,1,28750650,2017,0.667,True
Rothia,Atopic dermatitis,1,0,0,1,reduced,1.0,1,31152265,2019,0.667,True
Rothia,Behcet's Disease,1,0,1,0,elevated,1.0,1,26037240,2015,0.5,True
Rothia,Bronchiectasis,1,0,0,1,reduced,1.0,1,30423913,2018,0.833,True
Rothia,"Celiac Disease, Coaliac disease",1,0,0,1,reduced,1.0,1,32294965,2020,0.833,True
Rothia,Chronic kidney disease,1,0,1,0,elevated,1.0,1,30300382,2018,0.833,True
Rothia,Covid-19,1,1,1,0,elevated,1.0,1,32497191,2020,0.833,True
Rothia,Crohn's Disease,1,0,1,0,elevated,1.0,1,,2015,0.667,True
Rothia,Cystic Fibrosis,1,0,0,1,reduced,1.0,1,29445257,2017,0.833,True
Rothia,Edentulism,1,0,0,1,reduced,1.0,1,30657624,2019,0.833,True
Rothia,Gastrointestinal follicular lymphoma,1,0,0,1,reduced,1.0,1,31990065,2020,0.5,True
Rothia,Gestational diabetes,1,1,1,0,elevated,1.0,1,29764499,2019,0.833,True
Rothia,HIV infection,1,0,1,0,elevated,1.0,1,29808701,2019,0.667,True
Rothia,Helicobacter pylori infection,1,0,0,1,reduced,1.0,1,28120843,2017,0.833,True
Rothia,Hepatocellular cancer,1,1,0,1,reduced,1.0,1,30045880,2018,0.833,True
Rothia,Influenza A,1,0,0,1,reduced,1.0,1,30581863,2018,0.833,True
Rothia,Invasive pneumococcal disease,1,0,1,0,elevated,1.0,1,6360994,2019,0.833,True
Rothia,Kawasaki disease,1,1,0,1,reduced,1.0,1,26322033,2015,0.5,True
Rothia,Laryngeal carcinoma,1,0,0,1,reduced,1.0,1,25239901,2014,0.667,True
Rothia,Lung cancer,1,1,0,1,reduced,1.0,1,32240032,2020,0.833,True
Rothia,Macular degeneration,1,0,1,0,elevated,1.0,1,32123200,2020,0.833,True
Rothia,Mucosa-associated lymphoid tissue lymphoma,1,0,1,0,elevated,1.0,1,,2019,0.833,True
Rothia,Obesity,1,0,0,1,reduced,1.0,1,29576948,2018,0.833,True
Rothia,Oral lichen planus,1,0,0,1,reduced,1.0,1,4785528,2016,0.667,True
Rothia,Osteoarthritis,1,0,1,0,elevated,1.0,1,30250232,2018,0.667,True
Rothia,Pancreatic head cancer,1,0,1,0,elevated,1.0,1,30728915,2019,0.833,True
Rothia,Parkinson's Disease,1,0,0,1,reduced,1.0,1,28259623,2017,0.833,True
Rothia,Periodontal disease,1,0,0,1,reduced,1.0,1,31329044,2019,0.833,True
Rothia,Pneumonia,1,0,1,0,elevated,1.0,1,26151645,2016,0.667,True
Rothia,Preterm birth,1,1,1,0,elevated,1.0,1,30464016,2019,0.667,True
Rothia,Pulmonary tubercolosis,1,0,1,0,elevated,1.0,1,27142586,2016,0.667,True
Rothia,Sjögren Syndrome,1,0,0,1,reduced,1.0,1,6166617,2018,0.833,True
Rothia,Tongue cancer,1,0,1,0,elevated,1.0,1,29228609,2017,0.667,True
Rothia,Ulcerative Colitis,1,1,1,0,elevated,1.0,1,31055592,2019,0.833,True
Rothia,X-linked inhibitor of apoptosis deficiency,1,1,1,0,elevated,1.0,1,30312711,2019,0.333,True
Rubellimicrobium,Asthma,1,0,1,0,elevated,1.0,1,30911282,2019,0.833,True
Rubellimicrobium,Mucosa-associated lymphoid tissue lymphoma,1,0,0,1,reduced,1.0,1,,2019,0.833,True
Rubellimicrobium,Parkinson's Disease,1,1,0,1,reduced,1.0,1,29776865,2018,0.667,True
Rubellimicrobium,Type 2 Diabetes,1,0,1,0,elevated,1.0,1,31438919,2019,0.833,True
Rubrobacter,Bladder cancer,1,0,1,0,elevated,1.0,1,29904624,2018,0.833,True
Rubrobacter,Type 2 Diabetes,1,0,0,1,reduced,1.0,1,23300163,2013,0.5,True
Ruminiclostridium,Acquired Immunodeficiency Syndrome,1,1,0,1,reduced,1.0,1,29411528,2018,0.833,True
Ruminiclostridium,Autism spectrum disorders,1,1,0,1,reduced,1.0,1,30670726,2019,0.833,True
Ruminiclostridium,Bladder cancer,1,0,0,1,reduced,1.0,1,29904624,2018,0.833,True
Ruminiclostridium,Chronic kidney disease,1,1,1,0,elevated,1.0,1,30088332,2018,0.667,True
Ruminiclostridium,Crohn's Disease,1,0,0,1,reduced,1.0,1,30519287,2018,0.833,True
Ruminiclostridium,Hepatocellular cancer,1,1,1,0,elevated,1.0,1,30675188,2019,0.833,True
Ruminiclostridium,Kidney stone,1,1,0,1,reduced,1.0,1,29353409,2018,0.833,True
Ruminiclostridium,Microscopic colitis,1,1,0,1,reduced,1.0,1,31009268,2019,0.833,True
Ruminiclostridium,Non-alcoholic fatty liver disease,1,1,0,1,reduced,1.0,1,31921729,2019,0.833,True
Ruminiclostridium,Obesity,1,1,0,1,reduced,1.0,1,31921729,2019,0.833,True
Ruminiclostridium,Primary sclerosing cholangitis,1,1,0,1,reduced,1.0,1,31003979,2019,0.833,True
Ruminiclostridium,Short Bowel Syndrome,1,1,0,1,reduced,1.0,1,28501098,2017,0.833,True
Ruminoclostridium,Autism spectrum disorders,1,1,1,0,elevated,1.0,1,30701194,2019,0.833,False
Ruminococcaceae,Allergy,1,1,0,1,reduced,1.0,1,7810484,2021,0.5,False
Ruminococcaceae,Alzheimer's Disease,1,1,1,0,elevated,1.0,1,29758946,2018,0.833,False
Ruminococcaceae,Ankylosing spondylitis,1,0,1,0,elevated,1.0,1,25417597,2015,0.333,False
Ruminococcaceae,Autoimmune hepatitis,1,1,0,1,reduced,1.0,1,31201284,2019,0.833,False
Ruminococcaceae,Autoimmune polyendocrine syndrome type 1,1,0,0,1,reduced,1.0,1,29503707,2018,0.833,False
Ruminococcaceae,Bipolar disorder,1,1,0,1,reduced,1.0,1,30051546,2019,0.833,False
Ruminococcaceae,COPD Exacerbation,1,0,0,1,reduced,1.0,1,31782610,2020,0.833,False
Ruminococcaceae,Cardiac valve calcification,1,1,0,1,reduced,1.0,1,30897381,2019,0.833,False
Ruminococcaceae,Chronic Rhinosinusitis,1,0,0,1,reduced,1.0,1,26272413,2015,0.667,False
Ruminococcaceae,Chronic fatigue syndrome,1,1,0,1,reduced,1.0,1,27338587,2016,0.667,False
Ruminococcaceae,Chronic kidney disease,1,1,0,1,reduced,1.0,1,32241215,2020,0.833,False
Ruminococcaceae,Chronic urticaria,1,1,0,1,reduced,1.0,1,32154184,2020,0.833,False
Ruminococcaceae,Clostridium difficile infection,1,1,0,1,reduced,1.0,1,4863157,2016,0.833,False
Ruminococcaceae,Collagenous colitis,1,1,0,1,reduced,1.0,1,31343467,2019,0.833,False
Ruminococcaceae,Coronary Heart Disease,1,1,1,0,elevated,1.0,1,30202890,2019,0.667,False
Ruminococcaceae,Covid-19,1,1,0,1,reduced,1.0,1,32497191,2020,0.833,False
Ruminococcaceae,Crohn's Disease,1,1,0,1,reduced,1.0,1,23013615,2012,0.833,False
Ruminococcaceae,Cystic Fibrosis,1,0,0,1,reduced,1.0,1,29445257,2017,0.833,False
Ruminococcaceae,Diverticular disease,1,1,1,0,elevated,1.0,1,29533950,2018,0.833,False
Ruminococcaceae,Fibromyalgia,1,1,1,0,elevated,1.0,1,31219947,2019,0.833,False
Ruminococcaceae,Gastric carcinoma,1,1,1,0,elevated,1.0,1,30535886,2019,0.833,False
Ruminococcaceae,Generalized anxiety disorder,1,1,0,1,reduced,1.0,1,31437702,2019,0.833,False
Ruminococcaceae,Gestational diabetes,1,1,0,1,reduced,1.0,1,32175285,2020,0.833,False
Ruminococcaceae,H1N1 Influenza,1,1,0,1,reduced,1.0,1,32497191,2020,0.833,False
Ruminococcaceae,Hepatocellular cancer,1,1,1,0,elevated,1.0,1,30675188,2019,0.833,False
Ruminococcaceae,Hirschsprung's disease,1,1,0,1,reduced,1.0,1,29652728,2018,0.833,False
Ruminococcaceae,Inflammatory Bowel Disease,1,1,0,1,reduced,1.0,1,6650632,2019,0.833,False
Ruminococcaceae,Juvenile Idiopathic Arthritis,1,1,1,0,elevated,1.0,1,5080347,2016,0.667,False
Ruminococcaceae,Juvenile idiopathic arthritis,1,1,1,0,elevated,1.0,1,30592383,2019,0.833,False
Ruminococcaceae,Liver fibrosis,1,1,0,1,reduced,1.0,1,27639192,2016,0.833,False
Ruminococcaceae,Multiple Sclerosis,1,1,0,1,reduced,1.0,1,27176462,2016,0.833,False
Ruminococcaceae,Non alcoholic steatohepatitis,1,1,0,1,reduced,1.0,1,32204538,2020,0.833,False
Ruminococcaceae,Non-alcoholic fatty liver disease,1,1,0,1,reduced,1.0,1,32066758,2020,0.667,False
Ruminococcaceae,Obesity,1,1,0,1,reduced,1.0,1,29280312,2018,0.333,False
Ruminococcaceae,Obstructive sleep apnea-hypopnea syndrome,1,1,0,1,reduced,1.0,1,30957778,2019,0.667,False
Ruminococcaceae,Osteoporosis,1,1,1,0,elevated,1.0,1,28630804,2017,0.833,False
Ruminococcaceae,Pancreatic cancer,1,1,0,1,reduced,1.0,1,31727922,2019,0.833,False
Ruminococcaceae,Polycystic Ovary Syndrome,1,1,0,1,reduced,1.0,1,28293234,2017,0.667,False
Ruminococcaceae,Pouchitis,1,0,0,1,reduced,1.0,1,26026389,2015,0.667,False
Ruminococcaceae,Psoriasis,1,1,0,1,reduced,1.0,1,25319745,2015,0.667,False
Ruminococcaceae,Schizophrenia,1,1,0,1,reduced,1.0,1,30775438,2019,0.833,False
Ruminococcaceae,Short Bowel Syndrome,1,1,0,1,reduced,1.0,1,28425133,2017,0.833,False
Ruminococcaceae,Sicca syndrome,1,0,1,0,elevated,1.0,1,31211815,2019,0.833,False
Ruminococcaceae,Sjögren Syndrome,1,0,0,1,reduced,1.0,1,30060225,2018,0.667,False
Ruminococcaceae,Tetratricopeptide repeat domain 7A deficiency,1,1,0,1,reduced,1.0,1,30312711,2019,0.333,False
Ruminococcaceae,Type 2 Diabetes,1,0,1,0,elevated,1.0,1,31263683,2019,0.667,False
Ruminococcaceae,Ulcerative Colitis,1,0,1,0,elevated,1.0,1,25596182,2015,0.833,False
Ruminococcaceae,Urogenital Schistosomiasis,1,1,0,1,reduced,1.0,1,30696838,2019,0.833,False
Ruminococcus,Aggressive periodontitis,1,0,0,1,reduced,1.0,1,28260061,2017,0.5,True
Ruminococcus,Alcoholic hepatitis,1,1,0,1,reduced,1.0,1,29555983,2018,0.833,True
Ruminococcus,Alcoholism,1,1,0,1,reduced,1.0,1,31951082,2020,0.833,True
Ruminococcus,Allergy,1,1,1,0,elevated,1.0,1,28912020,2018,0.667,True
Ruminococcus,Alzheimer's Disease,1,1,0,1,reduced,1.0,1,31063846,2019,0.833,True
Ruminococcus,Amyotrophic lateral sclerosis,1,1,0,1,reduced,1.0,1,5617930,2017,0.5,True
Ruminococcus,Ankylosing spondylitis,1,1,0,1,reduced,1.0,1,31377126,2019,0.667,True
Ruminococcus,Anorexia Nervosa,1,1,0,1,reduced,1.0,1,28636668,2017,0.833,True
Ruminococcus,Anovulation,1,1,0,1,reduced,1.0,1,30773302,2019,0.667,True
Ruminococcus,Arsenic exposure,1,1,1,0,elevated,1.0,1,30135504,2018,0.667,True
Ruminococcus,Asthma,1,0,1,0,elevated,1.0,1,29031597,2018,0.5,True
Ruminococcus,Atherosclerosis,1,1,1,0,elevated,1.0,1,29018189,2017,0.667,True
Ruminococcus,Atopic wheeze,1,1,1,0,elevated,1.0,1,29241587,2017,0.833,True
Ruminococcus,Attention Deficit Hyperactivity Disorder,1,1,0,1,reduced,1.0,1,32132899,2020,0.833,True
Ruminococcus,Autism spectrum disorders,1,1,1,0,elevated,1.0,1,30619212,2018,0.833,True
Ruminococcus,Bipolar disorder,1,1,0,1,reduced,1.0,1,31380217,2019,0.833,True
Ruminococcus,Cervical cancer,1,1,1,0,elevated,1.0,1,6431307,2019,0.833,True
Ruminococcus,Cholestasis,1,1,0,1,reduced,1.0,1,31848302,2019,0.833,True
Ruminococcus,Chronic alcoholic pancreatitis,1,1,0,1,reduced,1.0,1,29555983,2018,0.833,True
Ruminococcus,Chronic fatigue syndrome,1,1,0,1,reduced,1.0,1,23791918,2013,0.667,True
Ruminococcus,Chronic granulomatous disease,1,1,1,0,elevated,1.0,1,30312711,2019,0.333,True
Ruminococcus,Clonorchis sinensis infection,1,1,1,0,elevated,1.0,1,30323795,2018,0.833,True
Ruminococcus,Clostridium difficile infection,1,1,1,0,elevated,1.0,1,30540709,2019,0.667,True
Ruminococcus,Colon adenomas,1,0,1,0,elevated,1.0,1,20740058,2010,0.667,True
Ruminococcus,Constipation,1,1,1,0,elevated,1.0,1,25073603,2014,0.833,True
Ruminococcus,Covid-19,1,1,0,1,reduced,1.0,1,7314193,2020,0.833,True
Ruminococcus,Drug-resistant Epilepsy,1,1,1,0,elevated,1.0,1,30291996,2018,0.833,True
Ruminococcus,Endometrial cancer,1,0,1,0,elevated,1.0,1,27884207,2016,0.333,True
Ruminococcus,Generalized anxiety disorder,1,1,1,0,elevated,1.0,1,30029052,2018,0.833,True
Ruminococcus,Gestational diabetes,1,1,0,1,reduced,1.0,1,29764499,2019,0.833,True
Ruminococcus,Glycogen storage disease,1,1,1,0,elevated,1.0,1,30939160,2019,0.833,True
Ruminococcus,Graves' orbitopathy,1,1,0,1,reduced,1.0,1,30674011,2019,0.833,True
Ruminococcus,"Hand, foot and mouth disease",1,1,0,1,reduced,1.0,1,30427066,2018,0.833,True
Ruminococcus,Hashimoto's thyroiditis,1,1,1,0,elevated,1.0,1,29320965,2018,0.833,True
Ruminococcus,Head/Neck cancer,1,0,1,0,elevated,1.0,1,32071121,2020,0.833,True
Ruminococcus,Hepatic encephalopathy,1,1,0,1,reduced,1.0,1,29923681,2018,0.833,True
Ruminococcus,Hepatitis C,1,1,0,1,reduced,1.0,1,27625705,2016,0.667,True
Ruminococcus,Hepatocellular cancer,1,1,1,0,elevated,1.0,1,30045880,2018,0.833,True
Ruminococcus,Human end-stage renal disease,1,1,1,0,elevated,1.0,1,32241904,2020,0.833,True
Ruminococcus,Hypertension,1,1,0,1,reduced,1.0,1,29507058,2018,0.833,True
Ruminococcus,Idiopathic focal epilepsy,1,1,0,1,reduced,1.0,1,31730997,2020,0.833,True
Ruminococcus,Infantile eczema,1,1,0,1,reduced,1.0,1,27812181,2016,0.667,True
Ruminococcus,Interstitial cystitis,1,0,0,1,reduced,1.0,1,22974186,2012,0.5,True
Ruminococcus,Kawasaki disease,1,1,1,0,elevated,1.0,1,26322033,2015,0.5,True
Ruminococcus,Kidney stone,1,1,0,1,reduced,1.0,1,29353409,2018,0.833,True
Ruminococcus,Macular degeneration,1,1,1,0,elevated,1.0,1,28094305,2017,0.833,True
Ruminococcus,Major depressive disorder,1,1,0,1,reduced,1.0,1,25882912,2015,0.833,True
Ruminococcus,Metabolic syndrome,1,1,0,1,reduced,1.0,1,30924020,2019,0.833,True
Ruminococcus,Microscopic colitis,1,1,0,1,reduced,1.0,1,31009268,2019,0.833,True
Ruminococcus,Migraine,1,1,1,0,elevated,1.0,1,32083024,2020,0.833,True
Ruminococcus,Neuromyelitis optica,1,1,1,0,elevated,1.0,1,27398819,2016,0.667,True
Ruminococcus,Pancreatitis,1,1,0,1,reduced,1.0,1,5334648,2017,0.833,True
Ruminococcus,Pervasive developmental disorder NOS,1,1,0,1,reduced,1.0,1,24130822,2013,0.667,True
Ruminococcus,Polycystic Ovary Syndrome,1,1,1,0,elevated,1.0,1,30292647,2019,0.667,True
Ruminococcus,Posttraumatic stress syndrome,1,1,0,1,reduced,1.0,1,31460790,2019,0.833,True
Ruminococcus,Preeclamsia,1,1,1,0,elevated,1.0,1,6608563,2019,0.833,True
Ruminococcus,Primary biliary cirrhosis,1,1,0,1,reduced,1.0,1,27243236,2016,0.833,True
Ruminococcus,Primary liver cancer,1,1,1,0,elevated,1.0,1,30661942,2019,0.833,True
Ruminococcus,Psoriatic Arthritis,1,1,0,1,reduced,1.0,1,25319745,2015,0.667,True
Ruminococcus,Pulmonary arterial hypertension,1,1,1,0,elevated,1.0,1,32088998,2020,0.5,True
Ruminococcus,Rett Syndrome,1,1,0,1,reduced,1.0,1,4967335,2016,0.667,True
Ruminococcus,Severe fever with thrombocytopenia syndrome,1,1,0,1,reduced,1.0,1,30327643,2018,0.833,True
Ruminococcus,Stevens-Johnson syndrome,1,0,1,0,elevated,1.0,1,32152391,2020,0.833,True
Ruminococcus,Stomach cancer,1,1,1,0,elevated,1.0,1,29995183,2018,0.5,True
Ruminococcus,T2D with hypertension,1,0,1,0,elevated,1.0,1,28316574,2017,0.667,True
Ruminococcus,Type 1 Diabetes,1,1,1,0,elevated,1.0,1,30224347,2018,0.833,True
Ruminococcus,Uveitits,1,1,0,1,reduced,1.0,1,30262956,2018,0.0,True
Ruminofilibacter,Silicosis,1,1,0,1,reduced,1.0,1,30867671,2019,0.833,False
Russulaceae,Cirrhosis,1,1,0,1,reduced,1.0,1,28578302,2018,0.833,False
Ruthenibacterium,Fibromyalgia,1,1,1,0,elevated,1.0,1,31219947,2019,0.833,True
SR1,Halitosis,1,0,1,0,elevated,1.0,1,28875948,2017,0.833,False
SR1,Oral cancer,1,0,0,1,reduced,1.0,1,21205002,2011,0.833,False
Saccharibacter,Drug-resistant Epilepsy,1,1,1,0,elevated,1.0,1,30291996,2018,0.833,True
Saccharibacter,Hepatic encephalopathy,1,0,0,1,reduced,1.0,1,30816877,2019,0.833,True
Saccharomyces,Alcoholic hepatitis,1,1,0,1,reduced,1.0,1,31228214,2019,0.833,False
Saccharomyces,Inflammatory Bowel Disease,1,1,0,1,reduced,1.0,1,26843508,2017,0.833,False
Saccharomyces,Parkinson's Disease,1,0,1,0,elevated,1.0,1,31247001,2019,0.833,False
Saccharomyces,Primary sclerosing cholangitis,1,1,0,1,reduced,1.0,1,31003979,2019,0.833,False
Saccharomyces,Type 1 Diabetes,1,1,1,0,elevated,1.0,1,32265922,2020,0.667,False
Saccharomyces,Uveitits,1,1,1,0,elevated,1.0,1,30938773,2019,0.667,False
Saccharophagus,Schizophrenia,1,1,1,0,elevated,1.0,1,28442250,2018,0.833,True
Salinivibrio,Stevens-Johnson syndrome,1,0,1,0,elevated,1.0,1,32152391,2020,0.833,True
Salmonella,Breast cancer,1,0,1,0,elevated,1.0,1,29190829,2017,0.5,True
Salmonella,"Celiac Disease, Coaliac disease",1,1,1,0,elevated,1.0,1,21970810,2011,0.667,True
Salmonella,Colon adenomas,1,1,0,1,reduced,1.0,1,30794590,2019,0.833,True
Salmonella,Crohn's Disease,1,1,1,0,elevated,1.0,1,3329531,2012,0.833,True
Salmonella,HIV infection,1,0,1,0,elevated,1.0,1,23843452,2013,0.667,True
Salmonella,Hypertension,1,1,1,0,elevated,1.0,1,28884091,2017,0.833,True
Salmonella,Parkinson's Disease,1,1,1,0,elevated,1.0,1,31174953,2019,0.667,True
Salmonella,Preeclamsia,1,0,1,0,elevated,1.0,1,25492799,2014,0.667,True
Salmonella,Primary biliary cholangitis,1,1,1,0,elevated,1.0,1,30900136,2019,0.667,True
Sanguibacter,Asthma,1,0,0,1,reduced,1.0,1,30911282,2019,0.833,True
Saprolegnia,Crohn's Disease,1,0,1,0,elevated,1.0,1,28852861,2018,0.833,False
Sarcandra,Asthma,1,0,1,0,elevated,1.0,1,30911282,2019,0.833,False
Sarcina,Crohn's Disease,1,1,0,1,reduced,1.0,1,26789999,2016,0.667,False
Sarcina,Pressure ulcers,1,0,1,0,elevated,1.0,1,32249804,2020,0.833,False
Scardovia,Chronic kidney disease,1,0,1,0,elevated,1.0,1,30300382,2018,0.833,True
Scardovia,Multiple system atrophy,1,1,1,0,elevated,1.0,1,31381527,2019,0.667,True
Scardovia,Parkinson's Disease,1,0,1,0,elevated,1.0,1,31247001,2019,0.833,True
Scardovia,Sjögren Syndrome,1,0,1,0,elevated,1.0,1,30060225,2018,0.667,True
Scardovia,X-linked inhibitor of apoptosis deficiency,1,1,1,0,elevated,1.0,1,30312711,2019,0.333,True
Scedosporium,Cystic fibrosis exacerbation,1,0,0,1,reduced,1.0,1,32108159,2020,0.667,False
Scedosporium,Schizophrenia,1,1,0,1,reduced,1.0,1,31759045,2020,0.833,False
Schlegelella,Invasive colorectal cancer,1,1,1,0,elevated,1.0,1,31609493,2020,0.667,True
Schlegelella,Laryngeal carcinoma,1,0,1,0,elevated,1.0,1,23824228,2013,0.833,True
Schlegelella,Obstructive sleep apnea-hypopnea syndrome,1,0,1,0,elevated,1.0,1,30976074,2019,0.667,True
Schlegelella,Pressure ulcers,1,0,1,0,elevated,1.0,1,32249804,2020,0.833,True
Schwartzia,periodontitis,1,0,1,0,elevated,1.0,1,31502122,2020,0.833,True
Sclerodermataceae,Cirrhosis,1,1,0,1,reduced,1.0,1,28578302,2018,0.833,False
Sclerotiniaceae,Oral lichen planus,1,0,1,0,elevated,1.0,1,31263096,2019,0.667,False
Sediminibacterium,Chronic kidney disease,1,0,1,0,elevated,1.0,1,30962186,2019,0.833,True
Sediminibacterium,Parkinson's Disease,1,1,0,1,reduced,1.0,1,29501802,2018,0.667,True
Sediminibacterium,Type 2 Diabetes,1,0,1,0,elevated,1.0,1,30714640,2019,0.833,True
Selenomonas,Aggressive periodontitis,1,0,1,0,elevated,1.0,1,30710838,2019,0.833,True
Selenomonas,Autism spectrum disorders,1,0,0,1,reduced,1.0,1,29371629,2018,0.833,True
Selenomonas,Behcet's Disease,1,0,0,1,reduced,1.0,1,27283393,2016,0.833,True
Selenomonas,"Celiac Disease, Coaliac disease",1,0,0,1,reduced,1.0,1,24657864,2014,0.667,True
Selenomonas,Cirrhosis,1,0,0,1,reduced,1.0,1,26606973,2015,0.833,True
Selenomonas,Colorectal cancer,1,1,1,0,elevated,1.0,1,31171880,2019,0.667,True
Selenomonas,Cystic Fibrosis,1,0,1,0,elevated,1.0,1,29445257,2017,0.833,True
Selenomonas,Dandruff,1,0,1,0,elevated,1.0,1,27909689,2016,0.667,True
Selenomonas,Down syndrome,1,0,1,0,elevated,1.0,1,22221039,2012,0.667,True
Selenomonas,Gastric carcinoma,1,0,1,0,elevated,1.0,1,30584008,2019,0.833,True
Selenomonas,HIV infection,1,0,1,0,elevated,1.0,1,30290791,2018,0.833,True
Selenomonas,Halitosis,1,0,1,0,elevated,1.0,1,28875948,2017,0.833,True
Selenomonas,Head/Neck cancer,1,0,0,1,reduced,1.0,1,32071121,2020,0.833,True
Selenomonas,Hypopharyngeal cancer,1,0,0,1,reduced,1.0,1,31832691,2020,0.833,True
Selenomonas,Kidney stone with hypertension,1,0,0,1,reduced,1.0,1,32183836,2020,0.833,True
Selenomonas,Oropharyngeal cancer,1,0,0,1,reduced,1.0,1,31832691,2020,0.833,True
Selenomonas,Pancreatic cancer,1,1,1,0,elevated,1.0,1,29221120,2017,0.833,True
Selenomonas,Periodontal abscess,1,0,0,1,reduced,1.0,1,31417518,2019,0.833,True
Selenomonas,Recurrent tonsillitis,1,0,0,1,reduced,1.0,1,23437130,2013,0.833,True
Selenomonas,Systemic lupus erythematosus,1,0,1,0,elevated,1.0,1,28320468,2017,0.833,True
Selenomonas,Uveitits,1,1,1,0,elevated,1.0,1,29625474,2018,0.667,True
Serratia,Bladder cancer,1,0,0,1,reduced,1.0,1,29904624,2018,0.833,True
Serratia,Chronic Obstructive Pulmonary Disease,1,0,1,0,elevated,1.0,1,23071781,2012,0.667,True
Serratia,Chronic alcoholic pancreatitis,1,1,1,0,elevated,1.0,1,29555983,2018,0.833,True
Serratia,Chronic kidney disease,1,0,1,0,elevated,1.0,1,30962186,2019,0.833,True
Serratia,Colorectal cancer,1,0,0,1,reduced,1.0,1,31250341,2019,0.667,True
Serratia,HIV infection,1,0,1,0,elevated,1.0,1,23843452,2013,0.667,True
Serratia,Laryngeal carcinoma,1,0,1,0,elevated,1.0,1,23824228,2013,0.833,True
Serratia,Normal weight obesity,1,1,0,1,reduced,1.0,1,32296838,2020,0.833,True
Serratia,Pancreatitis,1,0,1,0,elevated,1.0,1,29423379,2018,0.667,True
Serratia,Rheumatoid Arthritis,1,0,0,1,reduced,1.0,1,32039040,2020,0.667,True
Serratia,Rosacea,1,0,1,0,elevated,1.0,1,32278334,2020,0.833,True
Serratia,Short Bowel Syndrome,1,1,1,0,elevated,1.0,1,31095575,2019,0.833,True
Shewanella,Cervical cancer,1,1,1,0,elevated,1.0,1,6431307,2019,0.833,True
Shewanella,Chronic Obstructive Pulmonary Disease,1,0,0,1,reduced,1.0,1,27428540,2016,0.667,True
Shewanella,Coronary artery disease,1,1,1,0,elevated,1.0,1,32100534,2020,0.833,True
Shewanella,Endometriosis,1,0,1,0,elevated,1.0,1,7161132,2020,0.667,True
Shewanella,Rheumatoid Arthritis,1,0,1,0,elevated,1.0,1,32039040,2020,0.667,True
Shewanella,Stevens-Johnson syndrome,1,0,0,1,reduced,1.0,1,32152391,2020,0.833,True
Shewanella,Transient Ischemic Attack,1,1,0,1,reduced,1.0,1,26597155,2015,0.833,True
Shewanella,Type 2 Diabetes,1,0,0,1,reduced,1.0,1,28008148,2017,0.833,True
Shigella,Alzheimer's Disease,1,1,1,0,elevated,1.0,1,27776263,2017,0.833,False
Shigella,Aphthous ulcer,1,0,1,0,elevated,1.0,1,32245419,2020,0.833,False
Shigella,Autism,1,1,1,0,elevated,1.0,1,24130822,2013,0.667,False
Shigella,Autism spectrum disorders,1,1,0,1,reduced,1.0,1,30895172,2019,0.833,False
Shigella,Bladder cancer,1,0,1,0,elevated,1.0,1,31568654,2019,0.833,False
Shigella,Caries,1,0,0,1,reduced,1.0,1,30662876,2019,0.667,False
Shigella,"Celiac Disease, Coaliac disease",1,1,1,0,elevated,1.0,1,21970810,2011,0.667,False
Shigella,Chronic pancreatitis,1,1,1,0,elevated,1.0,1,31806503,2019,0.833,False
Shigella,Clostridium difficile infection,1,1,1,0,elevated,1.0,1,4863157,2016,0.833,False
Shigella,Colon adenomas,1,0,1,0,elevated,1.0,1,20740058,2010,0.667,False
Shigella,Coronary artery disease,1,1,1,0,elevated,1.0,1,30192713,2018,0.833,False
Shigella,Diabetic nephropathy,1,1,1,0,elevated,1.0,1,30888537,2019,0.833,False
Shigella,Functional dyspepsia,1,0,1,0,elevated,1.0,1,28761692,2017,0.833,False
Shigella,Generalized anxiety disorder,1,1,1,0,elevated,1.0,1,31437702,2019,0.833,False
Shigella,Gestational diabetes,1,0,1,0,elevated,1.0,1,30421135,2019,0.667,False
Shigella,Glycogen storage disease,1,1,1,0,elevated,1.0,1,30939160,2019,0.833,False
Shigella,Hepatocellular cancer,1,1,1,0,elevated,1.0,1,30675188,2019,0.833,False
Shigella,Hypertension,1,1,1,0,elevated,1.0,1,31173179,2019,0.833,False
Shigella,Infantile eczema,1,1,1,0,elevated,1.0,1,27812181,2016,0.667,False
Shigella,Kidney stone,1,1,1,0,elevated,1.0,1,29353409,2018,0.833,False
Shigella,Multiple Sclerosis,1,1,1,0,elevated,1.0,1,31172918,2019,0.833,False
Shigella,Pancreatitis,1,1,1,0,elevated,1.0,1,30519748,2019,0.833,False
Shigella,Parkinson's Disease,1,1,1,0,elevated,1.0,1,31174953,2019,0.667,False
Shigella,Pemphigus vulgaris,1,1,0,1,reduced,1.0,1,31211854,2019,0.833,False
Shigella,Primary liver cancer,1,1,1,0,elevated,1.0,1,30661942,2019,0.833,False
Shigella,Pulmonary tubercolosis,1,1,1,0,elevated,1.0,1,29322681,2018,0.833,False
Shigella,Rheumatoid Arthritis,1,0,0,1,reduced,1.0,1,32039040,2020,0.667,False
Shigella,Schizophrenia,1,1,1,0,elevated,1.0,1,32065949,2020,0.833,False
Shigella,Silicosis,1,1,0,1,reduced,1.0,1,30867671,2019,0.833,False
Shigella,Thyroid carcinoma,1,1,1,0,elevated,1.0,1,30565661,2019,0.833,False
Shigella,Wiskott-Aldrich syndrome,1,1,1,0,elevated,1.0,1,31267543,2020,0.667,False
Shuttleworthia,Caries,1,0,1,0,elevated,1.0,1,31365560,2019,0.5,True
Shuttleworthia,Human papilloma virus infection,1,0,0,1,reduced,1.0,1,31952112,2020,0.667,True
Shuttleworthia,Hypopharyngeal cancer,1,0,0,1,reduced,1.0,1,31832691,2020,0.833,True
Shuttleworthia,Kaposi's sarcoma,1,0,1,0,elevated,1.0,1,31951641,2020,0.833,True
Shuttleworthia,Oropharyngeal cancer,1,0,0,1,reduced,1.0,1,31832691,2020,0.833,True
Shuttleworthia,Protracted bacterial bronchitis,1,0,1,0,elevated,1.0,1,29984544,2018,0.833,True
Shuttleworthia,Sicca syndrome,1,0,1,0,elevated,1.0,1,30272305,2018,0.833,True
Shuttleworthia,T2D with hypertension,1,0,0,1,reduced,1.0,1,28316574,2017,0.667,True
Shuttleworthia,T2D with hypertension and hyperlipidemia,1,0,0,1,reduced,1.0,1,28316574,2017,0.667,True
Shuttleworthia,Type 2 Diabetes,1,0,1,0,elevated,1.0,1,28008148,2017,0.833,True
Shuttleworthia,periodontitis,1,0,1,0,elevated,1.0,1,19722792,2009,0.833,True
Simonsiella,"Celiac Disease, Coaliac disease",1,0,0,1,reduced,1.0,1,,2017,0.667,True
Simonsiella,Obesity,1,0,0,1,reduced,1.0,1,6467948,2019,0.833,True
Simonsiella,Oral potentially malignant disorder,1,0,1,0,elevated,1.0,1,30054809,2018,0.833,True
Simonsiella,Refractory celiac disease,1,0,0,1,reduced,1.0,1,,2017,0.667,True
Simplicispira,Mucosa-associated lymphoid tissue lymphoma,1,0,1,0,elevated,1.0,1,,2019,0.833,False
Sistotrema,Caries,1,0,0,1,reduced,1.0,1,31953340,2020,0.667,False
Sistotremastrum,Caries,1,0,0,1,reduced,1.0,1,31953340,2020,0.667,False
Skermanella,Asthma,1,0,0,1,reduced,1.0,1,30911282,2019,0.833,True
Skermanella,Vitiligo,1,0,1,0,elevated,1.0,1,26758568,2016,0.667,True
Slackia,Anovulation,1,1,1,0,elevated,1.0,1,30773302,2019,0.667,True
Slackia,Asthma,1,0,0,1,reduced,1.0,1,30911282,2019,0.833,True
Slackia,Chronic kidney disease,1,1,0,1,reduced,1.0,1,28588309,2017,0.833,True
Slackia,Colorectal cancer,1,1,1,0,elevated,1.0,1,22761885,2012,0.833,True
Slackia,Gastric carcinoma,1,0,1,0,elevated,1.0,1,28765474,2018,0.833,True
Slackia,Multiple Sclerosis,1,1,0,1,reduced,1.0,1,31705027,2019,0.833,True
Slackia,Psoriasis,1,1,1,0,elevated,1.0,1,30920647,2019,0.667,True
Sneathia,Aggressive periodontitis,1,0,1,0,elevated,1.0,1,30710838,2019,0.833,True
Sneathia,Cervical cancer,1,0,1,0,elevated,1.0,1,26574055,2015,0.833,True
Sneathia,Chlamydia,1,0,1,0,elevated,1.0,1,31164450,2019,0.833,True
Sneathia,Genitourinary lichen sclerosus,1,0,1,0,elevated,1.0,1,32274566,2020,0.667,True
Sneathia,HIV infection,1,1,1,0,elevated,1.0,1,30915086,2019,0.667,True
Sneathia,Human papilloma virus infection,1,0,0,1,reduced,1.0,1,31952112,2020,0.667,True
Sneathia,Interstitial cystitis,1,0,0,1,reduced,1.0,1,22974186,2012,0.5,True
Sneathia,Nongonococcal urethritis,1,0,1,0,elevated,1.0,1,24220356,2013,0.833,True
Sneathia,Overactive bladder,1,0,1,0,elevated,1.0,1,29230385,2017,0.833,True
Sneathia,Pelvic inflammatory disease,1,0,1,0,elevated,1.0,1,,2018,0.167,True
Sneathia,Primary biliary cholangitis,1,1,1,0,elevated,1.0,1,30900136,2019,0.667,True
Sneathia,T2D with hypertension,1,0,0,1,reduced,1.0,1,28316574,2017,0.667,True
Sneathia,Trichomonas vaginalis infection,1,0,1,0,elevated,1.0,1,23482642,2013,0.833,True
Sneathia,periodontitis,1,0,1,0,elevated,1.0,1,30710838,2019,0.833,True
Snowella,Aggressive periodontitis,1,0,1,0,elevated,1.0,1,30710838,2019,0.833,True
Snowella,periodontitis,1,0,1,0,elevated,1.0,1,30710838,2019,0.833,True
Solibacillus,Intestinal metaplasia,1,0,0,1,reduced,1.0,1,,2019,0.833,True
Solitalea,Type 2 Diabetes,1,0,0,1,reduced,1.0,1,31438919,2019,0.833,True
Solobacterium,Autism spectrum disorders,1,0,0,1,reduced,1.0,1,29371629,2018,0.833,False
Solobacterium,Caries,1,0,1,0,elevated,1.0,1,30210479,2018,0.833,False
Solobacterium,Colorectal cancer,1,1,1,0,elevated,1.0,1,31971861,2020,0.833,False
Solobacterium,Edentulism,1,0,1,0,elevated,1.0,1,27717873,2016,0.5,False
Solobacterium,Obesity,1,1,0,1,reduced,1.0,1,31809363,2020,0.667,False
Solobacterium,Parkinson's Disease,1,0,1,0,elevated,1.0,1,28259623,2017,0.833,False
Sphingobacterium,Aggressive periodontitis,1,0,1,0,elevated,1.0,1,30710838,2019,0.833,True
Sphingobacterium,Bladder cancer,1,0,1,0,elevated,1.0,1,29904624,2018,0.833,True
Sphingobacterium,Colorectal cancer,1,0,0,1,reduced,1.0,1,25699023,2015,0.667,True
Sphingobacterium,Crohn's Disease,1,0,0,1,reduced,1.0,1,29848021,2018,0.833,True
Sphingobacterium,Cystic Fibrosis,1,1,0,1,reduced,1.0,1,22538067,2012,0.5,True
Sphingobacterium,Microscopic colitis,1,0,1,0,elevated,1.0,1,30324555,2018,0.833,True
Sphingobacterium,periodontitis,1,0,1,0,elevated,1.0,1,30710838,2019,0.833,True
Sphingobium,Colorectal cancer,1,1,0,1,reduced,1.0,1,30794590,2019,0.833,True
Sphingobium,Coronary artery disease,1,1,1,0,elevated,1.0,1,32100534,2020,0.833,True
Sphingobium,Gastric carcinoma,1,0,0,1,reduced,1.0,1,30619779,2018,0.667,True
Sphingobium,Kidney stone with hypertension,1,0,0,1,reduced,1.0,1,32183836,2020,0.833,True
Sphingobium,Opisthorchis felineus infection,1,0,1,0,elevated,1.0,1,4957795,2016,0.833,True
Sphingobium,Pancreatitis,1,0,0,1,reduced,1.0,1,29423379,2018,0.667,True
Sphingomonadaceae,Asthma,1,0,1,0,elevated,1.0,1,21194740,2011,0.833,False
Sphingomonadaceae,Breast cancer,1,0,0,1,reduced,1.0,1,27324944,2016,0.833,False
Sphingomonadaceae,Coronary artery disease,1,1,1,0,elevated,1.0,1,32100534,2020,0.833,False
Sphingomonadaceae,Schizophrenia,1,1,1,0,elevated,1.0,1,31255682,2019,0.833,False
Sphingomonadaceae,Systemic lupus erythematosus,1,0,0,1,reduced,1.0,1,32203722,2020,0.833,False
Sphingomonas,Aphthous ulcer,1,0,0,1,reduced,1.0,1,32245419,2020,0.833,True
Sphingomonas,Atopic dermatitis,1,0,1,0,elevated,1.0,1,31152265,2019,0.667,True
Sphingomonas,Barrett's oesophagus,1,0,1,0,elevated,1.0,1,31466948,2019,0.833,True
Sphingomonas,Bladder cancer,1,0,1,0,elevated,1.0,1,31568654,2019,0.833,True
Sphingomonas,Chronic alcoholic pancreatitis,1,1,1,0,elevated,1.0,1,29555983,2018,0.833,True
Sphingomonas,Chronic kidney disease,1,0,0,1,reduced,1.0,1,30962186,2019,0.833,True
Sphingomonas,Clonorchis sinensis infection,1,1,1,0,elevated,1.0,1,30323795,2018,0.833,True
Sphingomonas,Colorectal cancer,1,0,0,1,reduced,1.0,1,25699023,2015,0.667,True
Sphingomonas,Crohn's Disease,1,0,1,0,elevated,1.0,1,26574491,2016,0.833,True
Sphingomonas,Endometriosis,1,0,1,0,elevated,1.0,1,7161132,2020,0.667,True
Sphingomonas,Gastric carcinoma,1,0,0,1,reduced,1.0,1,6629868,2019,0.667,True
Sphingomonas,Helicobacter pylori infection,1,0,1,0,elevated,1.0,1,32197614,2020,0.833,True
Sphingomonas,Inflammatory Bowel Disease,1,0,1,0,elevated,1.0,1,29893034,2018,0.833,True
Sphingomonas,Liver fibrosis,1,0,1,0,elevated,1.0,1,27639192,2016,0.833,True
Sphingomonas,Oral cancer,1,0,0,1,reduced,1.0,1,18033835,2007,0.333,True
Sphingomonas,Parkinson's Disease,1,1,1,0,elevated,1.0,1,29501802,2018,0.667,True
Sphingomonas,Primary sclerosing cholangitis-IBD,1,0,1,0,elevated,1.0,1,26526357,2016,0.833,True
Sphingomonas,Psoriasis,1,0,1,0,elevated,1.0,1,30185226,2018,0.667,True
Sphingomonas,Sicca syndrome,1,0,0,1,reduced,1.0,1,30272305,2018,0.833,True
Sphingomonas,Systemic lupus erythematosus,1,0,0,1,reduced,1.0,1,28320468,2017,0.833,True
Sphingomonas,Type 2 Diabetes,1,0,1,0,elevated,1.0,1,23300163,2013,0.5,True
Sphingopyxis,Cystic Fibrosis,1,1,0,1,reduced,1.0,1,22538067,2012,0.5,True
Sphingopyxis,Inflammatory Bowel Disease,1,0,1,0,elevated,1.0,1,29893034,2018,0.833,True
Spirochaeta,Autism spectrum disorders,1,1,0,1,reduced,1.0,1,30701194,2019,0.833,True
Spirochaetaceae,Primary biliary cirrhosis,1,1,1,0,elevated,1.0,1,27243236,2016,0.833,False
Spirochaetes,Ulcerative Colitis,1,0,1,0,elevated,1.0,1,21987382,2012,0.667,False
Spirodela,Protracted bacterial bronchitis,1,0,1,0,elevated,1.0,1,29984544,2018,0.833,False
Sporobacter,Amyotrophic lateral sclerosis,1,1,1,0,elevated,1.0,1,32747678,2020,0.833,True
Sporobacter,Crohn's Disease,1,1,0,1,reduced,1.0,1,30545401,2018,0.667,True
Sporobacter,Irritable Bowel Syndrome,1,1,1,0,elevated,1.0,1,22180058,2012,0.833,True
Sporobacter,Pancreatic cancer,1,1,0,1,reduced,1.0,1,29221120,2017,0.833,True
Sporobacter,Pervasive developmental disorder NOS,1,1,0,1,reduced,1.0,1,24130822,2013,0.667,True
Sporobacter,Rheumatoid Arthritis,1,1,0,1,reduced,1.0,1,30545401,2018,0.667,True
Sporobacter,Ulcerative Colitis,1,1,0,1,reduced,1.0,1,30545401,2018,0.667,True
Sporomusa,Gastrointestinal follicular lymphoma,1,0,0,1,reduced,1.0,1,31990065,2020,0.5,True
Sporosarcina,Asthma,1,0,0,1,reduced,1.0,1,30911282,2019,0.833,True
Sporosarcina,Uveitits,1,1,0,1,reduced,1.0,1,29625474,2018,0.667,True
Stagonosporopsis,Uveitits,1,1,0,1,reduced,1.0,1,30938773,2019,0.667,False
Staphylococcaceae,Granulomatosis with polyangiitis,1,0,0,1,reduced,1.0,1,30420263,2019,0.833,False
Staphylococcaceae,Pancreatic cancer,1,0,1,0,elevated,1.0,1,31750624,2020,0.667,False
Staphylococcaceae,Rheumatoid Arthritis,1,0,0,1,reduced,1.0,1,30420263,2019,0.833,False
Staphylococcus,Acute lymphoblastic leukemia,1,0,0,1,reduced,1.0,1,32093640,2020,0.833,True
Staphylococcus,Acute skin abscess,1,0,1,0,elevated,1.0,1,25583170,2015,0.667,True
Staphylococcus,Aerobic vaginitis,1,0,1,0,elevated,1.0,1,31315951,2019,0.833,True
Staphylococcus,Alcoholic cirrhosis,1,1,1,0,elevated,1.0,1,29923681,2018,0.833,True
Staphylococcus,Blepharitis,1,0,1,0,elevated,1.0,1,22836761,2012,0.5,True
Staphylococcus,Cervical intraneoplasia,1,0,1,0,elevated,1.0,1,30841606,2019,0.667,True
Staphylococcus,Cholestasis,1,1,1,0,elevated,1.0,1,30483228,2018,0.667,True
Staphylococcus,Chronic Obstructive Pulmonary Disease,1,0,0,1,reduced,1.0,1,27428540,2016,0.667,True
Staphylococcus,Chronic Rhinosinusitis with asthma,1,0,0,1,reduced,1.0,1,29784985,2018,0.833,True
Staphylococcus,Chronic alcoholic pancreatitis,1,1,1,0,elevated,1.0,1,29555983,2018,0.833,True
Staphylococcus,Chronic lung disease,1,0,1,0,elevated,1.0,1,27388563,2016,0.833,True
Staphylococcus,Chronic rhinosinusitis with nasal polyps,1,0,0,1,reduced,1.0,1,29784985,2018,0.833,True
Staphylococcus,Clostridium difficile infection,1,1,1,0,elevated,1.0,1,4863157,2016,0.833,True
Staphylococcus,Colorectal cancer,1,1,0,1,reduced,1.0,1,23306850,2013,0.833,True
Staphylococcus,Coronary artery disease,1,1,0,1,reduced,1.0,1,32100534,2020,0.833,True
Staphylococcus,Cutaneous burn,1,0,1,0,elevated,1.0,1,28333758,2017,0.5,True
Staphylococcus,Cystic fibrosis exacerbation,1,0,0,1,reduced,1.0,1,32108159,2020,0.667,True
Staphylococcus,Disease-free ,1,0,0,1,reduced,1.0,1,,2016,0.5,True
Staphylococcus,Folliculitis decalvans,1,0,1,0,elevated,1.0,1,30907453,2020,0.167,True
Staphylococcus,Genitourinary lichen sclerosus,1,0,0,1,reduced,1.0,1,32274566,2020,0.667,True
Staphylococcus,HIV infection,1,0,0,1,reduced,1.0,1,23843452,2013,0.667,True
Staphylococcus,Idiopathic infertility,1,0,1,0,elevated,1.0,1,28098358,2017,0.833,True
Staphylococcus,Influenza A,1,0,0,1,reduced,1.0,1,30581863,2018,0.833,True
Staphylococcus,Invasive pneumococcal disease,1,0,0,1,reduced,1.0,1,6360994,2019,0.833,True
Staphylococcus,Kawasaki disease,1,1,0,1,reduced,1.0,1,26322033,2015,0.5,True
Staphylococcus,Laryngeal carcinoma,1,0,1,0,elevated,1.0,1,23824228,2013,0.833,True
Staphylococcus,Late-onset Sepsis,1,1,1,0,elevated,1.0,1,30329017,2018,0.833,True
Staphylococcus,Macular degeneration,1,0,1,0,elevated,1.0,1,32123200,2020,0.833,True
Staphylococcus,Microscopic colitis,1,0,0,1,reduced,1.0,1,30324555,2018,0.833,True
Staphylococcus,Multiple system atrophy,1,1,1,0,elevated,1.0,1,31680836,2019,0.833,True
Staphylococcus,Nasolacrimal duct obstruction,1,0,1,0,elevated,1.0,1,31809480,2020,0.833,True
Staphylococcus,Opisthorchis felineus infection,1,0,1,0,elevated,1.0,1,4957795,2016,0.833,True
Staphylococcus,Oral cancer,1,0,1,0,elevated,1.0,1,16672398,2006,0.333,True
Staphylococcus,Overactive bladder,1,0,1,0,elevated,1.0,1,29230385,2017,0.833,True
Staphylococcus,Pancreatitis,1,0,1,0,elevated,1.0,1,29423379,2018,0.667,True
Staphylococcus,Postmenopausal,1,1,1,0,elevated,1.0,1,31273779,2019,0.667,True
Staphylococcus,Primary sclerosing cholangitis,1,0,1,0,elevated,1.0,1,31243055,2019,0.833,True
Staphylococcus,Primary sclerosing cholangitis-IBD,1,1,1,0,elevated,1.0,1,5504370,2017,0.833,True
Staphylococcus,Protracted bacterial bronchitis,1,0,0,1,reduced,1.0,1,30660785,2019,0.833,True
Staphylococcus,Pulmonary tubercolosis,1,0,1,0,elevated,1.0,1,31715320,2020,0.667,True
Staphylococcus,Seborrheic dermatitis,1,0,1,0,elevated,1.0,1,32219537,2020,0.833,True
Staphylococcus,Stevens-Johnson syndrome,1,0,1,0,elevated,1.0,1,32152391,2020,0.833,True
Staphylococcus,Systemic sclerosis,1,0,0,1,reduced,1.0,1,30728065,2019,0.833,True
Staphylococcus,Type 1 Diabetes,1,1,0,1,reduced,1.0,1,26068542,2015,0.667,True
Staphylococcus,Ulcerative Colitis,1,0,1,0,elevated,1.0,1,23060013,2013,0.833,True
Staphylococcus,Urgency urinary incontinence,1,0,1,0,elevated,1.0,1,,2014,0.667,True
Staphylococcus,Urogenital Schistosomiasis,1,0,0,1,reduced,1.0,1,28793309,2017,0.667,True
Staphylococcus,Viral respiratory tract infection,1,0,1,0,elevated,1.0,1,,2018,0.667,True
Staphylococcus,periodontitis,1,0,1,0,elevated,1.0,1,27717873,2016,0.5,True
Starmerella,Oral cancer,1,0,1,0,elevated,1.0,1,29152157,2017,0.833,False
Stemphylium,HIV infection,1,0,0,1,reduced,1.0,1,29995962,2018,0.833,False
Stenotrophomas,Atopic dermatitis,1,0,1,0,elevated,1.0,1,18033838,2007,0.5,False
Stenotrophomonas,Asthma,1,0,1,0,elevated,1.0,1,25329665,2014,0.667,True
Stenotrophomonas,Chlamydia,1,0,0,1,reduced,1.0,1,31738795,2019,0.833,True
Stenotrophomonas,Chronic Obstructive Pulmonary Disease,1,0,1,0,elevated,1.0,1,25329665,2014,0.667,True
Stenotrophomonas,Chronic kidney disease,1,0,0,1,reduced,1.0,1,30962186,2019,0.833,True
Stenotrophomonas,Exacerbations of idiopathic pulmonary fibrosis,1,0,1,0,elevated,1.0,1,28143484,2017,0.833,True
Stenotrophomonas,HIV infection,1,0,1,0,elevated,1.0,1,29995962,2018,0.833,True
Stenotrophomonas,Head/Neck cancer,1,0,1,0,elevated,1.0,1,32071121,2020,0.833,True
Stenotrophomonas,Kidney stone with hypertension,1,0,0,1,reduced,1.0,1,32183836,2020,0.833,True
Stenotrophomonas,Obesity,1,1,1,0,elevated,1.0,1,30572569,2018,0.833,True
Stenotrophomonas,Pancreatitis,1,0,1,0,elevated,1.0,1,29423379,2018,0.667,True
Stenotrophomonas,Parkinson's Disease,1,1,0,1,reduced,1.0,1,29776865,2018,0.667,True
Stenotrophomonas,Rheumatoid Arthritis,1,0,0,1,reduced,1.0,1,30459400,2018,0.667,True
Stenotrophomonas,Type 2 Diabetes,1,0,1,0,elevated,1.0,1,31438919,2019,0.833,True
Sterigmatomyces,Asthma,1,0,0,1,reduced,1.0,1,29031597,2018,0.5,False
Stomatobaculum,Autism spectrum disorders,1,0,0,1,reduced,1.0,1,29371629,2018,0.833,True
Stomatobaculum,Caries,1,0,0,1,reduced,1.0,1,28326153,2017,0.667,True
Stomatobaculum,Halitosis,1,0,1,0,elevated,1.0,1,31553956,2019,0.833,True
Stomatobaculum,Myasthenia gravis,1,1,0,1,reduced,1.0,1,30483222,2018,0.833,True
Stomatobaculum,Sjögren Syndrome,1,0,0,1,reduced,1.0,1,31211815,2019,0.833,True
Stoquefichus,Parkinson's Disease,1,1,0,1,reduced,1.0,1,28429209,2017,0.5,True
Stramenopiles,Clostridium difficile infection,1,1,0,1,reduced,1.0,1,31462412,2019,0.667,False
Streptobacillus,Cystic Fibrosis,1,0,0,1,reduced,1.0,1,29445257,2017,0.833,True
Streptobacillus,Otitis Media,1,0,1,0,elevated,1.0,1,29458340,2018,0.833,True
Streptobacillus,Sarcopenia,1,1,0,1,reduced,1.0,1,,2024,0.333,True
Streptococcaceae,Aphthous stomatitis,1,0,0,1,reduced,1.0,1,25540188,2015,0.833,False
Streptococcaceae,Autism spectrum disorders,1,1,0,1,reduced,1.0,1,30670726,2019,0.833,False
Streptococcaceae,Granulomatosis with polyangiitis,1,0,1,0,elevated,1.0,1,30420263,2019,0.833,False
Streptococcaceae,Type 2 Diabetes,1,0,1,0,elevated,1.0,1,19649281,2009,0.667,False
Streptococcus,Acute cerbral infarction,1,1,1,0,elevated,1.0,1,31223522,2019,0.833,True
Streptococcus,Alcoholic hepatitis,1,1,1,0,elevated,1.0,1,29555983,2018,0.833,True
Streptococcus,Alcoholism,1,1,1,0,elevated,1.0,1,31951082,2020,0.833,True
Streptococcus,Alopecia universalis,1,1,0,1,reduced,1.0,1,31419351,2019,0.833,True
Streptococcus,Alzheimer's Disease,1,1,1,0,elevated,1.0,1,31434623,2019,0.5,True
Streptococcus,Ankylosing spondylitis,1,1,1,0,elevated,1.0,1,31377126,2019,0.667,True
Streptococcus,Anorexia Nervosa,1,1,0,1,reduced,1.0,1,26682545,2015,0.333,True
Streptococcus,Anti-N-methyl-D-aspartate receptor encephalitis,1,1,1,0,elevated,1.0,1,31448571,2019,0.833,True
Streptococcus,Appendicitis,1,0,1,0,elevated,1.0,1,30982727,2019,0.5,True
Streptococcus,Arsenic exposure,1,1,1,0,elevated,1.0,1,30135504,2018,0.667,True
Streptococcus,Atherosclerosis,1,1,1,0,elevated,1.0,1,29018189,2017,0.667,True
Streptococcus,Atopic wheeze,1,1,1,0,elevated,1.0,1,29241587,2017,0.833,True
Streptococcus,Atrial fibrillation,1,1,1,0,elevated,1.0,1,6543127,2019,0.833,True
Streptococcus,Autoimmune polyendocrine syndrome type 1,1,0,0,1,reduced,1.0,1,29503707,2018,0.833,True
Streptococcus,Barrett's oesophagus,1,0,0,1,reduced,1.0,1,19394334,2009,0.333,True
Streptococcus,Biliary atresia,1,1,1,0,elevated,1.0,1,31271681,2019,0.833,True
Streptococcus,Breast cancer,1,0,0,1,reduced,1.0,1,27342554,2016,0.333,True
Streptococcus,Chagas' disease,1,1,1,0,elevated,1.0,1,30807605,2019,0.667,True
Streptococcus,Chlamydia,1,0,1,0,elevated,1.0,1,31738795,2019,0.833,True
Streptococcus,Chronic Rhinosinusitis with cystic fibrosis,1,0,1,0,elevated,1.0,1,27879060,2016,0.833,True
Streptococcus,Chronic alcoholic pancreatitis,1,1,1,0,elevated,1.0,1,29555983,2018,0.833,True
Streptococcus,Chronic fatigue syndrome,1,1,1,0,elevated,1.0,1,19567398,2009,0.5,True
Streptococcus,Cleft palate,1,0,1,0,elevated,1.0,1,26068382,2016,0.667,True
Streptococcus,Common Variable Immunodeficieny,1,1,1,0,elevated,1.0,1,6700332,2019,0.667,True
Streptococcus,Conjunctival scarring,1,0,1,0,elevated,1.0,1,25484919,2014,0.833,True
Streptococcus,Covid-19,1,1,1,0,elevated,1.0,1,32497191,2020,0.833,True
Streptococcus,Cutaneous burn,1,0,0,1,reduced,1.0,1,28333758,2017,0.5,True
Streptococcus,Cystic fibrosis exacerbation,1,0,0,1,reduced,1.0,1,32108159,2020,0.667,True
Streptococcus,Diaper dermatitis,1,0,0,1,reduced,1.0,1,31472099,2019,0.833,True
Streptococcus,Disease-free ,1,0,1,0,elevated,1.0,1,,2016,0.5,True
Streptococcus,E-smoking,1,0,0,1,reduced,1.0,1,32105635,2020,0.667,True
Streptococcus,Eosinophilic esophagitis,1,0,0,1,reduced,1.0,1,31107724,2019,0.833,True
Streptococcus,Gestational diabetes + hyperlipidemia,1,1,1,0,elevated,1.0,1,31447702,2019,0.833,True
Streptococcus,"Hand, foot and mouth disease",1,1,1,0,elevated,1.0,1,30427066,2018,0.833,True
Streptococcus,Head/Neck cancer,1,0,1,0,elevated,1.0,1,11078831,2000,0.167,True
Streptococcus,Heart failure,1,1,1,0,elevated,1.0,1,29330424,2018,0.833,True
Streptococcus,Helicobacter pylori infection,1,0,0,1,reduced,1.0,1,28120843,2017,0.833,True
Streptococcus,Hepatitis B,1,1,1,0,elevated,1.0,1,7098974,2020,0.833,True
Streptococcus,Hepatitis C,1,1,1,0,elevated,1.0,1,28561276,2018,0.833,True
Streptococcus,Hypertension,1,1,1,0,elevated,1.0,1,28884091,2017,0.833,True
Streptococcus,Idiopathic Pulmonary Fibrosis,1,0,1,0,elevated,1.0,1,25184687,2014,0.5,True
Streptococcus,Infantile eczema,1,1,0,1,reduced,1.0,1,27812181,2016,0.667,True
Streptococcus,Interstitial cystitis,1,0,0,1,reduced,1.0,1,22974186,2012,0.5,True
Streptococcus,Intestinal metaplasia,1,0,1,0,elevated,1.0,1,,2019,0.833,True
Streptococcus,Invasive pneumococcal disease,1,0,1,0,elevated,1.0,1,6360994,2019,0.833,True
Streptococcus,Late-onset Sepsis,1,1,1,0,elevated,1.0,1,30329017,2018,0.833,True
Streptococcus,Lower respiratory tract infection,1,0,1,0,elevated,1.0,1,30885620,2019,0.833,True
Streptococcus,Major depressive disorder,1,1,1,0,elevated,1.0,1,32040443,2020,0.833,True
Streptococcus,Megaesophagus,1,0,1,0,elevated,1.0,1,12399062,2002,0.167,True
Streptococcus,Multiple system atrophy,1,1,1,0,elevated,1.0,1,31680836,2019,0.833,True
Streptococcus,Myasthenia gravis,1,1,1,0,elevated,1.0,1,30483222,2018,0.833,True
Streptococcus,Obstructive sleep apnea-hypopnea syndrome,1,0,1,0,elevated,1.0,1,29969291,2019,0.833,True
Streptococcus,Oral leukoplakia,1,0,0,1,reduced,1.0,1,29250055,2017,0.833,True
Streptococcus,Orofacial granulomatosis,1,0,1,0,elevated,1.0,1,30796823,2019,0.667,True
Streptococcus,Oropharyngeal cancer,1,0,1,0,elevated,1.0,1,31832691,2020,0.833,True
Streptococcus,Osteoarthritis,1,0,1,0,elevated,1.0,1,30250232,2018,0.667,True
Streptococcus,Pancreatic cancer,1,0,0,1,reduced,1.0,1,21994333,2012,0.833,True
Streptococcus,Pelvic inflammatory disease,1,0,1,0,elevated,1.0,1,,2018,0.167,True
Streptococcus,Posttraumatic stress syndrome,1,1,1,0,elevated,1.0,1,31460790,2019,0.833,True
Streptococcus,Prediabetes,1,1,1,0,elevated,1.0,1,29379988,2018,0.833,True
Streptococcus,Preterm birth,1,1,1,0,elevated,1.0,1,30464016,2019,0.667,True
Streptococcus,Primary Open-Angle Glaucoma,1,0,1,0,elevated,1.0,1,27820425,2016,0.333,True
Streptococcus,Primary biliary cirrhosis,1,1,1,0,elevated,1.0,1,27243236,2016,0.833,True
Streptococcus,Protracted bacterial bronchitis,1,0,1,0,elevated,1.0,1,30660785,2019,0.833,True
Streptococcus,Recurrent miscarriage,1,0,1,0,elevated,1.0,1,30988706,2019,0.667,True
Streptococcus,Refractory celiac disease,1,0,1,0,elevated,1.0,1,,2017,0.667,True
Streptococcus,Rett Syndrome,1,1,0,1,reduced,1.0,1,4967335,2016,0.667,True
Streptococcus,Severe fever with thrombocytopenia syndrome,1,1,1,0,elevated,1.0,1,30327643,2018,0.833,True
Streptococcus,Stevens-Johnson syndrome,1,0,1,0,elevated,1.0,1,32152391,2020,0.833,True
Streptococcus,Tongue cancer,1,0,1,0,elevated,1.0,1,29228609,2017,0.667,True
Streptococcus,Urgency urinary incontinence,1,0,1,0,elevated,1.0,1,,2014,0.667,True
Streptococcus,Uveitits,1,1,1,0,elevated,1.0,1,30262956,2018,0.0,True
Streptococcus,Viral respiratory tract infection,1,0,1,0,elevated,1.0,1,,2018,0.667,True
Streptococcus,Vulvar vestibulitis syndrome,1,0,1,0,elevated,1.0,1,24961922,2014,0.667,True
Streptomyces,Hepatic encephalopathy,1,0,1,0,elevated,1.0,1,22821944,2012,0.833,True
Streptomyces,Kidney stone with hypertension,1,0,1,0,elevated,1.0,1,32183836,2020,0.833,True
Streptophyta,Blepharitis,1,0,1,0,elevated,1.0,1,22836761,2012,0.5,False
Streptophyta,Type 2 Diabetes,1,0,0,1,reduced,1.0,1,29172724,2018,0.833,False
Subdoligranulum,Alzheimer's Disease,1,1,0,1,reduced,1.0,1,29758946,2018,0.833,False
Subdoligranulum,Autism,1,1,0,1,reduced,1.0,1,24130822,2013,0.667,False
Subdoligranulum,Bladder cancer,1,0,1,0,elevated,1.0,1,30108246,2018,0.833,False
Subdoligranulum,COPD Exacerbation,1,0,0,1,reduced,1.0,1,31782610,2020,0.833,False
Subdoligranulum,Chronic pancreatitis,1,1,0,1,reduced,1.0,1,31806503,2019,0.833,False
Subdoligranulum,Cirrhosis,1,0,0,1,reduced,1.0,1,22821944,2012,0.833,False
Subdoligranulum,Clostridium difficile infection,1,1,0,1,reduced,1.0,1,4863157,2016,0.833,False
Subdoligranulum,Colon adenomas,1,1,1,0,elevated,1.0,1,29995183,2018,0.5,False
Subdoligranulum,Coronary artery disease,1,1,0,1,reduced,1.0,1,30192713,2018,0.833,False
Subdoligranulum,Crohn's Disease,1,1,0,1,reduced,1.0,1,26789999,2016,0.667,False
Subdoligranulum,Dry eye syndrome,1,1,0,1,reduced,1.0,1,32059038,2020,0.833,False
Subdoligranulum,Generalized anxiety disorder,1,1,0,1,reduced,1.0,1,31437702,2019,0.833,False
Subdoligranulum,Glycogen storage disease,1,1,1,0,elevated,1.0,1,30939160,2019,0.833,False
Subdoligranulum,Hepatocellular cancer,1,1,1,0,elevated,1.0,1,30675188,2019,0.833,False
Subdoligranulum,Kidney stone,1,1,0,1,reduced,1.0,1,29353409,2018,0.833,False
Subdoligranulum,Metabolic syndrome,1,1,0,1,reduced,1.0,1,30924020,2019,0.833,False
Subdoligranulum,Microscopic colitis,1,0,0,1,reduced,1.0,1,30324555,2018,0.833,False
Subdoligranulum,Parkinson's Disease,1,1,1,0,elevated,1.0,1,31200089,2019,0.833,False
Subdoligranulum,Pervasive developmental disorder NOS,1,1,0,1,reduced,1.0,1,24130822,2013,0.667,False
Subdoligranulum,Posttraumatic stress syndrome,1,1,0,1,reduced,1.0,1,31460790,2019,0.833,False
Subdoligranulum,Psoriasis,1,1,1,0,elevated,1.0,1,30920647,2019,0.667,False
Subdoligranulum,Pulmonary arterial hypertension,1,1,0,1,reduced,1.0,1,32088998,2020,0.5,False
Subdoligranulum,Sickle cell disease,1,1,0,1,reduced,1.0,1,29274089,2018,0.833,False
Subdoligranulum,Silicosis,1,1,0,1,reduced,1.0,1,30867671,2019,0.833,False
Subdoligranulum,Spinal cord injury,1,1,0,1,reduced,1.0,1,30545398,2018,0.833,False
Subdoligranulum,Stomach cancer,1,1,1,0,elevated,1.0,1,29995183,2018,0.5,False
Subdoligranulum,Thyroid carcinoma,1,1,1,0,elevated,1.0,1,30565661,2019,0.833,False
Subdoligranulum,Transient Ischemic Attack,1,1,1,0,elevated,1.0,1,26597155,2015,0.833,False
Subdoligranulum,Type 2 Diabetes,1,1,1,0,elevated,1.0,1,23023125,2012,0.333,False
Subdoligranulum,Urogenital Schistosomiasis,1,1,0,1,reduced,1.0,1,30696838,2019,0.833,False
Succinatimonas,Alcoholism,1,1,0,1,reduced,1.0,1,30894059,2019,0.833,True
Succinatimonas,Parkinson's Disease,1,1,0,1,reduced,1.0,1,29776865,2018,0.667,True
Succiniclasticum,Coronary artery disease,1,1,1,0,elevated,1.0,1,31995569,2020,0.667,True
Succiniclasticum,Kidney stone with hypertension,1,0,0,1,reduced,1.0,1,32183836,2020,0.833,True
Succiniclasticum,Type 1 Diabetes,1,1,1,0,elevated,1.0,1,26068542,2015,0.667,True
Succinivibrio,Cervical cancer,1,1,1,0,elevated,1.0,1,6431307,2019,0.833,True
Succinivibrio,Colorectal cancer,1,0,0,1,reduced,1.0,1,30576312,2018,0.833,True
Succinivibrio,Generalized anxiety disorder,1,1,0,1,reduced,1.0,1,31437702,2019,0.833,True
Succinivibrio,Graves' disease,1,1,1,0,elevated,1.0,1,6158725,2018,0.667,True
Succinivibrio,HIV infection,1,1,0,1,reduced,1.0,1,30649052,2019,0.667,True
Succinivibrio,Helicobacter pylori infection,1,1,1,0,elevated,1.0,1,31211818,2019,0.5,True
Succinivibrio,Multiple Sclerosis,1,1,0,1,reduced,1.0,1,31172918,2019,0.833,True
Succinivibrio,Normal weight obesity,1,1,0,1,reduced,1.0,1,32296838,2020,0.833,True
Succinivibrio,Obesity,1,1,1,0,elevated,1.0,1,30572569,2018,0.833,True
Succinivibrio,Primary sclerosing cholangitis,1,1,0,1,reduced,1.0,1,26887816,2017,0.667,True
Succinivibrio,Schizophrenia,1,1,1,0,elevated,1.0,1,29352709,2018,0.833,True
Succinivibrionaceae,Coronary Heart Disease,1,1,0,1,reduced,1.0,1,30202890,2019,0.667,False
Succinivibrionaceae,Rheumatoid Arthritis,1,1,1,0,elevated,1.0,1,28606969,2017,0.833,False
Sulfuricella,Gestational diabetes,1,0,0,1,reduced,1.0,1,28932201,2017,0.667,True
Sulfurovum,Hepatitis B associated liver failure,1,0,1,0,elevated,1.0,1,30864226,2019,0.833,True
Sutterella,Alzheimer's Disease,1,1,0,1,reduced,1.0,1,31434623,2019,0.5,True
Sutterella,Atopic dermatitis,1,1,1,0,elevated,1.0,1,30899033,2019,0.833,True
Sutterella,Atrial fibrillation,1,1,0,1,reduced,1.0,1,6543127,2019,0.833,True
Sutterella,Attention Deficit Hyperactivity Disorder,1,1,1,0,elevated,1.0,1,31119393,2019,0.833,True
Sutterella,Chronic alcoholic pancreatitis,1,1,0,1,reduced,1.0,1,29555983,2018,0.833,True
Sutterella,Clostridium difficile infection,1,1,1,0,elevated,1.0,1,4863157,2016,0.833,True
Sutterella,Colorectal cancer,1,0,0,1,reduced,1.0,1,26515465,2015,0.833,True
Sutterella,Generalized anxiety disorder,1,1,0,1,reduced,1.0,1,30029052,2018,0.833,True
Sutterella,Helicobacter pylori infection,1,1,0,1,reduced,1.0,1,31250988,2019,0.5,True
Sutterella,Idiopathic Pulmonary Fibrosis,1,0,0,1,reduced,1.0,1,31165050,2019,0.833,True
Sutterella,Infantile eczema,1,1,0,1,reduced,1.0,1,27812181,2016,0.667,True
Sutterella,Keratitis,1,1,0,1,reduced,1.0,1,6014669,2018,0.833,True
Sutterella,Kidney stone,1,1,1,0,elevated,1.0,1,29353409,2018,0.833,True
Sutterella,Major depressive disorder,1,1,0,1,reduced,1.0,1,32040443,2020,0.833,True
Sutterella,Metabolic syndrome,1,1,0,1,reduced,1.0,1,30924020,2019,0.833,True
Sutterella,Multiple Sclerosis,1,1,0,1,reduced,1.0,1,26367776,2015,0.5,True
Sutterella,Myasthenia gravis,1,1,1,0,elevated,1.0,1,30483222,2018,0.833,True
Sutterella,Neuromyelitis optica,1,1,0,1,reduced,1.0,1,31841737,2020,0.833,True
Sutterella,Prediabetes,1,1,1,0,elevated,1.0,1,29379988,2018,0.833,True
Sutterella,Primary immune thrombocytopenia,1,1,0,1,reduced,1.0,1,32272276,2020,0.833,True
Sutterella,Primary sclerosing cholangitis-IBD,1,1,0,1,reduced,1.0,1,30666146,2019,0.833,True
Sutterella,Pulmonary tubercolosis,1,1,0,1,reduced,1.0,1,31001490,2019,0.667,True
Sutterella,Schizophrenia,1,1,0,1,reduced,1.0,1,30268819,2018,0.833,True
Sutterella,Severe fever with thrombocytopenia syndrome,1,1,1,0,elevated,1.0,1,30327643,2018,0.833,True
Sutterella,Thyroid carcinoma,1,1,0,1,reduced,1.0,1,30584647,2019,0.833,True
Sutterella,Traumatic Brain Injury,1,1,0,1,reduced,1.0,1,31868094,2020,0.833,True
Sutterella,Trichomonas vaginalis infection,1,0,1,0,elevated,1.0,1,23482642,2013,0.833,True
Sutterella,Type 1 Diabetes,1,1,1,0,elevated,1.0,1,30224347,2018,0.833,True
Sutterella,Wiskott-Aldrich syndrome,1,1,0,1,reduced,1.0,1,31267543,2020,0.667,True
Sutterellaceae,Hepatic encephalopathy,1,0,1,0,elevated,1.0,1,30816877,2019,0.833,False
Symbiobacterium,Cystic Fibrosis,1,1,0,1,reduced,1.0,1,22538067,2012,0.5,True
Symbiobacterium,Uveitits,1,1,0,1,reduced,1.0,1,29625474,2018,0.667,True
Synechococcus,Clostridium difficile infection,1,1,1,0,elevated,1.0,1,31462412,2019,0.667,True
Synechococcus,Colorectal cancer,1,1,1,0,elevated,1.0,1,31971861,2020,0.833,True
Synechococcus,Hepatocellular cancer,1,1,1,0,elevated,1.0,1,31600845,2020,0.833,True
Synergistaceae,Cirrhosis,1,1,0,1,reduced,1.0,1,28578302,2018,0.833,False
Synergistaceae,Colon adenomas,1,1,0,1,reduced,1.0,1,30794590,2019,0.833,False
Synergistes,Crohn's Disease,1,0,0,1,reduced,1.0,1,28852861,2018,0.833,True
Synergistes,Ulcerative Colitis,1,0,0,1,reduced,1.0,1,28852861,2018,0.833,True
Synergistes,periodontitis,1,0,1,0,elevated,1.0,1,19722792,2009,0.833,True
Synergistetes,Cirrhosis,1,0,0,1,reduced,1.0,1,30905718,2019,0.833,False
Synergistetes,Clonorchis sinensis infection,1,1,1,0,elevated,1.0,1,30323795,2018,0.833,False
Synergistetes,Hypertension,1,1,0,1,reduced,1.0,1,28884091,2017,0.833,False
Synergistetes,Schizophrenia,1,1,1,0,elevated,1.0,1,31759045,2020,0.833,False
Synergistetes,Transient Ischemic Attack,1,1,1,0,elevated,1.0,1,26597155,2015,0.833,False
Synergistetes,Ulcerative Colitis,1,0,1,0,elevated,1.0,1,21987382,2012,0.667,False
Syntrophococcus,Chronic fatigue syndrome,1,1,0,1,reduced,1.0,1,23791918,2013,0.667,False
Syntrophococcus,Kidney stone with hypertension,1,0,0,1,reduced,1.0,1,32183836,2020,0.833,False
Syntrophomonas,Pregnancy,1,0,1,0,elevated,1.0,1,29497601,2018,0.833,True
TM7,Aggressive periodontitis,1,0,1,0,elevated,1.0,1,25814980,2015,0.5,False
TM7,Asthma,1,0,1,0,elevated,1.0,1,29984544,2018,0.833,False
TM7,Autism spectrum disorders,1,0,0,1,reduced,1.0,1,31489949,2019,0.833,False
TM7,Behcet's Disease,1,0,0,1,reduced,1.0,1,27283393,2016,0.833,False
TM7,Chronic Obstructive Pulmonary Disease,1,0,1,0,elevated,1.0,1,23071781,2012,0.667,False
TM7,Clonorchis sinensis infection,1,1,1,0,elevated,1.0,1,30323795,2018,0.833,False
TM7,Crohn's Disease,1,0,1,0,elevated,1.0,1,,2015,0.667,False
TM7,Edentulism,1,0,0,1,reduced,1.0,1,30657624,2019,0.833,False
TM7,Extrinsic black stain,1,0,0,1,reduced,1.0,1,31796065,2019,0.833,False
TM7,Oral cancer,1,0,0,1,reduced,1.0,1,21205002,2011,0.833,False
Tanerella,Autoimmune polyendocrine syndrome type 1,1,0,0,1,reduced,1.0,1,29503707,2018,0.833,False
Tanerella,Edentulism,1,0,1,0,elevated,1.0,1,27717873,2016,0.5,False
Tanerella,Psoriasis,1,0,1,0,elevated,1.0,1,31916654,2020,0.833,False
Tanerella,Recurrent tonsillitis,1,0,0,1,reduced,1.0,1,23437130,2013,0.833,False
Tanerella,Sjögren Syndrome,1,0,0,1,reduced,1.0,1,27770517,2016,0.667,False
Tanerella,Smoking,1,0,1,0,elevated,1.0,1,31201984,2019,0.667,False
Tannerella,Aggressive periodontitis,1,0,1,0,elevated,1.0,1,25814980,2015,0.5,True
Tannerella,Asthma,1,0,0,1,reduced,1.0,1,30911282,2019,0.833,True
Tannerella,Autism spectrum disorders,1,0,0,1,reduced,1.0,1,29371629,2018,0.833,True
Tannerella,Chronic Obstructive Pulmonary Disease,1,0,1,0,elevated,1.0,1,23071781,2012,0.667,True
Tannerella,Extrinsic black stain,1,0,1,0,elevated,1.0,1,26340752,2015,0.5,True
Tannerella,H7N9,1,0,1,0,elevated,1.0,1,29259328,2017,0.667,True
Tannerella,Halitosis,1,0,1,0,elevated,1.0,1,28875948,2017,0.833,True
Tannerella,Head/Neck cancer,1,0,0,1,reduced,1.0,1,32071121,2020,0.833,True
Tannerella,Irritable Bowel Syndrome,1,1,0,1,reduced,1.0,1,21820992,2011,0.833,True
Tannerella,Pancreatic head cancer,1,0,1,0,elevated,1.0,1,30728915,2019,0.833,True
Tannerella,Type 2 Diabetes,1,0,1,0,elevated,1.0,1,32298191,2020,0.667,True
Tenacibaculum,Stevens-Johnson syndrome,1,0,0,1,reduced,1.0,1,32152391,2020,0.833,True
Tenericutes,Cirrhosis,1,0,0,1,reduced,1.0,1,30905718,2019,0.833,False
Tenericutes,Colon adenomas,1,0,1,0,elevated,1.0,1,4872055,2016,0.5,False
Tenericutes,Polycystic Ovary Syndrome,1,1,0,1,reduced,1.0,1,28045919,2017,0.667,False
Tenericutes,Systemic lupus erythematosus,1,0,0,1,reduced,1.0,1,31883828,2020,0.833,False
Tepidanaerobacter,Uveitits,1,1,0,1,reduced,1.0,1,29625474,2018,0.667,True
Tepidimicrobium,Uveitits,1,1,0,1,reduced,1.0,1,29625474,2018,0.667,True
Tepidimonas,Atopic dermatitis,1,0,1,0,elevated,1.0,1,31152265,2019,0.667,True
Terrahaemophilus,Chronic Obstructive Pulmonary Disease,1,0,0,1,reduced,1.0,1,23874580,2013,0.667,False
Terrahaemophilus,periodontitis,1,0,0,1,reduced,1.0,1,31502122,2020,0.833,False
Terrisporobacter,Acute fatty liver,1,1,0,1,reduced,1.0,1,31776707,2020,0.667,True
Terrisporobacter,Autism,1,1,0,1,reduced,1.0,1,12173102,2002,0.333,True
Terrisporobacter,Constipation,1,1,0,1,reduced,1.0,1,31776707,2020,0.667,True
Terrisporobacter,Excessive vomiting,1,1,0,1,reduced,1.0,1,31776707,2020,0.667,True
Terrisporobacter,Obesity,1,1,0,1,reduced,1.0,1,32209719,2020,0.833,True
Terrisporobacter,Type 2 Diabetes,1,1,0,1,reduced,1.0,1,7052266,2020,0.833,True
Tessaracoccus,Vitiligo,1,0,1,0,elevated,1.0,1,26758568,2016,0.667,False
Thalassospira,HIV infection,1,0,0,1,reduced,1.0,1,24399150,2014,0.833,True
Thalassospira,Type 1 Diabetes,1,1,1,0,elevated,1.0,1,26068542,2015,0.667,True
Thauera,Aphthous ulcer,1,0,1,0,elevated,1.0,1,32245419,2020,0.833,True
Thauera,Gestational diabetes,1,0,1,0,elevated,1.0,1,28932201,2017,0.667,True
Thelephoraceae,Cirrhosis,1,1,0,1,reduced,1.0,1,28578302,2018,0.833,False
Thermicanus,Ulcerative Colitis,1,0,0,1,reduced,1.0,1,28852861,2018,0.833,True
Thermoactinomyces,Chronic Obstructive Pulmonary Disease,1,0,0,1,reduced,1.0,1,23071781,2012,0.667,True
Thermodesulfobium,Posttraumatic stress syndrome,1,1,1,0,elevated,1.0,1,31460790,2019,0.833,True
Thermomonas,Stevens-Johnson syndrome,1,0,1,0,elevated,1.0,1,32152391,2020,0.833,True
Thermomyces,Clostridium difficile associated disease,1,1,0,1,reduced,1.0,1,30202057,2018,0.833,False
Thermonospora,Oral potentially malignant disorder,1,0,1,0,elevated,1.0,1,30054809,2018,0.833,False
Thermosipho,Cystic Fibrosis,1,1,0,1,reduced,1.0,1,22538067,2012,0.5,True
Thermovum,Uveitits,1,1,0,1,reduced,1.0,1,29625474,2018,0.667,False
Thermus,Psoriasis,1,1,0,1,reduced,1.0,1,30264198,2019,0.5,True
Thielaviopsis,Colorectal cancer,1,1,1,0,elevated,1.0,1,30472682,2019,0.833,False
Thiomicrospira,Cystic Fibrosis,1,1,0,1,reduced,1.0,1,22538067,2012,0.5,True
Tissierellaceae,Aerobic vaginitis,1,0,1,0,elevated,1.0,1,31955954,2020,0.833,False
Tissierellaceae,Aggressive periodontitis,1,0,1,0,elevated,1.0,1,28260061,2017,0.5,False
Tissierellaceae,Alcoholism,1,1,1,0,elevated,1.0,1,30894059,2019,0.833,False
Tissierellaceae,Endometriosis,1,0,1,0,elevated,1.0,1,7161132,2020,0.667,False
Tissierellaceae,Genitourinary lichen sclerosus,1,0,1,0,elevated,1.0,1,32274566,2020,0.667,False
Tissierellaceae,Granulomatosis with polyangiitis,1,0,0,1,reduced,1.0,1,30420263,2019,0.833,False
Tissierellaceae,Rheumatoid Arthritis,1,0,0,1,reduced,1.0,1,30420263,2019,0.833,False
Tissierellaceae,Ulcerative Colitis,1,0,1,0,elevated,1.0,1,29462845,2018,0.833,False
Torulaspora,Parkinson's Disease,1,0,1,0,elevated,1.0,1,31247001,2019,0.833,False
Toxicocladosporium,Caries,1,0,0,1,reduced,1.0,1,31953340,2020,0.667,False
Trabsulsiella,Systemic sclerosis,1,1,1,0,elevated,1.0,1,26749064,2016,0.667,False
Trabsulsiella,Urogenital Schistosomiasis,1,0,0,1,reduced,1.0,1,28793309,2017,0.667,False
Trametes,Oral cancer,1,0,0,1,reduced,1.0,1,29152157,2017,0.833,False
Treponema,Asthma,1,0,0,1,reduced,1.0,1,30911282,2019,0.833,True
Treponema,Autism spectrum disorders,1,0,0,1,reduced,1.0,1,29371629,2018,0.833,True
Treponema,COPD Exacerbation,1,0,0,1,reduced,1.0,1,31174538,2019,0.833,True
Treponema,Caries,1,0,1,0,elevated,1.0,1,28932895,2018,0.667,True
Treponema,Cystic Fibrosis,1,0,0,1,reduced,1.0,1,29445257,2017,0.833,True
Treponema,Endometrial cancer,1,0,1,0,elevated,1.0,1,27884207,2016,0.333,True
Treponema,Extrinsic black stain,1,0,1,0,elevated,1.0,1,26340752,2015,0.5,True
Treponema,Halitosis,1,0,1,0,elevated,1.0,1,28875948,2017,0.833,True
Treponema,Hepatitis B,1,0,1,0,elevated,1.0,1,26606973,2015,0.833,True
Treponema,Human papilloma virus infection,1,0,0,1,reduced,1.0,1,31111067,2019,0.5,True
Treponema,Keratitis,1,1,1,0,elevated,1.0,1,6014669,2018,0.833,True
Treponema,Neuromyelitis optica,1,1,1,0,elevated,1.0,1,27398819,2016,0.667,True
Treponema,Obstructive sleep apnea-hypopnea syndrome,1,0,1,0,elevated,1.0,1,30976074,2019,0.667,True
Treponema,Oral potentially malignant disorder,1,0,1,0,elevated,1.0,1,30054809,2018,0.833,True
Treponema,Oropharyngeal cancer,1,0,0,1,reduced,1.0,1,31832691,2020,0.833,True
Treponema,Pregnancy,1,0,1,0,elevated,1.0,1,29497601,2018,0.833,True
Treponema,Recurrent tonsillitis,1,0,0,1,reduced,1.0,1,23437130,2013,0.833,True
Treponema,Refractory celiac disease,1,0,0,1,reduced,1.0,1,,2017,0.667,True
Treponema,Rheumatoid Arthritis,1,0,1,0,elevated,1.0,1,30250232,2018,0.667,True
Treponema,Sjögren Syndrome,1,0,0,1,reduced,1.0,1,27770517,2016,0.667,True
Treponema,Smoking,1,0,1,0,elevated,1.0,1,31201984,2019,0.667,True
Treponema,Systemic lupus erythematosus,1,0,1,0,elevated,1.0,1,28320468,2017,0.833,True
Treponema,Tongue cancer,1,0,0,1,reduced,1.0,1,29228609,2017,0.667,True
Trichoderma,Schizophrenia,1,1,0,1,reduced,1.0,1,31759045,2020,0.833,False
Trichosporon,Oral lichen planus,1,0,0,1,reduced,1.0,1,31263096,2019,0.667,False
Tropheryma,HIV infection,1,0,1,0,elevated,1.0,1,,2013,0.833,True
Trophyrema,Schizophrenia,1,1,1,0,elevated,1.0,1,28442250,2018,0.833,False
Tuberaceae,Cirrhosis,1,1,0,1,reduced,1.0,1,28578302,2018,0.833,False
Tunalikevirus,Colorectal cancer,1,1,1,0,elevated,1.0,1,29689266,2018,0.667,False
Turicella,Alcoholic hepatitis,1,0,1,0,elevated,1.0,1,29083504,2018,0.833,False
Turicibacter,Alcoholism,1,1,1,0,elevated,1.0,1,31951082,2020,0.833,True
Turicibacter,Alopecia universalis,1,1,0,1,reduced,1.0,1,31419351,2019,0.833,True
Turicibacter,Alzheimer's Disease,1,1,0,1,reduced,1.0,1,,2017,0.833,True
Turicibacter,Autism,1,1,0,1,reduced,1.0,1,29274915,2018,0.833,True
Turicibacter,Chronic fatigue syndrome,1,1,0,1,reduced,1.0,1,23791918,2013,0.667,True
Turicibacter,Clostridium difficile infection,1,1,1,0,elevated,1.0,1,31462412,2019,0.667,True
Turicibacter,Colorectal cancer,1,0,1,0,elevated,1.0,1,22622349,2012,0.833,True
Turicibacter,HIV infection,1,1,0,1,reduced,1.0,1,30649052,2019,0.667,True
Turicibacter,Helicobacter pylori infection,1,1,1,0,elevated,1.0,1,31211818,2019,0.5,True
Turicibacter,Infantile eczema,1,1,0,1,reduced,1.0,1,27812181,2016,0.667,True
Turicibacter,Juvenile idiopathic arthritis,1,1,0,1,reduced,1.0,1,30592383,2019,0.833,True
Turicibacter,Non-alcoholic fatty liver disease,1,1,0,1,reduced,1.0,1,30870486,2019,0.833,True
Turicibacter,Osteoarthritis,1,0,1,0,elevated,1.0,1,30250232,2018,0.667,True
Turicibacter,Pervasive developmental disorder NOS,1,1,1,0,elevated,1.0,1,24130822,2013,0.667,True
Turicibacter,Stevens-Johnson syndrome,1,0,1,0,elevated,1.0,1,32152391,2020,0.833,True
Turicibacter,Thyroid carcinoma,1,1,1,0,elevated,1.0,1,30565661,2019,0.833,True
Turicibacter,Vitiligo,1,0,0,1,reduced,1.0,1,26758568,2016,0.667,True
Twortvirus,Colorectal cancer,1,1,1,0,elevated,1.0,1,29689266,2018,0.667,False
Tymoviridae,Ulcerative Colitis,1,0,0,1,reduced,1.0,1,30252582,2018,0.667,False
Tyzzerella,Adolescent idiopathic scoliosis,1,1,0,1,reduced,1.0,1,30481617,2019,0.833,False
Tyzzerella,Atopic eczema,1,1,1,0,elevated,1.0,1,23339708,2013,0.833,False
Tyzzerella,Autism,1,1,0,1,reduced,1.0,1,24130822,2013,0.667,False
Tyzzerella,Autism spectrum disorders,1,1,0,1,reduced,1.0,1,30895172,2019,0.833,False
Tyzzerella,Cystic Fibrosis,1,1,1,0,elevated,1.0,1,26330184,2016,0.667,False
Tyzzerella,Generalized anxiety disorder,1,1,1,0,elevated,1.0,1,31437702,2019,0.833,False
Tyzzerella,Gestational diabetes,1,1,1,0,elevated,1.0,1,32175285,2020,0.833,False
Tyzzerella,Irritable Bowel Syndrome,1,1,1,0,elevated,1.0,1,21820992,2011,0.833,False
Tyzzerella,Multiple system atrophy,1,1,0,1,reduced,1.0,1,31680836,2019,0.833,False
Tyzzerella,Parkinson's Disease,1,1,0,1,reduced,1.0,1,31200089,2019,0.833,False
Tyzzerella,Pervasive developmental disorder NOS,1,1,0,1,reduced,1.0,1,24130822,2013,0.667,False
Tyzzerella,Pulmonary tubercolosis,1,1,1,0,elevated,1.0,1,29322681,2018,0.833,False
Tyzzerella,Short Bowel Syndrome,1,1,0,1,reduced,1.0,1,28501098,2017,0.833,False
Tyzzerella,Ulcerative Colitis,1,1,1,0,elevated,1.0,1,31055592,2019,0.833,False
Uetekavirus,Colorectal cancer,1,1,1,0,elevated,1.0,1,29689266,2018,0.667,False
Ulvibacter,Obstructive sleep apnea-hypopnea syndrome,1,0,0,1,reduced,1.0,1,30976074,2019,0.667,True
Undibacterium,Chronic Obstructive Pulmonary Disease,1,0,1,0,elevated,1.0,1,23874580,2013,0.667,True
Ureaplasma,Endometriosis,1,0,1,0,elevated,1.0,1,30778155,2019,0.833,True
Ureaplasma,Nongonococcal urethritis,1,0,1,0,elevated,1.0,1,30052651,2018,0.833,True
Ureaplasma,Overactive bladder,1,0,0,1,reduced,1.0,1,29230385,2017,0.833,True
Ureaplasma,Pregnancy,1,0,0,1,reduced,1.0,1,24484853,2014,0.833,True
Ureibacillus,Uveitits,1,1,0,1,reduced,1.0,1,29625474,2018,0.667,True
Ustilaginaceae,Clostridium difficile associated disease,1,1,0,1,reduced,1.0,1,30202057,2018,0.833,False
Vampirovibrio,Hepatitis C,1,1,0,1,reduced,1.0,1,28561276,2018,0.833,True
Vampirovibrio,Neuro-Behcet's disease,1,1,0,1,reduced,1.0,1,31172918,2019,0.833,True
Varibaculum,Gestational diabetes,1,0,0,1,reduced,1.0,1,30421135,2019,0.667,True
Varibaculum,Kidney stone,1,1,0,1,reduced,1.0,1,27115405,2016,0.5,True
Varibaculum,Postmenopausal,1,0,1,0,elevated,1.0,1,29152146,2017,0.667,True
Varibaculum,Prostate cancer,1,0,1,0,elevated,1.0,1,28797714,2018,0.833,True
Variovorax,Chlamydia,1,0,1,0,elevated,1.0,1,31164450,2019,0.833,True
Variovorax,Liver fibrosis,1,0,1,0,elevated,1.0,1,27639192,2016,0.833,True
Variovorax,Preeclamsia,1,0,1,0,elevated,1.0,1,25492799,2014,0.667,True
Veillonella,Alcoholism,1,1,1,0,elevated,1.0,1,31951082,2020,0.833,True
Veillonella,Atopic dermatitis,1,0,0,1,reduced,1.0,1,31152265,2019,0.667,True
Veillonella,Atopic wheeze,1,1,1,0,elevated,1.0,1,29241587,2017,0.833,True
Veillonella,Atrial fibrillation,1,1,1,0,elevated,1.0,1,6543127,2019,0.833,True
Veillonella,Attention Deficit Hyperactivity Disorder,1,1,1,0,elevated,1.0,1,32132899,2020,0.833,True
Veillonella,Bacterial vaginosis,1,0,1,0,elevated,1.0,1,26385347,2015,0.833,True
Veillonella,Barrett's oesophagus,1,0,1,0,elevated,1.0,1,,2013,0.667,True
Veillonella,Bleeding gum,1,0,0,1,reduced,1.0,1,32169076,2020,0.833,True
Veillonella,Breast cancer,1,0,0,1,reduced,1.0,1,30175072,2018,0.833,True
Veillonella,Cardiac valve calcification,1,1,1,0,elevated,1.0,1,30897381,2019,0.833,True
Veillonella,Chagas' disease,1,0,1,0,elevated,1.0,1,17390173,2007,0.667,True
Veillonella,Chlamydia,1,0,1,0,elevated,1.0,1,31738795,2019,0.833,True
Veillonella,Cholestasis,1,1,1,0,elevated,1.0,1,31848302,2019,0.833,True
Veillonella,Chronic liver disease,1,0,0,1,reduced,1.0,1,31373933,2019,0.833,True
Veillonella,Clonorchis sinensis infection,1,1,0,1,reduced,1.0,1,30323795,2018,0.833,True
Veillonella,Colon adenomas,1,1,1,0,elevated,1.0,1,30794590,2019,0.833,True
Veillonella,Coronary artery disease,1,1,0,1,reduced,1.0,1,31995569,2020,0.667,True
Veillonella,Covid-19,1,1,1,0,elevated,1.0,1,32497191,2020,0.833,True
Veillonella,Exacerbations of idiopathic pulmonary fibrosis,1,0,0,1,reduced,1.0,1,28143484,2017,0.833,True
Veillonella,Gestational diabetes,1,0,1,0,elevated,1.0,1,30421135,2019,0.667,True
Veillonella,Gestational diabetes + hyperlipidemia,1,1,1,0,elevated,1.0,1,31447702,2019,0.833,True
Veillonella,Gingivitis,1,0,0,1,reduced,1.0,1,22152152,2011,0.5,True
Veillonella,Head/Neck cancer,1,0,0,1,reduced,1.0,1,32071121,2020,0.833,True
Veillonella,Heart failure,1,1,1,0,elevated,1.0,1,29330424,2018,0.833,True
Veillonella,Henoch-Schönlein Purpura,1,0,1,0,elevated,1.0,1,30342346,2018,0.833,True
Veillonella,Hepatic encephalopathy,1,0,1,0,elevated,1.0,1,22821944,2012,0.833,True
Veillonella,Hyperglycemia,1,0,1,0,elevated,1.0,1,31981541,2020,0.833,True
Veillonella,Hypertension,1,1,0,1,reduced,1.0,1,29507058,2018,0.833,True
Veillonella,Idiopathic Pulmonary Fibrosis,1,0,1,0,elevated,1.0,1,25184687,2014,0.5,True
Veillonella,Idiopathic infertility,1,0,1,0,elevated,1.0,1,28098358,2017,0.833,True
Veillonella,Infantile eczema,1,1,1,0,elevated,1.0,1,27812181,2016,0.667,True
Veillonella,Invasive pneumococcal disease,1,0,1,0,elevated,1.0,1,6360994,2019,0.833,True
Veillonella,Kidney stone,1,0,1,0,elevated,1.0,1,32111156,2020,0.833,True
Veillonella,Lung cancer,1,1,0,1,reduced,1.0,1,32240032,2020,0.833,True
Veillonella,Macular degeneration,1,0,1,0,elevated,1.0,1,32123200,2020,0.833,True
Veillonella,Major depressive disorder,1,1,1,0,elevated,1.0,1,32040443,2020,0.833,True
Veillonella,Megaesophagus,1,0,1,0,elevated,1.0,1,12399062,2002,0.167,True
Veillonella,Meningococcal disease,1,0,0,1,reduced,1.0,1,31959912,2020,0.667,True
Veillonella,Microscopic colitis,1,1,1,0,elevated,1.0,1,31254673,2020,0.667,True
Veillonella,Non-alcoholic fatty liver disease,1,1,1,0,elevated,1.0,1,31726978,2019,0.833,True
Veillonella,Obstructive sleep apnea-hypopnea syndrome,1,0,1,0,elevated,1.0,1,29969291,2019,0.833,True
Veillonella,Opisthorchis felineus infection,1,0,1,0,elevated,1.0,1,4957795,2016,0.833,True
Veillonella,Oral potentially malignant disorder,1,0,1,0,elevated,1.0,1,30054809,2018,0.833,True
Veillonella,Pancreatic cancer,1,1,1,0,elevated,1.0,1,29221120,2017,0.833,True
Veillonella,Periodontal abscess,1,0,0,1,reduced,1.0,1,31417518,2019,0.833,True
Veillonella,Pouchitis,1,1,1,0,elevated,1.0,1,20845425,2011,0.667,True
Veillonella,Preeclamsia,1,1,1,0,elevated,1.0,1,31900289,2020,0.5,True
Veillonella,Pregnancy,1,0,0,1,reduced,1.0,1,29497601,2018,0.833,True
Veillonella,Preterm birth,1,1,1,0,elevated,1.0,1,30464016,2019,0.667,True
Veillonella,Primary biliary cirrhosis,1,1,1,0,elevated,1.0,1,27243236,2016,0.833,True
Veillonella,Recurrent tonsillitis,1,0,0,1,reduced,1.0,1,23437130,2013,0.833,True
Veillonella,Reflux esophagitis,1,0,1,0,elevated,1.0,1,,2013,0.667,True
Veillonella,Severe fever with thrombocytopenia syndrome,1,1,1,0,elevated,1.0,1,30327643,2018,0.833,True
Veillonella,Stevens-Johnson syndrome,1,0,1,0,elevated,1.0,1,32152391,2020,0.833,True
Veillonella,Systemic lupus erythematosus,1,1,1,0,elevated,1.0,1,30872359,2019,0.833,True
Veillonella,Type 2 Diabetes,1,0,1,0,elevated,1.0,1,31480468,2019,0.833,True
Veillonella,Urogenital Schistosomiasis,1,0,1,0,elevated,1.0,1,28793309,2017,0.667,True
Veillonella,Uveitits,1,1,1,0,elevated,1.0,1,29625474,2018,0.667,True
Veillonella,X-linked inhibitor of apoptosis deficiency,1,1,1,0,elevated,1.0,1,30312711,2019,0.333,True
Veillonellaceae,Acute lymphoblastic leukemia,1,0,0,1,reduced,1.0,1,32093640,2020,0.833,False
Veillonellaceae,Ankylosing spondylitis,1,0,0,1,reduced,1.0,1,25417597,2015,0.333,False
Veillonellaceae,Aphthous stomatitis,1,0,0,1,reduced,1.0,1,25540188,2015,0.833,False
Veillonellaceae,Caries,1,0,1,0,elevated,1.0,1,31365560,2019,0.5,False
Veillonellaceae,"Celiac Disease, Coaliac disease",1,0,0,1,reduced,1.0,1,25403367,2014,0.833,False
Veillonellaceae,Crohn's Disease,1,0,0,1,reduced,1.0,1,26574491,2016,0.833,False
Veillonellaceae,Graves' disease,1,1,0,1,reduced,1.0,1,6158725,2018,0.667,False
Veillonellaceae,Hashimoto's thyroiditis,1,1,0,1,reduced,1.0,1,28903182,2017,0.833,False
Veillonellaceae,Irritable Bowel Syndrome,1,1,1,0,elevated,1.0,1,29533950,2018,0.833,False
Veillonellaceae,Juvenile Idiopathic Arthritis,1,1,1,0,elevated,1.0,1,5080347,2016,0.667,False
Veillonellaceae,Periodontal disease,1,0,1,0,elevated,1.0,1,31329044,2019,0.833,False
Veillonellaceae,Rheumatoid Arthritis,1,0,1,0,elevated,1.0,1,30420263,2019,0.833,False
Veillonellaceae,Schizophrenia,1,1,1,0,elevated,1.0,1,30775438,2019,0.833,False
Veillonellaceae,Spinal cord injury,1,1,1,0,elevated,1.0,1,30545398,2018,0.833,False
Veillonellaceae,Systemic lupus erythematosus,1,0,1,0,elevated,1.0,1,32203722,2020,0.833,False
Verrucomicrobia,Chronic prostatitis / Chronic pelvic pain syndrome,1,1,0,1,reduced,1.0,1,26930255,2016,0.667,False
Verrucomicrobia,HIV infection,1,0,0,1,reduced,1.0,1,30053882,2018,0.667,False
Verrucomicrobia,Hirschsprung-associated enterocolitis,1,1,0,1,reduced,1.0,1,25909773,2015,0.667,False
Verrucomicrobia,Myasthenia gravis,1,1,0,1,reduced,1.0,1,30258104,2018,0.833,False
Verrucomicrobiaceae,Cirrhosis,1,0,0,1,reduced,1.0,1,30905718,2019,0.833,False
Verrucomicrobiaceae,Esophageal cancer,1,0,1,0,elevated,1.0,1,31466948,2019,0.833,False
Verrucomicrobiaceae,Obstructive sleep apnea-hypopnea syndrome,1,0,0,1,reduced,1.0,1,30976074,2019,0.667,False
Verrucomicrobiaceae,Parkinson's Disease,1,1,1,0,elevated,1.0,1,31200089,2019,0.833,False
Verrucomicrobium,Cirrhosis,1,1,0,1,reduced,1.0,1,28578302,2018,0.833,True
Verrucomicrobium,Coronary artery disease,1,1,1,0,elevated,1.0,1,32100534,2020,0.833,True
Verrucomicrobium,Systemic sclerosis,1,1,1,0,elevated,1.0,1,26749064,2016,0.667,True
Verticillium,Type 1 Diabetes,1,1,0,1,reduced,1.0,1,32265922,2020,0.667,False
Vibrio,Recurrent aphthous stomatitis ,1,0,1,0,elevated,1.0,1,7969233,2021,0.667,True
Vibrio,Stevens-Johnson syndrome,1,0,0,1,reduced,1.0,1,32152391,2020,0.833,True
Vibrio,Systemic sclerosis,1,0,1,0,elevated,1.0,1,30728065,2019,0.833,True
Vibrisseaceae,Cirrhosis,1,1,0,1,reduced,1.0,1,28578302,2018,0.833,False
Victivallaceae,Lung cancer,1,1,1,0,elevated,1.0,1,32240032,2020,0.833,False
Virgaviridae,Crohn's Disease,1,0,0,1,reduced,1.0,1,30252582,2018,0.667,False
Virgibacillus,Asthma,1,0,0,1,reduced,1.0,1,30911282,2019,0.833,True
Vishniacozyma,Irritable Bowel Syndrome,1,1,0,1,reduced,1.0,1,28624575,2017,0.667,False
Vivictivallis,Crohn's Disease,1,0,0,1,reduced,1.0,1,28852861,2018,0.833,False
Vivictivallis,HIV infection,1,1,0,1,reduced,1.0,1,30649052,2019,0.667,False
Vivictivallis,Hepatitis C,1,1,0,1,reduced,1.0,1,28561276,2018,0.833,False
Vivictivallis,Irritable Bowel Syndrome,1,0,0,1,reduced,1.0,1,31953505,2020,0.833,False
Vivictivallis,Ulcerative Colitis,1,0,0,1,reduced,1.0,1,28852861,2018,0.833,False
Vogesella,Gastric carcinoma,1,0,0,1,reduced,1.0,1,28765474,2018,0.833,True
Vogesella,Psoriasis,1,0,1,0,elevated,1.0,1,30185226,2018,0.667,True
Wallemia,Clostridium difficile associated disease,1,1,0,1,reduced,1.0,1,30202057,2018,0.833,False
Wallemia,Crohn's Disease,1,1,0,1,reduced,1.0,1,30478724,2019,0.833,False
Wallemia,Ulcerative Colitis,1,1,1,0,elevated,1.0,1,30478724,2019,0.833,False
Wautersiella,Rheumatoid Arthritis,1,0,0,1,reduced,1.0,1,30459400,2018,0.667,False
Weeksella,Asthma,1,0,1,0,elevated,1.0,1,29984544,2018,0.833,True
Weeksella,Head/Neck cancer,1,0,0,1,reduced,1.0,1,32071121,2020,0.833,True
Weeksella,Type 2 Diabetes,1,0,1,0,elevated,1.0,1,31263683,2019,0.667,True
Weissella,Acute fatty liver,1,1,1,0,elevated,1.0,1,31776707,2020,0.667,True
Weissella,Bipolar disorder,1,1,1,0,elevated,1.0,1,31380217,2019,0.833,True
Weissella,Caries,1,0,0,1,reduced,1.0,1,30662876,2019,0.667,True
Weissella,Chronic kidney disease,1,1,1,0,elevated,1.0,1,30088332,2018,0.667,True
Weissella,Constipation,1,1,1,0,elevated,1.0,1,31776707,2020,0.667,True
Weissella,Coronary artery disease,1,1,1,0,elevated,1.0,1,30192713,2018,0.833,True
Weissella,Excessive vomiting,1,1,1,0,elevated,1.0,1,31776707,2020,0.667,True
Weissella,Hepatitis C,1,1,1,0,elevated,1.0,1,28561276,2018,0.833,True
Weissella,Urogenital Schistosomiasis,1,0,0,1,reduced,1.0,1,28793309,2017,0.667,True
Wenyingzhuangia,Parkinson's Disease,1,0,0,1,reduced,1.0,1,31247001,2019,0.833,True
Williamsia,Mucosa-associated lymphoid tissue lymphoma,1,0,0,1,reduced,1.0,1,,2019,0.833,True
Williamsia,Psoriasis,1,0,1,0,elevated,1.0,1,30185226,2018,0.667,True
Wolbachia,Cervical cancer,1,0,1,0,elevated,1.0,1,30841606,2019,0.667,True
Wolinella,Asthma,1,0,0,1,reduced,1.0,1,30911282,2019,0.833,True
Wolinella,Interstitial cystitis,1,0,0,1,reduced,1.0,1,22974186,2012,0.5,True
Xanthobacteraceae,Psoriasis,1,0,0,1,reduced,1.0,1,30949136,2019,0.5,False
Xanthomonadaceae,Aggressive periodontitis,1,0,0,1,reduced,1.0,1,28260061,2017,0.5,False
Xanthomonadaceae,Attention Deficit Hyperactivity Disorder,1,1,1,0,elevated,1.0,1,29580894,2018,0.833,False
Xanthomonadaceae,Gestational diabetes,1,0,0,1,reduced,1.0,1,28932201,2017,0.667,False
Xanthomonadaceae,HIV infection,1,0,1,0,elevated,1.0,1,24399150,2014,0.833,False
Xanthomonadaceae,Hepatitis B associated liver failure,1,0,0,1,reduced,1.0,1,30864226,2019,0.833,False
Xanthomonadaceae,Parkinson's Disease,1,1,1,0,elevated,1.0,1,29501802,2018,0.667,False
Xanthomonadaceae,Systemic lupus erythematosus,1,0,0,1,reduced,1.0,1,32203722,2020,0.833,False
Xanthomonas,Mucosa-associated lymphoid tissue lymphoma,1,0,1,0,elevated,1.0,1,,2019,0.833,True
Xanthomonas,Type 2 Diabetes,1,0,0,1,reduced,1.0,1,30714640,2019,0.833,True
Xenorhabdus,Urogenital Schistosomiasis,1,0,0,1,reduced,1.0,1,28793309,2017,0.667,True
Xylaria,Huntington's Disease,1,0,1,0,elevated,1.0,1,31798558,2019,0.667,False
Xylophilus,Mucosa-associated lymphoid tissue lymphoma,1,0,1,0,elevated,1.0,1,,2019,0.833,True
Yaniella,Asthma,1,0,0,1,reduced,1.0,1,30911282,2019,0.833,True
Yersinia,Chronic kidney disease,1,0,1,0,elevated,1.0,1,30962186,2019,0.833,True
Yersinia,Cirrhosis,1,0,1,0,elevated,1.0,1,26606973,2015,0.833,True
Yimella,Vitiligo,1,0,0,1,reduced,1.0,1,26758568,2016,0.667,True
Youngiibacter,Autism spectrum disorders,1,1,1,0,elevated,1.0,1,31765662,2020,0.667,True
Zindervirus,Colorectal cancer,1,1,1,0,elevated,1.0,1,29689266,2018,0.667,False
anaerobacter,Chronic Obstructive Pulmonary Disease,1,0,0,1,reduced,1.0,1,23071781,2012,0.667,False
anaerobacter,Chronic kidney disease,1,1,0,1,reduced,1.0,1,28588309,2017,0.833,False
anaerobacter,Neuromyelitis optica,1,1,1,0,elevated,1.0,1,31841737,2020,0.833,False
anaerobacter,Non-alcoholic fatty liver disease,1,1,1,0,elevated,1.0,1,25644696,2015,0.833,False
prevotella,Autoimmune polyendocrine syndrome type 1,1,0,0,1,reduced,1.0,1,29503707,2018,0.833,False
prevotella,Halitosis,1,0,1,0,elevated,1.0,1,,2016,0.667,False
tannerella,periodontitis,1,0,1,0,elevated,1.0,1,25984952,2015,0.833,False
uncultured,Primary sclerosing cholangitis,1,1,0,1,reduced,1.0,1,25547975,2015,0.667,False
